Header_Length,Protocol Type,Time_To_Live,Rate,syn_flag_number,rst_flag_number,ack_flag_number,ack_count,syn_count,rst_count,Telnet,TCP,UDP,DHCP,ARP,IPv,LLC,Tot sum,Min,Max,AVG,Tot size,IAT,Label
8.0,17,64.0,2.488916845,0.0,0.0,0.0,0,0,0,0.0,0.0,1.0,1.0,0.0,1.0,1.0,3420,342,342,342.0,342.0,0.602053094,1
6.4,17,51.2,2.127861078,0.0,0.0,0.0,0,0,0,0.0,0.0,0.8,0.8,0.2,0.8,0.8,2820,42,342,282.0,282.0,0.470082808,1
8.0,17,64.0,2.611783746,0.0,0.0,0.0,0,0,0,0.0,0.0,1.0,1.0,0.0,1.0,1.0,3420,342,342,342.0,342.0,0.382880092,1
7.2,17,57.6,1.962916576,0.0,0.0,0.0,0,0,0,0.0,0.0,0.9,0.9,0.1,0.9,0.9,3120,42,342,312.0,312.0,0.509464192,1
8.0,17,64.0,3.309995636,0.0,0.0,0.0,0,0,0,0.0,0.0,1.0,1.0,0.0,1.0,1.0,3420,342,342,342.0,342.0,0.302174115,1
8.0,17,64.0,1.99194579,0.0,0.0,0.0,0,0,0,0.0,0.0,1.0,1.0,0.0,1.0,1.0,3420,342,342,342.0,342.0,0.50202601,1
8.0,17,64.0,3.317120376,0.0,0.0,0.0,0,0,0,0.0,0.0,1.0,1.0,0.0,1.0,1.0,3420,342,342,342.0,342.0,0.401796603,1
8.0,17,64.0,2.488407702,0.0,0.0,0.0,0,0,0,0.0,0.0,1.0,1.0,0.0,1.0,1.0,3420,342,342,342.0,342.0,0.402010012,1
8.0,17,64.0,1.66135835,0.0,0.0,0.0,0,0,0,0.0,0.0,1.0,1.0,0.0,1.0,1.0,3420,342,342,342.0,342.0,0.601996803,1
6.4,17,51.2,3.521464178,0.0,0.0,0.0,0,0,0,0.0,0.0,0.8,0.8,0.2,0.8,0.8,2820,42,342,282.0,282.0,0.283978701,1
8.0,17,64.0,2.073598615,0.0,0.0,0.0,0,0,0,0.0,0.0,1.0,1.0,0.0,1.0,1.0,3420,342,342,342.0,342.0,0.482317901,1
8.0,17,64.0,3.380207956,0.0,0.0,0.0,0,0,0,0.0,0.0,1.0,1.0,0.0,1.0,1.0,3420,342,342,342.0,342.0,0.46646688,1
8.0,17,64.0,2.489658043,0.0,0.0,0.0,0,0,0,0.0,0.0,1.0,1.0,0.0,1.0,1.0,3420,342,342,342.0,342.0,0.401862288,1
8.0,17,64.0,1.992771808,0.0,0.0,0.0,0,0,0,0.0,0.0,1.0,1.0,0.0,1.0,1.0,3420,342,342,342.0,342.0,0.602073503,1
8.0,17,64.0,2.489561841,0.0,0.0,0.0,0,0,0,0.0,0.0,1.0,1.0,0.0,1.0,1.0,3420,342,342,342.0,342.0,0.401890087,1
8.0,17,64.0,2.489474512,0.0,0.0,0.0,0,0,0,0.0,0.0,1.0,1.0,0.0,1.0,1.0,3420,342,342,342.0,342.0,0.40169909,1
8.0,17,64.0,2.489587258,0.0,0.0,0.0,0,0,0,0.0,0.0,1.0,1.0,0.0,1.0,1.0,3420,342,342,342.0,342.0,0.433565402,1
8.0,17,64.0,1.668325258,0.0,0.0,0.0,0,0,0,0.0,0.0,1.0,1.0,0.0,1.0,1.0,3420,342,342,342.0,342.0,0.599422407,1
7.2,17,57.6,1.992316032,0.0,0.0,0.0,0,0,0,0.0,0.0,0.9,0.9,0.1,0.9,0.9,3120,42,342,312.0,312.0,0.502020288,1
8.0,17,64.0,1.990639948,0.0,0.0,0.0,0,0,0,0.0,0.0,1.0,1.0,0.0,1.0,1.0,2736,342,342,342.0,342.0,0.502362013,1
7.2,17,57.6,1.90904649,0.0,0.0,0.0,0,0,0,0.0,0.0,0.9,0.9,0.1,0.9,0.9,3120,42,342,312.0,312.0,0.523915696,1
8.0,17,64.0,2.998474563,0.0,0.0,0.0,0,0,0,0.0,0.0,1.0,1.0,0.0,1.0,1.0,3420,342,342,342.0,342.0,0.340651608,1
7.2,17,57.6,2.501228161,0.0,0.0,0.0,0,0,0,0.0,0.0,0.9,0.9,0.1,0.9,0.9,3120,42,342,312.0,312.0,0.40003829,1
8.0,17,64.0,1.992622889,0.0,0.0,0.0,0,0,0,0.0,0.0,1.0,1.0,0.0,1.0,1.0,3420,342,342,342.0,342.0,0.501965213,1
8.0,17,64.0,2.488647334,0.0,0.0,0.0,0,0,0,0.0,0.0,1.0,1.0,0.0,1.0,1.0,3420,342,342,342.0,342.0,0.401925516,1
6.4,17,51.2,2.530048177,0.0,0.0,0.0,0,0,0,0.0,0.0,0.8,0.8,0.2,0.8,0.8,2820,42,342,282.0,282.0,0.595762396,1
4.0,17,44.8,5.450224243,0.0,0.0,0.0,0,0,0,0.0,0.0,0.5,0.5,0.3,0.7,0.7,2032,42,342,203.2,203.2,0.264335799,0
8.0,17,64.0,3.313624988,0.0,0.0,0.0,0,0,0,0.0,0.0,1.0,1.0,0.0,1.0,1.0,3420,342,342,342.0,342.0,0.402146792,0
7.2,17,57.6,2.036911266,0.0,0.0,0.0,0,0,0,0.0,0.0,0.9,0.9,0.1,0.9,0.9,3120,42,342,312.0,312.0,0.502268505,0
8.0,17,64.0,2.488768717,0.0,0.0,0.0,0,0,0,0.0,0.0,1.0,1.0,0.0,1.0,1.0,3420,342,342,342.0,342.0,0.502282715,0
8.0,17,64.0,2.488675833,0.0,0.0,0.0,0,0,0,0.0,0.0,1.0,1.0,0.0,1.0,1.0,3420,342,342,342.0,342.0,0.502366209,0
7.2,17,57.6,2.272973058,0.0,0.0,0.0,0,0,0,0.0,0.0,0.9,0.9,0.1,0.9,0.9,3120,42,342,312.0,312.0,0.439953017,0
8.0,17,64.0,2.487626674,0.0,0.0,0.0,0,0,0,0.0,0.0,1.0,1.0,0.0,1.0,1.0,3420,342,342,342.0,342.0,0.402055478,0
8.0,17,64.0,3.319614468,0.0,0.0,0.0,0,0,0,0.0,0.0,1.0,1.0,0.0,1.0,1.0,3420,342,342,342.0,342.0,0.401619291,0
8.0,17,64.0,2.485546475,0.0,0.0,0.0,0,0,0,0.0,0.0,1.0,1.0,0.0,1.0,1.0,3420,342,342,342.0,342.0,0.402463603,0
8.0,17,64.0,1.990474793,0.0,0.0,0.0,0,0,0,0.0,0.0,1.0,1.0,0.0,1.0,1.0,3420,342,342,342.0,342.0,0.502419806,0
7.2,17,57.6,3.314781439,0.0,0.0,0.0,0,0,0,0.0,0.0,0.9,0.9,0.1,0.9,0.9,3120,42,342,312.0,312.0,0.401825809,0
8.0,17,64.0,3.309558684,0.0,0.0,0.0,0,0,0,0.0,0.0,1.0,1.0,0.0,1.0,1.0,3420,342,342,342.0,342.0,0.402571011,0
8.0,17,64.0,2.691964075,0.0,0.0,0.0,0,0,0,0.0,0.0,1.0,1.0,0.0,1.0,1.0,3420,342,342,342.0,342.0,0.471772695,0
7.2,17,57.6,2.106829722,0.0,0.0,0.0,0,0,0,0.0,0.0,0.9,0.9,0.1,0.9,0.9,3120,42,342,312.0,312.0,0.502293611,0
8.0,17,64.0,1.988367236,0.0,0.0,0.0,0,0,0,0.0,0.0,1.0,1.0,0.0,1.0,1.0,3420,342,342,342.0,342.0,0.502930498,0
8.0,17,62.8,3.320316641,0.0,0.0,0.0,0,0,0,0.0,0.0,1.0,0.8,0.0,1.0,1.0,2916,90,342,291.6,291.6,0.501481295,0
7.2,17,57.6,2.486159662,0.0,0.0,0.0,0,0,0,0.0,0.0,0.9,0.9,0.1,0.9,0.9,3120,42,342,312.0,312.0,0.502626491,0
7.2,17,57.6,2.899907416,0.0,0.0,0.0,0,0,0,0.0,0.0,0.9,0.9,0.1,0.9,0.9,3120,42,342,312.0,312.0,0.344969702,0
8.0,17,64.0,2.489005464,0.0,0.0,0.0,0,0,0,0.0,0.0,1.0,1.0,0.0,1.0,1.0,3420,342,342,342.0,342.0,0.401947689,0
8.0,17,64.0,2.48801019,0.0,0.0,0.0,0,0,0,0.0,0.0,1.0,1.0,0.0,1.0,1.0,3420,342,342,342.0,342.0,0.401927614,0
7.2,17,57.6,1.991574834,0.0,0.0,0.0,0,0,0,0.0,0.0,0.9,0.9,0.1,0.9,0.9,3120,42,342,312.0,312.0,0.595274687,0
8.0,17,64.0,2.487554677,0.0,0.0,0.0,0,0,0,0.0,0.0,1.0,1.0,0.0,1.0,1.0,3420,342,342,342.0,342.0,0.402089906,0
8.0,17,64.0,2.487805949,0.0,0.0,0.0,0,0,0,0.0,0.0,1.0,1.0,0.0,1.0,1.0,3420,342,342,342.0,342.0,0.502135015,0
8.0,17,64.0,2.487711955,0.0,0.0,0.0,0,0,0,0.0,0.0,1.0,1.0,0.0,1.0,1.0,3420,342,342,342.0,342.0,0.402079701,0
8.0,17,64.0,2.485399484,0.0,0.0,0.0,0,0,0,0.0,0.0,1.0,1.0,0.0,1.0,1.0,3420,342,342,342.0,342.0,0.402448392,0
8.0,17,64.0,1.661132336,0.0,0.0,0.0,0,0,0,0.0,0.0,1.0,1.0,0.0,1.0,1.0,3420,342,342,342.0,342.0,0.602014899,0
8.0,17,64.0,2.490379572,0.0,0.0,0.0,0,0,0,0.0,0.0,1.0,1.0,0.0,1.0,1.0,3420,342,342,342.0,342.0,0.401679611,0
8.0,17,64.0,2.484731914,0.0,0.0,0.0,0,0,0,0.0,0.0,1.0,1.0,0.0,1.0,1.0,3420,342,342,342.0,342.0,0.502841592,0
8.0,17,64.0,3.317386671,0.0,0.0,0.0,0,0,0,0.0,0.0,1.0,1.0,0.0,1.0,1.0,3420,342,342,342.0,342.0,0.502115107,0
8.0,17,64.0,1.992235026,0.0,0.0,0.0,0,0,0,0.0,0.0,1.0,1.0,0.0,1.0,1.0,3420,342,342,342.0,342.0,0.602258301,0
8.0,17,64.0,1.992286695,0.0,0.0,0.0,0,0,0,0.0,0.0,1.0,1.0,0.0,1.0,1.0,3420,342,342,342.0,342.0,0.501996088,0
8.0,17,64.0,3.315992702,0.0,0.0,0.0,0,0,0,0.0,0.0,1.0,1.0,0.0,1.0,1.0,3420,342,342,342.0,342.0,0.401899815,0
7.2,17,57.6,2.904484361,0.0,0.0,0.0,0,0,0,0.0,0.0,0.9,0.9,0.1,0.9,0.9,3120,42,342,312.0,312.0,0.344295192,0
8.0,17,64.0,2.489266927,0.0,0.0,0.0,0,0,0,0.0,0.0,1.0,1.0,0.0,1.0,1.0,3420,342,342,342.0,342.0,0.40197041,0
8.0,17,64.0,2.489379654,0.0,0.0,0.0,0,0,0,0.0,0.0,1.0,1.0,0.0,1.0,1.0,3420,342,342,342.0,342.0,0.401878405,0
8.0,17,64.0,1.661036817,0.0,0.0,0.0,0,0,0,0.0,0.0,1.0,1.0,0.0,1.0,1.0,3420,342,342,342.0,342.0,0.602151513,0
8.0,17,64.0,2.484506575,0.0,0.0,0.0,0,0,0,0.0,0.0,1.0,1.0,0.0,1.0,1.0,3420,342,342,342.0,342.0,0.40264051,0
8.0,17,64.0,3.311454631,0.0,0.0,0.0,0,0,0,0.0,0.0,1.0,1.0,0.0,1.0,1.0,3420,342,342,342.0,342.0,0.302085805,0
7.2,17,57.6,2.157614619,0.0,0.0,0.0,0,0,0,0.0,0.0,0.9,0.9,0.1,0.9,0.9,3120,42,342,312.0,312.0,0.463722014,0
7.2,17,57.6,2.794270894,0.0,0.0,0.0,0,0,0,0.0,0.0,0.9,0.9,0.1,0.9,0.9,3120,42,342,312.0,312.0,0.358014894,0
8.0,17,64.0,1.991242586,0.0,0.0,0.0,0,0,0,0.0,0.0,1.0,1.0,0.0,1.0,1.0,3420,342,342,342.0,342.0,0.502275801,0
8.0,17,64.0,2.488365628,0.0,0.0,0.0,0,0,0,0.0,0.0,1.0,1.0,0.0,1.0,1.0,3420,342,342,342.0,342.0,0.502228999,0
8.0,17,64.0,1.990153865,0.0,0.0,0.0,0,0,0,0.0,0.0,1.0,1.0,0.0,1.0,1.0,3420,342,342,342.0,342.0,0.502473712,0
8.0,17,64.0,2.487273366,0.0,0.0,0.0,0,0,0,0.0,0.0,1.0,1.0,0.0,1.0,1.0,3420,342,342,342.0,342.0,0.50239718,0
8.0,17,64.0,1.991254403,0.0,0.0,0.0,0,0,0,0.0,0.0,1.0,1.0,0.0,1.0,1.0,3420,342,342,342.0,342.0,0.502304482,0
8.0,17,64.0,1.990681212,0.0,0.0,0.0,0,0,0,0.0,0.0,1.0,1.0,0.0,1.0,1.0,3420,342,342,342.0,342.0,0.502341294,0
8.0,17,64.0,2.482078138,0.0,0.0,0.0,0,0,0,0.0,0.0,1.0,1.0,0.0,1.0,1.0,3420,342,342,342.0,342.0,0.490764403,0
7.2,17,57.6,2.589095242,0.0,0.0,0.0,0,0,0,0.0,0.0,0.9,0.8,0.1,0.9,0.9,2868,42,342,286.8,286.8,0.38633461,0
8.0,17,64.0,2.488621493,0.0,0.0,0.0,0,0,0,0.0,0.0,1.0,1.0,0.0,1.0,1.0,3420,342,342,342.0,342.0,0.502211285,0
8.0,17,64.0,2.4883767,0.0,0.0,0.0,0,0,0,0.0,0.0,1.0,1.0,0.0,1.0,1.0,3420,342,342,342.0,342.0,0.502175903,0
8.0,17,64.0,1.660733098,0.0,0.0,0.0,0,0,0,0.0,0.0,1.0,1.0,0.0,1.0,1.0,3420,342,342,342.0,342.0,0.602326298,0
7.2,17,57.6,2.723387987,0.0,0.0,0.0,0,0,0,0.0,0.0,0.9,0.9,0.1,0.9,0.9,3120,42,342,312.0,312.0,0.467460299,0
8.0,17,64.0,2.488287092,0.0,0.0,0.0,0,0,0,0.0,0.0,1.0,1.0,0.0,1.0,1.0,3420,342,342,342.0,342.0,0.402061701,0
8.0,17,64.0,3.315537654,0.0,0.0,0.0,0,0,0,0.0,0.0,1.0,1.0,0.0,1.0,1.0,3420,342,342,342.0,342.0,0.355389214,0
32.0,6,96.4,372.4396849,0.0,0.0,1.0,10,0,0,0.0,1.0,0.0,0.0,0.0,1.0,1.0,11860,66,2866,1186.0,1186.0,0.002715397,0
7.2,17,57.6,2.439189124,0.0,0.0,0.0,0,0,0,0.0,0.0,0.9,0.9,0.1,0.9,0.9,3120,42,342,312.0,312.0,0.5103899,0
8.0,17,64.0,2.491013048,0.0,0.0,0.0,0,0,0,0.0,0.0,1.0,1.0,0.0,1.0,1.0,3420,342,342,342.0,342.0,0.601764202,0
8.0,17,64.0,2.488624446,0.0,0.0,0.0,0,0,0,0.0,0.0,1.0,1.0,0.0,1.0,1.0,3420,342,342,342.0,342.0,0.401829505,0
8.0,17,64.0,1.990999474,0.0,0.0,0.0,0,0,0,0.0,0.0,1.0,1.0,0.0,1.0,1.0,3420,342,342,342.0,342.0,0.60254519,0
8.0,17,64.0,2.486322218,0.0,0.0,0.0,0,0,0,0.0,0.0,1.0,1.0,0.0,1.0,1.0,3420,342,342,342.0,342.0,0.402301097,0
8.0,17,64.0,1.992379534,0.0,0.0,0.0,0,0,0,0.0,0.0,1.0,1.0,0.0,1.0,1.0,3420,342,342,342.0,342.0,0.602329111,0
4.0,1,64.0,3.394909155,0.0,0.0,0.0,0,0,0,0.0,0.0,0.5,0.5,0.0,1.0,1.0,2200,98,342,220.0,220.0,0.294562793,0
8.0,17,64.0,1.992641538,0.0,0.0,0.0,0,0,0,0.0,0.0,1.0,1.0,0.0,1.0,1.0,3420,342,342,342.0,342.0,0.501924109,0
8.0,17,64.0,1.991671296,0.0,0.0,0.0,0,0,0,0.0,0.0,1.0,1.0,0.0,1.0,1.0,3420,342,342,342.0,342.0,0.593623304,0
8.0,17,64.0,1.991230958,0.0,0.0,0.0,0,0,0,0.0,0.0,1.0,1.0,0.0,1.0,1.0,3420,342,342,342.0,342.0,0.602491713,0
8.0,17,64.0,2.488279564,0.0,0.0,0.0,0,0,0,0.0,0.0,1.0,1.0,0.0,1.0,1.0,3420,342,342,342.0,342.0,0.502331901,0
8.0,17,64.0,2.488339055,0.0,0.0,0.0,0,0,0,0.0,0.0,1.0,1.0,0.0,1.0,1.0,3420,342,342,342.0,342.0,0.40187521,0
8.0,17,64.0,1.988398908,0.0,0.0,0.0,0,0,0,0.0,0.0,1.0,1.0,0.0,1.0,1.0,3420,342,342,342.0,342.0,0.502994585,0
8.0,17,64.0,2.986841947,0.0,0.0,0.0,0,0,0,0.0,0.0,1.0,1.0,0.0,1.0,1.0,3078,342,342,342.0,342.0,0.334893783,0
8.0,17,64.0,2.488329755,0.0,0.0,0.0,0,0,0,0.0,0.0,1.0,1.0,0.0,1.0,1.0,3420,342,342,342.0,342.0,0.402062011,0
8.0,17,64.0,2.486955252,0.0,0.0,0.0,0,0,0,0.0,0.0,1.0,1.0,0.0,1.0,1.0,3420,342,342,342.0,342.0,0.402164888,0
8.0,17,64.0,1.660838183,0.0,0.0,0.0,0,0,0,0.0,0.0,1.0,1.0,0.0,1.0,1.0,3420,342,342,342.0,342.0,0.602170515,0
6.4,17,51.2,2.51558663,0.0,0.0,0.0,0,0,0,0.0,0.0,0.8,0.8,0.2,0.8,0.8,2820,42,342,282.0,282.0,0.397812796,0
7.2,17,57.6,3.027656293,0.0,0.0,0.0,0,0,0,0.0,0.0,0.9,0.9,0.1,0.9,0.9,3120,42,342,312.0,312.0,0.330300903,0
8.0,17,64.0,3.31798422,0.0,0.0,0.0,0,0,0,0.0,0.0,1.0,1.0,0.0,1.0,1.0,3420,342,342,342.0,342.0,0.401815796,0
8.0,17,64.0,1.991484812,0.0,0.0,0.0,0,0,0,0.0,0.0,1.0,1.0,0.0,1.0,1.0,3420,342,342,342.0,342.0,0.502143002,0
8.0,17,64.0,1.994874771,0.0,0.0,0.0,0,0,0,0.0,0.0,1.0,1.0,0.0,1.0,1.0,3420,342,342,342.0,342.0,0.601796794,0
8.0,17,64.0,1.991160439,0.0,0.0,0.0,0,0,0,0.0,0.0,1.0,1.0,0.0,1.0,1.0,3420,342,342,342.0,342.0,0.602629805,0
6.4,17,51.2,2.65311454,0.0,0.0,0.0,0,0,0,0.0,0.0,0.8,0.8,0.2,0.8,0.8,2820,42,342,282.0,282.0,0.452090597,0
8.0,17,64.0,2.489372267,0.0,0.0,0.0,0,0,0,0.0,0.0,1.0,1.0,0.0,1.0,1.0,3420,342,342,342.0,342.0,0.401798606,0
8.0,17,64.0,3.315145354,0.0,0.0,0.0,0,0,0,0.0,0.0,1.0,1.0,0.0,1.0,1.0,3420,342,342,342.0,342.0,0.402005506,0
8.0,17,64.0,1.991286072,0.0,0.0,0.0,0,0,0,0.0,0.0,1.0,1.0,0.0,1.0,1.0,3420,342,342,342.0,342.0,0.602557611,0
8.0,17,64.0,2.487267023,0.0,0.0,0.0,0,0,0,0.0,0.0,1.0,1.0,0.0,1.0,1.0,3420,342,342,342.0,342.0,0.402052093,0
6.4,17,64.0,2.907610677,0.0,0.0,0.0,0,0,0,0.0,0.0,0.8,0.8,0.0,1.0,1.0,2932,98,342,293.2,293.2,0.3442137,0
8.0,17,62.6,2.093890452,0.0,0.0,0.0,0,0,0,0.0,0.0,1.0,0.8,0.0,1.0,1.0,2916,90,342,291.6,291.6,0.501902294,0
4.0,17,57.6,3.946309616,0.0,0.0,0.0,0,0,0,0.0,0.0,0.5,0.5,0.1,0.9,0.9,2144,42,342,214.4,214.4,0.253405595,0
8.0,17,64.0,1.742039149,0.0,0.0,0.0,0,0,0,0.0,0.0,1.0,1.0,0.0,1.0,1.0,3420,342,342,342.0,342.0,0.574204397,0
6.4,17,64.0,2.398690687,0.0,0.0,0.0,0,0,0,0.0,0.0,0.8,0.8,0.0,1.0,1.0,2932,98,342,293.2,293.2,0.416894507,0
6.222222222,17,49.77777778,3.597290478,0.0,0.0,0.0,0,0,0,0.0,0.0,0.777777778,0.777777778,0.222222222,0.777777778,0.777777778,2478,42,342,275.3333333,275.3333333,0.313861238,0
8.0,17,64.0,3.320527192,0.0,0.0,0.0,0,0,0,0.0,0.0,1.0,1.0,0.0,1.0,1.0,3420,342,342,342.0,342.0,0.401539016,0
8.0,17,64.0,3.316740815,0.0,0.0,0.0,0,0,0,0.0,0.0,1.0,1.0,0.0,1.0,1.0,3420,342,342,342.0,342.0,0.401959205,0
7.2,17,57.6,2.620080997,0.0,0.0,0.0,0,0,0,0.0,0.0,0.9,0.9,0.1,0.9,0.9,3120,42,342,312.0,312.0,0.381834197,0
8.0,17,64.0,3.318541549,0.0,0.0,0.0,0,0,0,0.0,0.0,1.0,1.0,0.0,1.0,1.0,3420,342,342,342.0,342.0,0.301456809,0
6.4,17,51.2,2.335643768,0.0,0.0,0.0,0,0,0,0.0,0.0,0.8,0.8,0.2,0.8,0.8,2820,42,342,282.0,282.0,0.528420496,0
7.2,17,57.6,3.898761866,0.0,0.0,0.0,0,0,0,0.0,0.0,0.9,0.9,0.1,0.9,0.9,3120,42,342,312.0,312.0,0.356875896,0
8.0,17,64.0,2.488016537,0.0,0.0,0.0,0,0,0,0.0,0.0,1.0,1.0,0.0,1.0,1.0,3420,342,342,342.0,342.0,0.402119684,0
7.2,17,57.6,2.386592714,0.0,0.0,0.0,0,0,0,0.0,0.0,0.9,0.9,0.1,0.9,0.9,3120,42,342,312.0,312.0,0.519423199,0
8.0,17,64.0,1.991112421,0.0,0.0,0.0,0,0,0,0.0,0.0,1.0,1.0,0.0,1.0,1.0,3420,342,342,342.0,342.0,0.502371597,0
8.0,17,64.0,2.486926793,0.0,0.0,0.0,0,0,0,0.0,0.0,1.0,1.0,0.0,1.0,1.0,3420,342,342,342.0,342.0,0.402182698,0
5.6,17,43.9,5.028774278,0.0,0.0,0.0,0,0,0,0.0,0.0,0.7,0.5,0.3,0.7,0.7,2016,42,342,201.6,201.6,0.202445602,0
8.0,17,64.0,1.197069886,0.0,0.0,0.0,0,0,0,0.0,0.0,1.0,1.0,0.0,1.0,1.0,3420,342,342,342.0,342.0,0.835440612,0
8.0,17,64.0,2.487138264,0.0,0.0,0.0,0,0,0,0.0,0.0,1.0,1.0,0.0,1.0,1.0,3420,342,342,342.0,342.0,0.402646899,0
8.0,17,64.0,2.487384584,0.0,0.0,0.0,0,0,0,0.0,0.0,1.0,1.0,0.0,1.0,1.0,3420,342,342,342.0,342.0,0.502399588,0
2.4,1,64.0,6.547026376,0.0,0.0,0.0,0,0,0,0.0,0.0,0.3,0.3,0.0,1.0,1.0,1712,98,342,171.2,171.2,0.152745104,0
8.0,17,64.0,2.489278746,0.0,0.0,0.0,0,0,0,0.0,0.0,1.0,1.0,0.0,1.0,1.0,3420,342,342,342.0,342.0,0.502033901,0
8.0,17,64.0,2.829347339,0.0,0.0,0.0,0,0,0,0.0,0.0,1.0,1.0,0.0,1.0,1.0,3420,342,342,342.0,342.0,0.353455806,0
8.0,17,64.0,2.487666806,0.0,0.0,0.0,0,0,0,0.0,0.0,1.0,1.0,0.0,1.0,1.0,3420,342,342,342.0,342.0,0.502314115,0
8.0,17,64.0,2.896325152,0.0,0.0,0.0,0,0,0,0.0,0.0,1.0,1.0,0.0,1.0,1.0,3420,342,342,342.0,342.0,0.345272803,0
7.2,17,57.6,2.33192042,0.0,0.0,0.0,0,0,0,0.0,0.0,0.9,0.9,0.1,0.9,0.9,3120,42,342,312.0,312.0,0.529045486,0
8.0,17,64.0,1.99150221,0.0,0.0,0.0,0,0,0,0.0,0.0,1.0,1.0,0.0,1.0,1.0,3420,342,342,342.0,342.0,0.502197194,0
8.0,17,64.0,2.488860427,0.0,0.0,0.0,0,0,0,0.0,0.0,1.0,1.0,0.0,1.0,1.0,3420,342,342,342.0,342.0,0.502198005,0
7.2,17,57.6,2.567517322,0.0,0.0,0.0,0,0,0,0.0,0.0,0.9,0.9,0.1,0.9,0.9,3120,42,342,312.0,312.0,0.489792609,0
8.0,17,64.0,1.991043895,0.0,0.0,0.0,0,0,0,0.0,0.0,1.0,1.0,0.0,1.0,1.0,3420,342,342,342.0,342.0,0.502249098,0
8.0,17,64.0,1.992790839,0.0,0.0,0.0,0,0,0,0.0,0.0,1.0,1.0,0.0,1.0,1.0,3420,342,342,342.0,342.0,0.501865602,0
7.2,17,57.6,3.250743765,0.0,0.0,0.0,0,0,0,0.0,0.0,0.9,0.8,0.1,0.9,0.9,2868,42,342,286.8,286.8,0.307851291,0
8.0,17,64.0,3.318268505,0.0,0.0,0.0,0,0,0,0.0,0.0,1.0,1.0,0.0,1.0,1.0,3420,342,342,342.0,342.0,0.501470304,0
8.0,17,64.0,1.661673358,0.0,0.0,0.0,0,0,0,0.0,0.0,1.0,1.0,0.0,1.0,1.0,3420,342,342,342.0,342.0,0.70217731,0
8.0,17,64.0,3.307010575,0.0,0.0,0.0,0,0,0,0.0,0.0,1.0,1.0,0.0,1.0,1.0,3420,342,342,342.0,342.0,0.402808905,0
8.0,17,64.0,1.991813641,0.0,0.0,0.0,0,0,0,0.0,0.0,1.0,1.0,0.0,1.0,1.0,3420,342,342,342.0,342.0,0.502165294,0
6.4,17,51.2,2.270814589,0.0,0.0,0.0,0,0,0,0.0,0.0,0.8,0.8,0.2,0.8,0.8,2820,42,342,282.0,282.0,0.540705085,0
8.0,17,64.0,2.617566656,0.0,0.0,0.0,0,0,0,0.0,0.0,1.0,1.0,0.0,1.0,1.0,3420,342,342,342.0,342.0,0.582444191,0
8.0,17,64.0,3.314838811,0.0,0.0,0.0,0,0,0,0.0,0.0,1.0,1.0,0.0,1.0,1.0,3420,342,342,342.0,342.0,0.402163291,0
8.0,17,64.0,2.488181697,0.0,0.0,0.0,0,0,0,0.0,0.0,1.0,1.0,0.0,1.0,1.0,3420,342,342,342.0,342.0,0.401911521,0
8.0,17,64.0,2.488612191,0.0,0.0,0.0,0,0,0,0.0,0.0,1.0,1.0,0.0,1.0,1.0,3420,342,342,342.0,342.0,0.401835895,0
7.2,17,57.6,2.845581666,0.0,0.0,0.0,0,0,0,0.0,0.0,0.9,0.9,0.1,0.9,0.9,3120,42,342,312.0,312.0,0.351621103,0
8.0,17,64.0,1.992645893,0.0,0.0,0.0,0,0,0,0.0,0.0,1.0,1.0,0.0,1.0,1.0,3420,342,342,342.0,342.0,0.501970696,0
8.0,17,64.0,2.486064467,0.0,0.0,0.0,0,0,0,0.0,0.0,1.0,1.0,0.0,1.0,1.0,3420,342,342,342.0,342.0,0.402342296,0
7.2,17,57.6,3.778679826,0.0,0.0,0.0,0,0,0,0.0,0.0,0.9,0.9,0.1,0.9,0.9,3120,42,342,312.0,312.0,0.264642692,0
7.2,17,57.6,1.837360522,0.0,0.0,0.0,0,0,0,0.0,0.0,0.9,0.9,0.1,0.9,0.9,3120,42,342,312.0,312.0,0.544261384,0
6.4,17,51.2,2.295210412,0.0,0.0,0.0,0,0,0,0.0,0.0,0.8,0.8,0.2,0.8,0.8,2820,42,342,282.0,282.0,0.502102399,0
8.0,17,64.0,3.313247273,0.0,0.0,0.0,0,0,0,0.0,0.0,1.0,1.0,0.0,1.0,1.0,3420,342,342,342.0,342.0,0.423397112,0
8.0,17,64.0,1.991438763,0.0,0.0,0.0,0,0,0,0.0,0.0,1.0,1.0,0.0,1.0,1.0,3420,342,342,342.0,342.0,0.502348804,0
8.0,17,64.0,2.904111513,0.0,0.0,0.0,0,0,0,0.0,0.0,1.0,1.0,0.0,1.0,1.0,3420,342,342,342.0,342.0,0.544764185,0
7.2,17,57.6,2.755477626,0.0,0.0,0.0,0,0,0,0.0,0.0,0.9,0.9,0.1,0.9,0.9,3120,42,342,312.0,312.0,0.584289384,0
6.4,17,51.2,4.001855184,0.0,0.0,0.0,0,0,0,0.0,0.0,0.8,0.8,0.2,0.8,0.8,2820,42,342,282.0,282.0,0.250092292,0
8.0,17,64.0,1.65973643,0.0,0.0,0.0,0,0,0,0.0,0.0,1.0,1.0,0.0,1.0,1.0,3420,342,342,342.0,342.0,0.602583098,0
8.0,17,64.0,3.308278529,0.0,0.0,0.0,0,0,0,0.0,0.0,1.0,1.0,0.0,1.0,1.0,3420,342,342,342.0,342.0,0.30227201,0
8.0,17,64.0,1.99106535,0.0,0.0,0.0,0,0,0,0.0,0.0,1.0,1.0,0.0,1.0,1.0,3420,342,342,342.0,342.0,0.603467202,0
8.0,17,64.0,2.488751439,0.0,0.0,0.0,0,0,0,0.0,0.0,1.0,1.0,0.0,1.0,1.0,3420,342,342,342.0,342.0,0.502194214,0
7.2,17,57.6,1.863889823,0.0,0.0,0.0,0,0,0,0.0,0.0,0.9,0.9,0.1,0.9,0.9,3120,42,342,312.0,312.0,0.536599207,0
8.0,17,64.0,3.312484516,0.0,0.0,0.0,0,0,0,0.0,0.0,1.0,1.0,0.0,1.0,1.0,3420,342,342,342.0,342.0,0.402279711,0
8.0,17,64.0,3.311290976,0.0,0.0,0.0,0,0,0,0.0,0.0,1.0,1.0,0.0,1.0,1.0,3420,342,342,342.0,342.0,0.301997018,0
8.0,17,64.0,1.958747216,0.0,0.0,0.0,0,0,0,0.0,0.0,1.0,1.0,0.0,1.0,1.0,3420,342,342,342.0,342.0,0.610813212,0
8.0,17,64.0,1.660561293,0.0,0.0,0.0,0,0,0,0.0,0.0,1.0,1.0,0.0,1.0,1.0,3420,342,342,342.0,342.0,0.602267408,0
7.2,17,57.6,2.765515037,0.0,0.0,0.0,0,0,0,0.0,0.0,0.9,0.9,0.1,0.9,0.9,3120,42,342,312.0,312.0,0.361698699,0
8.0,17,64.0,5.958510802,0.0,0.0,0.0,0,0,0,0.0,0.0,1.0,1.0,0.0,1.0,1.0,2052,342,342,342.0,342.0,0.335132639,0
7.2,17,57.6,2.975900008,0.0,0.0,0.0,0,0,0,0.0,0.0,0.9,0.9,0.1,0.9,0.9,3120,42,342,312.0,312.0,0.336183906,0
7.2,17,57.6,3.31776428,0.0,0.0,0.0,0,0,0,0.0,0.0,0.9,0.9,0.1,0.9,0.9,3120,42,342,312.0,312.0,0.30140779,0
7.2,17,57.6,2.483518131,0.0,0.0,0.0,0,0,0,0.0,0.0,0.9,0.9,0.1,0.9,0.9,3120,42,342,312.0,312.0,0.471263313,0
8.0,17,64.0,1.661022017,0.0,0.0,0.0,0,0,0,0.0,0.0,1.0,1.0,0.0,1.0,1.0,3420,342,342,342.0,342.0,0.602039385,0
8.0,17,64.0,2.488615735,0.0,0.0,0.0,0,0,0,0.0,0.0,1.0,1.0,0.0,1.0,1.0,3420,342,342,342.0,342.0,0.403120613,0
8.0,17,64.0,2.487629035,0.0,0.0,0.0,0,0,0,0.0,0.0,1.0,1.0,0.0,1.0,1.0,3420,342,342,342.0,342.0,0.402000284,0
8.0,17,63.0,4.269575767,0.0,0.0,0.0,0,0,0,0.0,0.0,1.0,0.6,0.0,1.0,1.0,2412,90,342,241.2,241.2,0.301215601,0
8.0,17,64.0,1.990781555,0.0,0.0,0.0,0,0,0,0.0,0.0,1.0,1.0,0.0,1.0,1.0,3420,342,342,342.0,342.0,0.502450585,0
7.2,17,57.6,2.249972856,0.0,0.0,0.0,0,0,0,0.0,0.0,0.9,0.8,0.1,0.9,0.9,2868,42,342,286.8,286.8,0.444457412,0
8.0,17,64.0,2.489921417,0.0,0.0,0.0,0,0,0,0.0,0.0,1.0,1.0,0.0,1.0,1.0,3420,342,342,342.0,342.0,0.602012706,0
7.2,17,57.6,1.990509649,0.0,0.0,0.0,0,0,0,0.0,0.0,0.9,0.9,0.1,0.9,0.9,3120,42,342,312.0,312.0,0.502610993,0
8.0,17,64.0,2.4842467,0.0,0.0,0.0,0,0,0,0.0,0.0,1.0,1.0,0.0,1.0,1.0,3420,342,342,342.0,342.0,0.402537107,0
8.0,17,64.0,2.489150518,0.0,0.0,0.0,0,0,0,0.0,0.0,1.0,1.0,0.0,1.0,1.0,3420,342,342,342.0,342.0,0.401836681,0
8.0,17,64.0,1.991697872,0.0,0.0,0.0,0,0,0,0.0,0.0,1.0,1.0,0.0,1.0,1.0,3420,342,342,342.0,342.0,0.502312493,0
7.2,17,57.6,1.978090253,0.0,0.0,0.0,0,0,0,0.0,0.0,0.9,0.9,0.1,0.9,0.9,3120,42,342,312.0,312.0,0.590940189,0
7.2,17,57.6,2.567394108,0.0,0.0,0.0,0,0,0,0.0,0.0,0.9,0.9,0.1,0.9,0.9,3120,42,342,312.0,312.0,0.402111602,0
8.0,17,64.0,2.488870322,0.0,0.0,0.0,0,0,0,0.0,0.0,1.0,1.0,0.0,1.0,1.0,3420,342,342,342.0,342.0,0.502098513,0
8.0,17,64.0,2.080554068,0.0,0.0,0.0,0,0,0,0.0,0.0,1.0,1.0,0.0,1.0,1.0,3420,342,342,342.0,342.0,0.5809901,0
8.0,17,64.0,2.48863685,0.0,0.0,0.0,0,0,0,0.0,0.0,1.0,1.0,0.0,1.0,1.0,3420,342,342,342.0,342.0,0.502167416,0
6.4,17,57.6,2.072180259,0.0,0.0,0.0,0,0,0,0.0,0.0,0.8,0.8,0.1,0.9,0.9,2876,42,342,287.6,287.6,0.4825881,0
6.4,17,49.8,3.370680564,0.0,0.0,0.0,0,0,0,0.0,0.0,0.8,0.6,0.2,0.8,0.8,2316,42,342,231.6,231.6,0.296863604,0
8.0,17,64.0,2.488807261,0.0,0.0,0.0,0,0,0,0.0,0.0,1.0,1.0,0.0,1.0,1.0,3420,342,342,342.0,342.0,0.402006793,0
8.0,17,64.0,2.486798806,0.0,0.0,0.0,0,0,0,0.0,0.0,1.0,1.0,0.0,1.0,1.0,3420,342,342,342.0,342.0,0.402199602,0
8.0,17,64.0,2.489215369,0.0,0.0,0.0,0,0,0,0.0,0.0,1.0,1.0,0.0,1.0,1.0,3420,342,342,342.0,342.0,0.401951408,0
6.4,17,51.2,2.054216513,0.0,0.0,0.0,0,0,0,0.0,0.0,0.8,0.8,0.2,0.8,0.8,2820,42,342,282.0,282.0,0.501987696,0
8.0,17,64.0,3.315888366,0.0,0.0,0.0,0,0,0,0.0,0.0,1.0,1.0,0.0,1.0,1.0,3420,342,342,342.0,342.0,0.392597508,0
8.0,17,64.0,2.779574327,0.0,0.0,0.0,0,0,0,0.0,0.0,1.0,1.0,0.0,1.0,1.0,3420,342,342,342.0,342.0,0.460092402,0
6.4,17,51.2,2.643127356,0.0,0.0,0.0,0,0,0,0.0,0.0,0.8,0.8,0.2,0.8,0.8,2820,42,342,282.0,282.0,0.478744411,0
8.0,17,64.0,2.850428679,0.0,0.0,0.0,0,0,0,0.0,0.0,1.0,1.0,0.0,1.0,1.0,2394,342,342,342.0,342.0,0.494161299,0
8.0,17,64.0,2.488319273,0.0,0.0,0.0,0,0,0,0.0,0.0,1.0,1.0,0.0,1.0,1.0,3420,342,342,342.0,342.0,0.502137494,0
8.0,17,64.0,1.993186495,0.0,0.0,0.0,0,0,0,0.0,0.0,1.0,1.0,0.0,1.0,1.0,3420,342,342,342.0,342.0,0.602083397,0
8.0,17,64.0,2.486575599,0.0,0.0,0.0,0,0,0,0.0,0.0,1.0,1.0,0.0,1.0,1.0,3420,342,342,342.0,342.0,0.40216012,0
8.0,17,64.0,2.488880956,0.0,0.0,0.0,0,0,0,0.0,0.0,1.0,1.0,0.0,1.0,1.0,3420,342,342,342.0,342.0,0.502146888,0
8.0,17,64.0,2.486336956,0.0,0.0,0.0,0,0,0,0.0,0.0,1.0,1.0,0.0,1.0,1.0,3420,342,342,342.0,342.0,0.402231407,0
8.0,17,64.0,3.316501109,0.0,0.0,0.0,0,0,0,0.0,0.0,1.0,1.0,0.0,1.0,1.0,3420,342,342,342.0,342.0,0.401857901,0
6.4,17,51.2,3.293457174,0.0,0.0,0.0,0,0,0,0.0,0.0,0.8,0.8,0.2,0.8,0.8,2820,42,342,282.0,282.0,0.384305787,0
8.0,17,64.0,2.488537183,0.0,0.0,0.0,0,0,0,0.0,0.0,1.0,1.0,0.0,1.0,1.0,3420,342,342,342.0,342.0,0.502242303,0
8.0,17,64.0,2.030478694,0.0,0.0,0.0,0,0,0,0.0,0.0,1.0,1.0,0.0,1.0,1.0,3420,342,342,342.0,342.0,0.492606902,0
7.2,17,57.6,1.852338596,0.0,0.0,0.0,0,0,0,0.0,0.0,0.9,0.9,0.1,0.9,0.9,3120,42,342,312.0,312.0,0.539909315,0
5.6,17,44.8,5.249577805,0.0,0.0,0.0,0,0,0,0.0,0.0,0.7,0.7,0.3,0.7,0.7,2520,42,342,252.0,252.0,0.281079602,0
8.0,17,64.0,2.487787356,0.0,0.0,0.0,0,0,0,0.0,0.0,1.0,1.0,0.0,1.0,1.0,3420,342,342,342.0,342.0,0.402003312,0
8.0,17,64.0,3.3151202,0.0,0.0,0.0,0,0,0,0.0,0.0,1.0,1.0,0.0,1.0,1.0,3420,342,342,342.0,342.0,0.4020473,0
8.0,17,64.0,2.4873511,0.0,0.0,0.0,0,0,0,0.0,0.0,1.0,1.0,0.0,1.0,1.0,3420,342,342,342.0,342.0,0.4022439,0
7.2,17,57.6,1.792379086,0.0,0.0,0.0,0,0,0,0.0,0.0,0.9,0.9,0.1,0.9,0.9,3120,42,342,312.0,312.0,0.658157706,0
8.0,17,64.0,1.660297508,0.0,0.0,0.0,0,0,0,0.0,0.0,1.0,1.0,0.0,1.0,1.0,3420,342,342,342.0,342.0,0.602433896,0
8.0,17,64.0,3.318954613,0.0,0.0,0.0,0,0,0,0.0,0.0,1.0,1.0,0.0,1.0,1.0,3420,342,342,342.0,342.0,0.5017483,0
8.0,17,64.0,2.486858817,0.0,0.0,0.0,0,0,0,0.0,0.0,1.0,1.0,0.0,1.0,1.0,3420,342,342,342.0,342.0,0.502459788,0
7.2,17,57.6,1.952131744,0.0,0.0,0.0,0,0,0,0.0,0.0,0.9,0.9,0.1,0.9,0.9,3120,42,342,312.0,312.0,0.512427497,0
8.0,17,64.0,1.538894538,0.0,0.0,0.0,0,0,0,0.0,0.0,1.0,1.0,0.0,1.0,1.0,3420,342,342,342.0,342.0,0.649822116,0
8.0,17,64.0,1.991715274,0.0,0.0,0.0,0,0,0,0.0,0.0,1.0,1.0,0.0,1.0,1.0,3420,342,342,342.0,342.0,0.5020926,0
8.0,17,64.0,1.990636807,0.0,0.0,0.0,0,0,0,0.0,0.0,1.0,1.0,0.0,1.0,1.0,3420,342,342,342.0,342.0,0.502508092,0
8.0,17,64.0,1.992252154,0.0,0.0,0.0,0,0,0,0.0,0.0,1.0,1.0,0.0,1.0,1.0,3420,342,342,342.0,342.0,0.501979899,0
8.0,17,64.0,2.486329587,0.0,0.0,0.0,0,0,0,0.0,0.0,1.0,1.0,0.0,1.0,1.0,3420,342,342,342.0,342.0,0.402228498,0
8.0,17,64.0,1.992728162,0.0,0.0,0.0,0,0,0,0.0,0.0,1.0,1.0,0.0,1.0,1.0,3420,342,342,342.0,342.0,0.501924515,0
8.0,17,64.0,3.314322533,0.0,0.0,0.0,0,0,0,0.0,0.0,1.0,1.0,0.0,1.0,1.0,3420,342,342,342.0,342.0,0.401922178,0
8.0,17,64.0,2.490298396,0.0,0.0,0.0,0,0,0,0.0,0.0,1.0,1.0,0.0,1.0,1.0,3420,342,342,342.0,342.0,0.401656985,0
8.0,17,64.0,3.312435335,0.0,0.0,0.0,0,0,0,0.0,0.0,1.0,1.0,0.0,1.0,1.0,3420,342,342,342.0,342.0,0.402168989,0
8.0,17,64.0,2.487464391,0.0,0.0,0.0,0,0,0,0.0,0.0,1.0,1.0,0.0,1.0,1.0,3420,342,342,342.0,342.0,0.402163005,0
8.0,17,64.0,1.660618689,0.0,0.0,0.0,0,0,0,0.0,0.0,1.0,1.0,0.0,1.0,1.0,3420,342,342,342.0,342.0,0.602198005,0
8.0,17,64.0,3.31367211,0.0,0.0,0.0,0,0,0,0.0,0.0,1.0,1.0,0.0,1.0,1.0,3420,342,342,342.0,342.0,0.301800919,0
8.0,17,64.0,2.488257864,0.0,0.0,0.0,0,0,0,0.0,0.0,1.0,1.0,0.0,1.0,1.0,3420,342,342,342.0,342.0,0.401887608,0
8.0,17,64.0,3.310236753,0.0,0.0,0.0,0,0,0,0.0,0.0,1.0,1.0,0.0,1.0,1.0,3420,342,342,342.0,342.0,0.373546696,0
8.0,17,64.0,1.992473613,0.0,0.0,0.0,0,0,0,0.0,0.0,1.0,1.0,0.0,1.0,1.0,3420,342,342,342.0,342.0,0.602224898,0
8.0,17,64.0,1.992716233,0.0,0.0,0.0,0,0,0,0.0,0.0,1.0,1.0,0.0,1.0,1.0,3420,342,342,342.0,342.0,0.602137303,0
7.2,17,57.6,2.611195139,0.0,0.0,0.0,0,0,0,0.0,0.0,0.9,0.9,0.1,0.9,0.9,3120,42,342,312.0,312.0,0.382966685,0
7.2,17,57.6,2.563639855,0.0,0.0,0.0,0,0,0,0.0,0.0,0.9,0.9,0.1,0.9,0.9,3120,42,342,312.0,312.0,0.390223408,0
8.0,17,64.0,3.313652475,0.0,0.0,0.0,0,0,0,0.0,0.0,1.0,1.0,0.0,1.0,1.0,3420,342,342,342.0,342.0,0.301861095,0
8.0,17,64.0,1.662137927,0.0,0.0,0.0,0,0,0,0.0,0.0,1.0,1.0,0.0,1.0,1.0,3420,342,342,342.0,342.0,0.601878786,0
7.2,17,57.6,1.691206059,0.0,0.0,0.0,0,0,0,0.0,0.0,0.9,0.9,0.1,0.9,0.9,3120,42,342,312.0,312.0,0.602633309,0
8.0,17,64.0,2.48690261,0.0,0.0,0.0,0,0,0,0.0,0.0,1.0,1.0,0.0,1.0,1.0,3420,342,342,342.0,342.0,0.402252316,0
8.0,17,64.0,2.488535854,0.0,0.0,0.0,0,0,0,0.0,0.0,1.0,1.0,0.0,1.0,1.0,3420,342,342,342.0,342.0,0.482536101,0
7.2,17,57.6,2.921922675,0.0,0.0,0.0,0,0,0,0.0,0.0,0.9,0.9,0.1,0.9,0.9,3120,42,342,312.0,312.0,0.44257772,0
8.0,17,64.0,2.485062415,0.0,0.0,0.0,0,0,0,0.0,0.0,1.0,1.0,0.0,1.0,1.0,3420,342,342,342.0,342.0,0.40240438,0
8.0,17,64.0,2.488441216,0.0,0.0,0.0,0,0,0,0.0,0.0,1.0,1.0,0.0,1.0,1.0,3420,342,342,342.0,342.0,0.502191305,0
7.2,17,57.6,2.185885508,0.0,0.0,0.0,0,0,0,0.0,0.0,0.9,0.9,0.1,0.9,0.9,3120,42,342,312.0,312.0,0.457492304,0
8.0,17,64.0,1.993173709,0.0,0.0,0.0,0,0,0,0.0,0.0,1.0,1.0,0.0,1.0,1.0,3420,342,342,342.0,342.0,0.501946211,0
8.0,17,64.0,2.488357508,0.0,0.0,0.0,0,0,0,0.0,0.0,1.0,1.0,0.0,1.0,1.0,3420,342,342,342.0,342.0,0.502191496,0
8.0,17,64.0,3.317775303,0.0,0.0,0.0,0,0,0,0.0,0.0,1.0,1.0,0.0,1.0,1.0,3420,342,342,342.0,342.0,0.301486897,0
8.0,17,64.0,1.992075496,0.0,0.0,0.0,0,0,0,0.0,0.0,1.0,1.0,0.0,1.0,1.0,3420,342,342,342.0,342.0,0.501999116,0
8.0,17,64.0,2.488301854,0.0,0.0,0.0,0,0,0,0.0,0.0,1.0,1.0,0.0,1.0,1.0,3420,342,342,342.0,342.0,0.4018857,0
8.0,17,64.0,2.48860909,0.0,0.0,0.0,0,0,0,0.0,0.0,1.0,1.0,0.0,1.0,1.0,3420,342,342,342.0,342.0,0.502222395,0
7.2,17,57.6,3.393762581,0.0,0.0,0.0,0,0,0,0.0,0.0,0.9,0.9,0.1,0.9,0.9,3120,42,342,312.0,312.0,0.395003319,0
7.2,17,57.6,1.4508545,0.0,0.0,0.0,0,0,0,0.0,0.0,0.9,0.9,0.1,0.9,0.9,3120,42,342,312.0,312.0,0.702590895,0
7.2,17,57.6,3.315612351,0.0,0.0,0.0,0,0,0,0.0,0.0,0.9,0.9,0.1,0.9,0.9,3120,42,342,312.0,312.0,0.401836205,0
7.2,17,57.6,3.371104272,0.0,0.0,0.0,0,0,0,0.0,0.0,0.9,0.9,0.1,0.9,0.9,3120,42,342,312.0,312.0,0.397011805,0
4.8,17,57.6,2.048742069,0.0,0.0,0.0,0,0,0,0.0,0.0,0.6,0.6,0.1,0.9,0.9,2388,42,342,238.8,238.8,0.488107109,0
8.0,17,64.0,1.991452285,0.0,0.0,0.0,0,0,0,0.0,0.0,1.0,1.0,0.0,1.0,1.0,3420,342,342,342.0,342.0,0.502147007,0
6.4,17,51.2,2.462655081,0.0,0.0,0.0,0,0,0,0.0,0.0,0.8,0.8,0.2,0.8,0.8,2820,42,342,282.0,282.0,0.506429482,0
7.2,17,57.6,2.178575723,0.0,0.0,0.0,0,0,0,0.0,0.0,0.9,0.9,0.1,0.9,0.9,3120,42,342,312.0,312.0,0.559326386,0
8.0,17,64.0,2.485694219,0.0,0.0,0.0,0,0,0,0.0,0.0,1.0,1.0,0.0,1.0,1.0,3420,342,342,342.0,342.0,0.430862308,0
8.0,17,64.0,1.991602637,0.0,0.0,0.0,0,0,0,0.0,0.0,1.0,1.0,0.0,1.0,1.0,3420,342,342,342.0,342.0,0.602449799,0
6.4,17,51.2,2.928657243,0.0,0.0,0.0,0,0,0,0.0,0.0,0.8,0.8,0.2,0.8,0.8,2820,42,342,282.0,282.0,0.341536999,0
8.0,17,64.0,1.991355939,0.0,0.0,0.0,0,0,0,0.0,0.0,1.0,1.0,0.0,1.0,1.0,3420,342,342,342.0,342.0,0.502351999,0
8.0,17,64.0,2.487943484,0.0,0.0,0.0,0,0,0,0.0,0.0,1.0,1.0,0.0,1.0,1.0,3420,342,342,342.0,342.0,0.40281539,0
8.0,17,64.0,1.992121952,0.0,0.0,0.0,0,0,0,0.0,0.0,1.0,1.0,0.0,1.0,1.0,3420,342,342,342.0,342.0,0.602612805,0
8.0,17,64.0,1.991710829,0.0,0.0,0.0,0,0,0,0.0,0.0,1.0,1.0,0.0,1.0,1.0,3420,342,342,342.0,342.0,0.50309701,0
8.0,17,64.0,2.486973833,0.0,0.0,0.0,0,0,0,0.0,0.0,1.0,1.0,0.0,1.0,1.0,3420,342,342,342.0,342.0,0.502464008,0
5.6,17,64.0,2.961258267,0.0,0.0,0.0,0,0,0,0.0,0.0,0.7,0.7,0.0,1.0,1.0,2688,98,342,268.8,268.8,0.3377002,0
7.2,17,57.6,2.199851749,0.0,0.0,0.0,0,0,0,0.0,0.0,0.9,0.9,0.1,0.9,0.9,3120,42,342,312.0,312.0,0.454651499,0
8.0,17,64.0,2.487739843,0.0,0.0,0.0,0,0,0,0.0,0.0,1.0,1.0,0.0,1.0,1.0,3420,342,342,342.0,342.0,0.502296281,0
8.0,17,64.0,2.488760743,0.0,0.0,0.0,0,0,0,0.0,0.0,1.0,1.0,0.0,1.0,1.0,3420,342,342,342.0,342.0,0.502189422,0
7.2,17,57.6,1.47638674,0.0,0.0,0.0,0,0,0,0.0,0.0,0.9,0.9,0.1,0.9,0.9,3120,42,342,312.0,312.0,0.702716303,0
8.0,17,64.0,3.315862151,0.0,0.0,0.0,0,0,0,0.0,0.0,1.0,1.0,0.0,1.0,1.0,3420,342,342,342.0,342.0,0.401894403,0
8.0,17,64.0,1.993350657,0.0,0.0,0.0,0,0,0,0.0,0.0,1.0,1.0,0.0,1.0,1.0,3420,342,342,342.0,342.0,0.501846886,0
8.0,17,64.0,3.319779736,0.0,0.0,0.0,0,0,0,0.0,0.0,1.0,1.0,0.0,1.0,1.0,3420,342,342,342.0,342.0,0.501198816,0
8.0,17,64.0,2.488664758,0.0,0.0,0.0,0,0,0,0.0,0.0,1.0,1.0,0.0,1.0,1.0,3420,342,342,342.0,342.0,0.4018332,0
7.2,17,57.6,2.474175818,0.0,0.0,0.0,0,0,0,0.0,0.0,0.9,0.9,0.1,0.9,0.9,3120,42,342,312.0,312.0,0.504502296,0
8.0,17,64.0,1.659726776,0.0,0.0,0.0,0,0,0,0.0,0.0,1.0,1.0,0.0,1.0,1.0,3420,342,342,342.0,342.0,0.60253911,0
8.0,17,64.0,1.988825922,0.0,0.0,0.0,0,0,0,0.0,0.0,1.0,1.0,0.0,1.0,1.0,3420,342,342,342.0,342.0,0.60314281,0
8.0,17,63.0,1.995216679,0.0,0.0,0.0,0,0,0,0.0,0.0,1.0,0.8,0.0,1.0,1.0,2916,90,342,291.6,291.6,0.502865481,0
7.2,17,57.6,2.380707068,0.0,0.0,0.0,0,0,0,0.0,0.0,0.9,0.9,0.1,0.9,0.9,3120,42,342,312.0,312.0,0.620357585,0
8.0,17,64.0,1433.705008,0.0,0.0,0.0,0,0,0,0.0,0.0,1.0,1.0,0.0,1.0,1.0,684,342,342,342.0,342.0,0.000746012,0
8.0,17,64.0,2.4881507,0.0,0.0,0.0,0,0,0,0.0,0.0,1.0,1.0,0.0,1.0,1.0,3420,342,342,342.0,342.0,0.5022753,0
8.0,17,64.0,3.315425746,0.0,0.0,0.0,0,0,0,0.0,0.0,1.0,1.0,0.0,1.0,1.0,3420,342,342,342.0,342.0,0.401944709,0
7.2,17,57.6,2.487451409,0.0,0.0,0.0,0,0,0,0.0,0.0,0.9,0.9,0.1,0.9,0.9,3120,42,342,312.0,312.0,0.574416804,0
7.2,17,57.6,3.142154271,0.0,0.0,0.0,0,0,0,0.0,0.0,0.9,0.9,0.1,0.9,0.9,3120,42,342,312.0,312.0,0.418613505,0
6.4,17,51.2,3.649616605,0.0,0.0,0.0,0,0,0,0.0,0.0,0.8,0.8,0.2,0.8,0.8,2820,42,342,282.0,282.0,0.374324298,0
8.0,17,64.0,1.661331567,0.0,0.0,0.0,0,0,0,0.0,0.0,1.0,1.0,0.0,1.0,1.0,1710,342,342,342.0,342.0,0.602279615,0
8.0,17,64.0,1.827653761,0.0,0.0,0.0,0,0,0,0.0,0.0,1.0,1.0,0.0,1.0,1.0,3420,342,342,342.0,342.0,0.548662806,0
8.0,17,64.0,2.488108634,0.0,0.0,0.0,0,0,0,0.0,0.0,1.0,1.0,0.0,1.0,1.0,3420,342,342,342.0,342.0,0.502212691,0
8.0,17,64.0,2.488176088,0.0,0.0,0.0,0,0,0,0.0,0.0,1.0,1.0,0.0,1.0,1.0,3420,342,342,342.0,342.0,0.502312708,0
4.0,17,37.1,9.957421694,0.0,0.0,0.0,0,0,0,0.0,0.0,0.5,0.4,0.4,0.6,0.6,1744,42,342,174.4,174.4,0.2007231,0
8.0,17,64.0,1.98996455,0.0,0.0,0.0,0,0,0,0.0,0.0,1.0,1.0,0.0,1.0,1.0,3420,342,342,342.0,342.0,0.502535605,0
8.0,17,64.0,2.489377142,0.0,0.0,0.0,0,0,0,0.0,0.0,1.0,1.0,0.0,1.0,1.0,3420,342,342,342.0,342.0,0.50201509,0
6.4,17,50.3,4.245707631,0.0,0.0,0.0,0,0,0,0.0,0.0,0.8,0.7,0.2,0.8,0.8,2568,42,342,256.8,256.8,0.238083482,0
8.0,17,64.0,1.661031094,0.0,0.0,0.0,0,0,0,0.0,0.0,1.0,1.0,0.0,1.0,1.0,3420,342,342,342.0,342.0,0.602035689,0
8.0,17,64.0,1.991811655,0.0,0.0,0.0,0,0,0,0.0,0.0,1.0,1.0,0.0,1.0,1.0,3420,342,342,342.0,342.0,0.502282381,0
8.0,17,64.0,2.488217566,0.0,0.0,0.0,0,0,0,0.0,0.0,1.0,1.0,0.0,1.0,1.0,3420,342,342,342.0,342.0,0.402078915,0
6.4,17,51.2,3.149341476,0.0,0.0,0.0,0,0,0,0.0,0.0,0.8,0.8,0.2,0.8,0.8,2820,42,342,282.0,282.0,0.417946815,0
8.0,17,64.0,1.990770783,0.0,0.0,0.0,0,0,0,0.0,0.0,1.0,1.0,0.0,1.0,1.0,3420,342,342,342.0,342.0,0.502529716,0
8.0,17,64.0,1.992783738,0.0,0.0,0.0,0,0,0,0.0,0.0,1.0,1.0,0.0,1.0,1.0,3420,342,342,342.0,342.0,0.501912093,0
7.2,17,57.6,3.074831157,0.0,0.0,0.0,0,0,0,0.0,0.0,0.9,0.9,0.1,0.9,0.9,3120,42,342,312.0,312.0,0.325221109,0
8.0,17,64.0,1.990909031,0.0,0.0,0.0,0,0,0,0.0,0.0,1.0,1.0,0.0,1.0,1.0,3420,342,342,342.0,342.0,0.602669001,0
8.0,17,64.0,3.313488864,0.0,0.0,0.0,0,0,0,0.0,0.0,1.0,1.0,0.0,1.0,1.0,3420,342,342,342.0,342.0,0.301807499,0
8.0,17,64.0,inf,0.0,0.0,0.0,0,0,0,0.0,0.0,1.0,1.0,0.0,1.0,1.0,342,342,342,342.0,342.0,0.001924038,0
8.0,17,64.0,2.484291137,0.0,0.0,0.0,0,0,0,0.0,0.0,1.0,1.0,0.0,1.0,1.0,3420,342,342,342.0,342.0,0.402529311,0
7.2,17,57.6,3.080404481,0.0,0.0,0.0,0,0,0,0.0,0.0,0.9,0.9,0.1,0.9,0.9,3120,42,342,312.0,312.0,0.42495501,0
8.0,17,64.0,2.489541449,0.0,0.0,0.0,0,0,0,0.0,0.0,1.0,1.0,0.0,1.0,1.0,3420,342,342,342.0,342.0,0.502071905,0
7.2,17,57.6,1.663005795,0.0,0.0,0.0,0,0,0,0.0,0.0,0.9,0.9,0.1,0.9,0.9,3120,42,342,312.0,312.0,0.601404905,0
7.2,17,57.6,2.33234795,0.0,0.0,0.0,0,0,0,0.0,0.0,0.9,0.9,0.1,0.9,0.9,3120,42,342,312.0,312.0,0.429084492,0
7.2,17,57.6,2.353581401,0.0,0.0,0.0,0,0,0,0.0,0.0,0.9,0.9,0.1,0.9,0.9,3120,42,342,312.0,312.0,0.42497828,0
8.0,17,64.0,inf,0.0,0.0,0.0,0,0,0,0.0,0.0,1.0,1.0,0.0,1.0,1.0,342,342,342,342.0,342.0,0.000164986,0
8.0,17,64.0,2.486845252,0.0,0.0,0.0,0,0,0,0.0,0.0,1.0,1.0,0.0,1.0,1.0,3420,342,342,342.0,342.0,0.402213502,0
8.0,17,64.0,2.488493185,0.0,0.0,0.0,0,0,0,0.0,0.0,1.0,1.0,0.0,1.0,1.0,3420,342,342,342.0,342.0,0.402034593,0
7.2,17,57.6,1.421878652,0.0,0.0,0.0,0,0,0,0.0,0.0,0.9,0.9,0.1,0.9,0.9,3120,42,342,312.0,312.0,0.78017149,0
7.2,17,57.6,2.433874101,0.0,0.0,0.0,0,0,0,0.0,0.0,0.9,0.9,0.1,0.9,0.9,3120,42,342,312.0,312.0,0.410867596,0
4.8,17,73.6,3.318036191,0.0,0.0,0.0,0,0,0,0.0,0.0,0.6,0.6,0.0,1.0,1.0,2444,98,342,244.4,244.4,0.301476192,0
8.0,17,64.0,2.488949042,0.0,0.0,0.0,0,0,0,0.0,0.0,1.0,1.0,0.0,1.0,1.0,3420,342,342,342.0,342.0,0.401965809,0
8.0,17,64.0,2.487942155,0.0,0.0,0.0,0,0,0,0.0,0.0,1.0,1.0,0.0,1.0,1.0,3420,342,342,342.0,342.0,0.401982093,0
8.0,17,64.0,1.660975117,0.0,0.0,0.0,0,0,0,0.0,0.0,1.0,1.0,0.0,1.0,1.0,3420,342,342,342.0,342.0,0.602116299,0
7.2,17,57.6,3.248332175,0.0,0.0,0.0,0,0,0,0.0,0.0,0.9,0.9,0.1,0.9,0.9,3120,42,342,312.0,312.0,0.508119893,0
8.0,17,64.0,2.488921128,0.0,0.0,0.0,0,0,0,0.0,0.0,1.0,1.0,0.0,1.0,1.0,3420,342,342,342.0,342.0,0.401911807,0
8.0,17,64.0,3.43880478,0.0,0.0,0.0,0,0,0,0.0,0.0,1.0,1.0,0.0,1.0,1.0,3420,342,342,342.0,342.0,0.290806198,0
7.2,17,76.7,2.580986267,0.0,0.0,0.0,0,0,0,0.0,0.0,0.9,0.8,0.1,0.9,0.9,2865,42,342,286.5,286.5,0.387612104,0
8.0,17,64.0,1.993122846,0.0,0.0,0.0,0,0,0,0.0,0.0,1.0,1.0,0.0,1.0,1.0,3420,342,342,342.0,342.0,0.50185802,0
8.0,17,64.0,1.990272666,0.0,0.0,0.0,0,0,0,0.0,0.0,1.0,1.0,0.0,1.0,1.0,3420,342,342,342.0,342.0,0.502721,0
7.2,17,57.6,1.856705401,0.0,0.0,0.0,0,0,0,0.0,0.0,0.9,0.9,0.1,0.9,0.9,3120,42,342,312.0,312.0,0.5560642,0
8.0,17,64.0,2.487750319,0.0,0.0,0.0,0,0,0,0.0,0.0,1.0,1.0,0.0,1.0,1.0,3420,342,342,342.0,342.0,0.402001691,0
8.0,17,64.0,2.489464612,0.0,0.0,0.0,0,0,0,0.0,0.0,1.0,1.0,0.0,1.0,1.0,3420,342,342,342.0,342.0,0.602200484,0
8.0,17,64.0,3.315469774,0.0,0.0,0.0,0,0,0,0.0,0.0,1.0,1.0,0.0,1.0,1.0,3420,342,342,342.0,342.0,0.30163219,0
8.0,17,64.0,1.66034128,0.0,0.0,0.0,0,0,0,0.0,0.0,1.0,1.0,0.0,1.0,1.0,3420,342,342,342.0,342.0,0.702651811,0
8.0,17,64.0,1.99118823,0.0,0.0,0.0,0,0,0,0.0,0.0,1.0,1.0,0.0,1.0,1.0,3420,342,342,342.0,342.0,0.502302599,0
7.2,17,57.6,2.93526105,0.0,0.0,0.0,0,0,0,0.0,0.0,0.9,0.9,0.1,0.9,0.9,3120,42,342,312.0,312.0,0.340751386,0
4.8,17,51.2,5.25601544,0.0,0.0,0.0,0,0,0,0.0,0.0,0.6,0.6,0.2,0.8,0.8,2332,42,342,233.2,233.2,0.190258193,0
7.2,17,57.6,2.082977029,0.0,0.0,0.0,0,0,0,0.0,0.0,0.9,0.9,0.1,0.9,0.9,3120,42,342,312.0,312.0,0.501372099,0
8.0,17,64.0,1.992183928,0.0,0.0,0.0,0,0,0,0.0,0.0,1.0,1.0,0.0,1.0,1.0,3420,342,342,342.0,342.0,0.602414393,0
8.0,17,83.1,1.661115758,0.0,0.0,0.0,0,0,0,0.0,0.0,1.0,0.9,0.0,1.0,1.0,3165,87,342,316.5,316.5,0.702298212,0
8.0,17,64.0,2.489400191,0.0,0.0,0.0,0,0,0,0.0,0.0,1.0,1.0,0.0,1.0,1.0,3420,342,342,342.0,342.0,0.401784587,0
8.0,17,64.0,2.487422348,0.0,0.0,0.0,0,0,0,0.0,0.0,1.0,1.0,0.0,1.0,1.0,3420,342,342,342.0,342.0,0.502313519,0
8.0,17,61.5,4.975669152,0.0,0.0,0.0,0,0,0,0.0,0.0,1.0,0.6,0.0,1.0,1.0,2412,90,342,241.2,241.2,0.301376891,0
8.0,17,64.0,1.992035002,0.0,0.0,0.0,0,0,0,0.0,0.0,1.0,1.0,0.0,1.0,1.0,3420,342,342,342.0,342.0,0.602364016,0
8.0,17,64.0,1.991380521,0.0,0.0,0.0,0,0,0,0.0,0.0,1.0,1.0,0.0,1.0,1.0,3420,342,342,342.0,342.0,0.502164197,0
7.2,17,57.6,3.032423834,0.0,0.0,0.0,0,0,0,0.0,0.0,0.9,0.9,0.1,0.9,0.9,3120,42,342,312.0,312.0,0.430101705,0
8.0,17,64.0,1.991449921,0.0,0.0,0.0,0,0,0,0.0,0.0,1.0,1.0,0.0,1.0,1.0,3420,342,342,342.0,342.0,0.60252769,0
8.0,17,64.0,1.990396393,0.0,0.0,0.0,0,0,0,0.0,0.0,1.0,1.0,0.0,1.0,1.0,3420,342,342,342.0,342.0,0.602721381,0
8.0,17,64.0,1.992202853,0.0,0.0,0.0,0,0,0,0.0,0.0,1.0,1.0,0.0,1.0,1.0,3420,342,342,342.0,342.0,0.502026415,0
7.2,17,57.6,1.700304362,0.0,0.0,0.0,0,0,0,0.0,0.0,0.9,0.9,0.1,0.9,0.9,3120,42,342,312.0,312.0,0.588203192,0
8.0,17,64.0,1.991486419,0.0,0.0,0.0,0,0,0,0.0,0.0,1.0,1.0,0.0,1.0,1.0,3420,342,342,342.0,342.0,0.602436996,0
8.0,17,64.0,2.487856711,0.0,0.0,0.0,0,0,0,0.0,0.0,1.0,1.0,0.0,1.0,1.0,3420,342,342,342.0,342.0,0.402043605,0
8.0,17,64.0,3.316486686,0.0,0.0,0.0,0,0,0,0.0,0.0,1.0,1.0,0.0,1.0,1.0,3420,342,342,342.0,342.0,0.401873899,0
8.0,17,64.0,2.480398056,0.0,0.0,0.0,0,0,0,0.0,0.0,1.0,1.0,0.0,1.0,1.0,3420,342,342,342.0,342.0,0.411077094,0
8.0,17,64.0,1.991148151,0.0,0.0,0.0,0,0,0,0.0,0.0,1.0,1.0,0.0,1.0,1.0,3420,342,342,342.0,342.0,0.502248096,0
8.0,17,64.0,3.97920131,0.0,0.0,0.0,0,0,0,0.0,0.0,1.0,1.0,0.0,1.0,1.0,1368,342,342,342.0,342.0,0.251392245,0
8.0,17,64.0,2.48660464,0.0,0.0,0.0,0,0,0,0.0,0.0,1.0,1.0,0.0,1.0,1.0,3420,342,342,342.0,342.0,0.502579308,0
8.0,17,64.0,1.991685104,0.0,0.0,0.0,0,0,0,0.0,0.0,1.0,1.0,0.0,1.0,1.0,3420,342,342,342.0,342.0,0.50228889,0
7.2,17,57.6,2.393582605,0.0,0.0,0.0,0,0,0,0.0,0.0,0.9,0.9,0.1,0.9,0.9,3120,42,342,312.0,312.0,0.417870283,0
8.0,17,64.0,1.99097613,0.0,0.0,0.0,0,0,0,0.0,0.0,1.0,1.0,0.0,1.0,1.0,3420,342,342,342.0,342.0,0.502276707,0
8.0,17,64.0,2.489366652,0.0,0.0,0.0,0,0,0,0.0,0.0,1.0,1.0,0.0,1.0,1.0,3420,342,342,342.0,342.0,0.502116203,0
8.0,17,64.0,1.661035173,0.0,0.0,0.0,0,0,0,0.0,0.0,1.0,1.0,0.0,1.0,1.0,3420,342,342,342.0,342.0,0.602140808,0
8.0,17,64.0,1.992989026,0.0,0.0,0.0,0,0,0,0.0,0.0,1.0,1.0,0.0,1.0,1.0,3420,342,342,342.0,342.0,0.602263522,0
8.0,17,64.0,1.99262961,0.0,0.0,0.0,0,0,0,0.0,0.0,1.0,1.0,0.0,1.0,1.0,3420,342,342,342.0,342.0,0.602095509,0
8.0,17,64.0,2.488112472,0.0,0.0,0.0,0,0,0,0.0,0.0,1.0,1.0,0.0,1.0,1.0,3420,342,342,342.0,342.0,0.40211978,0
8.0,17,64.0,2.488906949,0.0,0.0,0.0,0,0,0,0.0,0.0,1.0,1.0,0.0,1.0,1.0,3420,342,342,342.0,342.0,0.502144599,0
7.2,17,57.6,2.679748137,0.0,0.0,0.0,0,0,0,0.0,0.0,0.9,0.9,0.1,0.9,0.9,3120,42,342,312.0,312.0,0.473599601,0
7.2,17,57.6,2.036692182,0.0,0.0,0.0,0,0,0,0.0,0.0,0.9,0.9,0.1,0.9,0.9,3120,42,342,312.0,312.0,0.501653504,0
8.0,17,64.0,3.318387431,0.0,0.0,0.0,0,0,0,0.0,0.0,1.0,1.0,0.0,1.0,1.0,3420,342,342,342.0,342.0,0.301422691,0
8.0,17,64.0,1.991516962,0.0,0.0,0.0,0,0,0,0.0,0.0,1.0,1.0,0.0,1.0,1.0,3420,342,342,342.0,342.0,0.602514291,0
8.0,17,64.0,2.486758703,0.0,0.0,0.0,0,0,0,0.0,0.0,1.0,1.0,0.0,1.0,1.0,3420,342,342,342.0,342.0,0.580604386,0
7.2,17,57.6,3.348658015,0.0,0.0,0.0,0,0,0,0.0,0.0,0.9,0.9,0.1,0.9,0.9,3120,42,342,312.0,312.0,0.3990762,0
7.2,17,57.6,3.307648473,0.0,0.0,0.0,0,0,0,0.0,0.0,0.9,0.9,0.1,0.9,0.9,3120,42,342,312.0,312.0,0.302389503,0
8.0,17,64.0,2.487042552,0.0,0.0,0.0,0,0,0,0.0,0.0,1.0,1.0,0.0,1.0,1.0,3420,342,342,342.0,342.0,0.402111888,0
8.0,17,64.0,2.488827641,0.0,0.0,0.0,0,0,0,0.0,0.0,1.0,1.0,0.0,1.0,1.0,3420,342,342,342.0,342.0,0.502174997,0
8.0,17,64.0,2.489659225,0.0,0.0,0.0,0,0,0,0.0,0.0,1.0,1.0,0.0,1.0,1.0,3420,342,342,342.0,342.0,0.401817703,0
8.0,17,64.0,1.991562162,0.0,0.0,0.0,0,0,0,0.0,0.0,1.0,1.0,0.0,1.0,1.0,3420,342,342,342.0,342.0,0.626687384,0
8.0,17,64.0,2.488350865,0.0,0.0,0.0,0,0,0,0.0,0.0,1.0,1.0,0.0,1.0,1.0,3420,342,342,342.0,342.0,0.502237988,0
6.4,17,49.4,5.320830162,0.0,0.0,0.0,0,0,0,0.0,0.0,0.8,0.2,0.2,0.8,0.8,1308,42,342,130.8,130.8,0.1879498,0
8.0,17,64.0,2.481291683,0.0,0.0,0.0,0,0,0,0.0,0.0,1.0,1.0,0.0,1.0,1.0,3420,342,342,342.0,342.0,0.403107905,0
8.0,17,64.0,2.482612466,0.0,0.0,0.0,0,0,0,0.0,0.0,1.0,1.0,0.0,1.0,1.0,3420,342,342,342.0,342.0,0.402878904,0
6.4,17,57.6,2.515516928,0.0,0.0,0.0,0,0,0,0.0,0.0,0.8,0.8,0.1,0.9,0.9,2896,42,342,289.6,289.6,0.39754231,0
8.0,17,64.0,3.309757949,0.0,0.0,0.0,0,0,0,0.0,0.0,1.0,1.0,0.0,1.0,1.0,3420,342,342,342.0,342.0,0.306524992,0
8.0,17,64.0,1.991706573,0.0,0.0,0.0,0,0,0,0.0,0.0,1.0,1.0,0.0,1.0,1.0,3420,342,342,342.0,342.0,0.502090287,0
6.4,17,51.2,3.658479761,0.0,0.0,0.0,0,0,0,0.0,0.0,0.8,0.8,0.2,0.8,0.8,2820,42,342,282.0,282.0,0.373536992,0
8.0,17,64.0,3.980194417,0.0,0.0,0.0,0,0,0,0.0,0.0,1.0,1.0,0.0,1.0,1.0,1368,342,342,342.0,342.0,0.251790762,0
8.0,17,64.0,3.314346366,0.0,0.0,0.0,0,0,0,0.0,0.0,1.0,1.0,0.0,1.0,1.0,3420,342,342,342.0,342.0,0.40197022,0
8.0,17,64.0,1.660355083,0.0,0.0,0.0,0,0,0,0.0,0.0,1.0,1.0,0.0,1.0,1.0,3420,342,342,342.0,342.0,0.7026407,0
8.0,17,64.0,1.990659765,0.0,0.0,0.0,0,0,0,0.0,0.0,1.0,1.0,0.0,1.0,1.0,3420,342,342,342.0,342.0,0.502410221,0
8.0,17,64.0,1.992942625,0.0,0.0,0.0,0,0,0,0.0,0.0,1.0,1.0,0.0,1.0,1.0,3420,342,342,342.0,342.0,0.602178001,0
32.0,6,96.4,742.2233233,0.0,0.0,1.0,10,0,0,0.0,1.0,0.0,0.0,0.0,1.0,1.0,14311,66,2866,1431.1,1431.1,0.007242417,0
8.0,17,64.0,2.62906956,0.0,0.0,0.0,0,0,0,0.0,0.0,1.0,1.0,0.0,1.0,1.0,3420,342,342,342.0,342.0,0.480675721,0
8.0,17,64.0,2.006492163,0.0,0.0,0.0,0,0,0,0.0,0.0,1.0,1.0,0.0,1.0,1.0,3420,342,342,342.0,342.0,0.59886291,0
8.0,17,64.0,1.991568498,0.0,0.0,0.0,0,0,0,0.0,0.0,1.0,1.0,0.0,1.0,1.0,3420,342,342,342.0,342.0,0.502181101,0
8.0,17,64.0,1.660611194,0.0,0.0,0.0,0,0,0,0.0,0.0,1.0,1.0,0.0,1.0,1.0,3420,342,342,342.0,342.0,0.702527404,0
6.4,17,51.2,1.332087389,0.0,0.0,0.0,0,0,0,0.0,0.0,0.8,0.8,0.2,0.8,0.8,2820,42,342,282.0,282.0,0.750701499,0
8.0,17,64.0,1.992726174,0.0,0.0,0.0,0,0,0,0.0,0.0,1.0,1.0,0.0,1.0,1.0,3420,342,342,342.0,342.0,0.602224803,0
8.0,17,64.0,1.991107317,0.0,0.0,0.0,0,0,0,0.0,0.0,1.0,1.0,0.0,1.0,1.0,3420,342,342,342.0,342.0,0.50230062,0
8.0,17,64.0,2.484392376,0.0,0.0,0.0,0,0,0,0.0,0.0,1.0,1.0,0.0,1.0,1.0,3420,342,342,342.0,342.0,0.402512908,0
8.0,17,64.0,2.487627707,0.0,0.0,0.0,0,0,0,0.0,0.0,1.0,1.0,0.0,1.0,1.0,3420,342,342,342.0,342.0,0.401997399,0
8.0,17,64.0,2.487729219,0.0,0.0,0.0,0,0,0,0.0,0.0,1.0,1.0,0.0,1.0,1.0,3420,342,342,342.0,342.0,0.402008009,0
6.4,17,51.2,2.18832746,0.0,0.0,0.0,0,0,0,0.0,0.0,0.8,0.8,0.2,0.8,0.8,2820,42,342,282.0,282.0,0.457214308,0
8.0,17,64.0,2.488731651,0.0,0.0,0.0,0,0,0,0.0,0.0,1.0,1.0,0.0,1.0,1.0,3420,342,342,342.0,342.0,0.502173996,0
7.2,17,57.6,2.472887905,0.0,0.0,0.0,0,0,0,0.0,0.0,0.9,0.9,0.1,0.9,0.9,3120,42,342,312.0,312.0,0.540115809,0
8.0,17,64.0,1.992210045,0.0,0.0,0.0,0,0,0,0.0,0.0,1.0,1.0,0.0,1.0,1.0,3420,342,342,342.0,342.0,0.501996613,0
8.0,17,64.0,2.488735343,0.0,0.0,0.0,0,0,0,0.0,0.0,1.0,1.0,0.0,1.0,1.0,3420,342,342,342.0,342.0,0.501914811,0
8.0,17,64.0,2.487792373,0.0,0.0,0.0,0,0,0,0.0,0.0,1.0,1.0,0.0,1.0,1.0,3420,342,342,342.0,342.0,0.402173018,0
7.2,17,55.6,4.402040241,0.0,0.0,0.0,0,0,0,0.0,0.0,0.9,0.5,0.1,0.9,0.9,2112,42,342,211.2,211.2,0.227344799,0
8.0,17,64.0,2.487818344,0.0,0.0,0.0,0,0,0,0.0,0.0,1.0,1.0,0.0,1.0,1.0,3420,342,342,342.0,342.0,0.40204711,0
8.0,17,64.0,2.487784995,0.0,0.0,0.0,0,0,0,0.0,0.0,1.0,1.0,0.0,1.0,1.0,3420,342,342,342.0,342.0,0.402069402,0
8.0,17,64.0,3.316956422,0.0,0.0,0.0,0,0,0,0.0,0.0,1.0,1.0,0.0,1.0,1.0,3420,342,342,342.0,342.0,0.401792192,0
8.0,17,64.0,2.488361937,0.0,0.0,0.0,0,0,0,0.0,0.0,1.0,1.0,0.0,1.0,1.0,3420,342,342,342.0,342.0,0.502218294,0
7.2,17,57.6,3.274993636,0.0,0.0,0.0,0,0,0,0.0,0.0,0.9,0.9,0.1,0.9,0.9,3120,42,342,312.0,312.0,0.305349708,0
7.2,17,57.6,3.571579171,0.0,0.0,0.0,0,0,0,0.0,0.0,0.9,0.9,0.1,0.9,0.9,3120,42,342,312.0,312.0,0.380121589,0
8.0,17,64.0,2.488493923,0.0,0.0,0.0,0,0,0,0.0,0.0,1.0,1.0,0.0,1.0,1.0,3420,342,342,342.0,342.0,0.502214885,0
4.8,17,64.0,6.145978537,0.0,0.0,0.0,0,0,0,0.0,0.0,0.6,0.6,0.0,1.0,1.0,2444,98,342,244.4,244.4,0.206237221,0
5.6,17,44.8,3.137018851,0.0,0.0,0.0,0,0,0,0.0,0.0,0.7,0.7,0.3,0.7,0.7,2520,42,342,252.0,252.0,0.3189955,0
7.2,17,57.6,2.633309974,0.0,0.0,0.0,0,0,0,0.0,0.0,0.9,0.9,0.1,0.9,0.9,3120,42,342,312.0,312.0,0.379750204,0
8.0,17,64.0,2.488297573,0.0,0.0,0.0,0,0,0,0.0,0.0,1.0,1.0,0.0,1.0,1.0,3420,342,342,342.0,342.0,0.502237487,0
8.0,17,64.0,2.488460261,0.0,0.0,0.0,0,0,0,0.0,0.0,1.0,1.0,0.0,1.0,1.0,3420,342,342,342.0,342.0,0.502210712,0
7.2,17,57.6,3.86304873,0.0,0.0,0.0,0,0,0,0.0,0.0,0.9,0.9,0.1,0.9,0.9,3120,42,342,312.0,312.0,0.353649211,0
8.0,17,64.0,2.487183542,0.0,0.0,0.0,0,0,0,0.0,0.0,1.0,1.0,0.0,1.0,1.0,3420,342,342,342.0,342.0,0.402168512,0
8.0,17,64.0,1.991750553,0.0,0.0,0.0,0,0,0,0.0,0.0,1.0,1.0,0.0,1.0,1.0,3420,342,342,342.0,342.0,0.502285886,0
6.0,17,48.0,3.813773325,0.0,0.0,0.0,0,0,0,0.0,0.0,0.75,0.75,0.25,0.75,0.75,1068,42,342,267.0,267.0,0.262481749,0
8.0,17,64.0,2.49049447,0.0,0.0,0.0,0,0,0,0.0,0.0,1.0,1.0,0.0,1.0,1.0,3420,342,342,342.0,342.0,0.501888299,0
7.2,17,57.6,2.839175673,0.0,0.0,0.0,0,0,0,0.0,0.0,0.9,0.9,0.1,0.9,0.9,3120,42,342,312.0,312.0,0.352219796,0
8.0,17,64.0,2.488344665,0.0,0.0,0.0,0,0,0,0.0,0.0,1.0,1.0,0.0,1.0,1.0,3420,342,342,342.0,342.0,0.402087498,0
8.0,17,64.0,3.315141948,0.0,0.0,0.0,0,0,0,0.0,0.0,1.0,1.0,0.0,1.0,1.0,3420,342,342,342.0,342.0,0.301649213,0
8.0,17,64.0,1.456586384,0.0,0.0,0.0,0,0,0,0.0,0.0,1.0,1.0,0.0,1.0,1.0,3420,342,342,342.0,342.0,0.786986494,0
8.0,17,64.0,3.316134799,0.0,0.0,0.0,0,0,0,0.0,0.0,1.0,1.0,0.0,1.0,1.0,3420,342,342,342.0,342.0,0.401892185,0
8.0,17,64.0,1.991786305,0.0,0.0,0.0,0,0,0,0.0,0.0,1.0,1.0,0.0,1.0,1.0,3420,342,342,342.0,342.0,0.602385283,0
6.4,17,51.2,2.556168555,0.0,0.0,0.0,0,0,0,0.0,0.0,0.8,0.8,0.2,0.8,0.8,2820,42,342,282.0,282.0,0.393386698,0
8.0,17,64.0,1.992827008,0.0,0.0,0.0,0,0,0,0.0,0.0,1.0,1.0,0.0,1.0,1.0,3420,342,342,342.0,342.0,0.602086306,0
8.0,17,64.0,1.990890887,0.0,0.0,0.0,0,0,0,0.0,0.0,1.0,1.0,0.0,1.0,1.0,3420,342,342,342.0,342.0,0.502291203,0
8.0,17,64.0,2.488256093,0.0,0.0,0.0,0,0,0,0.0,0.0,1.0,1.0,0.0,1.0,1.0,3420,342,342,342.0,342.0,0.402126694,0
7.2,17,57.6,2.670997181,0.0,0.0,0.0,0,0,0,0.0,0.0,0.9,0.9,0.1,0.9,0.9,3120,42,342,312.0,312.0,0.374502206,0
6.4,17,51.2,3.318651829,0.0,0.0,0.0,0,0,0,0.0,0.0,0.8,0.8,0.2,0.8,0.8,2820,42,342,282.0,282.0,0.301541591,0
8.0,17,64.0,2.489056127,0.0,0.0,0.0,0,0,0,0.0,0.0,1.0,1.0,0.0,1.0,1.0,3420,342,342,342.0,342.0,0.502162313,0
8.0,17,64.0,3.308589601,0.0,0.0,0.0,0,0,0,0.0,0.0,1.0,1.0,0.0,1.0,1.0,3420,342,342,342.0,342.0,0.40238049,0
8.0,17,64.0,2.487001556,0.0,0.0,0.0,0,0,0,0.0,0.0,1.0,1.0,0.0,1.0,1.0,3420,342,342,342.0,342.0,0.402339602,0
6.4,17,55.7,9.323174166,0.0,0.0,0.0,0,0,0,0.0,0.0,0.8,0.5,0.2,0.8,0.8,2104,42,342,210.4,210.4,0.107489419,0
6.4,17,48.0,3.681077177,0.0,0.0,0.0,0,0,0,0.0,0.0,0.8,0.4,0.2,0.8,0.8,1812,42,342,181.2,181.2,0.300825,0
6.4,17,51.2,4.194928205,0.0,0.0,0.0,0,0,0,0.0,0.0,0.8,0.8,0.2,0.8,0.8,2820,42,342,282.0,282.0,0.287690997,0
8.0,17,64.0,1.660828319,0.0,0.0,0.0,0,0,0,0.0,0.0,1.0,1.0,0.0,1.0,1.0,3420,342,342,342.0,342.0,0.602205706,0
8.0,17,64.0,1.991478476,0.0,0.0,0.0,0,0,0,0.0,0.0,1.0,1.0,0.0,1.0,1.0,3420,342,342,342.0,342.0,0.602632189,0
8.0,17,64.0,2.489438607,0.0,0.0,0.0,0,0,0,0.0,0.0,1.0,1.0,0.0,1.0,1.0,3420,342,342,342.0,342.0,0.401905584,0
8.0,17,64.0,1.991289287,0.0,0.0,0.0,0,0,0,0.0,0.0,1.0,1.0,0.0,1.0,1.0,3420,342,342,342.0,342.0,0.502221107,0
7.2,17,57.6,2.968142827,0.0,0.0,0.0,0,0,0,0.0,0.0,0.9,0.9,0.1,0.9,0.9,3120,42,342,312.0,312.0,0.437284899,0
8.0,17,64.0,1.992734127,0.0,0.0,0.0,0,0,0,0.0,0.0,1.0,1.0,0.0,1.0,1.0,3420,342,342,342.0,342.0,0.50184691,0
8.0,17,64.0,2.487388862,0.0,0.0,0.0,0,0,0,0.0,0.0,1.0,1.0,0.0,1.0,1.0,3420,342,342,342.0,342.0,0.402056408,0
8.0,17,64.0,3.315762017,0.0,0.0,0.0,0,0,0,0.0,0.0,1.0,1.0,0.0,1.0,1.0,3420,342,342,342.0,342.0,0.301624393,0
7.2,17,57.6,2.487795472,0.0,0.0,0.0,0,0,0,0.0,0.0,0.9,0.9,0.1,0.9,0.9,3120,42,342,312.0,312.0,0.401962709,0
7.2,17,57.6,1.990739508,0.0,0.0,0.0,0,0,0,0.0,0.0,0.9,0.9,0.1,0.9,0.9,3120,42,342,312.0,312.0,0.592702007,0
6.4,17,51.2,2.88845113,0.0,0.0,0.0,0,0,0,0.0,0.0,0.8,0.8,0.2,0.8,0.8,2820,42,342,282.0,282.0,0.346238804,0
7.2,17,57.6,1.691415776,0.0,0.0,0.0,0,0,0,0.0,0.0,0.9,0.9,0.1,0.9,0.9,3120,42,342,312.0,312.0,0.602533698,0
8.0,17,64.0,1.991066106,0.0,0.0,0.0,0,0,0,0.0,0.0,1.0,1.0,0.0,1.0,1.0,3420,342,342,342.0,342.0,0.602754116,0
8.0,17,64.0,2.48772376,0.0,0.0,0.0,0,0,0,0.0,0.0,1.0,1.0,0.0,1.0,1.0,3420,342,342,342.0,342.0,0.402227998,0
7.2,17,57.6,2.186769875,0.0,0.0,0.0,0,0,0,0.0,0.0,0.9,0.9,0.1,0.9,0.9,3120,42,342,312.0,312.0,0.457504702,0
8.0,17,64.0,2.488431324,0.0,0.0,0.0,0,0,0,0.0,0.0,1.0,1.0,0.0,1.0,1.0,3420,342,342,342.0,342.0,0.401952696,0
7.2,17,57.6,3.312596487,0.0,0.0,0.0,0,0,0,0.0,0.0,0.9,0.9,0.1,0.9,0.9,3120,42,342,312.0,312.0,0.302089596,0
7.2,17,57.6,1.902316808,0.0,0.0,0.0,0,0,0,0.0,0.0,0.9,0.9,0.1,0.9,0.9,3120,42,342,312.0,312.0,0.525756598,0
8.0,17,64.0,2.486501451,0.0,0.0,0.0,0,0,0,0.0,0.0,1.0,1.0,0.0,1.0,1.0,3420,342,342,342.0,342.0,0.602463198,0
8.0,17,64.0,3.317033281,0.0,0.0,0.0,0,0,0,0.0,0.0,1.0,1.0,0.0,1.0,1.0,3420,342,342,342.0,342.0,0.301507902,0
8.0,17,64.0,2.008104321,0.0,0.0,0.0,0,0,0,0.0,0.0,1.0,1.0,0.0,1.0,1.0,3420,342,342,342.0,342.0,0.598296118,0
7.2,17,57.6,2.397544416,0.0,0.0,0.0,0,0,0,0.0,0.0,0.9,0.9,0.1,0.9,0.9,3120,42,342,312.0,312.0,0.4172328,0
8.0,17,60.1,3.597603658,0.0,0.0,0.0,0,0,0,0.0,0.0,1.0,0.5,0.0,1.0,1.0,2160,90,342,216.0,216.0,0.279626799,0
8.0,17,64.0,3.318401871,0.0,0.0,0.0,0,0,0,0.0,0.0,1.0,1.0,0.0,1.0,1.0,3420,342,342,342.0,342.0,0.301499796,0
8.0,17,64.0,1.990508894,0.0,0.0,0.0,0,0,0,0.0,0.0,1.0,1.0,0.0,1.0,1.0,3420,342,342,342.0,342.0,0.50238409,0
8.0,17,64.0,1.99114333,0.0,0.0,0.0,0,0,0,0.0,0.0,1.0,1.0,0.0,1.0,1.0,3420,342,342,342.0,342.0,0.502312803,0
8.0,17,64.0,1.659945509,0.0,0.0,0.0,0,0,0,0.0,0.0,1.0,1.0,0.0,1.0,1.0,3420,342,342,342.0,342.0,0.602526498,0
8.0,17,64.0,1.990761618,0.0,0.0,0.0,0,0,0,0.0,0.0,1.0,1.0,0.0,1.0,1.0,3420,342,342,342.0,342.0,0.502406001,0
8.0,17,64.0,3.313936804,0.0,0.0,0.0,0,0,0,0.0,0.0,1.0,1.0,0.0,1.0,1.0,3420,342,342,342.0,342.0,0.301786089,0
8.0,17,64.0,1.991025654,0.0,0.0,0.0,0,0,0,0.0,0.0,1.0,1.0,0.0,1.0,1.0,3420,342,342,342.0,342.0,0.502287817,0
8.0,17,64.0,1.660312624,0.0,0.0,0.0,0,0,0,0.0,0.0,1.0,1.0,0.0,1.0,1.0,3420,342,342,342.0,342.0,0.602565503,0
8.0,17,64.0,1.991967264,0.0,0.0,0.0,0,0,0,0.0,0.0,1.0,1.0,0.0,1.0,1.0,3420,342,342,342.0,342.0,0.602449989,0
7.2,17,57.6,2.038287976,0.0,0.0,0.0,0,0,0,0.0,0.0,0.9,0.9,0.1,0.9,0.9,3120,42,342,312.0,312.0,0.490768695,0
6.4,17,51.2,3.315936863,0.0,0.0,0.0,0,0,0,0.0,0.0,0.8,0.8,0.2,0.8,0.8,2820,42,342,282.0,282.0,0.398193502,0
8.0,17,64.0,2.489011077,0.0,0.0,0.0,0,0,0,0.0,0.0,1.0,1.0,0.0,1.0,1.0,3420,342,342,342.0,342.0,0.502074385,0
8.0,17,64.0,1.857753604,0.0,0.0,0.0,0,0,0,0.0,0.0,1.0,1.0,0.0,1.0,1.0,3420,342,342,342.0,342.0,0.538319111,0
7.2,17,62.2,4.874933431,0.0,0.0,0.0,0,0,0,0.0,0.0,0.9,0.6,0.1,0.9,0.9,2404,42,342,240.4,240.4,0.205171108,0
7.2,17,57.6,1.887412868,0.0,0.0,0.0,0,0,0,0.0,0.0,0.9,0.9,0.1,0.9,0.9,3120,42,342,312.0,312.0,0.630126286,0
8.0,17,64.0,3.315484975,0.0,0.0,0.0,0,0,0,0.0,0.0,1.0,1.0,0.0,1.0,1.0,3420,342,342,342.0,342.0,0.401999092,0
7.2,17,57.6,2.491372895,0.0,0.0,0.0,0,0,0,0.0,0.0,0.9,0.9,0.1,0.9,0.9,3120,42,342,312.0,312.0,0.401393795,0
7.2,17,57.6,2.414868663,0.0,0.0,0.0,0,0,0,0.0,0.0,0.9,0.9,0.1,0.9,0.9,3120,42,342,312.0,312.0,0.414109993,0
8.0,17,64.0,1.990957417,0.0,0.0,0.0,0,0,0,0.0,0.0,1.0,1.0,0.0,1.0,1.0,3420,342,342,342.0,342.0,0.602637506,0
8.0,17,64.0,2.655979688,0.0,0.0,0.0,0,0,0,0.0,0.0,1.0,1.0,0.0,1.0,1.0,3420,342,342,342.0,342.0,0.476817799,0
5.6,17,57.6,2.184508871,0.0,0.0,0.0,0,0,0,0.0,0.0,0.7,0.7,0.1,0.9,0.9,2632,42,342,263.2,263.2,0.539468002,0
8.0,17,64.0,1.99164141,0.0,0.0,0.0,0,0,0,0.0,0.0,1.0,1.0,0.0,1.0,1.0,3420,342,342,342.0,342.0,0.502099013,0
8.0,17,64.0,2.554545864,0.0,0.0,0.0,0,0,0,0.0,0.0,1.0,1.0,0.0,1.0,1.0,3420,342,342,342.0,342.0,0.391645694,0
8.0,17,64.0,2.488279564,0.0,0.0,0.0,0,0,0,0.0,0.0,1.0,1.0,0.0,1.0,1.0,3420,342,342,342.0,342.0,0.502289295,0
8.0,17,64.0,3.316743962,0.0,0.0,0.0,0,0,0,0.0,0.0,1.0,1.0,0.0,1.0,1.0,3420,342,342,342.0,342.0,0.301535702,0
8.0,17,64.0,2.487158175,0.0,0.0,0.0,0,0,0,0.0,0.0,1.0,1.0,0.0,1.0,1.0,3420,342,342,342.0,342.0,0.402074003,0
8.0,17,64.0,2.488866778,0.0,0.0,0.0,0,0,0,0.0,0.0,1.0,1.0,0.0,1.0,1.0,3420,342,342,342.0,342.0,0.501996994,0
7.2,17,57.6,2.118669204,0.0,0.0,0.0,0,0,0,0.0,0.0,0.9,0.9,0.1,0.9,0.9,3120,42,342,312.0,312.0,0.497584295,0
7.2,17,57.6,3.316799042,0.0,0.0,0.0,0,0,0,0.0,0.0,0.9,0.9,0.1,0.9,0.9,3120,42,342,312.0,312.0,0.401841497,0
7.2,17,57.6,2.199825558,0.0,0.0,0.0,0,0,0,0.0,0.0,0.9,0.9,0.1,0.9,0.9,3120,42,342,312.0,312.0,0.454651403,0
8.0,17,64.0,3.312990278,0.0,0.0,0.0,0,0,0,0.0,0.0,1.0,1.0,0.0,1.0,1.0,3420,342,342,342.0,342.0,0.402342916,0
7.2,17,57.6,1.991264329,0.0,0.0,0.0,0,0,0,0.0,0.0,0.9,0.9,0.1,0.9,0.9,3120,42,342,312.0,312.0,0.502358007,0
7.2,17,57.6,1.887040597,0.0,0.0,0.0,0,0,0,0.0,0.0,0.9,0.9,0.1,0.9,0.9,3120,42,342,312.0,312.0,0.630218697,0
8.0,17,64.0,1.992723334,0.0,0.0,0.0,0,0,0,0.0,0.0,1.0,1.0,0.0,1.0,1.0,3420,342,342,342.0,342.0,0.501901197,0
6.4,17,51.2,3.140426489,0.0,0.0,0.0,0,0,0,0.0,0.0,0.8,0.8,0.2,0.8,0.8,2820,42,342,282.0,282.0,0.346730089,0
8.0,17,64.0,2.487624019,0.0,0.0,0.0,0,0,0,0.0,0.0,1.0,1.0,0.0,1.0,1.0,3420,342,342,342.0,342.0,0.50218091,0
8.0,17,64.0,1.661654333,0.0,0.0,0.0,0,0,0,0.0,0.0,1.0,1.0,0.0,1.0,1.0,3420,342,342,342.0,342.0,0.601931,0
6.4,17,51.2,3.452211449,0.0,0.0,0.0,0,0,0,0.0,0.0,0.8,0.8,0.2,0.8,0.8,2820,42,342,282.0,282.0,0.377053499,0
5.6,17,51.2,2.155339706,0.0,0.0,0.0,0,0,0,0.0,0.0,0.7,0.7,0.2,0.8,0.8,2576,42,342,257.6,257.6,0.475519896,0
8.0,17,64.0,1.99121952,0.0,0.0,0.0,0,0,0,0.0,0.0,1.0,1.0,0.0,1.0,1.0,3420,342,342,342.0,342.0,0.60259068,0
8.0,17,64.0,2.488459818,0.0,0.0,0.0,0,0,0,0.0,0.0,1.0,1.0,0.0,1.0,1.0,3420,342,342,342.0,342.0,0.401860595,0
8.0,17,64.0,1.991074802,0.0,0.0,0.0,0,0,0,0.0,0.0,1.0,1.0,0.0,1.0,1.0,3420,342,342,342.0,342.0,0.602696204,0
8.0,17,64.0,2.488508097,0.0,0.0,0.0,0,0,0,0.0,0.0,1.0,1.0,0.0,1.0,1.0,3420,342,342,342.0,342.0,0.401847982,0
8.0,17,64.0,1.991490391,0.0,0.0,0.0,0,0,0,0.0,0.0,1.0,1.0,0.0,1.0,1.0,3420,342,342,342.0,342.0,0.502232695,0
8.0,17,64.0,3.315472919,0.0,0.0,0.0,0,0,0,0.0,0.0,1.0,1.0,0.0,1.0,1.0,3420,342,342,342.0,342.0,0.402006602,0
8.0,17,64.0,1.660104307,0.0,0.0,0.0,0,0,0,0.0,0.0,1.0,1.0,0.0,1.0,1.0,3420,342,342,342.0,342.0,0.60238378,0
7.2,17,57.6,2.780210525,0.0,0.0,0.0,0,0,0,0.0,0.0,0.9,0.9,0.1,0.9,0.9,3120,42,342,312.0,312.0,0.359689403,0
8.0,17,64.0,2.488597277,0.0,0.0,0.0,0,0,0,0.0,0.0,1.0,1.0,0.0,1.0,1.0,3420,342,342,342.0,342.0,0.401833296,0
8.0,17,62.6,3.316938847,0.0,0.0,0.0,0,0,0,0.0,0.0,1.0,0.8,0.0,1.0,1.0,2916,90,342,291.6,291.6,0.401957393,0
8.0,17,64.0,2.488289454,0.0,0.0,0.0,0,0,0,0.0,0.0,1.0,1.0,0.0,1.0,1.0,3420,342,342,342.0,342.0,0.502224994,0
7.2,17,57.6,3.314976093,0.0,0.0,0.0,0,0,0,0.0,0.0,0.9,0.9,0.1,0.9,0.9,3120,42,342,312.0,312.0,0.395329714,0
8.0,17,64.0,2.489417478,0.0,0.0,0.0,0,0,0,0.0,0.0,1.0,1.0,0.0,1.0,1.0,3420,342,342,342.0,342.0,0.401725101,0
8.0,17,64.0,1.991264329,0.0,0.0,0.0,0,0,0,0.0,0.0,1.0,1.0,0.0,1.0,1.0,3420,342,342,342.0,342.0,0.602838302,0
8.0,17,64.0,1.66119464,0.0,0.0,0.0,0,0,0,0.0,0.0,1.0,1.0,0.0,1.0,1.0,3420,342,342,342.0,342.0,0.603396821,0
8.0,17,64.0,2.486351106,0.0,0.0,0.0,0,0,0,0.0,0.0,1.0,1.0,0.0,1.0,1.0,3420,342,342,342.0,342.0,0.40221262,0
8.0,17,64.0,1.990939272,0.0,0.0,0.0,0,0,0,0.0,0.0,1.0,1.0,0.0,1.0,1.0,3420,342,342,342.0,342.0,0.50238409,0
8.0,17,64.0,1.989953503,0.0,0.0,0.0,0,0,0,0.0,0.0,1.0,1.0,0.0,1.0,1.0,3420,342,342,342.0,342.0,0.502599907,0
8.0,17,64.0,1.990962237,0.0,0.0,0.0,0,0,0,0.0,0.0,1.0,1.0,0.0,1.0,1.0,3420,342,342,342.0,342.0,0.502269697,0
8.0,17,64.0,2.488225094,0.0,0.0,0.0,0,0,0,0.0,0.0,1.0,1.0,0.0,1.0,1.0,3420,342,342,342.0,342.0,0.502226996,0
7.2,17,57.6,1.6609469,0.0,0.0,0.0,0,0,0,0.0,0.0,0.9,0.9,0.1,0.9,0.9,3120,42,342,312.0,312.0,0.602276087,0
8.0,17,64.0,2.205125647,0.0,0.0,0.0,0,0,0,0.0,0.0,1.0,1.0,0.0,1.0,1.0,3420,342,342,342.0,342.0,0.4536201,0
8.0,17,64.0,2.488605842,0.0,0.0,0.0,0,0,0,0.0,0.0,1.0,1.0,0.0,1.0,1.0,3420,342,342,342.0,342.0,0.402026105,0
8.0,17,64.0,3.314691586,0.0,0.0,0.0,0,0,0,0.0,0.0,1.0,1.0,0.0,1.0,1.0,3420,342,342,342.0,342.0,0.401957297,0
8.0,17,64.0,1.99185649,0.0,0.0,0.0,0,0,0,0.0,0.0,1.0,1.0,0.0,1.0,1.0,3420,342,342,342.0,342.0,0.502163196,0
7.2,17,57.6,2.031120476,0.0,0.0,0.0,0,0,0,0.0,0.0,0.9,0.9,0.1,0.9,0.9,3120,42,342,312.0,312.0,0.492412496,0
8.0,17,64.0,1.99362912,0.0,0.0,0.0,0,0,0,0.0,0.0,1.0,1.0,0.0,1.0,1.0,3420,342,342,342.0,342.0,0.60199101,0
7.2,17,57.6,3.189097817,0.0,0.0,0.0,0,0,0,0.0,0.0,0.9,0.9,0.1,0.9,0.9,3120,42,342,312.0,312.0,0.313641119,0
5.6,17,43.8,4.979588609,0.0,0.0,0.0,0,0,0,0.0,0.0,0.7,0.5,0.3,0.7,0.7,2016,42,342,201.6,201.6,0.204292393,0
8.0,17,64.0,1.991018943,0.0,0.0,0.0,0,0,0,0.0,0.0,1.0,1.0,0.0,1.0,1.0,3420,342,342,342.0,342.0,0.502322912,0
7.2,17,55.6,3.457681874,0.0,0.0,0.0,0,0,0,0.0,0.0,0.9,0.5,0.1,0.9,0.9,2112,42,342,211.2,211.2,0.289298201,0
6.4,17,51.2,3.317706807,0.0,0.0,0.0,0,0,0,0.0,0.0,0.8,0.8,0.2,0.8,0.8,2820,42,342,282.0,282.0,0.345402002,0
8.0,17,64.0,2.489211823,0.0,0.0,0.0,0,0,0,0.0,0.0,1.0,1.0,0.0,1.0,1.0,3420,342,342,342.0,342.0,0.502104402,0
8.0,17,64.0,2.820091663,0.0,0.0,0.0,0,0,0,0.0,0.0,1.0,1.0,0.0,1.0,1.0,3420,342,342,342.0,342.0,0.354598713,0
8.0,17,62.0,3.319867763,0.0,0.0,0.0,0,0,0,0.0,0.0,1.0,0.6,0.0,1.0,1.0,2412,90,342,241.2,241.2,0.401541305,0
8.0,17,64.0,3.314211231,0.0,0.0,0.0,0,0,0,0.0,0.0,1.0,1.0,0.0,1.0,1.0,3420,342,342,342.0,342.0,0.401958704,0
8.0,17,64.0,4.953217102,0.0,0.0,0.0,0,0,0,0.0,0.0,1.0,1.0,0.0,1.0,1.0,1710,342,342,342.0,342.0,0.402674437,0
4.0,17,57.6,4.979865893,0.0,0.0,0.0,0,0,0,0.0,0.0,0.5,0.5,0.1,0.9,0.9,2144,42,342,214.4,214.4,0.290083003,0
8.0,17,64.0,2.486534176,0.0,0.0,0.0,0,0,0,0.0,0.0,1.0,1.0,0.0,1.0,1.0,3420,342,342,342.0,342.0,0.502835894,0
7.2,17,57.6,2.028986867,0.0,0.0,0.0,0,0,0,0.0,0.0,0.9,0.9,0.1,0.9,0.9,3120,42,342,312.0,312.0,0.502087808,0
7.2,17,57.6,2.679633089,0.0,0.0,0.0,0,0,0,0.0,0.0,0.9,0.9,0.1,0.9,0.9,3120,42,342,312.0,312.0,0.373258519,0
8.0,17,64.0,1.991396783,0.0,0.0,0.0,0,0,0,0.0,0.0,1.0,1.0,0.0,1.0,1.0,3420,342,342,342.0,342.0,0.502484012,0
8.0,17,64.0,1.33039013,0.0,0.0,0.0,0,0,0,0.0,0.0,1.0,1.0,0.0,1.0,1.0,1368,342,342,342.0,342.0,1.002554715,0
8.0,17,64.0,3.314877322,0.0,0.0,0.0,0,0,0,0.0,0.0,1.0,1.0,0.0,1.0,1.0,3420,342,342,342.0,342.0,0.40206759,0
8.0,17,64.0,1.990923773,0.0,0.0,0.0,0,0,0,0.0,0.0,1.0,1.0,0.0,1.0,1.0,3420,342,342,342.0,342.0,0.502403808,0
3.2,1,73.6,8.624510794,0.0,0.0,0.0,0,0,0,0.0,0.0,0.4,0.4,0.0,1.0,1.0,1956,98,342,195.6,195.6,0.200966215,0
8.0,17,64.0,1.992312909,0.0,0.0,0.0,0,0,0,0.0,0.0,1.0,1.0,0.0,1.0,1.0,3420,342,342,342.0,342.0,0.602218103,0
8.0,17,64.0,3.313387826,0.0,0.0,0.0,0,0,0,0.0,0.0,1.0,1.0,0.0,1.0,1.0,3420,342,342,342.0,342.0,0.301814413,0
8.0,17,64.0,2.48621581,0.0,0.0,0.0,0,0,0,0.0,0.0,1.0,1.0,0.0,1.0,1.0,3420,342,342,342.0,342.0,0.602680588,0
6.4,17,51.2,3.337990849,0.0,0.0,0.0,0,0,0,0.0,0.0,0.8,0.8,0.2,0.8,0.8,2820,42,342,282.0,282.0,0.299758506,0
7.2,17,57.6,1.991322565,0.0,0.0,0.0,0,0,0,0.0,0.0,0.9,0.9,0.1,0.9,0.9,3120,42,342,312.0,312.0,0.502192116,0
5.333333333,17,42.66666667,3.410333503,0.0,0.0,0.0,0,0,0,0.0,0.0,0.666666667,0.666666667,0.333333333,0.666666667,0.666666667,2178,42,342,242.0,242.0,0.293314563,0
7.2,17,57.6,2.42264026,0.0,0.0,0.0,0,0,0,0.0,0.0,0.9,0.9,0.1,0.9,0.9,3120,42,342,312.0,312.0,0.412807584,0
8.0,17,64.0,1.991218669,0.0,0.0,0.0,0,0,0,0.0,0.0,1.0,1.0,0.0,1.0,1.0,3420,342,342,342.0,342.0,0.602593803,0
8.0,17,64.0,2.488444906,0.0,0.0,0.0,0,0,0,0.0,0.0,1.0,1.0,0.0,1.0,1.0,3420,342,342,342.0,342.0,0.502215409,0
7.2,17,57.6,1.810281802,0.0,0.0,0.0,0,0,0,0.0,0.0,0.9,0.9,0.1,0.9,0.9,3120,42,342,312.0,312.0,0.652734685,0
8.0,17,64.0,3.316639578,0.0,0.0,0.0,0,0,0,0.0,0.0,1.0,1.0,0.0,1.0,1.0,3420,342,342,342.0,342.0,0.301573706,0
8.0,17,64.0,1.990221197,0.0,0.0,0.0,0,0,0,0.0,0.0,1.0,1.0,0.0,1.0,1.0,3420,342,342,342.0,342.0,0.502689195,0
8.0,17,64.0,3.317769791,0.0,0.0,0.0,0,0,0,0.0,0.0,1.0,1.0,0.0,1.0,1.0,3420,342,342,342.0,342.0,0.401709008,0
8.0,17,64.0,2.873744926,0.0,0.0,0.0,0,0,0,0.0,0.0,1.0,1.0,0.0,1.0,1.0,3420,342,342,342.0,342.0,0.44840579,0
8.0,17,64.0,1.990441165,0.0,0.0,0.0,0,0,0,0.0,0.0,1.0,1.0,0.0,1.0,1.0,3420,342,342,342.0,342.0,0.5024019,0
8.0,17,64.0,1.990007414,0.0,0.0,0.0,0,0,0,0.0,0.0,1.0,1.0,0.0,1.0,1.0,3420,342,342,342.0,342.0,0.502516794,0
8.0,17,64.0,1.991096636,0.0,0.0,0.0,0,0,0,0.0,0.0,1.0,1.0,0.0,1.0,1.0,3420,342,342,342.0,342.0,0.502248502,0
8.0,17,64.0,1.992844809,0.0,0.0,0.0,0,0,0,0.0,0.0,1.0,1.0,0.0,1.0,1.0,3420,342,342,342.0,342.0,0.601999617,0
7.2,17,57.6,3.346351831,0.0,0.0,0.0,0,0,0,0.0,0.0,0.9,0.9,0.1,0.9,0.9,3120,42,342,312.0,312.0,0.399213195,0
8.0,17,64.0,2.489227926,0.0,0.0,0.0,0,0,0,0.0,0.0,1.0,1.0,0.0,1.0,1.0,3420,342,342,342.0,342.0,0.401792693,0
8.0,17,64.0,3.320050926,0.0,0.0,0.0,0,0,0,0.0,0.0,1.0,1.0,0.0,1.0,1.0,3420,342,342,342.0,342.0,0.301416516,0
7.2,17,57.6,2.899994835,0.0,0.0,0.0,0,0,0,0.0,0.0,0.9,0.9,0.1,0.9,0.9,3120,42,342,312.0,312.0,0.345012021,0
8.0,17,64.0,1.993077291,0.0,0.0,0.0,0,0,0,0.0,0.0,1.0,1.0,0.0,1.0,1.0,3420,342,342,342.0,342.0,0.501839805,0
6.4,17,51.2,2.004215716,0.0,0.0,0.0,0,0,0,0.0,0.0,0.8,0.8,0.2,0.8,0.8,2820,42,342,282.0,282.0,0.506020689,0
8.0,17,64.0,2.487785585,0.0,0.0,0.0,0,0,0,0.0,0.0,1.0,1.0,0.0,1.0,1.0,3420,342,342,342.0,342.0,0.502378297,0
7.2,17,57.6,1.61579814,0.0,0.0,0.0,0,0,0,0.0,0.0,0.9,0.9,0.1,0.9,0.9,3120,42,342,312.0,312.0,0.618929005,0
8.0,17,64.0,2.488478273,0.0,0.0,0.0,0,0,0,0.0,0.0,1.0,1.0,0.0,1.0,1.0,3420,342,342,342.0,342.0,0.50220921,0
9.6,0,38.4,4.985611835,0.0,0.2,0.1,1,0,2,0.0,0.3,0.3,0.3,0.4,0.6,0.6,1466,42,342,146.6,146.6,0.200583196,0
8.0,17,64.0,2.487920462,0.0,0.0,0.0,0,0,0,0.0,0.0,1.0,1.0,0.0,1.0,1.0,3420,342,342,342.0,342.0,0.402055502,0
8.0,17,64.0,inf,0.0,0.0,0.0,0,0,0,0.0,0.0,1.0,1.0,0.0,1.0,1.0,342,342,342,342.0,342.0,0.000696898,0
8.0,17,64.0,2.238572579,0.0,0.0,0.0,0,0,0,0.0,0.0,1.0,1.0,0.0,1.0,1.0,3078,342,342,342.0,342.0,0.446788549,0
7.2,17,57.6,2.211773746,0.0,0.0,0.0,0,0,0,0.0,0.0,0.9,0.9,0.1,0.9,0.9,3120,42,342,312.0,312.0,0.552412701,0
8.0,17,64.0,2.489809824,0.0,0.0,0.0,0,0,0,0.0,0.0,1.0,1.0,0.0,1.0,1.0,3420,342,342,342.0,342.0,0.502040195,0
8.0,17,64.0,2.487484306,0.0,0.0,0.0,0,0,0,0.0,0.0,1.0,1.0,0.0,1.0,1.0,3420,342,342,342.0,342.0,0.402048802,0
8.0,17,64.0,1.991586371,0.0,0.0,0.0,0,0,0,0.0,0.0,1.0,1.0,0.0,1.0,1.0,3420,342,342,342.0,342.0,0.602435398,0
8.0,17,64.0,2.487627707,0.0,0.0,0.0,0,0,0,0.0,0.0,1.0,1.0,0.0,1.0,1.0,3420,342,342,342.0,342.0,0.502519703,0
7.2,17,57.6,1.811247646,0.0,0.0,0.0,0,0,0,0.0,0.0,0.9,0.9,0.1,0.9,0.9,3120,42,342,312.0,312.0,0.652433014,0
8.0,17,64.0,3.315953379,0.0,0.0,0.0,0,0,0,0.0,0.0,1.0,1.0,0.0,1.0,1.0,3420,342,342,342.0,342.0,0.501939607,0
6.4,17,51.2,3.31800863,0.0,0.0,0.0,0,0,0,0.0,0.0,0.8,0.8,0.2,0.8,0.8,2820,42,342,282.0,282.0,0.301477504,0
8.0,17,64.0,1.993237361,0.0,0.0,0.0,0,0,0,0.0,0.0,1.0,1.0,0.0,1.0,1.0,3420,342,342,342.0,342.0,0.602019811,0
6.4,17,51.2,2.488328574,0.0,0.0,0.0,0,0,0,0.0,0.0,0.8,0.8,0.2,0.8,0.8,2820,42,342,282.0,282.0,0.401879406,0
8.0,17,64.0,1.991476869,0.0,0.0,0.0,0,0,0,0.0,0.0,1.0,1.0,0.0,1.0,1.0,3420,342,342,342.0,342.0,0.502258086,0
8.0,17,64.0,2.491198581,0.0,0.0,0.0,0,0,0,0.0,0.0,1.0,1.0,0.0,1.0,1.0,1710,342,342,342.0,342.0,0.401753807,0
7.2,17,57.6,2.057388341,0.0,0.0,0.0,0,0,0,0.0,0.0,0.9,0.9,0.1,0.9,0.9,3120,42,342,312.0,312.0,0.586580706,0
8.0,17,64.0,2.4881538,0.0,0.0,0.0,0,0,0,0.0,0.0,1.0,1.0,0.0,1.0,1.0,3420,342,342,342.0,342.0,0.401991606,0
8.0,17,60.6,3.307224919,0.0,0.0,0.0,0,0,0,0.0,0.0,1.0,0.5,0.0,1.0,1.0,2160,90,342,216.0,216.0,0.302759314,0
6.4,17,47.8,4.87085901,0.0,0.0,0.0,0,0,0,0.0,0.0,0.8,0.3,0.2,0.8,0.8,1560,42,342,156.0,156.0,0.206883597,0
8.0,17,64.0,2.488587385,0.0,0.0,0.0,0,0,0,0.0,0.0,1.0,1.0,0.0,1.0,1.0,3420,342,342,342.0,342.0,0.402084804,0
7.2,17,57.6,2.519757395,0.0,0.0,0.0,0,0,0,0.0,0.0,0.9,0.9,0.1,0.9,0.9,3120,42,342,312.0,312.0,0.396863604,0
8.0,17,64.0,2.488162065,0.0,0.0,0.0,0,0,0,0.0,0.0,1.0,1.0,0.0,1.0,1.0,3420,342,342,342.0,342.0,0.40190959,0
8.0,17,64.0,2.487820262,0.0,0.0,0.0,0,0,0,0.0,0.0,1.0,1.0,0.0,1.0,1.0,3420,342,342,342.0,342.0,0.402006388,0
8.0,17,64.0,1.990942391,0.0,0.0,0.0,0,0,0,0.0,0.0,1.0,1.0,0.0,1.0,1.0,3420,342,342,342.0,342.0,0.502410388,0
5.6,17,43.8,5.114663069,0.0,0.0,0.0,0,0,0,0.0,0.0,0.7,0.6,0.3,0.7,0.7,2268,42,342,226.8,226.8,0.295802402,0
8.0,17,64.0,141.7760952,0.0,0.0,0.0,0,0,0,0.0,0.0,1.0,1.0,0.0,1.0,1.0,1026,342,342,342.0,342.0,0.007434368,0
8.0,17,64.0,1.663439838,0.0,0.0,0.0,0,0,0,0.0,0.0,1.0,1.0,0.0,1.0,1.0,3420,342,342,342.0,342.0,0.620124006,0
6.4,17,49.4,1.987433451,0.0,0.0,0.0,0,0,0,0.0,0.0,0.8,0.4,0.2,0.8,0.8,1812,42,342,181.2,181.2,0.507584906,0
8.0,17,64.0,2.488088266,0.0,0.0,0.0,0,0,0,0.0,0.0,1.0,1.0,0.0,1.0,1.0,3420,342,342,342.0,342.0,0.401915884,0
7.2,17,57.6,2.471805252,0.0,0.0,0.0,0,0,0,0.0,0.0,0.9,0.9,0.1,0.9,0.9,3120,42,342,312.0,312.0,0.404573321,0
8.0,17,64.0,1.99114144,0.0,0.0,0.0,0,0,0,0.0,0.0,1.0,1.0,0.0,1.0,1.0,3420,342,342,342.0,342.0,0.602536798,0
7.2,17,57.6,2.089677641,0.0,0.0,0.0,0,0,0,0.0,0.0,0.9,0.9,0.1,0.9,0.9,3120,42,342,312.0,312.0,0.579273605,0
8.0,17,64.0,1.991685104,0.0,0.0,0.0,0,0,0,0.0,0.0,1.0,1.0,0.0,1.0,1.0,3420,342,342,342.0,342.0,0.502087688,0
7.2,17,57.6,3.311800034,0.0,0.0,0.0,0,0,0,0.0,0.0,0.9,0.9,0.1,0.9,0.9,3120,42,342,312.0,312.0,0.402230096,0
8.0,17,91.28571429,3.480697801,0.0,0.0,0.0,0,0,0,0.0,0.0,1.0,0.857142857,0.0,1.0,1.0,2139,87,342,305.5714286,305.5714286,0.287302153,0
8.0,17,64.0,2.487403171,0.0,0.0,0.0,0,0,0,0.0,0.0,1.0,1.0,0.0,1.0,1.0,3420,342,342,342.0,342.0,0.502266002,0
8.0,17,64.0,3.317384572,0.0,0.0,0.0,0,0,0,0.0,0.0,1.0,1.0,0.0,1.0,1.0,3420,342,342,342.0,342.0,0.401908684,0
8.0,17,64.0,1.424364042,0.0,0.0,0.0,0,0,0,0.0,0.0,1.0,1.0,0.0,1.0,1.0,3420,342,342,342.0,342.0,0.902686095,0
8.0,17,64.0,3.317733312,0.0,0.0,0.0,0,0,0,0.0,0.0,1.0,1.0,0.0,1.0,1.0,3420,342,342,342.0,342.0,0.301410604,0
8.0,17,64.0,2.488082214,0.0,0.0,0.0,0,0,0,0.0,0.0,1.0,1.0,0.0,1.0,1.0,3420,342,342,342.0,342.0,0.502206278,0
7.2,17,57.6,1.917649639,0.0,0.0,0.0,0,0,0,0.0,0.0,0.9,0.9,0.1,0.9,0.9,3120,42,342,312.0,312.0,0.621874905,0
8.0,17,64.0,2.488571881,0.0,0.0,0.0,0,0,0,0.0,0.0,1.0,1.0,0.0,1.0,1.0,3420,342,342,342.0,342.0,0.401854587,0
8.0,17,64.0,3.316285561,0.0,0.0,0.0,0,0,0,0.0,0.0,1.0,1.0,0.0,1.0,1.0,3420,342,342,342.0,342.0,0.388729095,0
8.0,17,64.0,1.659827662,0.0,0.0,0.0,0,0,0,0.0,0.0,1.0,1.0,0.0,1.0,1.0,3420,342,342,342.0,342.0,0.602546096,0
8.0,17,64.0,1.992648259,0.0,0.0,0.0,0,0,0,0.0,0.0,1.0,1.0,0.0,1.0,1.0,3420,342,342,342.0,342.0,0.501954198,0
8.0,17,64.0,1.99260708,0.0,0.0,0.0,0,0,0,0.0,0.0,1.0,1.0,0.0,1.0,1.0,3420,342,342,342.0,342.0,0.502022386,0
8.0,17,64.0,2.987131481,0.0,0.0,0.0,0,0,0,0.0,0.0,1.0,1.0,0.0,1.0,1.0,1026,342,342,342.0,342.0,0.335327705,0
8.0,17,64.0,1.992601873,0.0,0.0,0.0,0,0,0,0.0,0.0,1.0,1.0,0.0,1.0,1.0,3420,342,342,342.0,342.0,0.602158189,0
8.0,17,64.0,1.660824702,0.0,0.0,0.0,0,0,0,0.0,0.0,1.0,1.0,0.0,1.0,1.0,3420,342,342,342.0,342.0,0.6021842,0
8.0,17,64.0,1.991474127,0.0,0.0,0.0,0,0,0,0.0,0.0,1.0,1.0,0.0,1.0,1.0,3420,342,342,342.0,342.0,0.502294397,0
8.0,17,64.0,1.990608748,0.0,0.0,0.0,0,0,0,0.0,0.0,1.0,1.0,0.0,1.0,1.0,3420,342,342,342.0,342.0,0.602702403,0
4.8,17,57.6,4.817962784,0.0,0.0,0.0,0,0,0,0.0,0.0,0.6,0.6,0.1,0.9,0.9,2388,42,342,238.8,238.8,0.207557988,0
8.0,17,64.0,3.318445453,0.0,0.0,0.0,0,0,0,0.0,0.0,1.0,1.0,0.0,1.0,1.0,3420,342,342,342.0,342.0,0.301464105,0
8.0,17,64.0,2.489425014,0.0,0.0,0.0,0,0,0,0.0,0.0,1.0,1.0,0.0,1.0,1.0,3420,342,342,342.0,342.0,0.502152801,0
8.0,17,64.0,inf,0.0,0.0,0.0,0,0,0,0.0,0.0,1.0,1.0,0.0,1.0,1.0,342,342,342,342.0,342.0,0.001006126,0
7.2,17,57.6,2.90318403,0.0,0.0,0.0,0,0,0,0.0,0.0,0.9,0.9,0.1,0.9,0.9,3120,42,342,312.0,312.0,0.444755602,0
8.0,17,64.0,3.317287494,0.0,0.0,0.0,0,0,0,0.0,0.0,1.0,1.0,0.0,1.0,1.0,3420,342,342,342.0,342.0,0.332927918,0
8.0,17,64.0,2.488247383,0.0,0.0,0.0,0,0,0,0.0,0.0,1.0,1.0,0.0,1.0,1.0,3420,342,342,342.0,342.0,0.502229309,0
8.0,17,64.0,2.487963849,0.0,0.0,0.0,0,0,0,0.0,0.0,1.0,1.0,0.0,1.0,1.0,3420,342,342,342.0,342.0,0.401941514,0
8.0,17,64.0,1.35006516,0.0,0.0,0.0,0,0,0,0.0,0.0,1.0,1.0,0.0,1.0,1.0,3420,342,342,342.0,342.0,0.840943193,0
8.0,17,64.0,3.300841992,0.0,0.0,0.0,0,0,0,0.0,0.0,1.0,1.0,0.0,1.0,1.0,3420,342,342,342.0,342.0,0.403299499,0
8.0,17,64.0,2.488303035,0.0,0.0,0.0,0,0,0,0.0,0.0,1.0,1.0,0.0,1.0,1.0,3420,342,342,342.0,342.0,0.602343106,0
7.2,17,57.6,2.659524389,0.0,0.0,0.0,0,0,0,0.0,0.0,0.9,0.9,0.1,0.9,0.9,3120,42,342,312.0,312.0,0.476333785,0
8.0,17,64.0,2.568635909,0.0,0.0,0.0,0,0,0,0.0,0.0,1.0,1.0,0.0,1.0,1.0,3420,342,342,342.0,342.0,0.489677095,0
8.0,17,69.4,2.672652703,0.0,0.0,0.0,0,0,0,0.0,0.0,1.0,0.8,0.0,1.0,1.0,2964,82,342,296.4,296.4,0.474568892,0
8.0,17,64.0,1.990840141,0.0,0.0,0.0,0,0,0,0.0,0.0,1.0,1.0,0.0,1.0,1.0,3420,342,342,342.0,342.0,0.502300501,0
8.0,17,64.0,3.969427028,0.0,0.0,0.0,0,0,0,0.0,0.0,1.0,1.0,0.0,1.0,1.0,1368,342,342,342.0,342.0,0.252009034,0
8.0,17,64.0,2.487302866,0.0,0.0,0.0,0,0,0,0.0,0.0,1.0,1.0,0.0,1.0,1.0,3420,342,342,342.0,342.0,0.40212791,0
8.0,17,64.0,2.483242437,0.0,0.0,0.0,0,0,0,0.0,0.0,1.0,1.0,0.0,1.0,1.0,3420,342,342,342.0,342.0,0.503044701,0
8.0,17,64.0,1.99121952,0.0,0.0,0.0,0,0,0,0.0,0.0,1.0,1.0,0.0,1.0,1.0,3420,342,342,342.0,342.0,0.502338815,0
8.0,17,64.0,2.487566479,0.0,0.0,0.0,0,0,0,0.0,0.0,1.0,1.0,0.0,1.0,1.0,3420,342,342,342.0,342.0,0.402109289,0
8.0,17,64.0,1.992662176,0.0,0.0,0.0,0,0,0,0.0,0.0,1.0,1.0,0.0,1.0,1.0,3420,342,342,342.0,342.0,0.602044296,0
7.2,17,57.6,2.488038085,0.0,0.0,0.0,0,0,0,0.0,0.0,0.9,0.9,0.1,0.9,0.9,3120,42,342,312.0,312.0,0.502321887,0
8.0,17,64.0,2.489791201,0.0,0.0,0.0,0,0,0,0.0,0.0,1.0,1.0,0.0,1.0,1.0,3420,342,342,342.0,342.0,0.401806092,0
6.4,17,51.2,3.323144627,0.0,0.0,0.0,0,0,0,0.0,0.0,0.8,0.8,0.2,0.8,0.8,2820,42,342,282.0,282.0,0.301008296,0
8.0,17,64.0,1.99103123,0.0,0.0,0.0,0,0,0,0.0,0.0,1.0,1.0,0.0,1.0,1.0,3420,342,342,342.0,342.0,0.50233829,0
8.0,17,64.0,1.991690211,0.0,0.0,0.0,0,0,0,0.0,0.0,1.0,1.0,0.0,1.0,1.0,3420,342,342,342.0,342.0,0.602420616,0
8.0,17,64.0,2.489358674,0.0,0.0,0.0,0,0,0,0.0,0.0,1.0,1.0,0.0,1.0,1.0,3420,342,342,342.0,342.0,0.502374601,0
6.4,17,51.2,3.318824617,0.0,0.0,0.0,0,0,0,0.0,0.0,0.8,0.8,0.2,0.8,0.8,2820,42,342,282.0,282.0,0.401681185,0
8.0,17,64.0,2.488501158,0.0,0.0,0.0,0,0,0,0.0,0.0,1.0,1.0,0.0,1.0,1.0,3420,342,342,342.0,342.0,0.502135515,0
8.0,17,64.0,2.488755131,0.0,0.0,0.0,0,0,0,0.0,0.0,1.0,1.0,0.0,1.0,1.0,3420,342,342,342.0,342.0,0.40181582,0
8.0,17,83.1,2.489737995,0.0,0.0,0.0,0,0,0,0.0,0.0,1.0,0.9,0.0,1.0,1.0,3165,87,342,316.5,316.5,0.401733994,0
8.0,17,64.0,1.991035956,0.0,0.0,0.0,0,0,0,0.0,0.0,1.0,1.0,0.0,1.0,1.0,3420,342,342,342.0,342.0,0.502252984,0
8.0,17,64.0,2.488367547,0.0,0.0,0.0,0,0,0,0.0,0.0,1.0,1.0,0.0,1.0,1.0,3420,342,342,342.0,342.0,0.401870394,0
7.2,17,64.0,2.494412511,0.0,0.0,0.0,0,0,0,0.0,0.0,0.9,0.9,0.0,1.0,1.0,3196,118,342,319.6,319.6,0.401395893,0
7.2,17,57.6,2.296173907,0.0,0.0,0.0,0,0,0,0.0,0.0,0.9,0.9,0.1,0.9,0.9,3120,42,342,312.0,312.0,0.435723591,0
8.0,17,64.0,2.486367761,0.0,0.0,0.0,0,0,0,0.0,0.0,1.0,1.0,0.0,1.0,1.0,3420,342,342,342.0,342.0,0.402193809,0
8.0,17,64.0,2.488368137,0.0,0.0,0.0,0,0,0,0.0,0.0,1.0,1.0,0.0,1.0,1.0,3420,342,342,342.0,342.0,0.502251005,0
8.0,17,64.0,1.990953826,0.0,0.0,0.0,0,0,0,0.0,0.0,1.0,1.0,0.0,1.0,1.0,3420,342,342,342.0,342.0,0.602700305,0
8.0,17,64.0,3.30875821,0.0,0.0,0.0,0,0,0,0.0,0.0,1.0,1.0,0.0,1.0,1.0,3420,342,342,342.0,342.0,0.302228189,0
8.0,17,64.0,2.490670017,0.0,0.0,0.0,0,0,0,0.0,0.0,1.0,1.0,0.0,1.0,1.0,3420,342,342,342.0,342.0,0.602072191,0
8.0,17,64.0,3.317247877,0.0,0.0,0.0,0,0,0,0.0,0.0,1.0,1.0,0.0,1.0,1.0,3420,342,342,342.0,342.0,0.3016711,0
6.4,17,51.2,3.315233135,0.0,0.0,0.0,0,0,0,0.0,0.0,0.8,0.8,0.2,0.8,0.8,2820,42,342,282.0,282.0,0.301663899,0
8.0,17,64.0,1.992641538,0.0,0.0,0.0,0,0,0,0.0,0.0,1.0,1.0,0.0,1.0,1.0,3420,342,342,342.0,342.0,0.602288413,0
8.0,17,64.0,3.317349413,0.0,0.0,0.0,0,0,0,0.0,0.0,1.0,1.0,0.0,1.0,1.0,3420,342,342,342.0,342.0,0.502009892,0
7.2,17,57.6,3.315347651,0.0,0.0,0.0,0,0,0,0.0,0.0,0.9,0.9,0.1,0.9,0.9,3120,42,342,312.0,312.0,0.336247087,0
8.0,17,64.0,2.488294325,0.0,0.0,0.0,0,0,0,0.0,0.0,1.0,1.0,0.0,1.0,1.0,3420,342,342,342.0,342.0,0.502261305,0
7.2,17,57.6,1.94926642,0.0,0.0,0.0,0,0,0,0.0,0.0,0.9,0.9,0.1,0.9,0.9,3120,42,342,312.0,312.0,0.613344097,0
8.0,17,64.0,2.49065079,0.0,0.0,0.0,0,0,0,0.0,0.0,1.0,1.0,0.0,1.0,1.0,3420,342,342,342.0,342.0,0.401736689,0
8.0,17,64.0,1.991393946,0.0,0.0,0.0,0,0,0,0.0,0.0,1.0,1.0,0.0,1.0,1.0,3420,342,342,342.0,342.0,0.598316598,0
8.0,17,64.0,1.992269188,0.0,0.0,0.0,0,0,0,0.0,0.0,1.0,1.0,0.0,1.0,1.0,3420,342,342,342.0,342.0,0.590045285,0
8.0,17,64.0,2.488222732,0.0,0.0,0.0,0,0,0,0.0,0.0,1.0,1.0,0.0,1.0,1.0,3420,342,342,342.0,342.0,0.498609281,0
8.0,17,64.0,2.653230007,0.0,0.0,0.0,0,0,0,0.0,0.0,1.0,1.0,0.0,1.0,1.0,3420,342,342,342.0,342.0,0.376899099,0
8.0,17,64.0,1.99150656,0.0,0.0,0.0,0,0,0,0.0,0.0,1.0,1.0,0.0,1.0,1.0,684,342,342,342.0,342.0,0.503196478,0
6.4,17,51.2,2.645361341,0.0,0.0,0.0,0,0,0,0.0,0.0,0.8,0.8,0.2,0.8,0.8,2820,42,342,282.0,282.0,0.402193213,0
8.0,17,64.0,2.488710682,0.0,0.0,0.0,0,0,0,0.0,0.0,1.0,1.0,0.0,1.0,1.0,3420,342,342,342.0,342.0,0.401814485,0
8.0,17,64.0,2.490405745,0.0,0.0,0.0,0,0,0,0.0,0.0,1.0,1.0,0.0,1.0,1.0,3420,342,342,342.0,342.0,0.4016155,0
7.2,17,57.6,3.039248535,0.0,0.0,0.0,0,0,0,0.0,0.0,0.9,0.9,0.1,0.9,0.9,3120,42,342,312.0,312.0,0.429163599,0
7.2,17,57.6,2.489105759,0.0,0.0,0.0,0,0,0,0.0,0.0,0.9,0.9,0.1,0.9,0.9,3120,42,342,312.0,312.0,0.401974797,0
7.2,17,57.6,3.31572899,0.0,0.0,0.0,0,0,0,0.0,0.0,0.9,0.9,0.1,0.9,0.9,3120,42,342,312.0,312.0,0.301898313,0
7.2,17,57.6,2.054276879,0.0,0.0,0.0,0,0,0,0.0,0.0,0.9,0.9,0.1,0.9,0.9,3120,42,342,312.0,312.0,0.5030653,0
7.2,17,57.6,2.861424449,0.0,0.0,0.0,0,0,0,0.0,0.0,0.9,0.9,0.1,0.9,0.9,3120,42,342,312.0,312.0,0.449845791,0
7.2,17,57.6,3.95432585,0.0,0.0,0.0,0,0,0,0.0,0.0,0.9,0.9,0.1,0.9,0.9,3120,42,342,312.0,312.0,0.353083706,0
8.0,17,62.7,2.497946074,0.0,0.0,0.0,0,0,0,0.0,0.0,1.0,0.8,0.0,1.0,1.0,2916,90,342,291.6,291.6,0.500594497,0
8.0,17,64.0,2.48560834,0.0,0.0,0.0,0,0,0,0.0,0.0,1.0,1.0,0.0,1.0,1.0,3420,342,342,342.0,342.0,0.402316189,0
8.0,17,64.0,2.741985031,0.0,0.0,0.0,0,0,0,0.0,0.0,1.0,1.0,0.0,1.0,1.0,3420,342,342,342.0,342.0,0.464993,0
8.0,17,64.0,3.316085247,0.0,0.0,0.0,0,0,0,0.0,0.0,1.0,1.0,0.0,1.0,1.0,3420,342,342,342.0,342.0,0.301753116,0
8.0,17,64.0,2.488516808,0.0,0.0,0.0,0,0,0,0.0,0.0,1.0,1.0,0.0,1.0,1.0,3420,342,342,342.0,342.0,0.50221169,0
8.0,17,63.0,2.490906978,0.0,0.0,0.0,0,0,0,0.0,0.0,1.0,0.8,0.0,1.0,1.0,2916,90,342,291.6,291.6,0.401540112,0
8.0,17,64.0,2.487444033,0.0,0.0,0.0,0,0,0,0.0,0.0,1.0,1.0,0.0,1.0,1.0,3420,342,342,342.0,342.0,0.502204394,0
8.0,17,64.0,1.991635925,0.0,0.0,0.0,0,0,0,0.0,0.0,1.0,1.0,0.0,1.0,1.0,3420,342,342,342.0,342.0,0.502104402,0
8.0,17,64.0,1.990004204,0.0,0.0,0.0,0,0,0,0.0,0.0,1.0,1.0,0.0,1.0,1.0,3420,342,342,342.0,342.0,0.502531409,0
7.2,17,57.1,4.91908377,0.0,0.0,0.0,0,0,0,0.0,0.0,0.9,0.6,0.1,0.9,0.9,2364,42,342,236.4,236.4,0.289328599,0
8.0,17,64.0,1.993163384,0.0,0.0,0.0,0,0,0,0.0,0.0,1.0,1.0,0.0,1.0,1.0,3420,342,342,342.0,342.0,0.602179098,0
8.0,17,64.0,1.991589114,0.0,0.0,0.0,0,0,0,0.0,0.0,1.0,1.0,0.0,1.0,1.0,3420,342,342,342.0,342.0,0.602381611,0
7.2,17,57.6,1.655432656,0.0,0.0,0.0,0,0,0,0.0,0.0,0.9,0.8,0.1,0.9,0.9,2868,42,342,286.8,286.8,0.704405189,0
7.2,17,57.6,3.312708466,0.0,0.0,0.0,0,0,0,0.0,0.0,0.9,0.9,0.1,0.9,0.9,3120,42,342,312.0,312.0,0.30187788,0
8.0,17,64.0,2.487740285,0.0,0.0,0.0,0,0,0,0.0,0.0,1.0,1.0,0.0,1.0,1.0,3420,342,342,342.0,342.0,0.502443004,0
8.0,17,64.0,1.993291828,0.0,0.0,0.0,0,0,0,0.0,0.0,1.0,1.0,0.0,1.0,1.0,3420,342,342,342.0,342.0,0.501739502,0
8.0,17,64.0,2.48920488,0.0,0.0,0.0,0,0,0,0.0,0.0,1.0,1.0,0.0,1.0,1.0,3420,342,342,342.0,342.0,0.412280297,0
8.0,17,64.0,2.489355424,0.0,0.0,0.0,0,0,0,0.0,0.0,1.0,1.0,0.0,1.0,1.0,3420,342,342,342.0,342.0,0.602157521,0
8.0,17,64.0,2.488085904,0.0,0.0,0.0,0,0,0,0.0,0.0,1.0,1.0,0.0,1.0,1.0,3420,342,342,342.0,342.0,0.401933289,0
8.0,17,64.0,1.991412194,0.0,0.0,0.0,0,0,0,0.0,0.0,1.0,1.0,0.0,1.0,1.0,3420,342,342,342.0,342.0,0.602374601,0
8.0,17,64.0,2.487846234,0.0,0.0,0.0,0,0,0,0.0,0.0,1.0,1.0,0.0,1.0,1.0,3420,342,342,342.0,342.0,0.502277803,0
8.0,17,73.8,2.059923113,0.0,0.0,0.0,0,0,0,0.0,0.0,1.0,0.8,0.0,1.0,1.0,3019,137,342,301.9,301.9,0.489345407,0
8.0,17,64.0,2.490171393,0.0,0.0,0.0,0,0,0,0.0,0.0,1.0,1.0,0.0,1.0,1.0,3420,342,342,342.0,342.0,0.401699996,0
8.0,17,64.0,2.653955097,0.0,0.0,0.0,0,0,0,0.0,0.0,1.0,1.0,0.0,1.0,1.0,2736,342,342,342.0,342.0,0.376887739,0
8.0,17,64.0,2.49040264,0.0,0.0,0.0,0,0,0,0.0,0.0,1.0,1.0,0.0,1.0,1.0,3420,342,342,342.0,342.0,0.401541901,0
7.2,17,57.6,2.033799354,0.0,0.0,0.0,0,0,0,0.0,0.0,0.9,0.9,0.1,0.9,0.9,3120,42,342,312.0,312.0,0.502545786,0
8.0,17,64.0,2.486996689,0.0,0.0,0.0,0,0,0,0.0,0.0,1.0,1.0,0.0,1.0,1.0,3420,342,342,342.0,342.0,0.502456403,0
8.0,17,64.0,2.487874714,0.0,0.0,0.0,0,0,0,0.0,0.0,1.0,1.0,0.0,1.0,1.0,3420,342,342,342.0,342.0,0.402069902,0
8.0,17,64.0,2.48852168,0.0,0.0,0.0,0,0,0,0.0,0.0,1.0,1.0,0.0,1.0,1.0,3420,342,342,342.0,342.0,0.502233195,0
8.0,17,64.0,3.320909724,0.0,0.0,0.0,0,0,0,0.0,0.0,1.0,1.0,0.0,1.0,1.0,3420,342,342,342.0,342.0,0.301358509,0
8.0,17,64.0,1.990502092,0.0,0.0,0.0,0,0,0,0.0,0.0,1.0,1.0,0.0,1.0,1.0,3420,342,342,342.0,342.0,0.502654004,0
8.0,17,64.0,3.317909416,0.0,0.0,0.0,0,0,0,0.0,0.0,1.0,1.0,0.0,1.0,1.0,3420,342,342,342.0,342.0,0.301395607,0
7.2,17,57.6,2.877296191,0.0,0.0,0.0,0,0,0,0.0,0.0,0.9,0.9,0.1,0.9,0.9,3120,42,342,312.0,312.0,0.347637105,0
8.0,17,64.0,2.486106317,0.0,0.0,0.0,0,0,0,0.0,0.0,1.0,1.0,0.0,1.0,1.0,3420,342,342,342.0,342.0,0.502669311,0
8.0,17,64.0,1.659627938,0.0,0.0,0.0,0,0,0,0.0,0.0,1.0,1.0,0.0,1.0,1.0,3420,342,342,342.0,342.0,0.602634501,0
7.2,17,57.6,3.416765114,0.0,0.0,0.0,0,0,0,0.0,0.0,0.9,0.9,0.1,0.9,0.9,3120,42,342,312.0,312.0,0.392984891,0
8.0,17,64.0,2.498743123,0.0,0.0,0.0,0,0,0,0.0,0.0,1.0,1.0,0.0,1.0,1.0,3420,342,342,342.0,342.0,0.496346402,0
7.2,17,57.6,1.969197856,0.0,0.0,0.0,0,0,0,0.0,0.0,0.9,0.9,0.1,0.9,0.9,3120,42,342,312.0,312.0,0.53562789,0
8.0,17,64.0,1.660244538,0.0,0.0,0.0,0,0,0,0.0,0.0,1.0,1.0,0.0,1.0,1.0,3420,342,342,342.0,342.0,0.602636409,0
7.2,17,57.6,2.46204028,0.0,0.0,0.0,0,0,0,0.0,0.0,0.9,0.9,0.1,0.9,0.9,3120,42,342,312.0,312.0,0.406272006,0
8.0,17,64.0,inf,0.0,0.0,0.0,0,0,0,0.0,0.0,1.0,1.0,0.0,1.0,1.0,342,342,342,342.0,342.0,1.004227161,0
8.0,17,64.0,2.48954204,0.0,0.0,0.0,0,0,0,0.0,0.0,1.0,1.0,0.0,1.0,1.0,3420,342,342,342.0,342.0,0.40597949,0
7.2,17,57.6,2.352361723,0.0,0.0,0.0,0,0,0,0.0,0.0,0.9,0.9,0.1,0.9,0.9,3120,42,342,312.0,312.0,0.425114489,0
8.0,17,64.0,1.991269812,0.0,0.0,0.0,0,0,0,0.0,0.0,1.0,1.0,0.0,1.0,1.0,3420,342,342,342.0,342.0,0.602527118,0
8.0,17,64.0,1.99230212,0.0,0.0,0.0,0,0,0,0.0,0.0,1.0,1.0,0.0,1.0,1.0,3420,342,342,342.0,342.0,0.502152991,0
7.2,17,57.6,1.424924056,0.0,0.0,0.0,0,0,0,0.0,0.0,0.9,0.9,0.1,0.9,0.9,3120,42,342,312.0,312.0,0.701879406,0
7.2,17,56.6,4.940562067,0.0,0.0,0.0,0,0,0,0.0,0.0,0.9,0.6,0.1,0.9,0.9,2364,42,342,236.4,236.4,0.301701903,0
8.0,17,64.0,1.991751688,0.0,0.0,0.0,0,0,0,0.0,0.0,1.0,1.0,0.0,1.0,1.0,3420,342,342,342.0,342.0,0.60250752,0
8.0,17,64.0,2.488499386,0.0,0.0,0.0,0,0,0,0.0,0.0,1.0,1.0,0.0,1.0,1.0,3420,342,342,342.0,342.0,0.502175713,0
7.2,17,57.6,2.877329351,0.0,0.0,0.0,0,0,0,0.0,0.0,0.9,0.9,0.1,0.9,0.9,3120,42,342,312.0,312.0,0.44790411,0
8.0,17,64.0,3.316458102,0.0,0.0,0.0,0,0,0,0.0,0.0,1.0,1.0,0.0,1.0,1.0,3420,342,342,342.0,342.0,0.301593494,0
6.666666667,17,53.33333333,2.038846759,0.0,0.0,0.0,0,0,0,0.0,0.0,0.833333333,0.833333333,0.166666667,0.833333333,0.833333333,1752,42,342,292.0,292.0,0.50198249,0
8.0,17,64.0,2.488456127,0.0,0.0,0.0,0,0,0,0.0,0.0,1.0,1.0,0.0,1.0,1.0,3420,342,342,342.0,342.0,0.502250099,0
8.0,17,64.0,1.991661744,0.0,0.0,0.0,0,0,0,0.0,0.0,1.0,1.0,0.0,1.0,1.0,3420,342,342,342.0,342.0,0.602444601,0
8.0,17,64.0,1.993014122,0.0,0.0,0.0,0,0,0,0.0,0.0,1.0,1.0,0.0,1.0,1.0,3420,342,342,342.0,342.0,0.602186298,0
8.0,17,64.0,1.990871514,0.0,0.0,0.0,0,0,0,0.0,0.0,1.0,1.0,0.0,1.0,1.0,3420,342,342,342.0,342.0,0.502399087,0
7.2,17,57.6,1.211188958,0.0,0.0,0.0,0,0,0,0.0,0.0,0.9,0.9,0.1,0.9,0.9,3120,42,342,312.0,312.0,1.026076388,0
8.0,17,64.0,2.488360608,0.0,0.0,0.0,0,0,0,0.0,0.0,1.0,1.0,0.0,1.0,1.0,3420,342,342,342.0,342.0,0.502241516,0
8.0,17,64.0,3.316103862,0.0,0.0,0.0,0,0,0,0.0,0.0,1.0,1.0,0.0,1.0,1.0,3420,342,342,342.0,342.0,0.401896596,0
10.0,17,51.2,2.62201963,0.0,0.1,0.1,1,0,1,0.0,0.2,0.6,0.6,0.2,0.8,0.8,2281,42,342,228.1,228.1,0.401506186,0
8.0,17,64.0,1.991914004,0.0,0.0,0.0,0,0,0,0.0,0.0,1.0,1.0,0.0,1.0,1.0,3420,342,342,342.0,342.0,0.502203202,0
8.0,17,64.0,1.991431199,0.0,0.0,0.0,0,0,0,0.0,0.0,1.0,1.0,0.0,1.0,1.0,3420,342,342,342.0,342.0,0.502217197,0
8.0,17,64.0,2.490554068,0.0,0.0,0.0,0,0,0,0.0,0.0,1.0,1.0,0.0,1.0,1.0,3420,342,342,342.0,342.0,0.602077985,0
7.2,17,57.6,1.991320201,0.0,0.0,0.0,0,0,0,0.0,0.0,0.9,0.9,0.1,0.9,0.9,3120,42,342,312.0,312.0,0.502669597,0
8.0,17,64.0,2.487848742,0.0,0.0,0.0,0,0,0,0.0,0.0,1.0,1.0,0.0,1.0,1.0,3420,342,342,342.0,342.0,0.502405286,0
7.2,17,57.6,2.488263473,0.0,0.0,0.0,0,0,0,0.0,0.0,0.9,0.9,0.1,0.9,0.9,3120,42,342,312.0,312.0,0.504231787,0
8.0,17,64.0,2.320754876,0.0,0.0,0.0,0,0,0,0.0,0.0,1.0,1.0,0.0,1.0,1.0,3420,342,342,342.0,342.0,0.531204391,0
8.0,17,64.0,1.991109302,0.0,0.0,0.0,0,0,0,0.0,0.0,1.0,1.0,0.0,1.0,1.0,3420,342,342,342.0,342.0,0.502249694,0
8.0,17,64.0,3.314935484,0.0,0.0,0.0,0,0,0,0.0,0.0,1.0,1.0,0.0,1.0,1.0,3420,342,342,342.0,342.0,0.301757407,0
7.2,17,57.6,3.310473464,0.0,0.0,0.0,0,0,0,0.0,0.0,0.9,0.9,0.1,0.9,0.9,3120,42,342,312.0,312.0,0.302085114,0
8.0,17,64.0,3.322089159,0.0,0.0,0.0,0,0,0,0.0,0.0,1.0,1.0,0.0,1.0,1.0,3420,342,342,342.0,342.0,0.301178813,0
8.0,17,64.0,1.6625242,0.0,0.0,0.0,0,0,0,0.0,0.0,1.0,1.0,0.0,1.0,1.0,3420,342,342,342.0,342.0,0.601500511,0
8.0,17,64.0,2.482523126,0.0,0.0,0.0,0,0,0,0.0,0.0,1.0,1.0,0.0,1.0,1.0,3420,342,342,342.0,342.0,0.503152895,0
8.0,17,64.0,1.993120479,0.0,0.0,0.0,0,0,0,0.0,0.0,1.0,1.0,0.0,1.0,1.0,3420,342,342,342.0,342.0,0.501738,0
8.0,17,64.0,1.991348753,0.0,0.0,0.0,0,0,0,0.0,0.0,1.0,1.0,0.0,1.0,1.0,3420,342,342,342.0,342.0,0.602609515,0
7.2,17,57.6,2.791070261,0.0,0.0,0.0,0,0,0,0.0,0.0,0.9,0.9,0.1,0.9,0.9,3120,42,342,312.0,312.0,0.405686593,0
7.2,17,57.6,3.005307989,0.0,0.0,0.0,0,0,0,0.0,0.0,0.9,0.9,0.1,0.9,0.9,3120,42,342,312.0,312.0,0.332900095,0
6.0,17,48.0,3.805617279,0.0,0.0,0.0,0,0,0,0.0,0.0,0.75,0.75,0.25,0.75,0.75,1068,42,342,267.0,267.0,0.26335746,0
7.2,17,57.6,2.627603701,0.0,0.0,0.0,0,0,0,0.0,0.0,0.9,0.9,0.1,0.9,0.9,3120,42,342,312.0,312.0,0.380574894,0
7.2,17,57.6,2.489547655,0.0,0.0,0.0,0,0,0,0.0,0.0,0.9,0.9,0.1,0.9,0.9,3120,42,342,312.0,312.0,0.4017694,0
8.0,17,62.1,4.968998139,0.0,0.0,0.0,0,0,0,0.0,0.0,1.0,0.6,0.0,1.0,1.0,2412,90,342,241.2,241.2,0.301617503,0
7.2,17,57.6,3.164928434,0.0,0.0,0.0,0,0,0,0.0,0.0,0.9,0.9,0.1,0.9,0.9,3120,42,342,312.0,312.0,0.416312718,0
8.0,17,63.0,2.340634385,0.0,0.0,0.0,0,0,0,0.0,0.0,1.0,0.9,0.0,1.0,1.0,3168,90,342,316.8,316.8,0.527543402,0
8.0,17,64.0,2.488812135,0.0,0.0,0.0,0,0,0,0.0,0.0,1.0,1.0,0.0,1.0,1.0,3420,342,342,342.0,342.0,0.502154899,0
8.0,17,64.0,1.991277753,0.0,0.0,0.0,0,0,0,0.0,0.0,1.0,1.0,0.0,1.0,1.0,3420,342,342,342.0,342.0,0.602541709,0
8.0,17,64.0,3.31467063,0.0,0.0,0.0,0,0,0,0.0,0.0,1.0,1.0,0.0,1.0,1.0,3420,342,342,342.0,342.0,0.402019501,0
8.0,17,64.0,3.317073155,0.0,0.0,0.0,0,0,0,0.0,0.0,1.0,1.0,0.0,1.0,1.0,3420,342,342,342.0,342.0,0.401831388,0
7.2,17,57.6,1.755004192,0.0,0.0,0.0,0,0,0,0.0,0.0,0.9,0.9,0.1,0.9,0.9,3120,42,342,312.0,312.0,0.576367998,0
8.0,17,64.0,2.489793122,0.0,0.0,0.0,0,0,0,0.0,0.0,1.0,1.0,0.0,1.0,1.0,3420,342,342,342.0,342.0,0.6019696,0
6.4,17,51.2,3.947972246,0.0,0.0,0.0,0,0,0,0.0,0.0,0.8,0.8,0.2,0.8,0.8,2820,42,342,282.0,282.0,0.345928383,0
8.0,17,64.0,2.986976899,0.0,0.0,0.0,0,0,0,0.0,0.0,1.0,1.0,0.0,1.0,1.0,3078,342,342,342.0,342.0,0.334903982,0
8.0,17,64.0,inf,0.0,0.0,0.0,0,0,0,0.0,0.0,1.0,1.0,0.0,1.0,1.0,342,342,342,342.0,342.0,2.004523993,0
8.0,17,64.0,2.487435329,0.0,0.0,0.0,0,0,0,0.0,0.0,1.0,1.0,0.0,1.0,1.0,3420,342,342,342.0,342.0,0.402236414,0
8.0,17,64.0,3.316315191,0.0,0.0,0.0,0,0,0,0.0,0.0,1.0,1.0,0.0,1.0,1.0,3420,342,342,342.0,342.0,0.301567101,0
7.2,17,57.6,3.229395253,0.0,0.0,0.0,0,0,0,0.0,0.0,0.9,0.9,0.1,0.9,0.9,3120,42,342,312.0,312.0,0.309655905,0
8.0,17,64.0,1.990982462,0.0,0.0,0.0,0,0,0,0.0,0.0,1.0,1.0,0.0,1.0,1.0,3420,342,342,342.0,342.0,0.50229001,0
7.2,17,57.6,2.491939214,0.0,0.0,0.0,0,0,0,0.0,0.0,0.9,0.9,0.1,0.9,0.9,3120,42,342,312.0,312.0,0.401506805,0
8.0,17,64.0,2.488881547,0.0,0.0,0.0,0,0,0,0.0,0.0,1.0,1.0,0.0,1.0,1.0,3420,342,342,342.0,342.0,0.401940417,0
8.0,17,64.0,2.4879181,0.0,0.0,0.0,0,0,0,0.0,0.0,1.0,1.0,0.0,1.0,1.0,3420,342,342,342.0,342.0,0.402135992,0
7.2,17,57.6,1.829434798,0.0,0.0,0.0,0,0,0,0.0,0.0,0.9,0.9,0.1,0.9,0.9,3120,42,342,312.0,312.0,0.546632195,0
8.0,17,64.0,2.488789244,0.0,0.0,0.0,0,0,0,0.0,0.0,1.0,1.0,0.0,1.0,1.0,3420,342,342,342.0,342.0,0.502179098,0
8.0,17,64.0,1.993352078,0.0,0.0,0.0,0,0,0,0.0,0.0,1.0,1.0,0.0,1.0,1.0,3420,342,342,342.0,342.0,0.501725101,0
8.0,17,64.0,2.488317354,0.0,0.0,0.0,0,0,0,0.0,0.0,1.0,1.0,0.0,1.0,1.0,3420,342,342,342.0,342.0,0.401968908,0
8.0,17,64.0,3.315008844,0.0,0.0,0.0,0,0,0,0.0,0.0,1.0,1.0,0.0,1.0,1.0,3420,342,342,342.0,342.0,0.40210712,0
8.0,17,64.0,2.489059377,0.0,0.0,0.0,0,0,0,0.0,0.0,1.0,1.0,0.0,1.0,1.0,3420,342,342,342.0,342.0,0.501975989,0
7.2,17,57.6,2.487474422,0.0,0.0,0.0,0,0,0,0.0,0.0,0.9,0.9,0.1,0.9,0.9,3120,42,342,312.0,312.0,0.402178383,0
8.0,17,64.0,2.487038865,0.0,0.0,0.0,0,0,0,0.0,0.0,1.0,1.0,0.0,1.0,1.0,3420,342,342,342.0,342.0,0.402277803,0
7.2,17,57.6,1.945289476,0.0,0.0,0.0,0,0,0,0.0,0.0,0.9,0.9,0.1,0.9,0.9,3120,42,342,312.0,312.0,0.614398003,0
8.0,17,64.0,1.991529254,0.0,0.0,0.0,0,0,0,0.0,0.0,1.0,1.0,0.0,1.0,1.0,3420,342,342,342.0,342.0,0.602373481,0
7.2,17,57.6,2.462265175,0.0,0.0,0.0,0,0,0,0.0,0.0,0.9,0.9,0.1,0.9,0.9,3120,42,342,312.0,312.0,0.506501102,0
8.0,17,64.0,3.314779343,0.0,0.0,0.0,0,0,0,0.0,0.0,1.0,1.0,0.0,1.0,1.0,3420,342,342,342.0,342.0,0.321879697,0
8.0,17,64.0,2.490235706,0.0,0.0,0.0,0,0,0,0.0,0.0,1.0,1.0,0.0,1.0,1.0,3420,342,342,342.0,342.0,0.502070403,0
7.2,17,57.6,3.317730163,0.0,0.0,0.0,0,0,0,0.0,0.0,0.9,0.9,0.1,0.9,0.9,3120,42,342,312.0,312.0,0.401761293,0
8.0,17,64.0,1.983487927,0.0,0.0,0.0,0,0,0,0.0,0.0,1.0,1.0,0.0,1.0,1.0,3420,342,342,342.0,342.0,0.504162383,0
7.2,17,57.6,2.880976752,0.0,0.0,0.0,0,0,0,0.0,0.0,0.9,0.9,0.1,0.9,0.9,3120,42,342,312.0,312.0,0.420187998,0
7.2,17,57.6,3.424382037,0.0,0.0,0.0,0,0,0,0.0,0.0,0.9,0.9,0.1,0.9,0.9,3120,42,342,312.0,312.0,0.392373109,0
8.0,17,64.0,1.992614937,0.0,0.0,0.0,0,0,0,0.0,0.0,1.0,1.0,0.0,1.0,1.0,3420,342,342,342.0,342.0,0.501946902,0
8.0,17,64.0,1.991299592,0.0,0.0,0.0,0,0,0,0.0,0.0,1.0,1.0,0.0,1.0,1.0,3420,342,342,342.0,342.0,0.502253008,0
7.2,17,57.6,2.06922083,0.0,0.0,0.0,0,0,0,0.0,0.0,0.9,0.9,0.1,0.9,0.9,3120,42,342,312.0,312.0,0.483273697,0
8.0,17,64.0,3.314147595,0.0,0.0,0.0,0,0,0,0.0,0.0,1.0,1.0,0.0,1.0,1.0,3420,342,342,342.0,342.0,0.401867104,0
7.2,17,57.6,2.751805225,0.0,0.0,0.0,0,0,0,0.0,0.0,0.9,0.9,0.1,0.9,0.9,3120,42,342,312.0,312.0,0.363666201,0
8.0,17,64.0,1.991652948,0.0,0.0,0.0,0,0,0,0.0,0.0,1.0,1.0,0.0,1.0,1.0,3420,342,342,342.0,342.0,0.602511787,0
8.0,17,64.0,2.488468529,0.0,0.0,0.0,0,0,0,0.0,0.0,1.0,1.0,0.0,1.0,1.0,3420,342,342,342.0,342.0,0.502207088,0
32.0,6,85.6,1252.367502,0.0,0.0,1.0,10,0,0,0.0,1.0,0.0,0.0,0.0,1.0,1.0,11860,66,2866,1186.0,1186.0,0.000802994,0
8.0,17,64.0,2.486562627,0.0,0.0,0.0,0,0,0,0.0,0.0,1.0,1.0,0.0,1.0,1.0,3420,342,342,342.0,342.0,0.402163005,0
8.0,17,64.0,1.991065256,0.0,0.0,0.0,0,0,0,0.0,0.0,1.0,1.0,0.0,1.0,1.0,3420,342,342,342.0,342.0,0.502245808,0
8.0,17,64.0,2.487763304,0.0,0.0,0.0,0,0,0,0.0,0.0,1.0,1.0,0.0,1.0,1.0,3420,342,342,342.0,342.0,0.502373695,0
8.0,17,64.0,2.489470227,0.0,0.0,0.0,0,0,0,0.0,0.0,1.0,1.0,0.0,1.0,1.0,3420,342,342,342.0,342.0,0.401896501,0
8.0,17,64.0,2.488079115,0.0,0.0,0.0,0,0,0,0.0,0.0,1.0,1.0,0.0,1.0,1.0,3420,342,342,342.0,342.0,0.502110195,0
8.0,17,64.0,2.488003402,0.0,0.0,0.0,0,0,0,0.0,0.0,1.0,1.0,0.0,1.0,1.0,3420,342,342,342.0,342.0,0.5021981,0
8.0,17,64.0,1.993453922,0.0,0.0,0.0,0,0,0,0.0,0.0,1.0,1.0,0.0,1.0,1.0,3420,342,342,342.0,342.0,0.602010703,0
8.0,17,64.0,2.487642609,0.0,0.0,0.0,0,0,0,0.0,0.0,1.0,1.0,0.0,1.0,1.0,3420,342,342,342.0,342.0,0.502293301,0
7.2,17,57.6,2.350389551,0.0,0.0,0.0,0,0,0,0.0,0.0,0.9,0.9,0.1,0.9,0.9,3120,42,342,312.0,312.0,0.525730395,0
7.2,17,57.6,2.902387681,0.0,0.0,0.0,0,0,0,0.0,0.0,0.9,0.9,0.1,0.9,0.9,3120,42,342,312.0,312.0,0.382705092,0
8.0,17,64.0,2.486989906,0.0,0.0,0.0,0,0,0,0.0,0.0,1.0,1.0,0.0,1.0,1.0,3420,342,342,342.0,342.0,0.402211308,0
7.2,17,57.6,1.957768203,0.0,0.0,0.0,0,0,0,0.0,0.0,0.9,0.9,0.1,0.9,0.9,3120,42,342,312.0,312.0,0.510785699,0
8.0,17,64.0,3.314120361,0.0,0.0,0.0,0,0,0,0.0,0.0,1.0,1.0,0.0,1.0,1.0,3420,342,342,342.0,342.0,0.402086496,0
8.0,17,64.0,2.486924876,0.0,0.0,0.0,0,0,0,0.0,0.0,1.0,1.0,0.0,1.0,1.0,3420,342,342,342.0,342.0,0.402141905,0
8.0,17,64.0,2.284437123,0.0,0.0,0.0,0,0,0,0.0,0.0,1.0,1.0,0.0,1.0,1.0,3420,342,342,342.0,342.0,0.4378685,0
8.0,17,64.0,1.991009776,0.0,0.0,0.0,0,0,0,0.0,0.0,1.0,1.0,0.0,1.0,1.0,3420,342,342,342.0,342.0,0.502258396,0
8.0,17,64.0,3.316298409,0.0,0.0,0.0,0,0,0,0.0,0.0,1.0,1.0,0.0,1.0,1.0,3420,342,342,342.0,342.0,0.301572204,0
7.2,17,57.6,2.487593773,0.0,0.0,0.0,0,0,0,0.0,0.0,0.9,0.9,0.1,0.9,0.9,3120,42,342,312.0,312.0,0.40202589,0
7.2,17,57.6,1.974111085,0.0,0.0,0.0,0,0,0,0.0,0.0,0.9,0.9,0.1,0.9,0.9,3120,42,342,312.0,312.0,0.506580901,0
8.0,17,64.0,2.488544566,0.0,0.0,0.0,0,0,0,0.0,0.0,1.0,1.0,0.0,1.0,1.0,3420,342,342,342.0,342.0,0.401868296,0
6.4,17,56.2,2.507764748,0.0,0.0,0.0,0,0,0,0.0,0.0,0.8,0.7,0.1,0.9,0.9,2644,42,342,264.4,264.4,0.400296783,0
7.2,17,57.6,2.059584155,0.0,0.0,0.0,0,0,0,0.0,0.0,0.9,0.9,0.1,0.9,0.9,3120,42,342,312.0,312.0,0.485841393,0
8.0,17,64.0,1.990550081,0.0,0.0,0.0,0,0,0,0.0,0.0,1.0,1.0,0.0,1.0,1.0,3420,342,342,342.0,342.0,0.502373695,0
8.0,17,64.0,2.489569377,0.0,0.0,0.0,0,0,0,0.0,0.0,1.0,1.0,0.0,1.0,1.0,3420,342,342,342.0,342.0,0.602147603,0
8.0,17,64.0,2.488480783,0.0,0.0,0.0,0,0,0,0.0,0.0,1.0,1.0,0.0,1.0,1.0,1710,342,342,342.0,342.0,0.401852608,0
8.0,17,64.0,2.680687722,0.0,0.0,0.0,0,0,0,0.0,0.0,1.0,1.0,0.0,1.0,1.0,3420,342,342,342.0,342.0,0.47332809,0
7.2,17,57.6,2.463673726,0.0,0.0,0.0,0,0,0,0.0,0.0,0.9,0.9,0.1,0.9,0.9,3120,42,342,312.0,312.0,0.586930704,0
8.0,17,64.0,2.487288705,0.0,0.0,0.0,0,0,0,0.0,0.0,1.0,1.0,0.0,1.0,1.0,3420,342,342,342.0,342.0,0.402077103,0
8.0,17,64.0,2.03432315,0.0,0.0,0.0,0,0,0,0.0,0.0,1.0,1.0,0.0,1.0,1.0,3420,342,342,342.0,342.0,0.491569185,0
8.0,17,64.0,2.486997279,0.0,0.0,0.0,0,0,0,0.0,0.0,1.0,1.0,0.0,1.0,1.0,3420,342,342,342.0,342.0,0.402102804,0
8.0,17,64.0,1.673862076,0.0,0.0,0.0,0,0,0,0.0,0.0,1.0,1.0,0.0,1.0,1.0,3420,342,342,342.0,342.0,0.597428489,0
7.2,17,57.6,2.505628893,0.0,0.0,0.0,0,0,0,0.0,0.0,0.9,0.9,0.1,0.9,0.9,3120,42,342,312.0,312.0,0.499468613,0
8.0,17,64.0,1.99330689,0.0,0.0,0.0,0,0,0,0.0,0.0,1.0,1.0,0.0,1.0,1.0,3420,342,342,342.0,342.0,0.501895285,0
8.0,17,64.0,3.315856646,0.0,0.0,0.0,0,0,0,0.0,0.0,1.0,1.0,0.0,1.0,1.0,3420,342,342,342.0,342.0,0.381195593,0
8.0,17,64.0,1.991073573,0.0,0.0,0.0,0,0,0,0.0,0.0,1.0,1.0,0.0,1.0,1.0,3420,342,342,342.0,342.0,0.602704501,0
8.0,17,61.1,4.900254797,0.0,0.0,0.0,0,0,0,0.0,0.0,1.0,0.4,0.0,1.0,1.0,1908,90,342,190.8,190.8,0.204154015,0
8.0,17,64.0,3.316081839,0.0,0.0,0.0,0,0,0,0.0,0.0,1.0,1.0,0.0,1.0,1.0,3420,342,342,342.0,342.0,0.301690817,0
8.0,17,64.0,1.993374056,0.0,0.0,0.0,0,0,0,0.0,0.0,1.0,1.0,0.0,1.0,1.0,3420,342,342,342.0,342.0,0.6020015,0
8.0,17,64.0,2.488046202,0.0,0.0,0.0,0,0,0,0.0,0.0,1.0,1.0,0.0,1.0,1.0,3420,342,342,342.0,342.0,0.502221298,0
8.0,17,64.0,3.31550699,0.0,0.0,0.0,0,0,0,0.0,0.0,1.0,1.0,0.0,1.0,1.0,3420,342,342,342.0,342.0,0.301673198,0
8.0,17,64.0,3.314772794,0.0,0.0,0.0,0,0,0,0.0,0.0,1.0,1.0,0.0,1.0,1.0,3420,342,342,342.0,342.0,0.402063799,0
8.0,17,64.0,2.489286133,0.0,0.0,0.0,0,0,0,0.0,0.0,1.0,1.0,0.0,1.0,1.0,3420,342,342,342.0,342.0,0.50203321,0
7.2,17,57.6,2.2313629,0.0,0.0,0.0,0,0,0,0.0,0.0,0.9,0.9,0.1,0.9,0.9,3120,42,342,312.0,312.0,0.448287702,0
7.2,17,57.6,1.991894139,0.0,0.0,0.0,0,0,0,0.0,0.0,0.9,0.9,0.1,0.9,0.9,3120,42,342,312.0,312.0,0.528381014,0
8.0,17,64.0,2.239452803,0.0,0.0,0.0,0,0,0,0.0,0.0,1.0,1.0,0.0,1.0,1.0,3078,342,342,342.0,342.0,0.557957225,0
8.0,17,64.0,inf,0.0,0.0,0.0,0,0,0,0.0,0.0,1.0,1.0,0.0,1.0,1.0,342,342,342,342.0,342.0,1.003553867,0
8.0,17,64.0,3.315713525,0.0,0.0,0.0,0,0,0,0.0,0.0,1.0,1.0,0.0,1.0,1.0,3420,342,342,342.0,342.0,0.401968288,0
8.0,17,64.0,1.994138779,0.0,0.0,0.0,0,0,0,0.0,0.0,1.0,1.0,0.0,1.0,1.0,3420,342,342,342.0,342.0,0.501655102,0
7.2,17,57.6,2.455427762,0.0,0.0,0.0,0,0,0,0.0,0.0,0.9,0.9,0.1,0.9,0.9,3120,42,342,312.0,312.0,0.507541704,0
8.0,17,64.0,3.315867656,0.0,0.0,0.0,0,0,0,0.0,0.0,1.0,1.0,0.0,1.0,1.0,3420,342,342,342.0,342.0,0.301695895,0
8.0,17,64.0,1.991764078,0.0,0.0,0.0,0,0,0,0.0,0.0,1.0,1.0,0.0,1.0,1.0,3420,342,342,342.0,342.0,0.6025038,0
8.0,17,64.0,2.488931762,0.0,0.0,0.0,0,0,0,0.0,0.0,1.0,1.0,0.0,1.0,1.0,3420,342,342,342.0,342.0,0.502038097,0
10.0,17,51.2,3.319589246,0.0,0.1,0.1,1,0,1,0.0,0.2,0.6,0.6,0.2,0.8,0.8,2354,42,342,235.4,235.4,0.301389194,0
8.0,17,64.0,1.990716454,0.0,0.0,0.0,0,0,0,0.0,0.0,1.0,1.0,0.0,1.0,1.0,3420,342,342,342.0,342.0,0.502339411,0
8.0,17,64.0,1.987630574,0.0,0.0,0.0,0,0,0,0.0,0.0,1.0,1.0,0.0,1.0,1.0,3420,342,342,342.0,342.0,0.603299594,0
8.0,17,64.0,1.993702657,0.0,0.0,0.0,0,0,0,0.0,0.0,1.0,1.0,0.0,1.0,1.0,3420,342,342,342.0,342.0,0.602113509,0
6.4,17,51.2,3.318190276,0.0,0.0,0.0,0,0,0,0.0,0.0,0.8,0.8,0.2,0.8,0.8,2820,42,342,282.0,282.0,0.30144999,0
8.0,17,64.0,1.991094178,0.0,0.0,0.0,0,0,0,0.0,0.0,1.0,1.0,0.0,1.0,1.0,3420,342,342,342.0,342.0,0.502370906,0
8.0,17,64.0,1.661207075,0.0,0.0,0.0,0,0,0,0.0,0.0,1.0,1.0,0.0,1.0,1.0,3420,342,342,342.0,342.0,0.601979113,0
8.0,17,64.0,3.318735332,0.0,0.0,0.0,0,0,0,0.0,0.0,1.0,1.0,0.0,1.0,1.0,3420,342,342,342.0,342.0,0.301540017,0
7.2,17,57.6,2.488267902,0.0,0.0,0.0,0,0,0,0.0,0.0,0.9,0.9,0.1,0.9,0.9,3120,42,342,312.0,312.0,0.40189569,0
8.0,17,64.0,2.486255896,0.0,0.0,0.0,0,0,0,0.0,0.0,1.0,1.0,0.0,1.0,1.0,3420,342,342,342.0,342.0,0.468680716,0
7.2,17,57.6,2.005584723,0.0,0.0,0.0,0,0,0,0.0,0.0,0.9,0.9,0.1,0.9,0.9,3120,42,342,312.0,312.0,0.498612905,0
3.2,1,51.2,4.261664725,0.0,0.0,0.0,0,0,0,0.0,0.0,0.4,0.4,0.2,0.8,0.8,1844,42,342,184.4,184.4,0.234650087,0
8.0,17,64.0,2.326342056,0.0,0.0,0.0,0,0,0,0.0,0.0,1.0,1.0,0.0,1.0,1.0,3420,342,342,342.0,342.0,0.430021787,0
6.4,17,60.2,4.999725238,0.0,0.0,0.0,0,0,0,0.0,0.0,0.8,0.2,0.2,0.8,0.8,1379,42,342,137.9,137.9,0.200071597,0
8.0,17,64.0,3.320628666,0.0,0.0,0.0,0,0,0,0.0,0.0,1.0,1.0,0.0,1.0,1.0,3420,342,342,342.0,342.0,0.601680493,0
8.0,17,64.0,2.490078256,0.0,0.0,0.0,0,0,0,0.0,0.0,1.0,1.0,0.0,1.0,1.0,3420,342,342,342.0,342.0,0.401607013,0
8.0,17,62.8,3.200234392,0.0,0.0,0.0,0,0,0,0.0,0.0,1.0,0.9,0.0,1.0,1.0,3168,90,342,316.8,316.8,0.31247921,0
8.0,17,64.0,1.993157417,0.0,0.0,0.0,0,0,0,0.0,0.0,1.0,1.0,0.0,1.0,1.0,3420,342,342,342.0,342.0,0.501821709,0
8.0,17,64.0,3.319103268,0.0,0.0,0.0,0,0,0,0.0,0.0,1.0,1.0,0.0,1.0,1.0,3420,342,342,342.0,342.0,0.401754498,0
8.0,17,64.0,2.488820848,0.0,0.0,0.0,0,0,0,0.0,0.0,1.0,1.0,0.0,1.0,1.0,3420,342,342,342.0,342.0,0.502291512,0
8.0,17,64.0,1.991776374,0.0,0.0,0.0,0,0,0,0.0,0.0,1.0,1.0,0.0,1.0,1.0,3420,342,342,342.0,342.0,0.602470112,0
8.0,17,64.0,2.488268492,0.0,0.0,0.0,0,0,0,0.0,0.0,1.0,1.0,0.0,1.0,1.0,3420,342,342,342.0,342.0,0.502354503,0
8.0,17,64.0,3.315471871,0.0,0.0,0.0,0,0,0,0.0,0.0,1.0,1.0,0.0,1.0,1.0,3420,342,342,342.0,342.0,0.401965499,0
8.0,17,64.0,2.488391758,0.0,0.0,0.0,0,0,0,0.0,0.0,1.0,1.0,0.0,1.0,1.0,3420,342,342,342.0,342.0,0.40192709,0
8.0,17,64.0,2.487683479,0.0,0.0,0.0,0,0,0,0.0,0.0,1.0,1.0,0.0,1.0,1.0,3420,342,342,342.0,342.0,0.402028012,0
8.0,17,64.0,2.488021997,0.0,0.0,0.0,0,0,0,0.0,0.0,1.0,1.0,0.0,1.0,1.0,3420,342,342,342.0,342.0,0.401983309,0
8.0,17,64.0,2.488340236,0.0,0.0,0.0,0,0,0,0.0,0.0,1.0,1.0,0.0,1.0,1.0,3420,342,342,342.0,342.0,0.502264118,0
8.0,17,64.0,2.657322574,0.0,0.0,0.0,0,0,0,0.0,0.0,1.0,1.0,0.0,1.0,1.0,2736,342,342,342.0,342.0,0.376380384,0
7.2,17,57.6,3.383158303,0.0,0.0,0.0,0,0,0,0.0,0.0,0.9,0.9,0.1,0.9,0.9,3120,42,342,312.0,312.0,0.295684099,0
8.0,17,64.0,2.488263473,0.0,0.0,0.0,0,0,0,0.0,0.0,1.0,1.0,0.0,1.0,1.0,3420,342,342,342.0,342.0,0.401966286,0
8.0,17,64.0,2.487592593,0.0,0.0,0.0,0,0,0,0.0,0.0,1.0,1.0,0.0,1.0,1.0,3420,342,342,342.0,342.0,0.402134681,0
8.0,17,64.0,2.488083395,0.0,0.0,0.0,0,0,0,0.0,0.0,1.0,1.0,0.0,1.0,1.0,3420,342,342,342.0,342.0,0.402023911,0
7.2,17,57.6,3.394626697,0.0,0.0,0.0,0,0,0,0.0,0.0,0.9,0.9,0.1,0.9,0.9,3120,42,342,312.0,312.0,0.294745302,0
7.2,17,57.6,1.685219817,0.0,0.0,0.0,0,0,0,0.0,0.0,0.9,0.9,0.1,0.9,0.9,3120,42,342,312.0,312.0,0.69374311,0
8.0,17,64.0,2.487412464,0.0,0.0,0.0,0,0,0,0.0,0.0,1.0,1.0,0.0,1.0,1.0,3420,342,342,342.0,342.0,0.402024603,0
8.0,17,64.0,2.488826312,0.0,0.0,0.0,0,0,0,0.0,0.0,1.0,1.0,0.0,1.0,1.0,3420,342,342,342.0,342.0,0.401885319,0
7.2,17,57.6,2.913454244,0.0,0.0,0.0,0,0,0,0.0,0.0,0.9,0.9,0.1,0.9,0.9,3120,42,342,312.0,312.0,0.343235183,0
6.4,17,51.2,2.492214326,0.0,0.0,0.0,0,0,0,0.0,0.0,0.8,0.8,0.2,0.8,0.8,2820,42,342,282.0,282.0,0.4058707,0
7.2,17,57.6,2.238499595,0.0,0.0,0.0,0,0,0,0.0,0.0,0.9,0.9,0.1,0.9,0.9,3120,42,342,312.0,312.0,0.503257108,0
8.0,17,64.0,2.48840534,0.0,0.0,0.0,0,0,0,0.0,0.0,1.0,1.0,0.0,1.0,1.0,3420,342,342,342.0,342.0,0.502272201,0
8.0,17,64.0,1.991838234,0.0,0.0,0.0,0,0,0,0.0,0.0,1.0,1.0,0.0,1.0,1.0,3420,342,342,342.0,342.0,0.602378106,0
8.0,17,64.0,1.991645099,0.0,0.0,0.0,0,0,0,0.0,0.0,1.0,1.0,0.0,1.0,1.0,3420,342,342,342.0,342.0,0.602510881,0
6.4,17,51.2,1.988563318,0.0,0.0,0.0,0,0,0,0.0,0.0,0.8,0.8,0.2,0.8,0.8,2820,42,342,282.0,282.0,0.510919499,0
8.0,17,64.0,2.489749671,0.0,0.0,0.0,0,0,0,0.0,0.0,1.0,1.0,0.0,1.0,1.0,3420,342,342,342.0,342.0,0.502001715,0
7.2,17,57.6,3.002040366,0.0,0.0,0.0,0,0,0,0.0,0.0,0.9,0.9,0.1,0.9,0.9,3120,42,342,312.0,312.0,0.433461785,0
7.2,17,57.6,2.477042802,0.0,0.0,0.0,0,0,0,0.0,0.0,0.9,0.9,0.1,0.9,0.9,3120,42,342,312.0,312.0,0.543804502,0
8.0,17,64.0,1.659869504,0.0,0.0,0.0,0,0,0,0.0,0.0,1.0,1.0,0.0,1.0,1.0,3420,342,342,342.0,342.0,0.6029387,0
8.0,17,64.0,2.488480192,0.0,0.0,0.0,0,0,0,0.0,0.0,1.0,1.0,0.0,1.0,1.0,3420,342,342,342.0,342.0,0.401997614,0
8.0,17,64.0,3.311988585,0.0,0.0,0.0,0,0,0,0.0,0.0,1.0,1.0,0.0,1.0,1.0,3420,342,342,342.0,342.0,0.402255511,0
7.2,17,57.6,2.944833105,0.0,0.0,0.0,0,0,0,0.0,0.0,0.9,0.9,0.1,0.9,0.9,3120,42,342,312.0,312.0,0.339682817,0
8.0,17,64.0,1.991847693,0.0,0.0,0.0,0,0,0,0.0,0.0,1.0,1.0,0.0,1.0,1.0,3420,342,342,342.0,342.0,0.502047014,0
8.0,17,64.0,1.993784634,0.0,0.0,0.0,0,0,0,0.0,0.0,1.0,1.0,0.0,1.0,1.0,3420,342,342,342.0,342.0,0.501715684,0
8.0,17,64.0,1.659891576,0.0,0.0,0.0,0,0,0,0.0,0.0,1.0,1.0,0.0,1.0,1.0,3420,342,342,342.0,342.0,0.60254879,0
8.0,17,64.0,2.488805341,0.0,0.0,0.0,0,0,0,0.0,0.0,1.0,1.0,0.0,1.0,1.0,3420,342,342,342.0,342.0,0.502153802,0
8.0,17,64.0,2.488215204,0.0,0.0,0.0,0,0,0,0.0,0.0,1.0,1.0,0.0,1.0,1.0,3420,342,342,342.0,342.0,0.502189898,0
5.6,17,51.2,2.00541787,0.0,0.0,0.0,0,0,0,0.0,0.0,0.7,0.7,0.2,0.8,0.8,2596,42,342,259.6,259.6,0.499432898,0
8.0,17,64.0,2.713685111,0.0,0.0,0.0,0,0,0,0.0,0.0,1.0,1.0,0.0,1.0,1.0,3420,342,342,342.0,342.0,0.468809891,0
8.0,17,64.0,1.1076712,0.0,0.0,0.0,0,0,0,0.0,0.0,1.0,1.0,0.0,1.0,1.0,3420,342,342,342.0,342.0,0.902977395,0
8.0,17,64.0,3.977593754,0.0,0.0,0.0,0,0,0,0.0,0.0,1.0,1.0,0.0,1.0,1.0,1368,342,342,342.0,342.0,0.502279758,0
8.0,17,64.0,1.992072374,0.0,0.0,0.0,0,0,0,0.0,0.0,1.0,1.0,0.0,1.0,1.0,3420,342,342,342.0,342.0,0.502082181,0
32.0,6,91.0,1080.588432,0.0,0.0,1.0,10,0,0,0.0,1.0,0.0,0.0,0.0,1.0,1.0,14660,66,2866,1466.0,1466.0,0.000973511,0
8.0,17,64.0,1.661152139,0.0,0.0,0.0,0,0,0,0.0,0.0,1.0,1.0,0.0,1.0,1.0,3420,342,342,342.0,342.0,0.702347803,0
8.0,17,64.0,1.423402648,0.0,0.0,0.0,0,0,0,0.0,0.0,1.0,1.0,0.0,1.0,1.0,3420,342,342,342.0,342.0,0.802903318,0
7.2,17,57.6,2.902469626,0.0,0.0,0.0,0,0,0,0.0,0.0,0.9,0.9,0.1,0.9,0.9,3120,42,342,312.0,312.0,0.344626284,0
7.2,17,57.6,2.096539391,0.0,0.0,0.0,0,0,0,0.0,0.0,0.9,0.9,0.1,0.9,0.9,3120,42,342,312.0,312.0,0.47697649,0
8.0,17,64.0,2.424655701,0.0,0.0,0.0,0,0,0,0.0,0.0,1.0,1.0,0.0,1.0,1.0,3420,342,342,342.0,342.0,0.412547493,0
8.0,17,64.0,3.311325222,0.0,0.0,0.0,0,0,0,0.0,0.0,1.0,1.0,0.0,1.0,1.0,3420,342,342,342.0,342.0,0.301993895,0
8.0,17,64.0,3.316388874,0.0,0.0,0.0,0,0,0,0.0,0.0,1.0,1.0,0.0,1.0,1.0,3420,342,342,342.0,342.0,0.301532793,0
8.0,17,64.0,3.318570169,0.0,0.0,0.0,0,0,0,0.0,0.0,1.0,1.0,0.0,1.0,1.0,3420,342,342,342.0,342.0,0.401764894,0
7.2,17,57.6,2.740968855,0.0,0.0,0.0,0,0,0,0.0,0.0,0.9,0.9,0.1,0.9,0.9,3120,42,342,312.0,312.0,0.465164804,0
8.0,17,64.0,3.977926668,0.0,0.0,0.0,0,0,0,0.0,0.0,1.0,1.0,0.0,1.0,1.0,1368,342,342,342.0,342.0,0.251831234,0
8.0,17,64.0,1.991994983,0.0,0.0,0.0,0,0,0,0.0,0.0,1.0,1.0,0.0,1.0,1.0,3420,342,342,342.0,342.0,0.502010703,0
7.2,17,57.6,2.490604203,0.0,0.0,0.0,0,0,0,0.0,0.0,0.9,0.9,0.1,0.9,0.9,3120,42,342,312.0,312.0,0.502012014,0
8.0,17,64.0,1.660740331,0.0,0.0,0.0,0,0,0,0.0,0.0,1.0,1.0,0.0,1.0,1.0,3420,342,342,342.0,342.0,0.602203798,0
8.0,17,64.0,2.480322956,0.0,0.0,0.0,0,0,0,0.0,0.0,1.0,1.0,0.0,1.0,1.0,3420,342,342,342.0,342.0,0.403173304,0
5.6,17,44.8,2.489548246,0.0,0.0,0.0,0,0,0,0.0,0.0,0.7,0.7,0.3,0.7,0.7,2520,42,342,252.0,252.0,0.401760316,0
7.2,17,57.6,3.313709547,0.0,0.0,0.0,0,0,0,0.0,0.0,0.9,0.9,0.1,0.9,0.9,3120,42,342,312.0,312.0,0.30180521,0
8.0,17,64.0,2.532622053,0.0,0.0,0.0,0,0,0,0.0,0.0,1.0,1.0,0.0,1.0,1.0,3420,342,342,342.0,342.0,0.394950318,0
7.2,17,57.6,1.974484579,0.0,0.0,0.0,0,0,0,0.0,0.0,0.9,0.9,0.1,0.9,0.9,3120,42,342,312.0,312.0,0.506685185,0
8.0,17,64.0,1.990655513,0.0,0.0,0.0,0,0,0,0.0,0.0,1.0,1.0,0.0,1.0,1.0,3420,342,342,342.0,342.0,0.574928808,0
8.0,17,64.0,2.489578539,0.0,0.0,0.0,0,0,0,0.0,0.0,1.0,1.0,0.0,1.0,1.0,3420,342,342,342.0,342.0,0.401706314,0
6.4,17,51.2,2.698390334,0.0,0.0,0.0,0,0,0,0.0,0.0,0.8,0.8,0.2,0.8,0.8,2820,42,342,282.0,282.0,0.387422705,0
8.0,17,64.0,1.660567144,0.0,0.0,0.0,0,0,0,0.0,0.0,1.0,1.0,0.0,1.0,1.0,3420,342,342,342.0,342.0,0.602210903,0
7.2,17,57.6,2.854425332,0.0,0.0,0.0,0,0,0,0.0,0.0,0.9,0.9,0.1,0.9,0.9,3120,42,342,312.0,312.0,0.350447202,0
8.0,17,64.0,1.990948345,0.0,0.0,0.0,0,0,0,0.0,0.0,1.0,1.0,0.0,1.0,1.0,3420,342,342,342.0,342.0,0.502285099,0
8.0,17,64.0,1.992488757,0.0,0.0,0.0,0,0,0,0.0,0.0,1.0,1.0,0.0,1.0,1.0,3420,342,342,342.0,342.0,0.501893902,0
8.0,17,64.0,2.488507359,0.0,0.0,0.0,0,0,0,0.0,0.0,1.0,1.0,0.0,1.0,1.0,3420,342,342,342.0,342.0,0.502039814,0
8.0,17,64.0,3.321239482,0.0,0.0,0.0,0,0,0,0.0,0.0,1.0,1.0,0.0,1.0,1.0,3420,342,342,342.0,342.0,0.401442099,0
8.0,17,64.0,1.992795289,0.0,0.0,0.0,0,0,0,0.0,0.0,1.0,1.0,0.0,1.0,1.0,3420,342,342,342.0,342.0,0.602078199,0
8.0,17,64.0,1.246604705,0.0,0.0,0.0,0,0,0,0.0,0.0,1.0,1.0,0.0,1.0,1.0,3420,342,342,342.0,342.0,0.902575898,0
7.2,17,57.6,3.281154194,0.0,0.0,0.0,0,0,0,0.0,0.0,0.9,0.9,0.1,0.9,0.9,3120,42,342,312.0,312.0,0.399964499,0
7.2,17,57.1,3.329466701,0.0,0.0,0.0,0,0,0,0.0,0.0,0.9,0.7,0.1,0.9,0.9,2616,42,342,261.6,261.6,0.344079709,0
8.0,17,64.0,2.48616202,0.0,0.0,0.0,0,0,0,0.0,0.0,1.0,1.0,0.0,1.0,1.0,3420,342,342,342.0,342.0,0.402273297,0
6.4,17,51.2,1.972229411,0.0,0.0,0.0,0,0,0,0.0,0.0,0.8,0.8,0.2,0.8,0.8,2820,42,342,282.0,282.0,0.607346392,0
8.0,17,64.0,1.406798395,0.0,0.0,0.0,0,0,0,0.0,0.0,1.0,1.0,0.0,1.0,1.0,3420,342,342,342.0,342.0,0.710915709,0
7.2,17,57.6,2.487431641,0.0,0.0,0.0,0,0,0,0.0,0.0,0.9,0.9,0.1,0.9,0.9,3120,42,342,312.0,312.0,0.502408195,0
8.0,17,64.0,2.488908131,0.0,0.0,0.0,0,0,0,0.0,0.0,1.0,1.0,0.0,1.0,1.0,3420,342,342,342.0,342.0,0.502103615,0
8.0,17,64.0,2.488289602,0.0,0.0,0.0,0,0,0,0.0,0.0,1.0,1.0,0.0,1.0,1.0,3420,342,342,342.0,342.0,0.502323794,0
7.2,17,57.6,2.151619494,0.0,0.0,0.0,0,0,0,0.0,0.0,0.9,0.9,0.1,0.9,0.9,3120,42,342,312.0,312.0,0.464783192,0
8.0,17,64.0,2.487359213,0.0,0.0,0.0,0,0,0,0.0,0.0,1.0,1.0,0.0,1.0,1.0,3420,342,342,342.0,342.0,0.402629709,0
8.0,17,64.0,2.48307161,0.0,0.0,0.0,0,0,0,0.0,0.0,1.0,1.0,0.0,1.0,1.0,3420,342,342,342.0,342.0,0.503173709,0
4.8,17,64.0,3.319404032,0.0,0.0,0.0,0,0,0,0.0,0.0,0.6,0.6,0.0,1.0,1.0,2444,98,342,244.4,244.4,0.3084584,0
8.0,17,64.0,1.99159545,0.0,0.0,0.0,0,0,0,0.0,0.0,1.0,1.0,0.0,1.0,1.0,3420,342,342,342.0,342.0,0.502223396,0
7.2,17,57.6,2.624200823,0.0,0.0,0.0,0,0,0,0.0,0.0,0.9,0.9,0.1,0.9,0.9,3120,42,342,312.0,312.0,0.381068397,0
8.0,17,64.0,1.990318755,0.0,0.0,0.0,0,0,0,0.0,0.0,1.0,1.0,0.0,1.0,1.0,3420,342,342,342.0,342.0,0.502534199,0
8.0,17,64.0,3.314970591,0.0,0.0,0.0,0,0,0,0.0,0.0,1.0,1.0,0.0,1.0,1.0,3420,342,342,342.0,342.0,0.402004194,0
8.0,17,64.0,1.92696496,0.0,0.0,0.0,0,0,0,0.0,0.0,1.0,1.0,0.0,1.0,1.0,3420,342,342,342.0,342.0,0.519164896,0
8.0,17,64.0,1.992368461,0.0,0.0,0.0,0,0,0,0.0,0.0,1.0,1.0,0.0,1.0,1.0,3420,342,342,342.0,342.0,0.502163506,0
7.2,17,57.6,1.876130002,0.0,0.0,0.0,0,0,0,0.0,0.0,0.9,0.9,0.1,0.9,0.9,3120,42,342,312.0,312.0,0.633312297,0
4.8,17,43.8,5.007353495,0.0,0.0,0.0,0,0,0,0.0,0.0,0.6,0.5,0.3,0.7,0.7,2044,42,342,204.4,204.4,0.203640699,0
8.0,17,64.0,3.314604619,0.0,0.0,0.0,0,0,0,0.0,0.0,1.0,1.0,0.0,1.0,1.0,3420,342,342,342.0,342.0,0.382492208,0
5.6,17,57.6,3.321798957,0.0,0.0,0.0,0,0,0,0.0,0.0,0.7,0.7,0.1,0.9,0.9,2632,42,342,263.2,263.2,0.301055908,0
8.0,17,64.0,2.487792963,0.0,0.0,0.0,0,0,0,0.0,0.0,1.0,1.0,0.0,1.0,1.0,3420,342,342,342.0,342.0,0.502115512,0
7.2,17,57.6,2.224762367,0.0,0.0,0.0,0,0,0,0.0,0.0,0.9,0.8,0.1,0.9,0.9,2868,42,342,286.8,286.8,0.449513221,0
7.2,17,57.6,2.014359604,0.0,0.0,0.0,0,0,0,0.0,0.0,0.9,0.9,0.1,0.9,0.9,3120,42,342,312.0,312.0,0.50222919,0
8.0,17,64.0,2.488898974,0.0,0.0,0.0,0,0,0,0.0,0.0,1.0,1.0,0.0,1.0,1.0,3420,342,342,342.0,342.0,0.502202988,0
8.0,17,64.0,2.323434616,0.0,0.0,0.0,0,0,0,0.0,0.0,1.0,1.0,0.0,1.0,1.0,2394,342,342,342.0,342.0,0.430767434,0
6.4,17,51.2,2.834283916,0.0,0.0,0.0,0,0,0,0.0,0.0,0.8,0.8,0.2,0.8,0.8,2820,42,342,282.0,282.0,0.352934504,0
8.0,17,64.0,2.488433686,0.0,0.0,0.0,0,0,0,0.0,0.0,1.0,1.0,0.0,1.0,1.0,3420,342,342,342.0,342.0,0.401859212,0
8.0,17,64.0,951.4129523,0.0,0.0,0.0,0,0,0,0.0,0.0,1.0,1.0,0.0,1.0,1.0,684,342,342,342.0,342.0,0.502292037,0
6.4,17,51.2,3.316561426,0.0,0.0,0.0,0,0,0,0.0,0.0,0.8,0.8,0.2,0.8,0.8,2820,42,342,282.0,282.0,0.301842904,0
7.2,17,57.6,2.261513242,0.0,0.0,0.0,0,0,0,0.0,0.0,0.9,0.9,0.1,0.9,0.9,3120,42,342,312.0,312.0,0.442189717,0
8.0,17,64.0,1.661049776,0.0,0.0,0.0,0,0,0,0.0,0.0,1.0,1.0,0.0,1.0,1.0,3420,342,342,342.0,342.0,0.60208602,0
7.2,17,57.6,3.31724814,0.0,0.0,0.0,0,0,0,0.0,0.0,0.9,0.9,0.1,0.9,0.9,3120,42,342,312.0,312.0,0.363027406,0
8.0,17,64.0,1.991305548,0.0,0.0,0.0,0,0,0,0.0,0.0,1.0,1.0,0.0,1.0,1.0,3420,342,342,342.0,342.0,0.502350593,0
7.2,17,57.6,3.316527334,0.0,0.0,0.0,0,0,0,0.0,0.0,0.9,0.9,0.1,0.9,0.9,3120,42,342,312.0,312.0,0.33541801,0
8.0,17,59.8,4.82402665,0.0,0.0,0.0,0,0,0,0.0,0.0,1.0,0.5,0.0,1.0,1.0,2160,90,342,216.0,216.0,0.210443687,0
8.0,17,64.0,2.486898481,0.0,0.0,0.0,0,0,0,0.0,0.0,1.0,1.0,0.0,1.0,1.0,3420,342,342,342.0,342.0,0.402168393,0
7.2,17,57.6,2.156207283,0.0,0.0,0.0,0,0,0,0.0,0.0,0.9,0.9,0.1,0.9,0.9,3120,42,342,312.0,312.0,0.463797688,0
7.2,17,57.6,2.029778869,0.0,0.0,0.0,0,0,0,0.0,0.0,0.9,0.9,0.1,0.9,0.9,3120,42,342,312.0,312.0,0.592968488,0
8.0,17,64.0,2.488881547,0.0,0.0,0.0,0,0,0,0.0,0.0,1.0,1.0,0.0,1.0,1.0,3420,342,342,342.0,342.0,0.502042508,0
7.2,17,57.6,2.032348042,0.0,0.0,0.0,0,0,0,0.0,0.0,0.9,0.9,0.1,0.9,0.9,3120,42,342,312.0,312.0,0.492041707,0
7.2,17,57.6,2.094809793,0.0,0.0,0.0,0,0,0,0.0,0.0,0.9,0.9,0.1,0.9,0.9,3120,42,342,312.0,312.0,0.502896714,0
8.0,17,64.0,2.486032786,0.0,0.0,0.0,0,0,0,0.0,0.0,1.0,1.0,0.0,1.0,1.0,3420,342,342,342.0,342.0,0.502642202,0
7.2,17,57.6,2.579722501,0.0,0.0,0.0,0,0,0,0.0,0.0,0.9,0.9,0.1,0.9,0.9,3120,42,342,312.0,312.0,0.387741089,0
8.0,17,64.0,3.317347052,0.0,0.0,0.0,0,0,0,0.0,0.0,1.0,1.0,0.0,1.0,1.0,3420,342,342,342.0,342.0,0.401769996,0
7.2,17,57.6,3.314147595,0.0,0.0,0.0,0,0,0,0.0,0.0,0.9,0.9,0.1,0.9,0.9,3120,42,342,312.0,312.0,0.301945305,0
8.0,17,64.0,2.490051647,0.0,0.0,0.0,0,0,0,0.0,0.0,1.0,1.0,0.0,1.0,1.0,3420,342,342,342.0,342.0,0.401747298,0
8.0,17,64.0,1.99424023,0.0,0.0,0.0,0,0,0,0.0,0.0,1.0,1.0,0.0,1.0,1.0,3420,342,342,342.0,342.0,0.501459193,0
8.0,17,61.7,3.653511263,0.0,0.0,0.0,0,0,0,0.0,0.0,1.0,0.6,0.0,1.0,1.0,2412,90,342,241.2,241.2,0.374006987,0
7.2,17,57.6,1.992238622,0.0,0.0,0.0,0,0,0,0.0,0.0,0.9,0.9,0.1,0.9,0.9,3120,42,342,312.0,312.0,0.510516095,0
8.0,17,64.0,2.487671085,0.0,0.0,0.0,0,0,0,0.0,0.0,1.0,1.0,0.0,1.0,1.0,3420,342,342,342.0,342.0,0.502418613,0
8.0,17,64.0,2.487512778,0.0,0.0,0.0,0,0,0,0.0,0.0,1.0,1.0,0.0,1.0,1.0,3420,342,342,342.0,342.0,0.402028894,0
6.4,17,51.2,2.25381611,0.0,0.0,0.0,0,0,0,0.0,0.0,0.8,0.8,0.2,0.8,0.8,2820,42,342,282.0,282.0,0.63132081,0
8.0,17,64.0,2.48896012,0.0,0.0,0.0,0,0,0,0.0,0.0,1.0,1.0,0.0,1.0,1.0,3420,342,342,342.0,342.0,0.401886106,0
7.2,17,57.6,2.326970597,0.0,0.0,0.0,0,0,0,0.0,0.0,0.9,0.9,0.1,0.9,0.9,3120,42,342,312.0,312.0,0.530088997,0
8.0,17,64.0,3.307659168,0.0,0.0,0.0,0,0,0,0.0,0.0,1.0,1.0,0.0,1.0,1.0,3420,342,342,342.0,342.0,0.402703309,0
8.0,17,64.0,2.488507506,0.0,0.0,0.0,0,0,0,0.0,0.0,1.0,1.0,0.0,1.0,1.0,3420,342,342,342.0,342.0,0.402130389,0
7.2,17,57.6,3.316037008,0.0,0.0,0.0,0,0,0,0.0,0.0,0.9,0.9,0.1,0.9,0.9,3120,42,342,312.0,312.0,0.361572194,0
6.4,17,50.2,4.977201938,0.0,0.0,0.0,0,0,0,0.0,0.0,0.8,0.6,0.2,0.8,0.8,2316,42,342,231.6,231.6,0.201149201,0
7.2,17,57.6,2.59047636,0.0,0.0,0.0,0,0,0,0.0,0.0,0.9,0.9,0.1,0.9,0.9,3120,42,342,312.0,312.0,0.402040005,0
8.0,17,64.0,2.012399204,0.0,0.0,0.0,0,0,0,0.0,0.0,1.0,1.0,0.0,1.0,1.0,3420,342,342,342.0,342.0,0.497026896,0
7.2,17,57.6,2.009487601,0.0,0.0,0.0,0,0,0,0.0,0.0,0.9,0.9,0.1,0.9,0.9,3120,42,342,312.0,312.0,0.497665501,0
8.0,17,64.0,2.487591265,0.0,0.0,0.0,0,0,0,0.0,0.0,1.0,1.0,0.0,1.0,1.0,3420,342,342,342.0,342.0,0.5022686,0
7.2,17,57.6,1.79104136,0.0,0.0,0.0,0,0,0,0.0,0.0,0.9,0.9,0.1,0.9,0.9,3120,42,342,312.0,312.0,0.558334398,0
6.4,17,51.2,2.765255038,0.0,0.0,0.0,0,0,0,0.0,0.0,0.8,0.8,0.2,0.8,0.8,2820,42,342,282.0,282.0,0.396496296,0
7.2,17,57.6,3.577694445,0.0,0.0,0.0,0,0,0,0.0,0.0,0.9,0.9,0.1,0.9,0.9,3120,42,342,312.0,312.0,0.379832196,0
7.2,17,57.6,1.693456042,0.0,0.0,0.0,0,0,0,0.0,0.0,0.9,0.9,0.1,0.9,0.9,3120,42,342,312.0,312.0,0.59052031,0
8.0,17,64.0,1.992565713,0.0,0.0,0.0,0,0,0,0.0,0.0,1.0,1.0,0.0,1.0,1.0,3420,342,342,342.0,342.0,0.602287316,0
8.0,17,64.0,2.241505635,0.0,0.0,0.0,0,0,0,0.0,0.0,1.0,1.0,0.0,1.0,1.0,3420,342,342,342.0,342.0,0.446128702,0
8.0,17,64.0,2.487713726,0.0,0.0,0.0,0,0,0,0.0,0.0,1.0,1.0,0.0,1.0,1.0,3420,342,342,342.0,342.0,0.402099419,0
8.0,17,64.0,2.48954337,0.0,0.0,0.0,0,0,0,0.0,0.0,1.0,1.0,0.0,1.0,1.0,3420,342,342,342.0,342.0,0.501997805,0
6.4,17,51.2,3.317213771,0.0,0.0,0.0,0,0,0,0.0,0.0,0.8,0.8,0.2,0.8,0.8,2820,42,342,282.0,282.0,0.401816821,0
7.2,17,57.6,2.287331366,0.0,0.0,0.0,0,0,0,0.0,0.0,0.9,0.9,0.1,0.9,0.9,3120,42,342,312.0,312.0,0.437252188,0
8.0,17,64.0,2.488664758,0.0,0.0,0.0,0,0,0,0.0,0.0,1.0,1.0,0.0,1.0,1.0,3420,342,342,342.0,342.0,0.401952291,0
7.2,17,57.6,2.489651836,0.0,0.0,0.0,0,0,0,0.0,0.0,0.9,0.9,0.1,0.9,0.9,3120,42,342,312.0,312.0,0.47626729,0
6.4,17,51.2,2.953831939,0.0,0.0,0.0,0,0,0,0.0,0.0,0.8,0.8,0.2,0.8,0.8,2820,42,342,282.0,282.0,0.438901114,0
8.0,17,64.0,1.992378777,0.0,0.0,0.0,0,0,0,0.0,0.0,1.0,1.0,0.0,1.0,1.0,3420,342,342,342.0,342.0,0.502003002,0
8.0,17,64.0,2.487141509,0.0,0.0,0.0,0,0,0,0.0,0.0,1.0,1.0,0.0,1.0,1.0,3420,342,342,342.0,342.0,0.402092385,0
8.0,17,64.0,2.488207233,0.0,0.0,0.0,0,0,0,0.0,0.0,1.0,1.0,0.0,1.0,1.0,3420,342,342,342.0,342.0,0.401907301,0
7.2,17,57.6,2.716729807,0.0,0.0,0.0,0,0,0,0.0,0.0,0.9,0.9,0.1,0.9,0.9,3120,42,342,312.0,312.0,0.368252492,0
7.2,17,57.6,3.188760078,0.0,0.0,0.0,0,0,0,0.0,0.0,0.9,0.9,0.1,0.9,0.9,3120,42,342,312.0,312.0,0.414112711,0
7.2,17,57.6,2.344554293,0.0,0.0,0.0,0,0,0,0.0,0.0,0.9,0.9,0.1,0.9,0.9,3120,42,342,312.0,312.0,0.526942706,0
8.0,17,64.0,3.313331813,0.0,0.0,0.0,0,0,0,0.0,0.0,1.0,1.0,0.0,1.0,1.0,3420,342,342,342.0,342.0,0.402090812,0
8.0,17,64.0,2.487401253,0.0,0.0,0.0,0,0,0,0.0,0.0,1.0,1.0,0.0,1.0,1.0,3420,342,342,342.0,342.0,0.502343297,0
8.0,17,64.0,1.99421956,0.0,0.0,0.0,0,0,0,0.0,0.0,1.0,1.0,0.0,1.0,1.0,3420,342,342,342.0,342.0,0.601775098,0
8.0,17,64.0,2.488661657,0.0,0.0,0.0,0,0,0,0.0,0.0,1.0,1.0,0.0,1.0,1.0,3420,342,342,342.0,342.0,0.502120399,0
8.0,17,64.0,2.489945511,0.0,0.0,0.0,0,0,0,0.0,0.0,1.0,1.0,0.0,1.0,1.0,3420,342,342,342.0,342.0,0.40170691,0
7.2,17,57.6,3.31435108,0.0,0.0,0.0,0,0,0,0.0,0.0,0.9,0.9,0.1,0.9,0.9,3120,42,342,312.0,312.0,0.301918888,0
8.0,17,61.1,9.260742091,0.0,0.0,0.0,0,0,0,0.0,0.0,1.0,0.2,0.0,1.0,1.0,1404,90,342,140.4,140.4,0.145652103,0
8.0,17,64.0,2.487642756,0.0,0.0,0.0,0,0,0,0.0,0.0,1.0,1.0,0.0,1.0,1.0,3420,342,342,342.0,342.0,0.402004981,0
8.0,17,64.0,1.661651305,0.0,0.0,0.0,0,0,0,0.0,0.0,1.0,1.0,0.0,1.0,1.0,3420,342,342,342.0,342.0,0.601961899,0
8.0,17,64.0,2.48715198,0.0,0.0,0.0,0,0,0,0.0,0.0,1.0,1.0,0.0,1.0,1.0,3420,342,342,342.0,342.0,0.50249989,0
8.0,17,64.0,2.484572657,0.0,0.0,0.0,0,0,0,0.0,0.0,1.0,1.0,0.0,1.0,1.0,3420,342,342,342.0,342.0,0.402483702,0
6.4,17,51.2,2.727670491,0.0,0.0,0.0,0,0,0,0.0,0.0,0.8,0.8,0.2,0.8,0.8,2820,42,342,282.0,282.0,0.366719508,0
8.0,17,64.0,1.991921194,0.0,0.0,0.0,0,0,0,0.0,0.0,1.0,1.0,0.0,1.0,1.0,3420,342,342,342.0,342.0,0.502334499,0
8.0,17,64.0,1.676777909,0.0,0.0,0.0,0,0,0,0.0,0.0,1.0,1.0,0.0,1.0,1.0,3420,342,342,342.0,342.0,0.596464515,0
8.0,17,64.0,1.991410587,0.0,0.0,0.0,0,0,0,0.0,0.0,1.0,1.0,0.0,1.0,1.0,3420,342,342,342.0,342.0,0.502273107,0
8.0,17,64.0,2.488143468,0.0,0.0,0.0,0,0,0,0.0,0.0,1.0,1.0,0.0,1.0,1.0,3420,342,342,342.0,342.0,0.50211699,0
7.2,17,57.6,2.167390068,0.0,0.0,0.0,0,0,0,0.0,0.0,0.9,0.9,0.1,0.9,0.9,3120,42,342,312.0,312.0,0.461393905,0
8.0,17,64.0,2.489060559,0.0,0.0,0.0,0,0,0,0.0,0.0,1.0,1.0,0.0,1.0,1.0,3420,342,342,342.0,342.0,0.502373505,0
8.0,17,64.0,2.104493103,0.0,0.0,0.0,0,0,0,0.0,0.0,1.0,1.0,0.0,1.0,1.0,3420,342,342,342.0,342.0,0.575558805,0
7.2,17,57.6,3.146258774,0.0,0.0,0.0,0,0,0,0.0,0.0,0.9,0.9,0.1,0.9,0.9,3120,42,342,312.0,312.0,0.418166995,0
8.0,17,64.0,3.310911964,0.0,0.0,0.0,0,0,0,0.0,0.0,1.0,0.9,0.0,1.0,1.0,3168,90,342,316.8,316.8,0.401598883,0
8.0,17,64.0,2.489267518,0.0,0.0,0.0,0,0,0,0.0,0.0,1.0,1.0,0.0,1.0,1.0,3420,342,342,342.0,342.0,0.602204299,0
8.0,17,64.0,3.310395601,0.0,0.0,0.0,0,0,0,0.0,0.0,1.0,1.0,0.0,1.0,1.0,3420,342,342,342.0,342.0,0.4024261,0
7.2,17,57.6,2.454301457,0.0,0.0,0.0,0,0,0,0.0,0.0,0.9,0.9,0.1,0.9,0.9,3120,42,342,312.0,312.0,0.507816601,0
7.2,17,57.6,3.310609339,0.0,0.0,0.0,0,0,0,0.0,0.0,0.9,0.9,0.1,0.9,0.9,3120,42,342,312.0,312.0,0.402412701,0
8.0,17,68.4,2.827669539,0.0,0.0,0.0,0,0,0,0.0,0.0,1.0,0.8,0.0,1.0,1.0,2964,82,342,296.4,296.4,0.44926281,0
8.0,17,64.0,1.992333445,0.0,0.0,0.0,0,0,0,0.0,0.0,1.0,1.0,0.0,1.0,1.0,3420,342,342,342.0,342.0,0.502034593,0
8.0,17,64.0,3.317706807,0.0,0.0,0.0,0,0,0,0.0,0.0,1.0,1.0,0.0,1.0,1.0,3420,342,342,342.0,342.0,0.301526713,0
8.0,17,64.0,1.992039354,0.0,0.0,0.0,0,0,0,0.0,0.0,1.0,1.0,0.0,1.0,1.0,3420,342,342,342.0,342.0,0.602357197,0
8.0,17,64.0,2.488841376,0.0,0.0,0.0,0,0,0,0.0,0.0,1.0,1.0,0.0,1.0,1.0,3420,342,342,342.0,342.0,0.402065802,0
7.2,17,57.6,1.208481554,0.0,0.0,0.0,0,0,0,0.0,0.0,0.9,0.9,0.1,0.9,0.9,3120,42,342,312.0,312.0,0.832621288,0
8.0,17,64.0,2.486672602,0.0,0.0,0.0,0,0,0,0.0,0.0,1.0,1.0,0.0,1.0,1.0,3420,342,342,342.0,342.0,0.402225304,0
7.2,17,57.6,3.313488864,0.0,0.0,0.0,0,0,0,0.0,0.0,0.9,0.9,0.1,0.9,0.9,3120,42,342,312.0,312.0,0.402066588,0
8.0,17,64.0,3.318203401,0.0,0.0,0.0,0,0,0,0.0,0.0,1.0,1.0,0.0,1.0,1.0,3420,342,342,342.0,342.0,0.401762795,0
7.2,17,57.6,3.693419445,0.0,0.0,0.0,0,0,0,0.0,0.0,0.9,0.9,0.1,0.9,0.9,3120,42,342,312.0,312.0,0.371099114,0
8.0,17,64.0,1.993188485,0.0,0.0,0.0,0,0,0,0.0,0.0,1.0,1.0,0.0,1.0,1.0,3420,342,342,342.0,342.0,0.602248788,0
8.0,17,64.0,3.317035642,0.0,0.0,0.0,0,0,0,0.0,0.0,1.0,1.0,0.0,1.0,1.0,3420,342,342,342.0,342.0,0.301493597,0
8.0,17,64.0,1100.09722,0.0,0.0,0.0,0,0,0,0.0,0.0,1.0,1.0,0.0,1.0,1.0,1026,342,342,342.0,342.0,0.001190662,0
8.0,17,64.0,2.69680543,0.0,0.0,0.0,0,0,0,0.0,0.0,1.0,1.0,0.0,1.0,1.0,3420,342,342,342.0,342.0,0.471010113,0
5.6,17,57.6,3.318363015,0.0,0.0,0.0,0,0,0,0.0,0.0,0.7,0.7,0.1,0.9,0.9,2632,42,342,263.2,263.2,0.30152781,0
8.0,17,64.0,1.991563392,0.0,0.0,0.0,0,0,0,0.0,0.0,1.0,1.0,0.0,1.0,1.0,3420,342,342,342.0,342.0,0.602368093,0
7.2,17,57.6,2.715974236,0.0,0.0,0.0,0,0,0,0.0,0.0,0.9,0.9,0.1,0.9,0.9,3120,42,342,312.0,312.0,0.468559313,0
8.0,17,64.0,2.487248439,0.0,0.0,0.0,0,0,0,0.0,0.0,1.0,1.0,0.0,1.0,1.0,3420,342,342,342.0,342.0,0.402066398,0
8.0,17,64.0,1.990755004,0.0,0.0,0.0,0,0,0,0.0,0.0,1.0,1.0,0.0,1.0,1.0,3420,342,342,342.0,342.0,0.502424192,0
8.0,17,64.0,2.483276252,0.0,0.0,0.0,0,0,0,0.0,0.0,1.0,1.0,0.0,1.0,1.0,3420,342,342,342.0,342.0,0.40269382,0
8.0,17,64.0,1.864023932,0.0,0.0,0.0,0,0,0,0.0,0.0,1.0,1.0,0.0,1.0,1.0,3420,342,342,342.0,342.0,0.536475396,0
8.0,17,64.0,2.539331663,0.0,0.0,0.0,0,0,0,0.0,0.0,1.0,1.0,0.0,1.0,1.0,3420,342,342,342.0,342.0,0.632399321,0
7.2,17,57.6,2.707837271,0.0,0.0,0.0,0,0,0,0.0,0.0,0.9,0.9,0.1,0.9,0.9,3120,42,342,312.0,312.0,0.470286489,0
8.0,17,64.0,1.991770793,0.0,0.0,0.0,0,0,0,0.0,0.0,1.0,1.0,0.0,1.0,1.0,3420,342,342,342.0,342.0,0.60243361,0
8.0,17,64.0,2.488735934,0.0,0.0,0.0,0,0,0,0.0,0.0,1.0,1.0,0.0,1.0,1.0,3420,342,342,342.0,342.0,0.502208591,0
8.0,17,64.0,2.488739625,0.0,0.0,0.0,0,0,0,0.0,0.0,1.0,1.0,0.0,1.0,1.0,3420,342,342,342.0,342.0,0.502204895,0
8.0,17,64.0,1.993889462,0.0,0.0,0.0,0,0,0,0.0,0.0,1.0,1.0,0.0,1.0,1.0,3420,342,342,342.0,342.0,0.501714611,0
8.0,17,64.0,1.992277137,0.0,0.0,0.0,0,0,0,0.0,0.0,1.0,1.0,0.0,1.0,1.0,3420,342,342,342.0,342.0,0.502025509,0
8.0,17,64.0,1.660982747,0.0,0.0,0.0,0,0,0,0.0,0.0,1.0,1.0,0.0,1.0,1.0,3420,342,342,342.0,342.0,0.602105999,0
8.0,17,64.0,1.660318408,0.0,0.0,0.0,0,0,0,0.0,0.0,1.0,1.0,0.0,1.0,1.0,3420,342,342,342.0,342.0,0.602379704,0
6.4,17,57.6,2.755918125,0.0,0.0,0.0,0,0,0,0.0,0.0,0.8,0.8,0.1,0.9,0.9,2876,42,342,287.6,287.6,0.362860799,0
8.0,17,64.0,3.316149219,0.0,0.0,0.0,0,0,0,0.0,0.0,1.0,1.0,0.0,1.0,1.0,3420,342,342,342.0,342.0,0.401912284,0
8.0,17,64.0,1.991534834,0.0,0.0,0.0,0,0,0,0.0,0.0,1.0,1.0,0.0,1.0,1.0,3420,342,342,342.0,342.0,0.502315688,0
8.0,17,64.0,1.9921299,0.0,0.0,0.0,0,0,0,0.0,0.0,1.0,1.0,0.0,1.0,1.0,3420,342,342,342.0,342.0,0.501984596,0
8.0,17,64.0,3.31627114,0.0,0.0,0.0,0,0,0,0.0,0.0,1.0,1.0,0.0,1.0,1.0,3420,342,342,342.0,342.0,0.401896,0
8.0,17,64.0,3.318240941,0.0,0.0,0.0,0,0,0,0.0,0.0,1.0,1.0,0.0,1.0,1.0,3420,342,342,342.0,342.0,0.301534081,0
6.4,17,51.2,3.286103266,0.0,0.0,0.0,0,0,0,0.0,0.0,0.8,0.8,0.2,0.8,0.8,2820,42,342,282.0,282.0,0.304377103,0
8.0,17,64.0,1.991562919,0.0,0.0,0.0,0,0,0,0.0,0.0,1.0,1.0,0.0,1.0,1.0,3420,342,342,342.0,342.0,0.6024575,0
8.0,17,64.0,1.990424446,0.0,0.0,0.0,0,0,0,0.0,0.0,1.0,1.0,0.0,1.0,1.0,3420,342,342,342.0,342.0,0.502405405,0
6.4,17,51.2,1.518582368,0.0,0.0,0.0,0,0,0,0.0,0.0,0.8,0.8,0.2,0.8,0.8,2820,42,342,282.0,282.0,0.658508897,0
8.0,17,64.0,3.315374905,0.0,0.0,0.0,0,0,0,0.0,0.0,1.0,1.0,0.0,1.0,1.0,3420,342,342,342.0,342.0,0.402000117,0
8.0,17,64.0,2.503363987,0.0,0.0,0.0,0,0,0,0.0,0.0,1.0,1.0,0.0,1.0,1.0,3420,342,342,342.0,342.0,0.499800491,0
8.0,17,64.0,1.99180806,0.0,0.0,0.0,0,0,0,0.0,0.0,1.0,1.0,0.0,1.0,1.0,3420,342,342,342.0,342.0,0.60223949,0
8.0,17,64.0,2.309936667,0.0,0.0,0.0,0,0,0,0.0,0.0,1.0,1.0,0.0,1.0,1.0,3420,342,342,342.0,342.0,0.433076286,0
8.0,17,64.0,3.315310177,0.0,0.0,0.0,0,0,0,0.0,0.0,1.0,1.0,0.0,1.0,1.0,3420,342,342,342.0,342.0,0.502199411,0
7.2,17,57.6,3.048287951,0.0,0.0,0.0,0,0,0,0.0,0.0,0.9,0.9,0.1,0.9,0.9,3120,42,342,312.0,312.0,0.4284374,0
8.0,17,64.0,2.487291213,0.0,0.0,0.0,0,0,0,0.0,0.0,1.0,1.0,0.0,1.0,1.0,3420,342,342,342.0,342.0,0.502412701,0
8.0,17,64.0,1.660773736,0.0,0.0,0.0,0,0,0,0.0,0.0,1.0,1.0,0.0,1.0,1.0,3420,342,342,342.0,342.0,0.602350497,0
7.2,17,57.6,1.861511373,0.0,0.0,0.0,0,0,0,0.0,0.0,0.9,0.9,0.1,0.9,0.9,3120,42,342,312.0,312.0,0.537354302,0
8.0,17,64.0,2.488718656,0.0,0.0,0.0,0,0,0,0.0,0.0,1.0,1.0,0.0,1.0,1.0,3420,342,342,342.0,342.0,0.40194428,0
8.0,17,64.0,1.991156847,0.0,0.0,0.0,0,0,0,0.0,0.0,1.0,1.0,0.0,1.0,1.0,3420,342,342,342.0,342.0,0.6025388,0
7.2,17,57.6,2.2319661,0.0,0.0,0.0,0,0,0,0.0,0.0,0.9,0.9,0.1,0.9,0.9,3120,42,342,312.0,312.0,0.548428202,0
8.0,17,64.0,2.488254174,0.0,0.0,0.0,0,0,0,0.0,0.0,1.0,1.0,0.0,1.0,1.0,3420,342,342,342.0,342.0,0.479607201,0
8.0,17,64.0,1.661312813,0.0,0.0,0.0,0,0,0,0.0,0.0,1.0,1.0,0.0,1.0,1.0,3420,342,342,342.0,342.0,0.602023911,0
8.0,17,64.0,3.31628661,0.0,0.0,0.0,0,0,0,0.0,0.0,1.0,1.0,0.0,1.0,1.0,3420,342,342,342.0,342.0,0.401889586,0
7.2,17,57.6,2.488152176,0.0,0.0,0.0,0,0,0,0.0,0.0,0.9,0.9,0.1,0.9,0.9,3120,42,342,312.0,312.0,0.401973391,0
6.4,17,51.2,1.993119816,0.0,0.0,0.0,0,0,0,0.0,0.0,0.8,0.8,0.2,0.8,0.8,2820,42,342,282.0,282.0,0.505537605,0
7.2,17,57.6,2.656168069,0.0,0.0,0.0,0,0,0,0.0,0.0,0.9,0.9,0.1,0.9,0.9,3120,42,342,312.0,312.0,0.456822991,0
8.0,17,64.0,1.658314544,0.0,0.0,0.0,0,0,0,0.0,0.0,1.0,1.0,0.0,1.0,1.0,3420,342,342,342.0,342.0,0.60314641,0
8.0,17,64.0,1.99225963,0.0,0.0,0.0,0,0,0,0.0,0.0,1.0,1.0,0.0,1.0,1.0,3420,342,342,342.0,342.0,0.602249503,0
8.0,17,64.0,2.48685808,0.0,0.0,0.0,0,0,0,0.0,0.0,1.0,1.0,0.0,1.0,1.0,3420,342,342,342.0,342.0,0.402128506,0
8.0,17,64.0,2.029298646,0.0,0.0,0.0,0,0,0,0.0,0.0,1.0,1.0,0.0,1.0,1.0,3420,342,342,342.0,342.0,0.592974997,0
6.4,17,51.2,2.703801686,0.0,0.0,0.0,0,0,0,0.0,0.0,0.8,0.8,0.2,0.8,0.8,2820,42,342,282.0,282.0,0.39031291,0
8.0,17,64.0,2.478760823,0.0,0.0,0.0,0,0,0,0.0,0.0,1.0,1.0,0.0,1.0,1.0,3420,342,342,342.0,342.0,0.403642297,0
7.2,17,57.6,3.265221982,0.0,0.0,0.0,0,0,0,0.0,0.0,0.9,0.9,0.1,0.9,0.9,3120,42,342,312.0,312.0,0.306258392,0
8.0,17,64.0,1.991204395,0.0,0.0,0.0,0,0,0,0.0,0.0,1.0,1.0,0.0,1.0,1.0,3420,342,342,342.0,342.0,0.5022089,0
8.0,17,64.0,1.656632732,0.0,0.0,0.0,0,0,0,0.0,0.0,1.0,1.0,0.0,1.0,1.0,3420,342,342,342.0,342.0,0.603746295,0
8.0,17,64.0,3.315810249,0.0,0.0,0.0,0,0,0,0.0,0.0,1.0,1.0,0.0,1.0,1.0,3420,342,342,342.0,342.0,0.401893497,0
8.0,17,64.0,2.487977574,0.0,0.0,0.0,0,0,0,0.0,0.0,1.0,1.0,0.0,1.0,1.0,3420,342,342,342.0,342.0,0.502239585,0
8.0,17,64.0,2.487895227,0.0,0.0,0.0,0,0,0,0.0,0.0,1.0,1.0,0.0,1.0,1.0,3420,342,342,342.0,342.0,0.401947308,0
7.2,17,57.6,2.546375245,0.0,0.0,0.0,0,0,0,0.0,0.0,0.9,0.9,0.1,0.9,0.9,3120,42,342,312.0,312.0,0.402031612,0
8.0,17,64.0,3.166978346,0.0,0.0,0.0,0,0,0,0.0,0.0,1.0,1.0,0.0,1.0,1.0,3420,342,342,342.0,342.0,0.416200018,0
8.0,17,64.0,1.992168789,0.0,0.0,0.0,0,0,0,0.0,0.0,1.0,1.0,0.0,1.0,1.0,3420,342,342,342.0,342.0,0.501965499,0
8.0,17,64.0,2.490096883,0.0,0.0,0.0,0,0,0,0.0,0.0,1.0,1.0,0.0,1.0,1.0,3420,342,342,342.0,342.0,0.401801491,0
8.0,17,64.0,1.660299677,0.0,0.0,0.0,0,0,0,0.0,0.0,1.0,1.0,0.0,1.0,1.0,3420,342,342,342.0,342.0,0.602413797,0
8.0,17,64.0,2.488661657,0.0,0.0,0.0,0,0,0,0.0,0.0,1.0,1.0,0.0,1.0,1.0,3420,342,342,342.0,342.0,0.402033806,0
8.0,17,64.0,2.325890358,0.0,0.0,0.0,0,0,0,0.0,0.0,1.0,1.0,0.0,1.0,1.0,2394,342,342,342.0,342.0,0.430052587,0
8.0,17,64.0,3.316935437,0.0,0.0,0.0,0,0,0,0.0,0.0,1.0,1.0,0.0,1.0,1.0,3420,342,342,342.0,342.0,0.401866102,0
8.0,17,64.0,2.488370057,0.0,0.0,0.0,0,0,0,0.0,0.0,1.0,1.0,0.0,1.0,1.0,3420,342,342,342.0,342.0,0.502231288,0
8.0,17,64.0,1.99261134,0.0,0.0,0.0,0,0,0,0.0,0.0,1.0,1.0,0.0,1.0,1.0,3420,342,342,342.0,342.0,0.501923609,0
8.0,17,64.0,3.313901719,0.0,0.0,0.0,0,0,0,0.0,0.0,1.0,1.0,0.0,1.0,1.0,3420,342,342,342.0,342.0,0.402168393,0
7.2,17,57.6,3.174784501,0.0,0.0,0.0,0,0,0,0.0,0.0,0.9,0.9,0.1,0.9,0.9,3120,42,342,312.0,312.0,0.415360689,0
7.2,17,57.6,2.861557004,0.0,0.0,0.0,0,0,0,0.0,0.0,0.9,0.9,0.1,0.9,0.9,3120,42,342,312.0,312.0,0.433224082,0
8.0,17,64.0,2.240848927,0.0,0.0,0.0,0,0,0,0.0,0.0,1.0,1.0,0.0,1.0,1.0,3078,342,342,342.0,342.0,0.446376774,0
8.0,17,64.0,3.313962203,0.0,0.0,0.0,0,0,0,0.0,0.0,1.0,1.0,0.0,1.0,1.0,3420,342,342,342.0,342.0,0.301766205,0
6.4,17,49.9,3.006069613,0.0,0.0,0.0,0,0,0,0.0,0.0,0.8,0.7,0.2,0.8,0.8,2568,42,342,256.8,256.8,0.332737684,0
7.2,17,57.6,2.104868342,0.0,0.0,0.0,0,0,0,0.0,0.0,0.9,0.9,0.1,0.9,0.9,3120,42,342,312.0,312.0,0.675606394,0
7.2,17,57.6,1.626596816,0.0,0.0,0.0,0,0,0,0.0,0.0,0.9,0.9,0.1,0.9,0.9,3120,42,342,312.0,312.0,0.614780807,0
8.0,17,64.0,3.31573895,0.0,0.0,0.0,0,0,0,0.0,0.0,1.0,1.0,0.0,1.0,1.0,3420,342,342,342.0,342.0,0.402076221,0
8.0,17,64.0,1.992455819,0.0,0.0,0.0,0,0,0,0.0,0.0,1.0,1.0,0.0,1.0,1.0,3420,342,342,342.0,342.0,0.602341986,0
7.2,17,57.6,2.384315502,0.0,0.0,0.0,0,0,0,0.0,0.0,0.9,0.9,0.1,0.9,0.9,3120,42,342,312.0,312.0,0.519773102,0
8.0,17,64.0,3.313462426,0.0,0.0,0.0,0,0,0,0.0,0.0,1.0,1.0,0.0,1.0,1.0,3420,342,342,342.0,342.0,0.402137613,0
8.0,17,64.0,3.315180466,0.0,0.0,0.0,0,0,0,0.0,0.0,1.0,1.0,0.0,1.0,1.0,3420,342,342,342.0,342.0,0.301705098,0
8.0,17,64.0,2.487247849,0.0,0.0,0.0,0,0,0,0.0,0.0,1.0,1.0,0.0,1.0,1.0,3420,342,342,342.0,342.0,0.502394795,0
8.0,17,64.0,1.661321105,0.0,0.0,0.0,0,0,0,0.0,0.0,1.0,1.0,0.0,1.0,1.0,3420,342,342,342.0,342.0,0.602285504,0
8.0,17,64.0,2.488362528,0.0,0.0,0.0,0,0,0,0.0,0.0,1.0,1.0,0.0,1.0,1.0,3420,342,342,342.0,342.0,0.40199039,0
8.0,17,64.0,2.48928111,0.0,0.0,0.0,0,0,0,0.0,0.0,1.0,1.0,0.0,1.0,1.0,3420,342,342,342.0,342.0,0.501886702,0
7.2,17,57.6,3.603107554,0.0,0.0,0.0,0,0,0,0.0,0.0,0.9,0.9,0.1,0.9,0.9,3120,42,342,312.0,312.0,0.477914619,0
7.2,17,57.6,2.231459533,0.0,0.0,0.0,0,0,0,0.0,0.0,0.9,0.9,0.1,0.9,0.9,3120,42,342,312.0,312.0,0.547799802,0
8.0,17,64.0,2.488258454,0.0,0.0,0.0,0,0,0,0.0,0.0,1.0,1.0,0.0,1.0,1.0,3420,342,342,342.0,342.0,0.401887798,0
7.2,17,57.6,2.456248679,0.0,0.0,0.0,0,0,0,0.0,0.0,0.9,0.9,0.1,0.9,0.9,3120,42,342,312.0,312.0,0.493497992,0
8.0,17,64.0,2.487062903,0.0,0.0,0.0,0,0,0,0.0,0.0,1.0,1.0,0.0,1.0,1.0,3420,342,342,342.0,342.0,0.402147388,0
7.2,17,57.6,2.544118823,0.0,0.0,0.0,0,0,0,0.0,0.0,0.9,0.9,0.1,0.9,0.9,3120,42,342,312.0,312.0,0.493449807,0
8.0,17,64.0,2.48915229,0.0,0.0,0.0,0,0,0,0.0,0.0,1.0,1.0,0.0,1.0,1.0,3420,342,342,342.0,342.0,0.502103186,0
8.0,17,64.0,3.316262487,0.0,0.0,0.0,0,0,0,0.0,0.0,1.0,1.0,0.0,1.0,1.0,3420,342,342,342.0,342.0,0.301698494,0
8.0,17,64.0,2.490471549,0.0,0.0,0.0,0,0,0,0.0,0.0,1.0,1.0,0.0,1.0,1.0,3420,342,342,342.0,342.0,0.501888394,0
6.4,17,51.2,2.682042253,0.0,0.0,0.0,0,0,0,0.0,0.0,0.8,0.8,0.2,0.8,0.8,2820,42,342,282.0,282.0,0.473152304,0
8.0,17,64.0,2.488015799,0.0,0.0,0.0,0,0,0,0.0,0.0,1.0,1.0,0.0,1.0,1.0,3420,342,342,342.0,342.0,0.401942205,0
8.0,17,64.0,2.480724177,0.0,0.0,0.0,0,0,0,0.0,0.0,1.0,1.0,0.0,1.0,1.0,3420,342,342,342.0,342.0,0.403192687,0
8.0,17,64.0,2.488115424,0.0,0.0,0.0,0,0,0,0.0,0.0,1.0,1.0,0.0,1.0,1.0,3420,342,342,342.0,342.0,0.401920795,0
7.2,17,57.6,2.672983474,0.0,0.0,0.0,0,0,0,0.0,0.0,0.9,0.9,0.1,0.9,0.9,3120,42,342,312.0,312.0,0.474427891,0
8.0,17,64.0,2.487490355,0.0,0.0,0.0,0,0,0,0.0,0.0,1.0,1.0,0.0,1.0,1.0,3420,342,342,342.0,342.0,0.402011991,0
8.0,17,62.0,3.317897343,0.0,0.0,0.0,0,0,0,0.0,0.0,1.0,0.6,0.0,1.0,1.0,2412,90,342,241.2,241.2,0.401549411,0
8.0,17,64.0,2.486874889,0.0,0.0,0.0,0,0,0,0.0,0.0,1.0,1.0,0.0,1.0,1.0,3420,342,342,342.0,342.0,0.402111197,0
4.8,17,49.4,9.40197759,0.0,0.0,0.0,0,0,0,0.0,0.0,0.6,0.5,0.3,0.7,0.7,2156,42,342,215.6,215.6,0.20679431,0
6.4,17,64.0,3.317618894,0.0,0.0,0.0,0,0,0,0.0,0.0,0.8,0.8,0.0,1.0,1.0,2932,98,342,293.2,293.2,0.401849294,0
8.0,17,64.0,1.992102934,0.0,0.0,0.0,0,0,0,0.0,0.0,1.0,1.0,0.0,1.0,1.0,3420,342,342,342.0,342.0,0.602430201,0
8.0,17,64.0,3.315221343,0.0,0.0,0.0,0,0,0,0.0,0.0,1.0,1.0,0.0,1.0,1.0,3420,342,342,342.0,342.0,0.364997101,0
8.0,17,64.0,2.486510738,0.0,0.0,0.0,0,0,0,0.0,0.0,1.0,1.0,0.0,1.0,1.0,3420,342,342,342.0,342.0,0.402395797,0
7.2,17,57.6,3.31286101,0.0,0.0,0.0,0,0,0,0.0,0.0,0.9,0.9,0.1,0.9,0.9,3120,42,342,312.0,312.0,0.301999402,0
5.6,17,44.8,1.864470219,0.0,0.0,0.0,0,0,0,0.0,0.0,0.7,0.7,0.3,0.7,0.7,2520,42,342,252.0,252.0,0.536412787,0
8.0,17,64.0,2.487728039,0.0,0.0,0.0,0,0,0,0.0,0.0,1.0,1.0,0.0,1.0,1.0,3420,342,342,342.0,342.0,0.402078009,0
8.0,17,64.0,1.687205585,0.0,0.0,0.0,0,0,0,0.0,0.0,1.0,1.0,0.0,1.0,1.0,3420,342,342,342.0,342.0,0.592699099,0
7.2,17,57.6,2.488120442,0.0,0.0,0.0,0,0,0,0.0,0.0,0.9,0.9,0.1,0.9,0.9,3120,42,342,312.0,312.0,0.401927614,0
8.0,17,64.0,2.487737334,0.0,0.0,0.0,0,0,0,0.0,0.0,1.0,1.0,0.0,1.0,1.0,3420,342,342,342.0,342.0,0.40202291,0
7.2,17,57.6,2.60641208,0.0,0.0,0.0,0,0,0,0.0,0.0,0.9,0.9,0.1,0.9,0.9,3120,42,342,312.0,312.0,0.447454596,0
8.0,17,64.0,2.487818934,0.0,0.0,0.0,0,0,0,0.0,0.0,1.0,1.0,0.0,1.0,1.0,3420,342,342,342.0,342.0,0.4021245,0
6.4,17,51.2,2.19936934,0.0,0.0,0.0,0,0,0,0.0,0.0,0.8,0.8,0.2,0.8,0.8,2820,42,342,282.0,282.0,0.454772305,0
8.0,17,64.0,3.316209523,0.0,0.0,0.0,0,0,0,0.0,0.0,1.0,1.0,0.0,1.0,1.0,3420,342,342,342.0,342.0,0.401929593,0
7.2,17,57.6,2.258558895,0.0,0.0,0.0,0,0,0,0.0,0.0,0.9,0.9,0.1,0.9,0.9,3120,42,342,312.0,312.0,0.442978811,0
8.0,17,64.0,1.662310585,0.0,0.0,0.0,0,0,0,0.0,0.0,1.0,1.0,0.0,1.0,1.0,3420,342,342,342.0,342.0,0.601774096,0
8.0,17,64.0,1.991884301,0.0,0.0,0.0,0,0,0,0.0,0.0,1.0,1.0,0.0,1.0,1.0,3420,342,342,342.0,342.0,0.602607703,0
7.2,17,57.6,3.314078463,0.0,0.0,0.0,0,0,0,0.0,0.0,0.9,0.9,0.1,0.9,0.9,3120,42,342,312.0,312.0,0.39147439,0
8.0,17,64.0,3.316252524,0.0,0.0,0.0,0,0,0,0.0,0.0,1.0,1.0,0.0,1.0,1.0,3420,342,342,342.0,342.0,0.301634288,0
8.0,17,64.0,2.486899513,0.0,0.0,0.0,0,0,0,0.0,0.0,1.0,1.0,0.0,1.0,1.0,3420,342,342,342.0,342.0,0.502351213,0
8.0,17,64.0,2.489615187,0.0,0.0,0.0,0,0,0,0.0,0.0,1.0,1.0,0.0,1.0,1.0,3420,342,342,342.0,342.0,0.502054,0
7.2,17,57.6,3.314216992,0.0,0.0,0.0,0,0,0,0.0,0.0,0.9,0.9,0.1,0.9,0.9,3120,42,342,312.0,312.0,0.301736307,0
8.0,17,64.0,2.985287599,0.0,0.0,0.0,0,0,0,0.0,0.0,1.0,1.0,0.0,1.0,1.0,3420,342,342,342.0,342.0,0.335058212,0
8.0,17,64.0,6772.288482,0.0,0.0,0.0,0,0,0,0.0,0.0,1.0,1.0,0.0,1.0,1.0,1026,342,342,342.0,342.0,0.000894626,0
7.2,17,57.6,2.488792346,0.0,0.0,0.0,0,0,0,0.0,0.0,0.9,0.9,0.1,0.9,0.9,3120,42,342,312.0,312.0,0.402026415,0
8.0,17,64.0,2.486699877,0.0,0.0,0.0,0,0,0,0.0,0.0,1.0,1.0,0.0,1.0,1.0,3420,342,342,342.0,342.0,0.402165103,0
8.0,17,64.0,2.488022735,0.0,0.0,0.0,0,0,0,0.0,0.0,1.0,1.0,0.0,1.0,1.0,3420,342,342,342.0,342.0,0.502359986,0
8.0,17,64.0,2.488423794,0.0,0.0,0.0,0,0,0,0.0,0.0,1.0,1.0,0.0,1.0,1.0,3420,342,342,342.0,342.0,0.401980805,0
7.2,17,57.6,2.371227617,0.0,0.0,0.0,0,0,0,0.0,0.0,0.9,0.9,0.1,0.9,0.9,3120,42,342,312.0,312.0,0.522043085,0
7.2,17,57.6,2.460520859,0.0,0.0,0.0,0,0,0,0.0,0.0,0.9,0.9,0.1,0.9,0.9,3120,42,342,312.0,312.0,0.50667491,0
8.0,17,64.0,1.99279207,0.0,0.0,0.0,0,0,0,0.0,0.0,1.0,1.0,0.0,1.0,1.0,3420,342,342,342.0,342.0,0.602201796,0
8.0,17,64.0,1.991047014,0.0,0.0,0.0,0,0,0,0.0,0.0,1.0,1.0,0.0,1.0,1.0,3420,342,342,342.0,342.0,0.502323198,0
8.0,17,64.0,2.489100293,0.0,0.0,0.0,0,0,0,0.0,0.0,1.0,1.0,0.0,1.0,1.0,3420,342,342,342.0,342.0,0.401840091,0
8.0,17,64.0,2.488537774,0.0,0.0,0.0,0,0,0,0.0,0.0,1.0,1.0,0.0,1.0,1.0,3420,342,342,342.0,342.0,0.502246594,0
7.2,17,57.6,2.993820144,0.0,0.0,0.0,0,0,0,0.0,0.0,0.9,0.9,0.1,0.9,0.9,3120,42,342,312.0,312.0,0.434397101,0
8.0,17,64.0,2.487617822,0.0,0.0,0.0,0,0,0,0.0,0.0,1.0,1.0,0.0,1.0,1.0,3420,342,342,342.0,342.0,0.401997399,0
8.0,17,64.0,2.48800104,0.0,0.0,0.0,0,0,0,0.0,0.0,1.0,1.0,0.0,1.0,1.0,3420,342,342,342.0,342.0,0.502293587,0
4.0,17,57.6,3.844908689,0.0,0.0,0.0,0,0,0,0.0,0.0,0.5,0.5,0.1,0.9,0.9,2144,42,342,214.4,214.4,0.283143282,0
7.2,17,57.6,2.487471914,0.0,0.0,0.0,0,0,0,0.0,0.0,0.9,0.9,0.1,0.9,0.9,3120,42,342,312.0,312.0,0.402016807,0
7.2,17,57.6,2.777634366,0.0,0.0,0.0,0,0,0,0.0,0.0,0.9,0.9,0.1,0.9,0.9,3120,42,342,312.0,312.0,0.401737285,0
7.2,17,57.6,1.992457712,0.0,0.0,0.0,0,0,0,0.0,0.0,0.9,0.9,0.1,0.9,0.9,3120,42,342,312.0,312.0,0.599504495,0
8.0,17,64.0,2.655434961,0.0,0.0,0.0,0,0,0,0.0,0.0,1.0,1.0,0.0,1.0,1.0,2736,342,342,342.0,342.0,0.376596004,0
6.4,17,48.6,4.912303468,0.0,0.0,0.0,0,0,0,0.0,0.0,0.8,0.3,0.2,0.8,0.8,1560,42,342,156.0,156.0,0.204549289,0
8.0,17,64.0,1.992681678,0.0,0.0,0.0,0,0,0,0.0,0.0,1.0,1.0,0.0,1.0,1.0,3420,342,342,342.0,342.0,0.501923299,0
7.2,17,57.6,2.488468972,0.0,0.0,0.0,0,0,0,0.0,0.0,0.9,0.9,0.1,0.9,0.9,3120,42,342,312.0,312.0,0.502147603,0
8.0,17,64.0,2.487975508,0.0,0.0,0.0,0,0,0,0.0,0.0,1.0,1.0,0.0,1.0,1.0,3420,342,342,342.0,342.0,0.502342105,0
8.0,17,64.0,1.662635642,0.0,0.0,0.0,0,0,0,0.0,0.0,1.0,1.0,0.0,1.0,1.0,3420,342,342,342.0,342.0,0.601465702,0
8.0,17,64.0,1.991138982,0.0,0.0,0.0,0,0,0,0.0,0.0,1.0,1.0,0.0,1.0,1.0,3420,342,342,342.0,342.0,0.600256109,0
7.2,17,57.6,1.986615803,0.0,0.0,0.0,0,0,0,0.0,0.0,0.9,0.9,0.1,0.9,0.9,3120,42,342,312.0,312.0,0.503583598,0
8.0,17,64.0,1.990168974,0.0,0.0,0.0,0,0,0,0.0,0.0,1.0,1.0,0.0,1.0,1.0,3420,342,342,342.0,342.0,0.502483201,0
8.0,17,64.0,2.487136642,0.0,0.0,0.0,0,0,0,0.0,0.0,1.0,1.0,0.0,1.0,1.0,3420,342,342,342.0,342.0,0.402102089,0
8.0,17,64.0,1.661236946,0.0,0.0,0.0,0,0,0,0.0,0.0,1.0,1.0,0.0,1.0,1.0,3420,342,342,342.0,342.0,0.802337503,0
8.0,17,64.0,3.313583102,0.0,0.0,0.0,0,0,0,0.0,0.0,1.0,1.0,0.0,1.0,1.0,3420,342,342,342.0,342.0,0.388563704,0
4.8,17,64.0,3.037813767,0.0,0.0,0.0,0,0,0,0.0,0.0,0.6,0.6,0.0,1.0,1.0,2444,98,342,244.4,244.4,0.329189205,0
8.0,17,64.0,1.660659256,0.0,0.0,0.0,0,0,0,0.0,0.0,1.0,1.0,0.0,1.0,1.0,3420,342,342,342.0,342.0,0.602238488,0
8.0,17,64.0,1.992180333,0.0,0.0,0.0,0,0,0,0.0,0.0,1.0,1.0,0.0,1.0,1.0,3420,342,342,342.0,342.0,0.502040982,0
8.0,17,64.0,1.992169924,0.0,0.0,0.0,0,0,0,0.0,0.0,1.0,1.0,0.0,1.0,1.0,3420,342,342,342.0,342.0,0.602379107,0
7.2,17,57.6,2.136010517,0.0,0.0,0.0,0,0,0,0.0,0.0,0.9,0.9,0.1,0.9,0.9,3120,42,342,312.0,312.0,0.502255988,0
8.0,17,64.0,3.314989193,0.0,0.0,0.0,0,0,0,0.0,0.0,1.0,1.0,0.0,1.0,1.0,3420,342,342,342.0,342.0,0.402003598,0
7.2,17,57.6,1.423744925,0.0,0.0,0.0,0,0,0,0.0,0.0,0.9,0.9,0.1,0.9,0.9,3120,42,342,312.0,312.0,0.770277286,0
8.0,17,64.0,3.315652191,0.0,0.0,0.0,0,0,0,0.0,0.0,1.0,1.0,0.0,1.0,1.0,3420,342,342,342.0,342.0,0.402017283,0
8.0,17,64.0,1.661308141,0.0,0.0,0.0,0,0,0,0.0,0.0,1.0,1.0,0.0,1.0,1.0,3420,342,342,342.0,342.0,0.602254987,0
7.2,17,57.6,2.438666375,0.0,0.0,0.0,0,0,0,0.0,0.0,0.9,0.9,0.1,0.9,0.9,3120,42,342,312.0,312.0,0.510385489,0
4.8,17,49.8,4.937995795,0.0,0.0,0.0,0,0,0,0.0,0.0,0.6,0.4,0.2,0.8,0.8,1868,42,342,186.8,186.8,0.202588391,0
8.0,17,64.0,2.654561041,0.0,0.0,0.0,0,0,0,0.0,0.0,1.0,1.0,0.0,1.0,1.0,2736,342,342,342.0,342.0,0.37672624,0
8.0,17,64.0,2.48866904,0.0,0.0,0.0,0,0,0,0.0,0.0,1.0,1.0,0.0,1.0,1.0,3420,342,342,342.0,342.0,0.502087307,0
8.0,17,64.0,2.487711365,0.0,0.0,0.0,0,0,0,0.0,0.0,1.0,1.0,0.0,1.0,1.0,3420,342,342,342.0,342.0,0.502331901,0
8.0,17,64.0,3.317131394,0.0,0.0,0.0,0,0,0,0.0,0.0,1.0,1.0,0.0,1.0,1.0,3420,342,342,342.0,342.0,0.401880193,0
7.2,17,57.6,1.661657888,0.0,0.0,0.0,0,0,0,0.0,0.0,0.9,0.9,0.1,0.9,0.9,3120,42,342,312.0,312.0,0.601953006,0
7.2,17,56.1,3.60375953,0.0,0.0,0.0,0,0,0,0.0,0.0,0.9,0.6,0.1,0.9,0.9,2364,42,342,236.4,236.4,0.281144309,0
8.0,17,64.0,1.99193141,0.0,0.0,0.0,0,0,0,0.0,0.0,1.0,1.0,0.0,1.0,1.0,3420,342,342,342.0,342.0,0.502030706,0
8.0,17,64.0,3.313607448,0.0,0.0,0.0,0,0,0,0.0,0.0,1.0,1.0,0.0,1.0,1.0,3420,342,342,342.0,342.0,0.301816392,0
8.0,17,64.0,1.660626644,0.0,0.0,0.0,0,0,0,0.0,0.0,1.0,1.0,0.0,1.0,1.0,3420,342,342,342.0,342.0,0.60218482,0
8.0,17,64.0,1.992441054,0.0,0.0,0.0,0,0,0,0.0,0.0,1.0,1.0,0.0,1.0,1.0,3420,342,342,342.0,342.0,0.501896906,0
8.0,17,64.0,3.316178847,0.0,0.0,0.0,0,0,0,0.0,0.0,1.0,1.0,0.0,1.0,1.0,3420,342,342,342.0,342.0,0.402008891,0
8.0,17,64.0,2.487091956,0.0,0.0,0.0,0,0,0,0.0,0.0,1.0,1.0,0.0,1.0,1.0,3420,342,342,342.0,342.0,0.402158403,0
7.2,17,57.6,1.792513367,0.0,0.0,0.0,0,0,0,0.0,0.0,0.9,0.9,0.1,0.9,0.9,3120,42,342,312.0,312.0,0.557883382,0
8.0,17,64.0,2.487062313,0.0,0.0,0.0,0,0,0,0.0,0.0,1.0,1.0,0.0,1.0,1.0,3420,342,342,342.0,342.0,0.500869203,0
8.0,17,64.0,3.316540708,0.0,0.0,0.0,0,0,0,0.0,0.0,1.0,1.0,0.0,1.0,1.0,3420,342,342,342.0,342.0,0.301579595,0
9.2,17,44.8,1.641282888,0.0,0.1,0.1,1,0,1,0.0,0.2,0.5,0.5,0.3,0.7,0.7,1981,42,342,198.1,198.1,0.610403204,0
8.0,17,64.0,2.489936346,0.0,0.0,0.0,0,0,0,0.0,0.0,1.0,1.0,0.0,1.0,1.0,3420,342,342,342.0,342.0,0.401949477,0
8.0,17,64.0,2.487326466,0.0,0.0,0.0,0,0,0,0.0,0.0,1.0,1.0,0.0,1.0,1.0,3420,342,342,342.0,342.0,0.502378607,0
8.0,17,64.0,1.991662879,0.0,0.0,0.0,0,0,0,0.0,0.0,1.0,1.0,0.0,1.0,1.0,3420,342,342,342.0,342.0,0.502127004,0
6.4,17,51.2,3.205870124,0.0,0.0,0.0,0,0,0,0.0,0.0,0.8,0.8,0.2,0.8,0.8,2820,42,342,282.0,282.0,0.312178898,0
7.2,17,57.6,2.227432405,0.0,0.0,0.0,0,0,0,0.0,0.0,0.9,0.9,0.1,0.9,0.9,3120,42,342,312.0,312.0,0.449088311,0
8.0,17,64.0,1.992967624,0.0,0.0,0.0,0,0,0,0.0,0.0,1.0,1.0,0.0,1.0,1.0,3420,342,342,342.0,342.0,0.502132893,0
8.0,17,64.0,1.659836989,0.0,0.0,0.0,0,0,0,0.0,0.0,1.0,1.0,0.0,1.0,1.0,3420,342,342,342.0,342.0,0.602493596,0
7.2,17,57.6,2.465830963,0.0,0.0,0.0,0,0,0,0.0,0.0,0.9,0.9,0.1,0.9,0.9,3120,42,342,312.0,312.0,0.405554485,0
8.0,17,64.0,2.490131033,0.0,0.0,0.0,0,0,0,0.0,0.0,1.0,1.0,0.0,1.0,1.0,3420,342,342,342.0,342.0,0.401665998,0
8.0,17,64.0,2.486774774,0.0,0.0,0.0,0,0,0,0.0,0.0,1.0,1.0,0.0,1.0,1.0,3420,342,342,342.0,342.0,0.402301693,0
7.2,17,57.6,3.009828883,0.0,0.0,0.0,0,0,0,0.0,0.0,0.9,0.9,0.1,0.9,0.9,3120,42,342,312.0,312.0,0.332248402,0
8.0,17,64.0,1.991069603,0.0,0.0,0.0,0,0,0,0.0,0.0,1.0,1.0,0.0,1.0,1.0,3420,342,342,342.0,342.0,0.50236001,0
8.0,17,64.0,2.487266433,0.0,0.0,0.0,0,0,0,0.0,0.0,1.0,1.0,0.0,1.0,1.0,3420,342,342,342.0,342.0,0.402050495,0
8.0,17,64.0,2.486467401,0.0,0.0,0.0,0,0,0,0.0,0.0,1.0,1.0,0.0,1.0,1.0,3420,342,342,342.0,342.0,0.402190304,0
8.0,17,64.0,1.993798093,0.0,0.0,0.0,0,0,0,0.0,0.0,1.0,1.0,0.0,1.0,1.0,3420,342,342,342.0,342.0,0.6019346,0
7.2,17,57.6,2.768342255,0.0,0.0,0.0,0,0,0,0.0,0.0,0.9,0.9,0.1,0.9,0.9,3120,42,342,312.0,312.0,0.461527705,0
4.8,17,38.4,1.748473656,0.0,0.0,0.0,0,0,0,0.0,0.0,0.6,0.6,0.4,0.6,0.6,2220,42,342,222.0,222.0,0.571927404,0
7.2,17,57.6,2.997633442,0.0,0.0,0.0,0,0,0,0.0,0.0,0.9,0.9,0.1,0.9,0.9,3120,42,342,312.0,312.0,0.333765197,0
8.0,17,64.0,2.486571177,0.0,0.0,0.0,0,0,0,0.0,0.0,1.0,1.0,0.0,1.0,1.0,3420,342,342,342.0,342.0,0.402252603,0
8.0,17,64.0,2.488012699,0.0,0.0,0.0,0,0,0,0.0,0.0,1.0,1.0,0.0,1.0,1.0,3420,342,342,342.0,342.0,0.401928091,0
8.0,17,64.0,2.488060961,0.0,0.0,0.0,0,0,0,0.0,0.0,1.0,1.0,0.0,1.0,1.0,3420,342,342,342.0,342.0,0.402010107,0
8.0,17,64.0,3.507396231,0.0,0.0,0.0,0,0,0,0.0,0.0,1.0,1.0,0.0,1.0,1.0,3420,342,342,342.0,342.0,0.385436583,0
8.0,17,64.0,3.315635678,0.0,0.0,0.0,0,0,0,0.0,0.0,1.0,1.0,0.0,1.0,1.0,3420,342,342,342.0,342.0,0.401948786,0
8.0,17,64.0,2.487437837,0.0,0.0,0.0,0,0,0,0.0,0.0,1.0,1.0,0.0,1.0,1.0,3420,342,342,342.0,342.0,0.502369094,0
8.0,17,64.0,2.488503077,0.0,0.0,0.0,0,0,0,0.0,0.0,1.0,1.0,0.0,1.0,1.0,3420,342,342,342.0,342.0,0.401922107,0
8.0,17,64.0,2.486651521,0.0,0.0,0.0,0,0,0,0.0,0.0,1.0,1.0,0.0,1.0,1.0,3420,342,342,342.0,342.0,0.40214932,0
3.2,1,78.4,3.324229483,0.0,0.0,0.0,0,0,0,0.0,0.0,0.4,0.4,0.0,1.0,1.0,1956,98,342,195.6,195.6,0.300984788,0
7.2,17,57.6,2.242299763,0.0,0.0,0.0,0,0,0,0.0,0.0,0.9,0.9,0.1,0.9,0.9,3120,42,342,312.0,312.0,0.446198201,0
7.2,17,57.6,3.271753321,0.0,0.0,0.0,0,0,0,0.0,0.0,0.9,0.9,0.1,0.9,0.9,3120,42,342,312.0,312.0,0.406076813,0
8.0,17,64.0,1.990787886,0.0,0.0,0.0,0,0,0,0.0,0.0,1.0,1.0,0.0,1.0,1.0,3420,342,342,342.0,342.0,0.502342892,0
7.2,17,57.6,2.702954868,0.0,0.0,0.0,0,0,0,0.0,0.0,0.9,0.9,0.1,0.9,0.9,3120,42,342,312.0,312.0,0.402645993,0
8.0,17,64.0,2.487435477,0.0,0.0,0.0,0,0,0,0.0,0.0,1.0,1.0,0.0,1.0,1.0,3420,342,342,342.0,342.0,0.402182984,0
7.2,17,57.6,1.991439236,0.0,0.0,0.0,0,0,0,0.0,0.0,0.9,0.9,0.1,0.9,0.9,3120,42,342,312.0,312.0,0.502174687,0
8.0,17,64.0,1.659819057,0.0,0.0,0.0,0,0,0,0.0,0.0,1.0,1.0,0.0,1.0,1.0,3420,342,342,342.0,342.0,0.602615118,0
8.0,17,64.0,2.48739255,0.0,0.0,0.0,0,0,0,0.0,0.0,1.0,1.0,0.0,1.0,1.0,3420,342,342,342.0,342.0,0.4020298,0
8.0,17,64.0,2.165214545,0.0,0.0,0.0,0,0,0,0.0,0.0,1.0,1.0,0.0,1.0,1.0,3420,342,342,342.0,342.0,0.461955714,0
8.0,17,64.0,1.97631273,0.0,0.0,0.0,0,0,0,0.0,0.0,1.0,1.0,0.0,1.0,1.0,3420,342,342,342.0,342.0,0.505999303,0
8.0,17,64.0,1.992435091,0.0,0.0,0.0,0,0,0,0.0,0.0,1.0,1.0,0.0,1.0,1.0,3420,342,342,342.0,342.0,0.501898909,0
8.0,17,64.0,1.659734526,0.0,0.0,0.0,0,0,0,0.0,0.0,1.0,1.0,0.0,1.0,1.0,3420,342,342,342.0,342.0,0.602730203,0
8.0,17,64.0,2.488796038,0.0,0.0,0.0,0,0,0,0.0,0.0,1.0,1.0,0.0,1.0,1.0,3420,342,342,342.0,342.0,0.402020001,0
8.0,17,64.0,1.992682814,0.0,0.0,0.0,0,0,0,0.0,0.0,1.0,1.0,0.0,1.0,1.0,3420,342,342,342.0,342.0,0.602300811,0
8.0,17,64.0,3.332822401,0.0,0.0,0.0,0,0,0,0.0,0.0,1.0,1.0,0.0,1.0,1.0,3420,342,342,342.0,342.0,0.30004859,0
8.0,17,64.0,2.0658481,0.0,0.0,0.0,0,0,0,0.0,0.0,1.0,1.0,0.0,1.0,1.0,3420,342,342,342.0,342.0,0.584418702,0
8.0,17,64.0,1.991572092,0.0,0.0,0.0,0,0,0,0.0,0.0,1.0,1.0,0.0,1.0,1.0,3420,342,342,342.0,342.0,0.602337098,0
7.2,17,57.6,2.43452649,0.0,0.0,0.0,0,0,0,0.0,0.0,0.9,0.9,0.1,0.9,0.9,3120,42,342,312.0,312.0,0.511124015,0
5.6,17,64.0,2.940622932,0.0,0.0,0.0,0,0,0,0.0,0.0,0.7,0.7,0.0,1.0,1.0,2688,98,342,268.8,268.8,0.340068984,0
8.0,17,64.0,2.488334183,0.0,0.0,0.0,0,0,0,0.0,0.0,1.0,1.0,0.0,1.0,1.0,3420,342,342,342.0,342.0,0.402034283,0
6.4,17,51.2,2.876174113,0.0,0.0,0.0,0,0,0,0.0,0.0,0.8,0.8,0.2,0.8,0.8,2820,42,342,282.0,282.0,0.347786903,0
8.0,17,64.0,1.992736115,0.0,0.0,0.0,0,0,0,0.0,0.0,1.0,1.0,0.0,1.0,1.0,3420,342,342,342.0,342.0,0.501852989,0
7.2,17,57.6,2.607418444,0.0,0.0,0.0,0,0,0,0.0,0.0,0.9,0.9,0.1,0.9,0.9,3120,42,342,312.0,312.0,0.392243195,0
7.2,17,57.6,1.789927043,0.0,0.0,0.0,0,0,0,0.0,0.0,0.9,0.9,0.1,0.9,0.9,3120,42,342,312.0,312.0,0.558935404,0
8.0,17,64.0,1.660713568,0.0,0.0,0.0,0,0,0,0.0,0.0,1.0,1.0,0.0,1.0,1.0,3420,342,342,342.0,342.0,0.602168894,0
8.0,17,64.0,2.488784814,0.0,0.0,0.0,0,0,0,0.0,0.0,1.0,1.0,0.0,1.0,1.0,3420,342,342,342.0,342.0,0.401999402,0
6.0,17,48.0,3.154037114,0.0,0.0,0.0,0,0,0,0.0,0.0,0.75,0.75,0.25,0.75,0.75,1068,42,342,267.0,267.0,0.317320228,0
8.0,17,64.0,1.99102726,0.0,0.0,0.0,0,0,0,0.0,0.0,1.0,1.0,0.0,1.0,1.0,3420,342,342,342.0,342.0,0.502345586,0
8.0,17,64.0,2.306366165,0.0,0.0,0.0,0,0,0,0.0,0.0,1.0,1.0,0.0,1.0,1.0,3420,342,342,342.0,342.0,0.433743382,0
8.0,17,64.0,3.31599611,0.0,0.0,0.0,0,0,0,0.0,0.0,1.0,1.0,0.0,1.0,1.0,3420,342,342,342.0,342.0,0.301755691,0
8.0,17,64.0,2.487990414,0.0,0.0,0.0,0,0,0,0.0,0.0,1.0,1.0,0.0,1.0,1.0,3420,342,342,342.0,342.0,0.477688408,0
8.0,17,64.0,2.488420842,0.0,0.0,0.0,0,0,0,0.0,0.0,1.0,1.0,0.0,1.0,1.0,3420,342,342,342.0,342.0,0.402022195,0
8.0,17,64.0,2.488284583,0.0,0.0,0.0,0,0,0,0.0,0.0,1.0,1.0,0.0,1.0,1.0,3420,342,342,342.0,342.0,0.602329993,0
8.0,17,64.0,1.991994605,0.0,0.0,0.0,0,0,0,0.0,0.0,1.0,1.0,0.0,1.0,1.0,3420,342,342,342.0,342.0,0.502215815,0
8.0,17,64.0,1.991683212,0.0,0.0,0.0,0,0,0,0.0,0.0,1.0,1.0,0.0,1.0,1.0,3420,342,342,342.0,342.0,0.502088284,0
8.0,17,64.0,2.487358623,0.0,0.0,0.0,0,0,0,0.0,0.0,1.0,1.0,0.0,1.0,1.0,3420,342,342,342.0,342.0,0.402033496,0
8.0,17,64.0,1.991832275,0.0,0.0,0.0,0,0,0,0.0,0.0,1.0,1.0,0.0,1.0,1.0,3420,342,342,342.0,342.0,0.60235641,0
8.0,17,64.0,1.660284232,0.0,0.0,0.0,0,0,0,0.0,0.0,1.0,1.0,0.0,1.0,1.0,3420,342,342,342.0,342.0,0.602397609,0
8.0,17,64.0,1.991570389,0.0,0.0,0.0,0,0,0,0.0,0.0,1.0,1.0,0.0,1.0,1.0,3420,342,342,342.0,342.0,0.602575922,0
8.0,17,64.0,4.968006415,0.0,0.0,0.0,0,0,0,0.0,0.0,1.0,1.0,0.0,1.0,1.0,1710,342,342,342.0,342.0,0.401675987,0
7.2,17,57.6,2.48706659,0.0,0.0,0.0,0,0,0,0.0,0.0,0.9,0.9,0.1,0.9,0.9,3120,42,342,312.0,312.0,0.405714917,0
8.0,17,64.0,1.988826394,0.0,0.0,0.0,0,0,0,0.0,0.0,1.0,1.0,0.0,1.0,1.0,3420,342,342,342.0,342.0,0.502809095,0
5.6,17,64.0,3.042584021,0.0,0.0,0.0,0,0,0,0.0,0.0,0.7,0.7,0.0,1.0,1.0,2688,98,342,268.8,268.8,0.328672004,0
8.0,17,64.0,2.485113507,0.0,0.0,0.0,0,0,0,0.0,0.0,1.0,1.0,0.0,1.0,1.0,3420,342,342,342.0,342.0,0.502568197,0
7.2,17,57.6,2.487616051,0.0,0.0,0.0,0,0,0,0.0,0.0,0.9,0.9,0.1,0.9,0.9,3120,42,342,312.0,312.0,0.402085996,0
7.2,17,57.6,1.992279124,0.0,0.0,0.0,0,0,0,0.0,0.0,0.9,0.9,0.1,0.9,0.9,3120,42,342,312.0,312.0,0.556485009,0
8.0,17,64.0,1.990942769,0.0,0.0,0.0,0,0,0,0.0,0.0,1.0,1.0,0.0,1.0,1.0,3420,342,342,342.0,342.0,0.502318692,0
7.2,17,57.6,2.182230625,0.0,0.0,0.0,0,0,0,0.0,0.0,0.9,0.9,0.1,0.9,0.9,3120,42,342,312.0,312.0,0.458333206,0
8.0,17,64.0,2.489688338,0.0,0.0,0.0,0,0,0,0.0,0.0,1.0,1.0,0.0,1.0,1.0,3420,342,342,342.0,342.0,0.602164006,0
8.0,17,64.0,2.986974062,0.0,0.0,0.0,0,0,0,0.0,0.0,1.0,1.0,0.0,1.0,1.0,1026,342,342,342.0,342.0,0.334879955,0
8.0,17,64.0,2.487331481,0.0,0.0,0.0,0,0,0,0.0,0.0,1.0,1.0,0.0,1.0,1.0,3420,342,342,342.0,342.0,0.502407694,0
8.0,17,64.0,1.989627742,0.0,0.0,0.0,0,0,0,0.0,0.0,1.0,1.0,0.0,1.0,1.0,3420,342,342,342.0,342.0,0.502606487,0
8.0,17,64.0,2.484944926,0.0,0.0,0.0,0,0,0,0.0,0.0,1.0,1.0,0.0,1.0,1.0,3420,342,342,342.0,342.0,0.402429104,0
7.2,17,57.6,2.176140232,0.0,0.0,0.0,0,0,0,0.0,0.0,0.9,0.9,0.1,0.9,0.9,3120,42,342,312.0,312.0,0.659967899,0
8.0,17,64.0,1.990972161,0.0,0.0,0.0,0,0,0,0.0,0.0,1.0,1.0,0.0,1.0,1.0,3420,342,342,342.0,342.0,0.502378297,0
7.2,17,57.6,2.816555472,0.0,0.0,0.0,0,0,0,0.0,0.0,0.9,0.9,0.1,0.9,0.9,3120,42,342,312.0,312.0,0.355207109,0
8.0,17,64.0,3.315028756,0.0,0.0,0.0,0,0,0,0.0,0.0,1.0,1.0,0.0,1.0,1.0,3420,342,342,342.0,342.0,0.301660013,0
8.0,17,64.0,1.660692066,0.0,0.0,0.0,0,0,0,0.0,0.0,1.0,1.0,0.0,1.0,1.0,3420,342,342,342.0,342.0,0.602171302,0
8.0,17,64.0,2.487367326,0.0,0.0,0.0,0,0,0,0.0,0.0,1.0,1.0,0.0,1.0,1.0,3420,342,342,342.0,342.0,0.402031898,0
8.0,17,64.0,1.660908884,0.0,0.0,0.0,0,0,0,0.0,0.0,1.0,1.0,0.0,1.0,1.0,3420,342,342,342.0,342.0,0.60223999,0
7.2,17,57.6,3.482653094,0.0,0.0,0.0,0,0,0,0.0,0.0,0.9,0.9,0.1,0.9,0.9,3120,42,342,312.0,312.0,0.387551618,0
7.2,17,57.6,3.472276412,0.0,0.0,0.0,0,0,0,0.0,0.0,0.9,0.9,0.1,0.9,0.9,3120,42,342,312.0,312.0,0.288175893,0
8.0,17,64.0,1.991233794,0.0,0.0,0.0,0,0,0,0.0,0.0,1.0,1.0,0.0,1.0,1.0,3420,342,342,342.0,342.0,0.502293611,0
8.0,17,64.0,1.990845338,0.0,0.0,0.0,0,0,0,0.0,0.0,1.0,1.0,0.0,1.0,1.0,3420,342,342,342.0,342.0,0.50229919,0
8.0,17,83.7,37.52177429,0.0,0.0,0.0,0,0,0,0.0,0.0,1.0,0.0,0.0,1.0,1.0,1115,82,194,111.5,111.5,0.027452707,0
8.0,17,64.0,1.990949951,0.0,0.0,0.0,0,0,0,0.0,0.0,1.0,1.0,0.0,1.0,1.0,3420,342,342,342.0,342.0,0.502479291,0
8.0,17,64.0,2.52295321,0.0,0.0,0.0,0,0,0,0.0,0.0,1.0,1.0,0.0,1.0,1.0,3420,342,342,342.0,342.0,0.496535897,0
7.2,17,57.6,3.077067997,0.0,0.0,0.0,0,0,0,0.0,0.0,0.9,0.9,0.1,0.9,0.9,3120,42,342,312.0,312.0,0.425318789,0
8.0,17,60.5,3.828409155,0.0,0.0,0.0,0,0,0,0.0,0.0,1.0,0.4,0.0,1.0,1.0,1908,90,342,190.8,190.8,0.261429715,0
8.0,17,64.0,2.490149069,0.0,0.0,0.0,0,0,0,0.0,0.0,1.0,1.0,0.0,1.0,1.0,3420,342,342,342.0,342.0,0.501929784,0
8.0,17,64.0,2.486805589,0.0,0.0,0.0,0,0,0,0.0,0.0,1.0,1.0,0.0,1.0,1.0,3420,342,342,342.0,342.0,0.402122307,0
8.0,17,64.0,2.499327691,0.0,0.0,0.0,0,0,0,0.0,0.0,1.0,1.0,0.0,1.0,1.0,3420,342,342,342.0,342.0,0.400107598,0
8.0,17,64.0,1.6611751,0.0,0.0,0.0,0,0,0,0.0,0.0,1.0,1.0,0.0,1.0,1.0,3420,342,342,342.0,342.0,0.602022815,0
7.2,17,57.6,2.319217544,0.0,0.0,0.0,0,0,0,0.0,0.0,0.9,0.9,0.1,0.9,0.9,3120,42,342,312.0,312.0,0.531510901,0
8.0,17,64.0,1.990927365,0.0,0.0,0.0,0,0,0,0.0,0.0,1.0,1.0,0.0,1.0,1.0,3420,342,342,342.0,342.0,0.502378106,0
8.0,17,64.0,2.488352046,0.0,0.0,0.0,0,0,0,0.0,0.0,1.0,1.0,0.0,1.0,1.0,3420,342,342,342.0,342.0,0.502400994,0
8.0,17,64.0,1.991119983,0.0,0.0,0.0,0,0,0,0.0,0.0,1.0,1.0,0.0,1.0,1.0,3420,342,342,342.0,342.0,0.502295709,0
8.0,17,64.0,2.48877743,0.0,0.0,0.0,0,0,0,0.0,0.0,1.0,1.0,0.0,1.0,1.0,3420,342,342,342.0,342.0,0.40196631,0
6.4,17,51.2,3.31549939,0.0,0.0,0.0,0,0,0,0.0,0.0,0.8,0.8,0.2,0.8,0.8,2820,42,342,282.0,282.0,0.301614904,0
8.0,17,64.0,2.487104491,0.0,0.0,0.0,0,0,0,0.0,0.0,1.0,1.0,0.0,1.0,1.0,3420,342,342,342.0,342.0,0.402252293,0
8.0,17,64.0,3.314647578,0.0,0.0,0.0,0,0,0,0.0,0.0,1.0,1.0,0.0,1.0,1.0,3420,342,342,342.0,342.0,0.402115297,0
8.0,17,64.0,6.943535304,0.0,0.0,0.0,0,0,0,0.0,0.0,1.0,1.0,0.0,1.0,1.0,2394,342,342,342.0,342.0,0.430467265,0
8.0,17,64.0,2.283427135,0.0,0.0,0.0,0,0,0,0.0,0.0,1.0,1.0,0.0,1.0,1.0,3420,342,342,342.0,342.0,0.538402104,0
8.0,17,64.0,2.486302321,0.0,0.0,0.0,0,0,0,0.0,0.0,1.0,1.0,0.0,1.0,1.0,3420,342,342,342.0,342.0,0.402220106,0
4.8,17,64.0,3.762738242,0.0,0.0,0.0,0,0,0,0.0,0.0,0.6,0.6,0.0,1.0,1.0,2444,98,342,244.4,244.4,0.278542399,0
8.0,17,62.5,3.364041421,0.0,0.0,0.0,0,0,0,0.0,0.0,1.0,0.5,0.0,1.0,1.0,2160,90,342,216.0,216.0,0.2988626,0
8.0,17,64.0,1.992070387,0.0,0.0,0.0,0,0,0,0.0,0.0,1.0,1.0,0.0,1.0,1.0,3420,342,342,342.0,342.0,0.602444291,0
8.0,17,62.8,3.315917202,0.0,0.0,0.0,0,0,0,0.0,0.0,1.0,0.8,0.0,1.0,1.0,2916,90,342,291.6,291.6,0.402216792,0
7.2,17,57.6,3.192603318,0.0,0.0,0.0,0,0,0,0.0,0.0,0.9,0.9,0.1,0.9,0.9,3120,42,342,312.0,312.0,0.313265896,0
8.0,17,61.3,4.97250737,0.0,0.0,0.0,0,0,0,0.0,0.0,1.0,0.7,0.0,1.0,1.0,2664,90,342,266.4,266.4,0.201220584,0
8.0,17,64.0,2.486845104,0.0,0.0,0.0,0,0,0,0.0,0.0,1.0,1.0,0.0,1.0,1.0,3420,342,342,342.0,342.0,0.402115917,0
8.0,17,64.0,1.980611811,0.0,0.0,0.0,0,0,0,0.0,0.0,1.0,1.0,0.0,1.0,1.0,3420,342,342,342.0,342.0,0.594780397,0
8.0,17,64.0,2.488597868,0.0,0.0,0.0,0,0,0,0.0,0.0,1.0,1.0,0.0,1.0,1.0,3420,342,342,342.0,342.0,0.401934099,0
8.0,17,64.0,2.215335497,0.0,0.0,0.0,0,0,0,0.0,0.0,1.0,1.0,0.0,1.0,1.0,3420,342,342,342.0,342.0,0.4514148,0
8.0,17,64.0,2.488677162,0.0,0.0,0.0,0,0,0,0.0,0.0,1.0,1.0,0.0,1.0,1.0,3420,342,342,342.0,342.0,0.401910996,0
7.2,17,57.6,3.315722437,0.0,0.0,0.0,0,0,0,0.0,0.0,0.9,0.8,0.1,0.9,0.9,2868,42,342,286.8,286.8,0.397178602,0
8.0,17,64.0,1.992456197,0.0,0.0,0.0,0,0,0,0.0,0.0,1.0,1.0,0.0,1.0,1.0,3420,342,342,342.0,342.0,0.501895499,0
8.0,17,64.0,1.992205314,0.0,0.0,0.0,0,0,0,0.0,0.0,1.0,1.0,0.0,1.0,1.0,3420,342,342,342.0,342.0,0.602314305,0
8.0,17,64.0,1.9899789,0.0,0.0,0.0,0,0,0,0.0,0.0,1.0,1.0,0.0,1.0,1.0,3420,342,342,342.0,342.0,0.50252409,0
6.4,17,64.0,2.490250048,0.0,0.0,0.0,0,0,0,0.0,0.0,0.8,0.8,0.0,1.0,1.0,2932,98,342,293.2,293.2,0.401807404,0
8.0,17,64.0,3.979125808,0.0,0.0,0.0,0,0,0,0.0,0.0,1.0,1.0,0.0,1.0,1.0,1368,342,342,342.0,342.0,0.502548218,0
8.0,17,64.0,1.991617768,0.0,0.0,0.0,0,0,0,0.0,0.0,1.0,1.0,0.0,1.0,1.0,3420,342,342,342.0,342.0,0.502166581,0
8.0,17,64.0,2.104996374,0.0,0.0,0.0,0,0,0,0.0,0.0,1.0,1.0,0.0,1.0,1.0,3420,342,342,342.0,342.0,0.5755018,0
8.0,17,64.0,1.991688319,0.0,0.0,0.0,0,0,0,0.0,0.0,1.0,1.0,0.0,1.0,1.0,3420,342,342,342.0,342.0,0.502086902,0
8.0,17,64.0,2.48935173,0.0,0.0,0.0,0,0,0,0.0,0.0,1.0,1.0,0.0,1.0,1.0,3420,342,342,342.0,342.0,0.40173521,0
8.0,17,64.0,1.992656306,0.0,0.0,0.0,0,0,0,0.0,0.0,1.0,1.0,0.0,1.0,1.0,3420,342,342,342.0,342.0,0.602392602,0
7.2,17,57.6,2.748603632,0.0,0.0,0.0,0,0,0,0.0,0.0,0.9,0.9,0.1,0.9,0.9,3120,42,342,312.0,312.0,0.363923383,0
6.4,17,51.2,3.031840986,0.0,0.0,0.0,0,0,0,0.0,0.0,0.8,0.8,0.2,0.8,0.8,2820,42,342,282.0,282.0,0.430189013,0
8.0,17,64.0,2.487902605,0.0,0.0,0.0,0,0,0,0.0,0.0,1.0,1.0,0.0,1.0,1.0,3420,342,342,342.0,342.0,0.502403593,0
8.0,17,64.0,2.487535498,0.0,0.0,0.0,0,0,0,0.0,0.0,1.0,1.0,0.0,1.0,1.0,3420,342,342,342.0,342.0,0.402004695,0
7.2,17,57.6,1.938414195,0.0,0.0,0.0,0,0,0,0.0,0.0,0.9,0.9,0.1,0.9,0.9,3120,42,342,312.0,312.0,0.515889096,0
8.0,17,64.0,1.992798887,0.0,0.0,0.0,0,0,0,0.0,0.0,1.0,1.0,0.0,1.0,1.0,3420,342,342,342.0,342.0,0.602071404,0
6.4,17,51.2,2.461644501,0.0,0.0,0.0,0,0,0,0.0,0.0,0.8,0.8,0.2,0.8,0.8,2820,42,342,282.0,282.0,0.406347823,0
7.2,17,57.6,2.047618571,0.0,0.0,0.0,0,0,0,0.0,0.0,0.9,0.9,0.1,0.9,0.9,3120,42,342,312.0,312.0,0.502170706,0
7.2,17,57.6,3.676781554,0.0,0.0,0.0,0,0,0,0.0,0.0,0.9,0.9,0.1,0.9,0.9,3120,42,342,312.0,312.0,0.372385979,0
8.0,17,64.0,2.487953371,0.0,0.0,0.0,0,0,0,0.0,0.0,1.0,1.0,0.0,1.0,1.0,3420,342,342,342.0,342.0,0.402144504,0
8.0,17,64.0,1.99112556,0.0,0.0,0.0,0,0,0,0.0,0.0,1.0,1.0,0.0,1.0,1.0,3420,342,342,342.0,342.0,0.602621794,0
8.0,17,64.0,2.488961449,0.0,0.0,0.0,0,0,0,0.0,0.0,1.0,1.0,0.0,1.0,1.0,3420,342,342,342.0,342.0,0.401793885,0
7.2,17,57.6,3.036047593,0.0,0.0,0.0,0,0,0,0.0,0.0,0.9,0.9,0.1,0.9,0.9,3120,42,342,312.0,312.0,0.329681396,0
8.0,17,64.0,1.991290043,0.0,0.0,0.0,0,0,0,0.0,0.0,1.0,1.0,0.0,1.0,1.0,3420,342,342,342.0,342.0,0.602618194,0
8.0,17,64.0,2.488012699,0.0,0.0,0.0,0,0,0,0.0,0.0,1.0,1.0,0.0,1.0,1.0,3420,342,342,342.0,342.0,0.402022219,0
8.0,17,64.0,inf,0.0,0.0,0.0,0,0,0,0.0,0.0,1.0,1.0,0.0,1.0,1.0,342,342,342,342.0,342.0,1.5e-05,0
7.2,17,57.6,3.522180994,0.0,0.0,0.0,0,0,0,0.0,0.0,0.9,0.9,0.1,0.9,0.9,3120,42,342,312.0,312.0,0.372946191,0
8.0,17,64.0,2.984688746,0.0,0.0,0.0,0,0,0,0.0,0.0,1.0,1.0,0.0,1.0,1.0,2052,342,342,342.0,342.0,0.335410992,0
8.0,17,64.0,1.991252796,0.0,0.0,0.0,0,0,0,0.0,0.0,1.0,1.0,0.0,1.0,1.0,3420,342,342,342.0,342.0,0.602658606,0
7.2,17,57.6,2.170375364,0.0,0.0,0.0,0,0,0,0.0,0.0,0.9,0.9,0.1,0.9,0.9,3120,42,342,312.0,312.0,0.460875392,0
8.0,17,64.0,3.317912828,0.0,0.0,0.0,0,0,0,0.0,0.0,1.0,1.0,0.0,1.0,1.0,3420,342,342,342.0,342.0,0.301401091,0
8.0,17,64.0,2.486880492,0.0,0.0,0.0,0,0,0,0.0,0.0,1.0,1.0,0.0,1.0,1.0,3420,342,342,342.0,342.0,0.402128601,0
8.0,17,64.0,2.484226983,0.0,0.0,0.0,0,0,0,0.0,0.0,1.0,1.0,0.0,1.0,1.0,3420,342,342,342.0,342.0,0.402541113,0
8.0,17,64.0,3.316003975,0.0,0.0,0.0,0,0,0,0.0,0.0,1.0,1.0,0.0,1.0,1.0,3420,342,342,342.0,342.0,0.401862407,0
7.2,17,57.6,3.187888059,0.0,0.0,0.0,0,0,0,0.0,0.0,0.9,0.9,0.1,0.9,0.9,3120,42,342,312.0,312.0,0.313946795,0
8.0,17,64.0,2.4547624,0.0,0.0,0.0,0,0,0,0.0,0.0,1.0,1.0,0.0,1.0,1.0,3420,342,342,342.0,342.0,0.507738805,0
8.0,17,64.0,2.488088856,0.0,0.0,0.0,0,0,0,0.0,0.0,1.0,1.0,0.0,1.0,1.0,3420,342,342,342.0,342.0,0.401998186,0
8.0,17,64.0,1.992423165,0.0,0.0,0.0,0,0,0,0.0,0.0,1.0,1.0,0.0,1.0,1.0,3420,342,342,342.0,342.0,0.502102304,0
8.0,17,59.1,4.920010463,0.0,0.0,0.0,0,0,0,0.0,0.0,1.0,0.2,0.0,1.0,1.0,1404,90,342,140.4,140.4,0.204811788,0
7.2,17,57.6,3.314049921,0.0,0.0,0.0,0,0,0,0.0,0.0,0.9,0.9,0.1,0.9,0.9,3120,42,342,312.0,312.0,0.401923704,0
7.2,17,57.6,2.334858322,0.0,0.0,0.0,0,0,0,0.0,0.0,0.9,0.9,0.1,0.9,0.9,3120,42,342,312.0,312.0,0.428496504,0
8.0,17,64.0,1.661073853,0.0,0.0,0.0,0,0,0,0.0,0.0,1.0,1.0,0.0,1.0,1.0,3420,342,342,342.0,342.0,0.602034783,0
8.0,17,64.0,2.983545453,0.0,0.0,0.0,0,0,0,0.0,0.0,1.0,1.0,0.0,1.0,1.0,2052,342,342,342.0,342.0,0.335172852,0
7.2,17,57.6,2.487841954,0.0,0.0,0.0,0,0,0,0.0,0.0,0.9,0.9,0.1,0.9,0.9,3120,42,342,312.0,312.0,0.40217638,0
8.0,17,64.0,3.315928998,0.0,0.0,0.0,0,0,0,0.0,0.0,1.0,1.0,0.0,1.0,1.0,3420,342,342,342.0,342.0,0.4020262,0
8.0,17,64.0,2.487830149,0.0,0.0,0.0,0,0,0,0.0,0.0,1.0,1.0,0.0,1.0,1.0,3420,342,342,342.0,342.0,0.402123594,0
8.0,17,72.7,4.278322118,0.0,0.0,0.0,0,0,0,0.0,0.0,1.0,0.4,0.0,1.0,1.0,1908,90,342,190.8,190.8,0.30472939,0
8.0,17,64.0,1.660279303,0.0,0.0,0.0,0,0,0,0.0,0.0,1.0,1.0,0.0,1.0,1.0,3420,342,342,342.0,342.0,0.602333093,0
6.4,17,51.2,2.012285374,0.0,0.0,0.0,0,0,0,0.0,0.0,0.8,0.8,0.2,0.8,0.8,2820,42,342,282.0,282.0,0.499239111,0
8.0,17,64.0,1.992666152,0.0,0.0,0.0,0,0,0,0.0,0.0,1.0,1.0,0.0,1.0,1.0,3420,342,342,342.0,342.0,0.501846695,0
8.0,17,64.0,1.993312764,0.0,0.0,0.0,0,0,0,0.0,0.0,1.0,1.0,0.0,1.0,1.0,3420,342,342,342.0,342.0,0.501894212,0
8.0,17,64.0,2.489416296,0.0,0.0,0.0,0,0,0,0.0,0.0,1.0,1.0,0.0,1.0,1.0,3420,342,342,342.0,342.0,0.401904511,0
8.0,17,64.0,2.286969933,0.0,0.0,0.0,0,0,0,0.0,0.0,1.0,1.0,0.0,1.0,1.0,3420,342,342,342.0,342.0,0.537608981,0
8.0,17,64.0,1.661277478,0.0,0.0,0.0,0,0,0,0.0,0.0,1.0,1.0,0.0,1.0,1.0,3420,342,342,342.0,342.0,0.602122283,0
7.2,17,57.6,2.797504812,0.0,0.0,0.0,0,0,0,0.0,0.0,0.9,0.9,0.1,0.9,0.9,3120,42,342,312.0,312.0,0.357642794,0
8.0,17,64.0,1.992599885,0.0,0.0,0.0,0,0,0,0.0,0.0,1.0,1.0,0.0,1.0,1.0,3420,342,342,342.0,342.0,0.501963115,0
6.4,17,55.7,9.616412288,0.0,0.0,0.0,0,0,0,0.0,0.0,0.8,0.5,0.2,0.8,0.8,2095,42,342,209.5,209.5,0.196352887,0
8.0,17,64.0,1.991458714,0.0,0.0,0.0,0,0,0,0.0,0.0,1.0,1.0,0.0,1.0,1.0,3420,342,342,342.0,342.0,0.502198386,0
6.4,17,51.2,2.491911973,0.0,0.0,0.0,0,0,0,0.0,0.0,0.8,0.8,0.2,0.8,0.8,2820,42,342,282.0,282.0,0.401300788,0
7.2,17,57.6,3.371911345,0.0,0.0,0.0,0,0,0,0.0,0.0,0.9,0.9,0.1,0.9,0.9,3120,42,342,312.0,312.0,0.296628094,0
7.2,17,57.6,1.999767998,0.0,0.0,0.0,0,0,0,0.0,0.0,0.9,0.9,0.1,0.9,0.9,3120,42,342,312.0,312.0,0.56696372,0
8.0,17,64.0,3.315705923,0.0,0.0,0.0,0,0,0,0.0,0.0,1.0,1.0,0.0,1.0,1.0,3420,342,342,342.0,342.0,0.502010894,0
8.0,17,64.0,2.487971819,0.0,0.0,0.0,0,0,0,0.0,0.0,1.0,1.0,0.0,1.0,1.0,3420,342,342,342.0,342.0,0.401962209,0
8.0,17,64.0,1.991258751,0.0,0.0,0.0,0,0,0,0.0,0.0,1.0,1.0,0.0,1.0,1.0,3420,342,342,342.0,342.0,0.502344418,0
8.0,17,64.0,2.572435269,0.0,0.0,0.0,0,0,0,0.0,0.0,1.0,1.0,0.0,1.0,1.0,3420,342,342,342.0,342.0,0.489085197,0
7.2,17,57.6,2.281249893,0.0,0.0,0.0,0,0,0,0.0,0.0,0.9,0.9,0.1,0.9,0.9,3120,42,342,312.0,312.0,0.538676381,0
8.0,17,64.0,3.312023892,0.0,0.0,0.0,0,0,0,0.0,0.0,1.0,1.0,0.0,1.0,1.0,3420,342,342,342.0,342.0,0.402302003,0
8.0,17,64.0,2.489640014,0.0,0.0,0.0,0,0,0,0.0,0.0,1.0,1.0,0.0,1.0,1.0,3420,342,342,342.0,342.0,0.401792312,0
6.4,17,51.2,1.689998493,0.0,0.0,0.0,0,0,0,0.0,0.0,0.8,0.8,0.2,0.8,0.8,2820,42,342,282.0,282.0,0.591818118,0
7.2,17,57.6,2.508358346,0.0,0.0,0.0,0,0,0,0.0,0.0,0.9,0.9,0.1,0.9,0.9,3120,42,342,312.0,312.0,0.498969603,0
8.0,17,64.0,1.660910199,0.0,0.0,0.0,0,0,0,0.0,0.0,1.0,1.0,0.0,1.0,1.0,3420,342,342,342.0,342.0,0.602261305,0
8.0,17,64.0,2.488117342,0.0,0.0,0.0,0,0,0,0.0,0.0,1.0,1.0,0.0,1.0,1.0,3420,342,342,342.0,342.0,0.502189493,0
6.4,17,51.2,2.219736622,0.0,0.0,0.0,0,0,0,0.0,0.0,0.8,0.8,0.2,0.8,0.8,2820,42,342,282.0,282.0,0.468770599,0
8.0,17,64.0,2.594222071,0.0,0.0,0.0,0,0,0,0.0,0.0,1.0,1.0,0.0,1.0,1.0,3420,342,342,342.0,342.0,0.485820198,0
8.0,17,64.0,1.700328625,0.0,0.0,0.0,0,0,0,0.0,0.0,1.0,1.0,0.0,1.0,1.0,3420,342,342,342.0,342.0,0.588198614,0
7.2,17,56.4,2.679478167,0.0,0.0,0.0,0,0,0,0.0,0.0,0.9,0.8,0.1,0.9,0.9,2868,42,342,286.8,286.8,0.374858093,0
8.0,17,64.0,3.315999518,0.0,0.0,0.0,0,0,0,0.0,0.0,1.0,1.0,0.0,1.0,1.0,3420,342,342,342.0,342.0,0.401979113,0
8.0,17,64.0,3.317597901,0.0,0.0,0.0,0,0,0,0.0,0.0,1.0,1.0,0.0,1.0,1.0,3420,342,342,342.0,342.0,0.347378087,0
7.2,17,57.6,3.274815666,0.0,0.0,0.0,0,0,0,0.0,0.0,0.9,0.9,0.1,0.9,0.9,3120,42,342,312.0,312.0,0.405705285,0
8.0,17,64.0,2.72264267,0.0,0.0,0.0,0,0,0,0.0,0.0,1.0,1.0,0.0,1.0,1.0,3420,342,342,342.0,342.0,0.467669106,0
8.0,17,64.0,1.992699097,0.0,0.0,0.0,0,0,0,0.0,0.0,1.0,1.0,0.0,1.0,1.0,3420,342,342,342.0,342.0,0.502051806,0
8.0,17,64.0,1.661464371,0.0,0.0,0.0,0,0,0,0.0,0.0,1.0,1.0,0.0,1.0,1.0,3420,342,342,342.0,342.0,0.602032781,0
6.4,17,51.2,3.322378359,0.0,0.0,0.0,0,0,0,0.0,0.0,0.8,0.8,0.2,0.8,0.8,2820,42,342,282.0,282.0,0.300989485,0
7.2,17,57.6,1.406579538,0.0,0.0,0.0,0,0,0,0.0,0.0,0.9,0.9,0.1,0.9,0.9,3120,42,342,312.0,312.0,0.711101913,0
8.0,17,64.0,1.990690282,0.0,0.0,0.0,0,0,0,0.0,0.0,1.0,1.0,0.0,1.0,1.0,3420,342,342,342.0,342.0,0.502351713,0
8.0,17,64.0,3.31739874,0.0,0.0,0.0,0,0,0,0.0,0.0,1.0,1.0,0.0,1.0,1.0,3420,342,342,342.0,342.0,0.501849103,0
8.0,17,64.0,2.4877726,0.0,0.0,0.0,0,0,0,0.0,0.0,1.0,1.0,0.0,1.0,1.0,3420,342,342,342.0,342.0,0.502410388,0
8.0,17,64.0,2.024999056,0.0,0.0,0.0,0,0,0,0.0,0.0,1.0,1.0,0.0,1.0,1.0,3420,342,342,342.0,342.0,0.594105792,0
8.0,17,64.0,1420.353539,0.0,0.0,0.0,0,0,0,0.0,0.0,1.0,1.0,0.0,1.0,1.0,1026,342,342,342.0,342.0,0.335026662,0
7.2,17,57.6,1.992439445,0.0,0.0,0.0,0,0,0,0.0,0.0,0.9,0.9,0.1,0.9,0.9,3120,42,342,312.0,312.0,0.602177501,0
8.0,17,64.0,1.99188345,0.0,0.0,0.0,0,0,0,0.0,0.0,1.0,1.0,0.0,1.0,1.0,3420,342,342,342.0,342.0,0.502080607,0
8.0,17,64.0,1.660543083,0.0,0.0,0.0,0,0,0,0.0,0.0,1.0,1.0,0.0,1.0,1.0,3420,342,342,342.0,342.0,0.602338004,0
8.0,17,64.0,1.992759121,0.0,0.0,0.0,0,0,0,0.0,0.0,1.0,1.0,0.0,1.0,1.0,3420,342,342,342.0,342.0,0.602154303,0
8.0,17,64.0,1.99115524,0.0,0.0,0.0,0,0,0,0.0,0.0,1.0,1.0,0.0,1.0,1.0,3420,342,342,342.0,342.0,0.602627707,0
8.0,17,63.5,1.993011755,0.0,0.0,0.0,0,0,0,0.0,0.0,1.0,0.8,0.0,1.0,1.0,2916,90,342,291.6,291.6,0.602062488,0
8.0,17,64.0,2.323751646,0.0,0.0,0.0,0,0,0,0.0,0.0,1.0,1.0,0.0,1.0,1.0,2394,342,342,342.0,342.0,0.430506706,0
6.4,17,55.7,7.608976999,0.0,0.0,0.0,0,0,0,0.0,0.0,0.8,0.5,0.2,0.8,0.8,2032,42,342,203.2,203.2,0.131423712,0
8.0,17,64.0,2.488018308,0.0,0.0,0.0,0,0,0,0.0,0.0,1.0,1.0,0.0,1.0,1.0,3420,342,342,342.0,342.0,0.602152586,0
8.0,17,64.0,1.991292501,0.0,0.0,0.0,0,0,0,0.0,0.0,1.0,1.0,0.0,1.0,1.0,3420,342,342,342.0,342.0,0.502265882,0
8.0,17,64.0,2.984219079,0.0,0.0,0.0,0,0,0,0.0,0.0,1.0,1.0,0.0,1.0,1.0,1026,342,342,342.0,342.0,0.335321983,0
8.0,17,64.0,2.488591667,0.0,0.0,0.0,0,0,0,0.0,0.0,1.0,1.0,0.0,1.0,1.0,3420,342,342,342.0,342.0,0.502242804,0
6.666666667,17,53.33333333,4.977056452,0.0,0.0,0.0,0,0,0,0.0,0.0,0.833333333,0.833333333,0.166666667,0.833333333,0.833333333,1752,42,342,292.0,292.0,0.413185,0
7.2,17,57.6,2.567072454,0.0,0.0,0.0,0,0,0,0.0,0.0,0.9,0.9,0.1,0.9,0.9,3120,42,342,312.0,312.0,0.389771795,0
4.0,17,67.2,2.974378445,0.0,0.0,0.0,0,0,0,0.0,0.0,0.5,0.5,0.1,0.9,0.9,2144,42,342,214.4,214.4,0.336316395,0
8.0,17,64.0,1.992757512,0.0,0.0,0.0,0,0,0,0.0,0.0,1.0,1.0,0.0,1.0,1.0,3420,342,342,342.0,342.0,0.5019943,0
8.0,17,64.0,3.307337839,0.0,0.0,0.0,0,0,0,0.0,0.0,1.0,1.0,0.0,1.0,1.0,3420,342,342,342.0,342.0,0.30249238,0
8.0,17,64.0,1.659904714,0.0,0.0,0.0,0,0,0,0.0,0.0,1.0,1.0,0.0,1.0,1.0,3420,342,342,342.0,342.0,0.602444601,0
8.0,17,64.0,1.749326721,0.0,0.0,0.0,0,0,0,0.0,0.0,1.0,1.0,0.0,1.0,1.0,3420,342,342,342.0,342.0,0.571648788,0
7.2,17,57.6,1.960192836,0.0,0.0,0.0,0,0,0,0.0,0.0,0.9,0.9,0.1,0.9,0.9,3120,42,342,312.0,312.0,0.610541487,0
8.0,17,64.0,1.704216232,0.0,0.0,0.0,0,0,0,0.0,0.0,1.0,1.0,0.0,1.0,1.0,3420,342,342,342.0,342.0,0.586826897,0
8.0,17,64.0,1.66047478,0.0,0.0,0.0,0,0,0,0.0,0.0,1.0,1.0,0.0,1.0,1.0,3420,342,342,342.0,342.0,0.60227201,0
8.0,17,64.0,1.99150221,0.0,0.0,0.0,0,0,0,0.0,0.0,1.0,1.0,0.0,1.0,1.0,3420,342,342,342.0,342.0,0.502133918,0
8.0,17,64.0,3.316165737,0.0,0.0,0.0,0,0,0,0.0,0.0,1.0,1.0,0.0,1.0,1.0,3420,342,342,342.0,342.0,0.401955295,0
8.0,17,69.4,2.842824033,0.0,0.0,0.0,0,0,0,0.0,0.0,1.0,0.8,0.0,1.0,1.0,2964,82,342,296.4,296.4,0.351862597,0
7.2,17,57.6,3.316629612,0.0,0.0,0.0,0,0,0,0.0,0.0,0.9,0.9,0.1,0.9,0.9,3120,42,342,312.0,312.0,0.301521397,0
8.0,17,64.0,1.807889655,0.0,0.0,0.0,0,0,0,0.0,0.0,1.0,1.0,0.0,1.0,1.0,3420,342,342,342.0,342.0,0.553248,0
8.0,17,64.0,2.488936784,0.0,0.0,0.0,0,0,0,0.0,0.0,1.0,1.0,0.0,1.0,1.0,3420,342,342,342.0,342.0,0.602274704,0
8.0,17,64.0,2.488653683,0.0,0.0,0.0,0,0,0,0.0,0.0,1.0,1.0,0.0,1.0,1.0,3420,342,342,342.0,342.0,0.502198195,0
8.0,17,64.0,2.48805491,0.0,0.0,0.0,0,0,0,0.0,0.0,1.0,1.0,0.0,1.0,1.0,3420,342,342,342.0,342.0,0.502292895,0
8.0,17,64.0,1.991012989,0.0,0.0,0.0,0,0,0,0.0,0.0,1.0,1.0,0.0,1.0,1.0,3420,342,342,342.0,342.0,0.602602983,0
6.4,17,51.2,3.317572709,0.0,0.0,0.0,0,0,0,0.0,0.0,0.8,0.8,0.2,0.8,0.8,2820,42,342,282.0,282.0,0.30158751,0
8.0,17,64.0,2.657954143,0.0,0.0,0.0,0,0,0,0.0,0.0,1.0,0.9,0.0,1.0,1.0,3168,90,342,316.8,316.8,0.4088269,0
8.0,17,64.0,1.660639334,0.0,0.0,0.0,0,0,0,0.0,0.0,1.0,1.0,0.0,1.0,1.0,3420,342,342,342.0,342.0,0.602273798,0
8.0,17,64.0,1.992108895,0.0,0.0,0.0,0,0,0,0.0,0.0,1.0,1.0,0.0,1.0,1.0,3420,342,342,342.0,342.0,0.501981306,0
8.0,17,64.0,2.48920296,0.0,0.0,0.0,0,0,0,0.0,0.0,1.0,1.0,0.0,1.0,1.0,1710,342,342,342.0,342.0,0.40187521,0
7.2,17,57.6,2.729540021,0.0,0.0,0.0,0,0,0,0.0,0.0,0.9,0.9,0.1,0.9,0.9,3120,42,342,312.0,312.0,0.366479206,0
8.0,17,64.0,2.486674519,0.0,0.0,0.0,0,0,0,0.0,0.0,1.0,1.0,0.0,1.0,1.0,3420,342,342,342.0,342.0,0.402169108,0
8.0,17,64.0,2.489187596,0.0,0.0,0.0,0,0,0,0.0,0.0,1.0,1.0,0.0,1.0,1.0,3420,342,342,342.0,342.0,0.401737809,0
8.0,17,64.0,2.48839412,0.0,0.0,0.0,0,0,0,0.0,0.0,1.0,1.0,0.0,1.0,1.0,3420,342,342,342.0,342.0,0.401871204,0
8.0,17,64.0,1.990762468,0.0,0.0,0.0,0,0,0,0.0,0.0,1.0,1.0,0.0,1.0,1.0,3420,342,342,342.0,342.0,0.602793694,0
3.2,1,57.6,10.37691909,0.0,0.0,0.0,0,0,0,0.0,0.0,0.4,0.4,0.1,0.9,0.9,1900,42,342,190.0,190.0,0.139788318,0
8.0,17,64.0,3.318530521,0.0,0.0,0.0,0,0,0,0.0,0.0,1.0,1.0,0.0,1.0,1.0,3420,342,342,342.0,342.0,0.301511097,0
7.2,17,57.6,2.451571671,0.0,0.0,0.0,0,0,0,0.0,0.0,0.9,0.9,0.1,0.9,0.9,3120,42,342,312.0,312.0,0.608305979,0
7.2,17,57.6,1.992166423,0.0,0.0,0.0,0,0,0,0.0,0.0,0.9,0.9,0.1,0.9,0.9,3120,42,342,312.0,312.0,0.501987886,0
8.0,17,64.0,2.488883467,0.0,0.0,0.0,0,0,0,0.0,0.0,1.0,1.0,0.0,1.0,1.0,3420,342,342,342.0,342.0,0.502192283,0
8.0,17,64.0,1.991227839,0.0,0.0,0.0,0,0,0,0.0,0.0,1.0,1.0,0.0,1.0,1.0,3420,342,342,342.0,342.0,0.502396202,0
8.0,17,60.1,4.982776572,0.0,0.0,0.0,0,0,0,0.0,0.0,1.0,0.4,0.0,1.0,1.0,1908,90,342,190.8,190.8,0.201109505,0
8.0,17,64.0,1.992517248,0.0,0.0,0.0,0,0,0,0.0,0.0,1.0,1.0,0.0,1.0,1.0,3420,342,342,342.0,342.0,0.502035809,0
4.0,1,64.0,4.095686824,0.0,0.0,0.0,0,0,0,0.0,0.0,0.5,0.5,0.0,1.0,1.0,2200,98,342,220.0,220.0,0.244297004,0
7.2,17,57.6,2.087905814,0.0,0.0,0.0,0,0,0,0.0,0.0,0.9,0.9,0.1,0.9,0.9,3120,42,342,312.0,312.0,0.502329016,0
8.0,17,64.0,1.992901717,0.0,0.0,0.0,0,0,0,0.0,0.0,1.0,1.0,0.0,1.0,1.0,3420,342,342,342.0,342.0,0.583296895,0
8.0,17,64.0,2.488168708,0.0,0.0,0.0,0,0,0,0.0,0.0,1.0,1.0,0.0,1.0,1.0,3420,342,342,342.0,342.0,0.502289295,0
7.2,17,57.6,3.110966527,0.0,0.0,0.0,0,0,0,0.0,0.0,0.9,0.9,0.1,0.9,0.9,3120,42,342,312.0,312.0,0.32144351,0
8.0,17,64.0,1.991273404,0.0,0.0,0.0,0,0,0,0.0,0.0,1.0,1.0,0.0,1.0,1.0,3420,342,342,342.0,342.0,0.502203298,0
8.0,17,64.0,1.995377093,0.0,0.0,0.0,0,0,0,0.0,0.0,1.0,1.0,0.0,1.0,1.0,3420,342,342,342.0,342.0,0.515256691,0
7.2,17,57.6,2.305387257,0.0,0.0,0.0,0,0,0,0.0,0.0,0.9,0.9,0.1,0.9,0.9,3120,42,342,312.0,312.0,0.5341362,0
5.6,17,64.0,2.330712722,0.0,0.0,0.0,0,0,0,0.0,0.0,0.7,0.7,0.0,1.0,1.0,2688,98,342,268.8,268.8,0.42905941,0
8.0,17,64.0,2.488183616,0.0,0.0,0.0,0,0,0,0.0,0.0,1.0,1.0,0.0,1.0,1.0,3420,342,342,342.0,342.0,0.502351093,0
8.0,17,64.0,2.487640101,0.0,0.0,0.0,0,0,0,0.0,0.0,1.0,1.0,0.0,1.0,1.0,3420,342,342,342.0,342.0,0.402043509,0
7.2,17,57.6,2.019624279,0.0,0.0,0.0,0,0,0,0.0,0.0,0.9,0.9,0.1,0.9,0.9,3120,42,342,312.0,312.0,0.495160604,0
8.0,17,64.0,2.489959258,0.0,0.0,0.0,0,0,0,0.0,0.0,1.0,1.0,0.0,1.0,1.0,3420,342,342,342.0,342.0,0.401845193,0
8.0,17,64.0,2.060784916,0.0,0.0,0.0,0,0,0,0.0,0.0,1.0,1.0,0.0,1.0,1.0,3420,342,342,342.0,342.0,0.585650706,0
15.2,17,61.2,17.6602348,0.2,0.0,0.2,2,2,0,0.0,0.3,0.5,0.3,0.2,0.8,0.8,1488,42,342,148.8,148.8,0.056624389,0
7.2,17,57.6,2.009498095,0.0,0.0,0.0,0,0,0,0.0,0.0,0.9,0.9,0.1,0.9,0.9,3120,42,342,312.0,312.0,0.497881293,0
7.2,17,57.6,3.315864249,0.0,0.0,0.0,0,0,0,0.0,0.0,0.9,0.9,0.1,0.9,0.9,3120,42,342,312.0,312.0,0.301580501,0
8.0,17,63.0,3.296997199,0.0,0.0,0.0,0,0,0,0.0,0.0,1.0,0.6,0.0,1.0,1.0,2412,90,342,241.2,241.2,0.311511111,0
8.0,17,64.0,2.488635668,0.0,0.0,0.0,0,0,0,0.0,0.0,1.0,1.0,0.0,1.0,1.0,3420,342,342,342.0,342.0,0.602038598,0
8.0,17,64.0,2.489240188,0.0,0.0,0.0,0,0,0,0.0,0.0,1.0,1.0,0.0,1.0,1.0,3420,342,342,342.0,342.0,0.502288699,0
8.0,17,64.0,2.488498205,0.0,0.0,0.0,0,0,0,0.0,0.0,1.0,1.0,0.0,1.0,1.0,3420,342,342,342.0,342.0,0.502284598,0
8.0,17,64.0,1.991532375,0.0,0.0,0.0,0,0,0,0.0,0.0,1.0,1.0,0.0,1.0,1.0,3420,342,342,342.0,342.0,0.502127409,0
8.0,17,64.0,2.487820262,0.0,0.0,0.0,0,0,0,0.0,0.0,1.0,1.0,0.0,1.0,1.0,3420,342,342,342.0,342.0,0.402087593,0
8.0,17,64.0,3.314705732,0.0,0.0,0.0,0,0,0,0.0,0.0,1.0,1.0,0.0,1.0,1.0,3420,342,342,342.0,342.0,0.382516813,0
8.0,17,64.0,2.477790996,0.0,0.0,0.0,0,0,0,0.0,0.0,1.0,1.0,0.0,1.0,1.0,3420,342,342,342.0,342.0,0.4036134,0
7.2,17,57.6,2.419848613,0.0,0.0,0.0,0,0,0,0.0,0.0,0.9,0.9,0.1,0.9,0.9,3120,42,342,312.0,312.0,0.51352818,0
8.0,17,64.0,1.99191845,0.0,0.0,0.0,0,0,0,0.0,0.0,1.0,1.0,0.0,1.0,1.0,3420,342,342,342.0,342.0,0.602554488,0
6.4,17,49.8,3.246809123,0.0,0.0,0.0,0,0,0,0.0,0.0,0.8,0.7,0.2,0.8,0.8,2568,42,342,256.8,256.8,0.308227396,0
7.2,17,57.6,1.992503807,0.0,0.0,0.0,0,0,0,0.0,0.0,0.9,0.9,0.1,0.9,0.9,3120,42,342,312.0,312.0,0.602277994,0
7.2,17,57.6,1.889988984,0.0,0.0,0.0,0,0,0,0.0,0.0,0.9,0.9,0.1,0.9,0.9,3120,42,342,312.0,312.0,0.529230595,0
8.0,17,64.0,2.487616051,0.0,0.0,0.0,0,0,0,0.0,0.0,1.0,1.0,0.0,1.0,1.0,3420,342,342,342.0,342.0,0.401992178,0
8.0,17,64.0,1.689035095,0.0,0.0,0.0,0,0,0,0.0,0.0,1.0,1.0,0.0,1.0,1.0,3420,342,342,342.0,342.0,0.692418909,0
7.2,17,57.6,2.235098836,0.0,0.0,0.0,0,0,0,0.0,0.0,0.9,0.9,0.1,0.9,0.9,3120,42,342,312.0,312.0,0.447512817,0
8.0,17,64.0,2.485127642,0.0,0.0,0.0,0,0,0,0.0,0.0,1.0,1.0,0.0,1.0,1.0,3420,342,342,342.0,342.0,0.602938819,0
8.0,17,64.0,1.660564975,0.0,0.0,0.0,0,0,0,0.0,0.0,1.0,1.0,0.0,1.0,1.0,3420,342,342,342.0,342.0,0.602336597,0
8.0,17,64.0,2.483338004,0.0,0.0,0.0,0,0,0,0.0,0.0,1.0,1.0,0.0,1.0,1.0,3420,342,342,342.0,342.0,0.402740216,0
8.0,17,64.0,3.97442255,0.0,0.0,0.0,0,0,0,0.0,0.0,1.0,1.0,0.0,1.0,1.0,2736,342,342,342.0,342.0,0.377195001,0
8.0,17,64.0,2.488545894,0.0,0.0,0.0,0,0,0,0.0,0.0,1.0,1.0,0.0,1.0,1.0,3420,342,342,342.0,342.0,0.4019243,0
8.0,17,64.0,1.991275484,0.0,0.0,0.0,0,0,0,0.0,0.0,1.0,1.0,0.0,1.0,1.0,3420,342,342,342.0,342.0,0.502255988,0
7.2,17,57.6,2.107829315,0.0,0.0,0.0,0,0,0,0.0,0.0,0.9,0.9,0.1,0.9,0.9,3120,42,342,312.0,312.0,0.474500418,0
8.0,17,64.0,2.488547666,0.0,0.0,0.0,0,0,0,0.0,0.0,1.0,1.0,0.0,1.0,1.0,3420,342,342,342.0,342.0,0.502155209,0
7.2,17,57.6,2.556011225,0.0,0.0,0.0,0,0,0,0.0,0.0,0.9,0.9,0.1,0.9,0.9,3120,42,342,312.0,312.0,0.591620994,0
8.0,17,64.0,3.187700048,0.0,0.0,0.0,0,0,0,0.0,0.0,1.0,1.0,0.0,1.0,1.0,3420,342,342,342.0,342.0,0.313714886,0
8.0,17,64.0,1.991852139,0.0,0.0,0.0,0,0,0,0.0,0.0,1.0,1.0,0.0,1.0,1.0,3420,342,342,342.0,342.0,0.602399111,0
8.0,17,64.0,2.475644645,0.0,0.0,0.0,0,0,0,0.0,0.0,1.0,1.0,0.0,1.0,1.0,3420,342,342,342.0,342.0,0.404130292,0
7.2,17,57.6,2.765927379,0.0,0.0,0.0,0,0,0,0.0,0.0,0.9,0.9,0.1,0.9,0.9,3120,42,342,312.0,312.0,0.4618927,0
8.0,17,64.0,2.487585069,0.0,0.0,0.0,0,0,0,0.0,0.0,1.0,1.0,0.0,1.0,1.0,3420,342,342,342.0,342.0,0.402028704,0
8.0,17,64.0,1.991811655,0.0,0.0,0.0,0,0,0,0.0,0.0,1.0,1.0,0.0,1.0,1.0,3420,342,342,342.0,342.0,0.602580619,0
8.0,17,64.0,2.488891442,0.0,0.0,0.0,0,0,0,0.0,0.0,1.0,1.0,0.0,1.0,1.0,3420,342,342,342.0,342.0,0.5021626,0
8.0,17,64.0,1.992158854,0.0,0.0,0.0,0,0,0,0.0,0.0,1.0,1.0,0.0,1.0,1.0,3420,342,342,342.0,342.0,0.602271914,0
7.2,17,57.6,2.015722263,0.0,0.0,0.0,0,0,0,0.0,0.0,0.9,0.9,0.1,0.9,0.9,3120,42,342,312.0,312.0,0.596462393,0
6.4,17,51.2,2.214173856,0.0,0.0,0.0,0,0,0,0.0,0.0,0.8,0.8,0.2,0.8,0.8,2820,42,342,282.0,282.0,0.453852606,0
8.0,17,64.0,2.491096786,0.0,0.0,0.0,0,0,0,0.0,0.0,1.0,1.0,0.0,1.0,1.0,3420,342,342,342.0,342.0,0.401623917,0
7.2,17,57.6,2.823737116,0.0,0.0,0.0,0,0,0,0.0,0.0,0.9,0.9,0.1,0.9,0.9,3120,42,342,312.0,312.0,0.354296899,0
8.0,17,64.0,1.993288608,0.0,0.0,0.0,0,0,0,0.0,0.0,1.0,1.0,0.0,1.0,1.0,3420,342,342,342.0,342.0,0.601970601,0
7.2,17,57.6,2.586924605,0.0,0.0,0.0,0,0,0,0.0,0.0,0.9,0.9,0.1,0.9,0.9,3120,42,342,312.0,312.0,0.3866817,0
8.0,17,64.0,3.315065176,0.0,0.0,0.0,0,0,0,0.0,0.0,1.0,1.0,0.0,1.0,1.0,3420,342,342,342.0,342.0,0.402007413,0
8.0,17,64.0,3.316588962,0.0,0.0,0.0,0,0,0,0.0,0.0,1.0,1.0,0.0,1.0,1.0,3420,342,342,342.0,342.0,0.401901603,0
8.0,17,64.0,1.991578428,0.0,0.0,0.0,0,0,0,0.0,0.0,1.0,1.0,0.0,1.0,1.0,3420,342,342,342.0,342.0,0.502192998,0
8.0,17,64.0,2.488222732,0.0,0.0,0.0,0,0,0,0.0,0.0,1.0,1.0,0.0,1.0,1.0,3420,342,342,342.0,342.0,0.401927781,0
8.0,17,61.0,3.418602566,0.0,0.0,0.0,0,0,0,0.0,0.0,1.0,0.4,0.0,1.0,1.0,1908,90,342,190.8,190.8,0.301187682,0
8.0,17,64.0,1.991910504,0.0,0.0,0.0,0,0,0,0.0,0.0,1.0,1.0,0.0,1.0,1.0,3420,342,342,342.0,342.0,0.602387905,0
8.0,17,64.0,2.986501904,0.0,0.0,0.0,0,0,0,0.0,0.0,1.0,1.0,0.0,1.0,1.0,3078,342,342,342.0,342.0,0.44628689,0
8.0,17,64.0,2.48774663,0.0,0.0,0.0,0,0,0,0.0,0.0,1.0,1.0,0.0,1.0,1.0,3420,342,342,342.0,342.0,0.402070999,0
8.0,17,64.0,1.991949763,0.0,0.0,0.0,0,0,0,0.0,0.0,1.0,1.0,0.0,1.0,1.0,3420,342,342,342.0,342.0,0.602353883,0
8.0,17,64.0,2.488823358,0.0,0.0,0.0,0,0,0,0.0,0.0,1.0,1.0,0.0,1.0,1.0,3420,342,342,342.0,342.0,0.401961088,0
8.0,17,64.0,2.487487257,0.0,0.0,0.0,0,0,0,0.0,0.0,1.0,1.0,0.0,1.0,1.0,3420,342,342,342.0,342.0,0.402120614,0
8.0,17,64.0,1.991366622,0.0,0.0,0.0,0,0,0,0.0,0.0,1.0,1.0,0.0,1.0,1.0,3420,342,342,342.0,342.0,0.602522206,0
8.0,17,64.0,2.907094363,0.0,0.0,0.0,0,0,0,0.0,0.0,1.0,1.0,0.0,1.0,1.0,3420,342,342,342.0,342.0,0.444304991,0
7.2,17,57.6,1.987867588,0.0,0.0,0.0,0,0,0,0.0,0.0,0.9,0.9,0.1,0.9,0.9,3120,42,342,312.0,312.0,0.503205109,0
8.0,17,64.0,1.275899817,0.0,0.0,0.0,0,0,0,0.0,0.0,1.0,1.0,0.0,1.0,1.0,3420,342,342,342.0,342.0,0.783764386,0
8.0,17,64.0,1.991431294,0.0,0.0,0.0,0,0,0,0.0,0.0,1.0,1.0,0.0,1.0,1.0,3420,342,342,342.0,342.0,0.502427411,0
7.2,17,57.6,2.513604181,0.0,0.0,0.0,0,0,0,0.0,0.0,0.9,0.9,0.1,0.9,0.9,3120,42,342,312.0,312.0,0.397863603,0
7.2,17,57.6,3.633500456,0.0,0.0,0.0,0,0,0,0.0,0.0,0.9,0.9,0.1,0.9,0.9,3120,42,342,312.0,312.0,0.375501204,0
8.0,17,64.0,2.489015951,0.0,0.0,0.0,0,0,0,0.0,0.0,1.0,1.0,0.0,1.0,1.0,3420,342,342,342.0,342.0,0.401854205,0
8.0,17,64.0,1.991513747,0.0,0.0,0.0,0,0,0,0.0,0.0,1.0,1.0,0.0,1.0,1.0,3420,342,342,342.0,342.0,0.502154112,0
8.0,17,64.0,2.98683722,0.0,0.0,0.0,0,0,0,0.0,0.0,1.0,1.0,0.0,1.0,1.0,2052,342,342,342.0,342.0,0.335267464,0
8.0,17,64.0,1.661355323,0.0,0.0,0.0,0,0,0,0.0,0.0,1.0,1.0,0.0,1.0,1.0,3420,342,342,342.0,342.0,0.602143097,0
7.2,17,57.6,2.591986929,0.0,0.0,0.0,0,0,0,0.0,0.0,0.9,0.9,0.1,0.9,0.9,3120,42,342,312.0,312.0,0.401977301,0
4.8,17,51.2,3.321475664,0.0,0.0,0.0,0,0,0,0.0,0.0,0.6,0.6,0.2,0.8,0.8,2332,42,342,233.2,233.2,0.301133704,0
8.0,17,64.0,2.487413054,0.0,0.0,0.0,0,0,0,0.0,0.0,1.0,1.0,0.0,1.0,1.0,3420,342,342,342.0,342.0,0.5023633,0
8.0,17,64.0,2.487552316,0.0,0.0,0.0,0,0,0,0.0,0.0,1.0,1.0,0.0,1.0,1.0,3420,342,342,342.0,342.0,0.402173996,0
8.0,17,64.0,2.488316764,0.0,0.0,0.0,0,0,0,0.0,0.0,1.0,1.0,0.0,1.0,1.0,3420,342,342,342.0,342.0,0.401953793,0
7.2,17,57.6,2.754888522,0.0,0.0,0.0,0,0,0,0.0,0.0,0.9,0.9,0.1,0.9,0.9,3120,42,342,312.0,312.0,0.395431113,0
7.2,17,57.6,1.994500447,0.0,0.0,0.0,0,0,0,0.0,0.0,0.9,0.9,0.1,0.9,0.9,3120,42,342,312.0,312.0,0.501482391,0
7.2,17,57.6,3.317480081,0.0,0.0,0.0,0,0,0,0.0,0.0,0.9,0.9,0.1,0.9,0.9,3120,42,342,312.0,312.0,0.378432298,0
8.0,17,64.0,2.488033214,0.0,0.0,0.0,0,0,0,0.0,0.0,1.0,1.0,0.0,1.0,1.0,3420,342,342,342.0,342.0,0.502370501,0
6.4,17,51.2,2.85977879,0.0,0.0,0.0,0,0,0,0.0,0.0,0.8,0.8,0.2,0.8,0.8,2820,42,342,282.0,282.0,0.545671391,0
8.0,17,64.0,1.991849018,0.0,0.0,0.0,0,0,0,0.0,0.0,1.0,1.0,0.0,1.0,1.0,3420,342,342,342.0,342.0,0.502185082,0
6.4,17,51.2,1.671374389,0.0,0.0,0.0,0,0,0,0.0,0.0,0.8,0.8,0.2,0.8,0.8,2820,42,342,282.0,282.0,0.601942801,0
8.0,17,64.0,2.487401253,0.0,0.0,0.0,0,0,0,0.0,0.0,1.0,1.0,0.0,1.0,1.0,3420,342,342,342.0,342.0,0.502283001,0
8.0,17,64.0,3.316886124,0.0,0.0,0.0,0,0,0,0.0,0.0,1.0,1.0,0.0,1.0,1.0,3420,342,342,342.0,342.0,0.501775599,0
4.0,1,73.6,3.750530035,0.0,0.0,0.0,0,0,0,0.0,0.0,0.5,0.5,0.0,1.0,1.0,2200,98,342,220.0,220.0,0.26927228,0
8.0,17,64.0,3.31285002,0.0,0.0,0.0,0,0,0,0.0,0.0,1.0,1.0,0.0,1.0,1.0,3420,342,342,342.0,342.0,0.301967597,0
7.2,17,57.6,3.314396913,0.0,0.0,0.0,0,0,0,0.0,0.0,0.9,0.9,0.1,0.9,0.9,3120,42,342,312.0,312.0,0.402045512,0
8.0,17,64.0,3.31677701,0.0,0.0,0.0,0,0,0,0.0,0.0,1.0,1.0,0.0,1.0,1.0,3420,342,342,342.0,342.0,0.401919913,0
7.2,17,57.6,2.093799722,0.0,0.0,0.0,0,0,0,0.0,0.0,0.9,0.9,0.1,0.9,0.9,3120,42,342,312.0,312.0,0.481285191,0
8.0,17,64.0,1.991350361,0.0,0.0,0.0,0,0,0,0.0,0.0,1.0,1.0,0.0,1.0,1.0,3420,342,342,342.0,342.0,0.502275896,0
8.0,17,64.0,1.99206963,0.0,0.0,0.0,0,0,0,0.0,0.0,1.0,1.0,0.0,1.0,1.0,3420,342,342,342.0,342.0,0.602318478,0
6.4,17,51.2,1.812771872,0.0,0.0,0.0,0,0,0,0.0,0.0,0.8,0.8,0.2,0.8,0.8,2820,42,342,282.0,282.0,0.585802007,0
7.2,17,57.6,2.2167419,0.0,0.0,0.0,0,0,0,0.0,0.0,0.9,0.9,0.1,0.9,0.9,3120,42,342,312.0,312.0,0.551405692,0
8.0,17,64.0,2.488194834,0.0,0.0,0.0,0,0,0,0.0,0.0,1.0,1.0,0.0,1.0,1.0,3420,342,342,342.0,342.0,0.402159095,0
8.0,17,64.0,3.300320196,0.0,0.0,0.0,0,0,0,0.0,0.0,1.0,1.0,0.0,1.0,1.0,3420,342,342,342.0,342.0,0.303025913,0
7.2,17,57.6,2.087412031,0.0,0.0,0.0,0,0,0,0.0,0.0,0.9,0.9,0.1,0.9,0.9,3120,42,342,312.0,312.0,0.479149103,0
7.2,17,57.6,2.077489908,0.0,0.0,0.0,0,0,0,0.0,0.0,0.9,0.9,0.1,0.9,0.9,3120,42,342,312.0,312.0,0.502272105,0
7.2,17,57.6,3.120071264,0.0,0.0,0.0,0,0,0,0.0,0.0,0.9,0.9,0.1,0.9,0.9,3120,42,342,312.0,312.0,0.320618415,0
6.4,17,64.0,3.316849664,0.0,0.0,0.0,0,0,0,0.0,0.0,0.8,0.8,0.0,1.0,1.0,2932,98,342,293.2,293.2,0.385334086,0
8.0,17,64.0,3.316799042,0.0,0.0,0.0,0,0,0,0.0,0.0,1.0,1.0,0.0,1.0,1.0,3420,342,342,342.0,342.0,0.401730895,0
7.2,17,57.6,2.80261917,0.0,0.0,0.0,0,0,0,0.0,0.0,0.9,0.9,0.1,0.9,0.9,3120,42,342,312.0,312.0,0.356897902,0
25.6,6,72.8,38.0445054,0.0,0.0,0.8,8,0,0,0.0,0.8,0.0,0.0,0.2,0.8,0.8,6785,42,2866,678.5,678.5,0.026329589,0
8.0,17,64.0,2.488965732,0.0,0.0,0.0,0,0,0,0.0,0.0,1.0,1.0,0.0,1.0,1.0,3420,342,342,342.0,342.0,0.40185132,0
5.6,17,44.8,3.308925792,0.0,0.0,0.0,0,0,0,0.0,0.0,0.7,0.6,0.3,0.7,0.7,2268,42,342,226.8,226.8,0.401465201,0
8.0,17,64.0,1.991804182,0.0,0.0,0.0,0,0,0,0.0,0.0,1.0,1.0,0.0,1.0,1.0,3420,342,342,342.0,342.0,0.602369785,0
8.0,17,64.0,3.314346628,0.0,0.0,0.0,0,0,0,0.0,0.0,1.0,1.0,0.0,1.0,1.0,3420,342,342,342.0,342.0,0.382185578,0
8.0,17,64.0,2.487502747,0.0,0.0,0.0,0,0,0,0.0,0.0,1.0,1.0,0.0,1.0,1.0,3420,342,342,342.0,342.0,0.402010298,0
7.2,17,57.6,1.96195606,0.0,0.0,0.0,0,0,0,0.0,0.0,0.9,0.9,0.1,0.9,0.9,3120,42,342,312.0,312.0,0.50982461,0
8.0,17,64.0,2.488130921,0.0,0.0,0.0,0,0,0,0.0,0.0,1.0,1.0,0.0,1.0,1.0,3420,342,342,342.0,342.0,0.401994705,0
8.0,17,64.0,1.991925545,0.0,0.0,0.0,0,0,0,0.0,0.0,1.0,1.0,0.0,1.0,1.0,3420,342,342,342.0,342.0,0.502229214,0
8.0,17,64.0,2.488421432,0.0,0.0,0.0,0,0,0,0.0,0.0,1.0,1.0,0.0,1.0,1.0,3420,342,342,342.0,342.0,0.502275085,0
8.0,17,64.0,1.989867592,0.0,0.0,0.0,0,0,0,0.0,0.0,1.0,1.0,0.0,1.0,1.0,3420,342,342,342.0,342.0,0.502546597,0
8.0,17,64.0,2.490242655,0.0,0.0,0.0,0,0,0,0.0,0.0,1.0,1.0,0.0,1.0,1.0,3420,342,342,342.0,342.0,0.401639509,0
8.0,17,64.0,2.487127793,0.0,0.0,0.0,0,0,0,0.0,0.0,1.0,1.0,0.0,1.0,1.0,3420,342,342,342.0,342.0,0.502236509,0
8.0,17,61.2,2.459321669,0.0,0.0,0.0,0,0,0,0.0,0.0,1.0,0.5,0.0,1.0,1.0,2160,90,342,216.0,216.0,0.493063998,0
7.2,17,57.6,1.965415413,0.0,0.0,0.0,0,0,0,0.0,0.0,0.9,0.9,0.1,0.9,0.9,3120,42,342,312.0,312.0,0.609100699,0
7.0,17,56.0,6.898699351,0.0,0.0,0.0,0,0,0,0.0,0.0,0.875,0.875,0.125,0.875,0.875,2436,42,342,304.5,304.5,0.520818859,0
6.4,17,51.2,1.743948316,0.0,0.0,0.0,0,0,0,0.0,0.0,0.8,0.8,0.2,0.8,0.8,2820,42,342,282.0,282.0,0.614129281,0
7.2,17,57.6,2.028346138,0.0,0.0,0.0,0,0,0,0.0,0.0,0.9,0.9,0.1,0.9,0.9,3120,42,342,312.0,312.0,0.4930125,0
8.0,17,64.0,2.487799899,0.0,0.0,0.0,0,0,0,0.0,0.0,1.0,1.0,0.0,1.0,1.0,3420,342,342,342.0,342.0,0.502264309,0
8.0,17,64.0,1.906368719,0.0,0.0,0.0,0,0,0,0.0,0.0,1.0,1.0,0.0,1.0,1.0,3420,342,342,342.0,342.0,0.524563909,0
8.0,17,64.0,1.660170937,0.0,0.0,0.0,0,0,0,0.0,0.0,1.0,1.0,0.0,1.0,1.0,3420,342,342,342.0,342.0,0.702799416,0
8.0,17,64.0,2.486202252,0.0,0.0,0.0,0,0,0,0.0,0.0,1.0,1.0,0.0,1.0,1.0,3420,342,342,342.0,342.0,0.502616501,0
8.0,17,64.0,1.661230038,0.0,0.0,0.0,0,0,0,0.0,0.0,1.0,1.0,0.0,1.0,1.0,3420,342,342,342.0,342.0,0.602129006,0
7.2,17,57.6,1.990869057,0.0,0.0,0.0,0,0,0,0.0,0.0,0.9,0.9,0.1,0.9,0.9,3120,42,342,312.0,312.0,0.549407601,0
8.0,17,64.0,2.487879584,0.0,0.0,0.0,0,0,0,0.0,0.0,1.0,1.0,0.0,1.0,1.0,3420,342,342,342.0,342.0,0.502328515,0
7.2,17,57.6,3.873590465,0.0,0.0,0.0,0,0,0,0.0,0.0,0.9,0.9,0.1,0.9,0.9,3120,42,342,312.0,312.0,0.258307719,0
4.0,17,44.8,4.558477088,0.0,0.0,0.0,0,0,0,0.0,0.0,0.5,0.5,0.3,0.7,0.7,2032,42,342,203.2,203.2,0.21937151,0
7.2,17,57.6,1.730993835,0.0,0.0,0.0,0,0,0,0.0,0.0,0.9,0.9,0.1,0.9,0.9,3120,42,342,312.0,312.0,0.677982306,0
8.0,17,64.0,2.487971228,0.0,0.0,0.0,0,0,0,0.0,0.0,1.0,1.0,0.0,1.0,1.0,3420,342,342,342.0,342.0,0.402086091,0
8.0,17,64.0,1.423406898,0.0,0.0,0.0,0,0,0,0.0,0.0,1.0,1.0,0.0,1.0,1.0,3420,342,342,342.0,342.0,0.8028512,0
7.2,17,57.6,2.08759073,0.0,0.0,0.0,0,0,0,0.0,0.0,0.9,0.9,0.1,0.9,0.9,3120,42,342,312.0,312.0,0.679442191,0
8.0,17,64.0,2.487686577,0.0,0.0,0.0,0,0,0,0.0,0.0,1.0,1.0,0.0,1.0,1.0,3420,342,342,342.0,342.0,0.402049303,0
6.4,17,51.2,3.250260103,0.0,0.0,0.0,0,0,0,0.0,0.0,0.8,0.8,0.2,0.8,0.8,2820,42,342,282.0,282.0,0.309707403,0
8.0,17,64.0,2.48882838,0.0,0.0,0.0,0,0,0,0.0,0.0,1.0,1.0,0.0,1.0,1.0,3420,342,342,342.0,342.0,0.401819801,0
8.0,17,64.0,1.992145417,0.0,0.0,0.0,0,0,0,0.0,0.0,1.0,1.0,0.0,1.0,1.0,3420,342,342,342.0,342.0,0.602386284,0
8.0,17,64.0,2.488832662,0.0,0.0,0.0,0,0,0,0.0,0.0,1.0,1.0,0.0,1.0,1.0,3420,342,342,342.0,342.0,0.501981211,0
8.0,17,64.0,1.992151662,0.0,0.0,0.0,0,0,0,0.0,0.0,1.0,1.0,0.0,1.0,1.0,3420,342,342,342.0,342.0,0.502095604,0
8.0,17,64.0,2.487308471,0.0,0.0,0.0,0,0,0,0.0,0.0,1.0,1.0,0.0,1.0,1.0,3420,342,342,342.0,342.0,0.402045393,0
8.0,17,64.0,2.488807114,0.0,0.0,0.0,0,0,0,0.0,0.0,1.0,1.0,0.0,1.0,1.0,3420,342,342,342.0,342.0,0.502219105,0
8.0,17,64.0,2.488640689,0.0,0.0,0.0,0,0,0,0.0,0.0,1.0,1.0,0.0,1.0,1.0,3420,342,342,342.0,342.0,0.401838493,0
8.0,17,64.0,2.488104944,0.0,0.0,0.0,0,0,0,0.0,0.0,1.0,1.0,0.0,1.0,1.0,3420,342,342,342.0,342.0,0.401992393,0
8.0,17,64.0,1.107439452,0.0,0.0,0.0,0,0,0,0.0,0.0,1.0,1.0,0.0,1.0,1.0,3420,342,342,342.0,342.0,1.003264284,0
8.0,17,64.0,1.992608973,0.0,0.0,0.0,0,0,0,0.0,0.0,1.0,1.0,0.0,1.0,1.0,3420,342,342,342.0,342.0,0.502011418,0
6.4,17,51.2,1.671270696,0.0,0.0,0.0,0,0,0,0.0,0.0,0.8,0.8,0.2,0.8,0.8,2820,42,342,282.0,282.0,0.69868722,0
6.4,17,51.2,2.765781285,0.0,0.0,0.0,0,0,0,0.0,0.0,0.8,0.8,0.2,0.8,0.8,2820,42,342,282.0,282.0,0.379816794,0
8.0,17,64.0,2.487653822,0.0,0.0,0.0,0,0,0,0.0,0.0,1.0,1.0,0.0,1.0,1.0,3420,342,342,342.0,342.0,0.502346683,0
8.0,17,64.0,3.315953116,0.0,0.0,0.0,0,0,0,0.0,0.0,1.0,1.0,0.0,1.0,1.0,3420,342,342,342.0,342.0,0.374325514,0
8.0,17,64.0,3.315725844,0.0,0.0,0.0,0,0,0,0.0,0.0,1.0,1.0,0.0,1.0,1.0,3420,342,342,342.0,342.0,0.401986599,0
8.0,17,64.0,3.315893871,0.0,0.0,0.0,0,0,0,0.0,0.0,1.0,1.0,0.0,1.0,1.0,3420,342,342,342.0,342.0,0.401966906,0
8.0,17,64.0,2.422502994,0.0,0.0,0.0,0,0,0,0.0,0.0,1.0,1.0,0.0,1.0,1.0,3420,342,342,342.0,342.0,0.4574471,0
8.0,17,64.0,2.489781299,0.0,0.0,0.0,0,0,0,0.0,0.0,1.0,1.0,0.0,1.0,1.0,3420,342,342,342.0,342.0,0.401853514,0
6.4,17,51.2,2.497395163,0.0,0.0,0.0,0,0,0,0.0,0.0,0.8,0.8,0.2,0.8,0.8,2820,42,342,282.0,282.0,0.400494313,0
6.4,17,50.1,3.70214754,0.0,0.0,0.0,0,0,0,0.0,0.0,0.8,0.5,0.2,0.8,0.8,2064,42,342,206.4,206.4,0.370350099,0
8.0,17,64.0,2.487218792,0.0,0.0,0.0,0,0,0,0.0,0.0,1.0,1.0,0.0,1.0,1.0,3420,342,342,342.0,342.0,0.402062607,0
8.0,17,64.0,1.991508546,0.0,0.0,0.0,0,0,0,0.0,0.0,1.0,1.0,0.0,1.0,1.0,3420,342,342,342.0,342.0,0.502208114,0
8.0,17,64.0,1.990923395,0.0,0.0,0.0,0,0,0,0.0,0.0,1.0,1.0,0.0,1.0,1.0,3420,342,342,342.0,342.0,0.502492714,0
7.2,17,57.6,1.861062703,0.0,0.0,0.0,0,0,0,0.0,0.0,0.9,0.9,0.1,0.9,0.9,3120,42,342,312.0,312.0,0.537917399,0
7.2,17,57.6,2.189727092,0.0,0.0,0.0,0,0,0,0.0,0.0,0.9,0.9,0.1,0.9,0.9,3120,42,342,312.0,312.0,0.497684908,0
8.0,17,64.0,2.490276809,0.0,0.0,0.0,0,0,0,0.0,0.0,1.0,1.0,0.0,1.0,1.0,3420,342,342,342.0,342.0,0.602198696,0
8.0,17,64.0,2.487615314,0.0,0.0,0.0,0,0,0,0.0,0.0,1.0,1.0,0.0,1.0,1.0,3420,342,342,342.0,342.0,0.402084303,0
8.0,17,64.0,2.477182661,0.0,0.0,0.0,0,0,0,0.0,0.0,1.0,1.0,0.0,1.0,1.0,3420,342,342,342.0,342.0,0.487017202,0
8.0,17,64.0,2.487939647,0.0,0.0,0.0,0,0,0,0.0,0.0,1.0,1.0,0.0,1.0,1.0,3420,342,342,342.0,342.0,0.5023911,0
8.0,17,64.0,2.487684659,0.0,0.0,0.0,0,0,0,0.0,0.0,1.0,1.0,0.0,1.0,1.0,3420,342,342,342.0,342.0,0.402156115,0
7.2,17,57.6,3.267181469,0.0,0.0,0.0,0,0,0,0.0,0.0,0.9,0.9,0.1,0.9,0.9,3120,42,342,312.0,312.0,0.406301403,0
6.4,17,51.2,1.663195582,0.0,0.0,0.0,0,0,0,0.0,0.0,0.8,0.7,0.2,0.8,0.8,2568,42,342,256.8,256.8,0.701697087,0
7.2,17,57.6,1.783553301,0.0,0.0,0.0,0,0,0,0.0,0.0,0.9,0.9,0.1,0.9,0.9,3120,42,342,312.0,312.0,0.560684013,0
6.4,17,51.2,2.658149881,0.0,0.0,0.0,0,0,0,0.0,0.0,0.8,0.8,0.2,0.8,0.8,2820,42,342,282.0,282.0,0.376603794,0
8.0,17,64.0,3.315383815,0.0,0.0,0.0,0,0,0,0.0,0.0,1.0,1.0,0.0,1.0,1.0,3420,342,342,342.0,342.0,0.301764107,0
8.0,17,64.0,1.991283331,0.0,0.0,0.0,0,0,0,0.0,0.0,1.0,1.0,0.0,1.0,1.0,3420,342,342,342.0,342.0,0.502191305,0
8.0,17,64.0,2.47860775,0.0,0.0,0.0,0,0,0,0.0,0.0,1.0,1.0,0.0,1.0,1.0,3420,342,342,342.0,342.0,0.503849912,0
8.0,17,64.0,2.270182593,0.0,0.0,0.0,0,0,0,0.0,0.0,1.0,1.0,0.0,1.0,1.0,3420,342,342,342.0,342.0,0.640917683,0
8.0,17,64.0,1.660648473,0.0,0.0,0.0,0,0,0,0.0,0.0,1.0,1.0,0.0,1.0,1.0,3420,342,342,342.0,342.0,0.802592993,0
7.2,17,57.6,2.488068488,0.0,0.0,0.0,0,0,0,0.0,0.0,0.9,0.9,0.1,0.9,0.9,3120,42,342,312.0,312.0,0.502256799,0
8.0,17,64.0,3.314408175,0.0,0.0,0.0,0,0,0,0.0,0.0,1.0,1.0,0.0,1.0,1.0,3420,342,342,342.0,342.0,0.470511293,0
6.4,17,51.2,2.408045758,0.0,0.0,0.0,0,0,0,0.0,0.0,0.8,0.8,0.2,0.8,0.8,2820,42,342,282.0,282.0,0.502763391,0
8.0,17,64.0,3.318401608,0.0,0.0,0.0,0,0,0,0.0,0.0,1.0,1.0,0.0,1.0,1.0,3420,342,342,342.0,342.0,0.501740098,0
7.2,17,57.6,4.927185957,0.0,0.0,0.0,0,0,0,0.0,0.0,0.9,0.7,0.1,0.9,0.9,2616,42,342,261.6,261.6,0.303300118,0
3.2,1,62.4,5.393574447,0.0,0.0,0.0,0,0,0,0.0,0.0,0.4,0.4,0.1,0.9,0.9,1900,42,342,190.0,190.0,0.185522699,0
8.0,17,64.0,1.991225003,0.0,0.0,0.0,0,0,0,0.0,0.0,1.0,1.0,0.0,1.0,1.0,3420,342,342,342.0,342.0,0.502284098,0
7.2,17,57.6,1.904827907,0.0,0.0,0.0,0,0,0,0.0,0.0,0.9,0.9,0.1,0.9,0.9,3120,42,342,312.0,312.0,0.525078106,0
7.2,17,57.6,2.275112062,0.0,0.0,0.0,0,0,0,0.0,0.0,0.9,0.9,0.1,0.9,0.9,3120,42,342,312.0,312.0,0.539905787,0
7.2,17,62.6,3.317280935,0.0,0.0,0.0,0,0,0,0.0,0.0,0.9,0.8,0.0,1.0,1.0,2944,90,342,294.4,294.4,0.364573693,0
8.0,17,64.0,1.990433986,0.0,0.0,0.0,0,0,0,0.0,0.0,1.0,1.0,0.0,1.0,1.0,3420,342,342,342.0,342.0,0.502497482,0
8.0,17,64.0,2.410359265,0.0,0.0,0.0,0,0,0,0.0,0.0,1.0,1.0,0.0,1.0,1.0,3420,342,342,342.0,342.0,0.414964104,0
8.0,17,64.0,2.489535243,0.0,0.0,0.0,0,0,0,0.0,0.0,1.0,1.0,0.0,1.0,1.0,3420,342,342,342.0,342.0,0.401901221,0
8.0,17,64.0,3.314988145,0.0,0.0,0.0,0,0,0,0.0,0.0,1.0,1.0,0.0,1.0,1.0,3420,342,342,342.0,342.0,0.402024293,0
7.2,17,57.6,1.98731028,0.0,0.0,0.0,0,0,0,0.0,0.0,0.9,0.9,0.1,0.9,0.9,3120,42,342,312.0,312.0,0.503354096,0
8.0,17,64.0,3.314278535,0.0,0.0,0.0,0,0,0,0.0,0.0,1.0,1.0,0.0,1.0,1.0,3420,342,342,342.0,342.0,0.402107286,0
8.0,17,64.0,1.991258751,0.0,0.0,0.0,0,0,0,0.0,0.0,1.0,1.0,0.0,1.0,1.0,3420,342,342,342.0,342.0,0.502195597,0
7.2,17,57.6,2.71172765,0.0,0.0,0.0,0,0,0,0.0,0.0,0.9,0.9,0.1,0.9,0.9,3120,42,342,312.0,312.0,0.550808096,0
8.0,17,64.0,3.315745503,0.0,0.0,0.0,0,0,0,0.0,0.0,1.0,1.0,0.0,1.0,1.0,3420,342,342,342.0,342.0,0.401939297,0
8.0,17,64.0,1.992993477,0.0,0.0,0.0,0,0,0,0.0,0.0,1.0,1.0,0.0,1.0,1.0,3420,342,342,342.0,342.0,0.501976109,0
8.0,17,64.0,2.985981947,0.0,0.0,0.0,0,0,0,0.0,0.0,1.0,1.0,0.0,1.0,1.0,3078,342,342,342.0,342.0,0.334899214,0
7.2,17,57.6,2.12258696,0.0,0.0,0.0,0,0,0,0.0,0.0,0.9,0.9,0.1,0.9,0.9,3120,42,342,312.0,312.0,0.671605301,0
6.857142857,17,54.85714286,3.481168691,0.0,0.0,0.0,0,0,0,0.0,0.0,0.857142857,0.857142857,0.142857143,0.857142857,0.857142857,2094,42,342,299.1428571,299.1428571,0.287578583,0
8.0,17,64.0,2.48878127,0.0,0.0,0.0,0,0,0,0.0,0.0,1.0,1.0,0.0,1.0,1.0,3420,342,342,342.0,342.0,0.401866198,0
8.0,17,64.0,2.112048808,0.0,0.0,0.0,0,0,0,0.0,0.0,1.0,1.0,0.0,1.0,1.0,3420,342,342,342.0,342.0,0.4734833,0
8.0,17,64.0,3.31596334,0.0,0.0,0.0,0,0,0,0.0,0.0,1.0,1.0,0.0,1.0,1.0,3420,342,342,342.0,342.0,0.401871896,0
7.2,17,57.6,1.89468681,0.0,0.0,0.0,0,0,0,0.0,0.0,0.9,0.9,0.1,0.9,0.9,3120,42,342,312.0,312.0,0.527958417,0
8.0,17,64.0,2.219742496,0.0,0.0,0.0,0,0,0,0.0,0.0,1.0,1.0,0.0,1.0,1.0,3420,342,342,342.0,342.0,0.450568414,0
7.2,17,57.6,3.311199221,0.0,0.0,0.0,0,0,0,0.0,0.0,0.9,0.9,0.1,0.9,0.9,3120,42,342,312.0,312.0,0.402346206,0
8.0,17,64.0,2.488215794,0.0,0.0,0.0,0,0,0,0.0,0.0,1.0,1.0,0.0,1.0,1.0,3420,342,342,342.0,342.0,0.502204585,0
8.0,17,64.0,2.488392939,0.0,0.0,0.0,0,0,0,0.0,0.0,1.0,1.0,0.0,1.0,1.0,3420,342,342,342.0,342.0,0.401873493,0
8.0,17,64.0,2.986462919,0.0,0.0,0.0,0,0,0,0.0,0.0,1.0,1.0,0.0,1.0,1.0,1026,342,342,342.0,342.0,0.335414966,0
8.0,17,64.0,3.313632841,0.0,0.0,0.0,0,0,0,0.0,0.0,1.0,1.0,0.0,1.0,1.0,3420,342,342,342.0,342.0,0.402209496,0
8.0,17,64.0,2.488026425,0.0,0.0,0.0,0,0,0,0.0,0.0,1.0,1.0,0.0,1.0,1.0,3420,342,342,342.0,342.0,0.502448797,0
8.0,17,64.0,1.993644661,0.0,0.0,0.0,0,0,0,0.0,0.0,1.0,1.0,0.0,1.0,1.0,3420,342,342,342.0,342.0,0.602034283,0
8.0,17,64.0,1.991515354,0.0,0.0,0.0,0,0,0,0.0,0.0,1.0,1.0,0.0,1.0,1.0,3420,342,342,342.0,342.0,0.503489399,0
7.2,17,57.6,2.976129327,0.0,0.0,0.0,0,0,0,0.0,0.0,0.9,0.9,0.1,0.9,0.9,3120,42,342,312.0,312.0,0.336143899,0
8.0,17,64.0,3.316813205,0.0,0.0,0.0,0,0,0,0.0,0.0,1.0,1.0,0.0,1.0,1.0,3420,342,342,342.0,342.0,0.401698804,0
8.0,17,64.0,3.319980496,0.0,0.0,0.0,0,0,0,0.0,0.0,1.0,1.0,0.0,1.0,1.0,3420,342,342,342.0,342.0,0.40168519,0
7.2,17,57.6,2.633035394,0.0,0.0,0.0,0,0,0,0.0,0.0,0.9,0.9,0.1,0.9,0.9,3120,42,342,312.0,312.0,0.379789805,0
8.0,17,64.0,2.485813399,0.0,0.0,0.0,0,0,0,0.0,0.0,1.0,1.0,0.0,1.0,1.0,3420,342,342,342.0,342.0,0.402377105,0
7.2,17,57.6,2.008645168,0.0,0.0,0.0,0,0,0,0.0,0.0,0.9,0.9,0.1,0.9,0.9,3120,42,342,312.0,312.0,0.497862792,0
7.2,17,57.6,3.319047061,0.0,0.0,0.0,0,0,0,0.0,0.0,0.9,0.9,0.1,0.9,0.9,3120,42,342,312.0,312.0,0.301461196,0
8.0,17,64.0,1.991238143,0.0,0.0,0.0,0,0,0,0.0,0.0,1.0,1.0,0.0,1.0,1.0,3420,342,342,342.0,342.0,0.502213192,0
7.2,17,57.6,1.75613595,0.0,0.0,0.0,0,0,0,0.0,0.0,0.9,0.9,0.1,0.9,0.9,3120,42,342,312.0,312.0,0.569549084,0
7.2,17,57.6,3.31526065,0.0,0.0,0.0,0,0,0,0.0,0.0,0.9,0.9,0.1,0.9,0.9,3120,42,342,312.0,312.0,0.402161598,0
8.0,17,64.0,3.314353175,0.0,0.0,0.0,0,0,0,0.0,0.0,1.0,1.0,0.0,1.0,1.0,3420,342,342,342.0,342.0,0.402117205,0
7.2,17,57.6,3.073415752,0.0,0.0,0.0,0,0,0,0.0,0.0,0.9,0.9,0.1,0.9,0.9,3120,42,342,312.0,312.0,0.325544,0
8.0,17,64.0,3.315504631,0.0,0.0,0.0,0,0,0,0.0,0.0,1.0,1.0,0.0,1.0,1.0,3420,342,342,342.0,342.0,0.401922417,0
8.0,17,64.0,1.6603562,0.0,0.0,0.0,0,0,0,0.0,0.0,1.0,1.0,0.0,1.0,1.0,3420,342,342,342.0,342.0,0.602280998,0
8.0,17,64.0,2.486549065,0.0,0.0,0.0,0,0,0,0.0,0.0,1.0,1.0,0.0,1.0,1.0,3420,342,342,342.0,342.0,0.402163887,0
8.0,17,64.0,2.488784223,0.0,0.0,0.0,0,0,0,0.0,0.0,1.0,1.0,0.0,1.0,1.0,3420,342,342,342.0,342.0,0.502129412,0
8.0,17,64.0,1.660879616,0.0,0.0,0.0,0,0,0,0.0,0.0,1.0,1.0,0.0,1.0,1.0,3420,342,342,342.0,342.0,0.60210588,0
8.0,17,64.0,2.488354556,0.0,0.0,0.0,0,0,0,0.0,0.0,1.0,1.0,0.0,1.0,1.0,3420,342,342,342.0,342.0,0.401981783,0
6.4,17,50.2,4.976456092,0.0,0.0,0.0,0,0,0,0.0,0.0,0.8,0.4,0.2,0.8,0.8,1812,42,342,181.2,181.2,0.2009583,0
8.0,17,64.0,1.484157799,0.0,0.0,0.0,0,0,0,0.0,0.0,1.0,1.0,0.0,1.0,1.0,3420,342,342,342.0,342.0,0.673874497,0
8.0,17,64.0,3.316056671,0.0,0.0,0.0,0,0,0,0.0,0.0,1.0,1.0,0.0,1.0,1.0,3420,342,342,342.0,342.0,0.301592898,0
8.0,17,64.0,2.489764598,0.0,0.0,0.0,0,0,0,0.0,0.0,1.0,1.0,0.0,1.0,1.0,3420,342,342,342.0,342.0,0.602117395,0
8.0,17,64.0,2.488541465,0.0,0.0,0.0,0,0,0,0.0,0.0,1.0,1.0,0.0,1.0,1.0,3420,342,342,342.0,342.0,0.502147007,0
8.0,17,64.0,2.487058479,0.0,0.0,0.0,0,0,0,0.0,0.0,1.0,1.0,0.0,1.0,1.0,3420,342,342,342.0,342.0,0.402083611,0
8.0,17,64.0,2.488950372,0.0,0.0,0.0,0,0,0,0.0,0.0,1.0,1.0,0.0,1.0,1.0,3420,342,342,342.0,342.0,0.502098393,0
8.0,17,64.0,2.488298754,0.0,0.0,0.0,0,0,0,0.0,0.0,1.0,1.0,0.0,1.0,1.0,3420,342,342,342.0,342.0,0.402007508,0
8.0,17,64.0,2.488877854,0.0,0.0,0.0,0,0,0,0.0,0.0,1.0,1.0,0.0,1.0,1.0,3420,342,342,342.0,342.0,0.502071905,0
8.0,17,64.0,2.484489945,0.0,0.0,0.0,0,0,0,0.0,0.0,1.0,1.0,0.0,1.0,1.0,3420,342,342,342.0,342.0,0.402698207,0
6.4,17,51.2,1.993066115,0.0,0.0,0.0,0,0,0,0.0,0.0,0.8,0.8,0.2,0.8,0.8,2820,42,342,282.0,282.0,0.501930809,0
8.0,17,64.0,2.706092667,0.0,0.0,0.0,0,0,0,0.0,0.0,1.0,1.0,0.0,1.0,1.0,3420,342,342,342.0,342.0,0.369633508,0
8.0,17,64.0,2.487508943,0.0,0.0,0.0,0,0,0,0.0,0.0,1.0,1.0,0.0,1.0,1.0,3420,342,342,342.0,342.0,0.5024055,0
8.0,17,64.0,2.212574372,0.0,0.0,0.0,0,0,0,0.0,0.0,1.0,1.0,0.0,1.0,1.0,3420,342,342,342.0,342.0,0.552277613,0
8.0,17,64.0,2.487100657,0.0,0.0,0.0,0,0,0,0.0,0.0,1.0,1.0,0.0,1.0,1.0,3420,342,342,342.0,342.0,0.502453017,0
8.0,17,64.0,2.484570155,0.0,0.0,0.0,0,0,0,0.0,0.0,1.0,1.0,0.0,1.0,1.0,3420,342,342,342.0,342.0,0.402770615,0
8.0,17,64.0,3.313205659,0.0,0.0,0.0,0,0,0,0.0,0.0,1.0,1.0,0.0,1.0,1.0,3420,342,342,342.0,342.0,0.4021662,0
8.0,17,64.0,2.487970048,0.0,0.0,0.0,0,0,0,0.0,0.0,1.0,1.0,0.0,1.0,1.0,3420,342,342,342.0,342.0,0.502280903,0
8.0,17,64.0,2.489033233,0.0,0.0,0.0,0,0,0,0.0,0.0,1.0,1.0,0.0,1.0,1.0,3420,342,342,342.0,342.0,0.502069402,0
6.4,17,51.2,3.320112686,0.0,0.0,0.0,0,0,0,0.0,0.0,0.8,0.8,0.2,0.8,0.8,2820,42,342,282.0,282.0,0.301281404,0
8.0,17,64.0,1.660972026,0.0,0.0,0.0,0,0,0,0.0,0.0,1.0,1.0,0.0,1.0,1.0,3420,342,342,342.0,342.0,0.602081108,0
8.0,17,64.0,1.662277974,0.0,0.0,0.0,0,0,0,0.0,0.0,1.0,1.0,0.0,1.0,1.0,3420,342,342,342.0,342.0,0.601806593,0
8.0,17,64.0,1.995626782,0.0,0.0,0.0,0,0,0,0.0,0.0,1.0,1.0,0.0,1.0,1.0,3420,342,342,342.0,342.0,0.601433396,0
8.0,17,64.0,2.481977087,0.0,0.0,0.0,0,0,0,0.0,0.0,1.0,1.0,0.0,1.0,1.0,3420,342,342,342.0,342.0,0.503200793,0
8.0,17,64.0,3.315945776,0.0,0.0,0.0,0,0,0,0.0,0.0,1.0,1.0,0.0,1.0,1.0,3420,342,342,342.0,342.0,0.301666403,0
6.0,17,48.0,6.005312613,0.0,0.0,0.0,0,0,0,0.0,0.0,0.75,0.75,0.25,0.75,0.75,1068,42,342,267.0,267.0,0.251066983,0
7.2,17,57.6,2.537908086,0.0,0.0,0.0,0,0,0,0.0,0.0,0.9,0.9,0.1,0.9,0.9,3120,42,342,312.0,312.0,0.394264793,0
8.0,17,64.0,2.489770214,0.0,0.0,0.0,0,0,0,0.0,0.0,1.0,1.0,0.0,1.0,1.0,3420,342,342,342.0,342.0,0.501855993,0
7.2,17,57.6,2.490953429,0.0,0.0,0.0,0,0,0,0.0,0.0,0.9,0.9,0.1,0.9,0.9,3120,42,342,312.0,312.0,0.401465511,0
7.2,17,57.6,1.995409748,0.0,0.0,0.0,0,0,0,0.0,0.0,0.9,0.9,0.1,0.9,0.9,3120,42,342,312.0,312.0,0.6015347,0
8.0,17,64.0,3.313007811,0.0,0.0,0.0,0,0,0,0.0,0.0,1.0,1.0,0.0,1.0,1.0,3420,342,342,342.0,342.0,0.379550505,0
8.0,17,64.0,2.488818337,0.0,0.0,0.0,0,0,0,0.0,0.0,1.0,1.0,0.0,1.0,1.0,3420,342,342,342.0,342.0,0.402022099,0
8.0,17,64.0,0.767695967,0.0,0.0,0.0,0,0,0,0.0,0.0,1.0,1.0,0.0,1.0,1.0,3420,342,342,342.0,342.0,1.302599001,0
7.2,17,57.6,2.180453387,0.0,0.0,0.0,0,0,0,0.0,0.0,0.9,0.9,0.1,0.9,0.9,3120,42,342,312.0,312.0,0.558964014,0
8.0,17,69.3,2.582698553,0.0,0.0,0.0,0,0,0,0.0,0.0,1.0,0.9,0.0,1.0,1.0,3215,137,342,321.5,321.5,0.394693518,0
8.0,17,64.0,2.551575006,0.0,0.0,0.0,0,0,0,0.0,0.0,1.0,1.0,0.0,1.0,1.0,3420,342,342,342.0,342.0,0.391915202,0
8.0,17,64.0,3.311706682,0.0,0.0,0.0,0,0,0,0.0,0.0,1.0,1.0,0.0,1.0,1.0,3420,342,342,342.0,342.0,0.402239919,0
7.2,17,57.6,3.31530677,0.0,0.0,0.0,0,0,0,0.0,0.0,0.9,0.9,0.1,0.9,0.9,3120,42,342,312.0,312.0,0.301756501,0
7.2,17,57.6,2.095445469,0.0,0.0,0.0,0,0,0,0.0,0.0,0.9,0.9,0.1,0.9,0.9,3120,42,342,312.0,312.0,0.502445507,0
8.0,17,64.0,1.992584834,0.0,0.0,0.0,0,0,0,0.0,0.0,1.0,1.0,0.0,1.0,1.0,3420,342,342,342.0,342.0,0.602107191,0
8.0,17,64.0,3.404247306,0.0,0.0,0.0,0,0,0,0.0,0.0,1.0,1.0,0.0,1.0,1.0,3420,342,342,342.0,342.0,0.393993592,0
7.2,17,57.6,3.550078678,0.0,0.0,0.0,0,0,0,0.0,0.0,0.9,0.9,0.1,0.9,0.9,3120,42,342,312.0,312.0,0.382058096,0
8.0,17,64.0,1.660898361,0.0,0.0,0.0,0,0,0,0.0,0.0,1.0,1.0,0.0,1.0,1.0,3420,342,342,342.0,342.0,0.602253389,0
8.0,17,64.0,2.487508943,0.0,0.0,0.0,0,0,0,0.0,0.0,1.0,1.0,0.0,1.0,1.0,3420,342,342,342.0,342.0,0.402101707,0
8.0,17,64.0,1.98765789,0.0,0.0,0.0,0,0,0,0.0,0.0,1.0,1.0,0.0,1.0,1.0,3420,342,342,342.0,342.0,0.503121686,0
8.0,17,64.0,2.486945373,0.0,0.0,0.0,0,0,0,0.0,0.0,1.0,1.0,0.0,1.0,1.0,3420,342,342,342.0,342.0,0.402104306,0
6.4,17,51.2,2.85312246,0.0,0.0,0.0,0,0,0,0.0,0.0,0.8,0.8,0.2,0.8,0.8,2820,42,342,282.0,282.0,0.4508847,0
7.2,17,57.6,2.489377881,0.0,0.0,0.0,0,0,0,0.0,0.0,0.9,0.9,0.1,0.9,0.9,3120,42,342,312.0,312.0,0.401905704,0
8.0,17,64.0,3.317275425,0.0,0.0,0.0,0,0,0,0.0,0.0,1.0,1.0,0.0,1.0,1.0,3420,342,342,342.0,342.0,0.401804709,0
8.0,17,64.0,3.319711682,0.0,0.0,0.0,0,0,0,0.0,0.0,1.0,1.0,0.0,1.0,1.0,3420,342,342,342.0,342.0,0.501384282,0
8.0,17,64.0,2.488454798,0.0,0.0,0.0,0,0,0,0.0,0.0,1.0,1.0,0.0,1.0,1.0,3420,342,342,342.0,342.0,0.502191019,0
8.0,17,64.0,3.3190032,0.0,0.0,0.0,0,0,0,0.0,0.0,1.0,1.0,0.0,1.0,1.0,3420,342,342,342.0,342.0,0.301338196,0
8.0,17,64.0,2.488716736,0.0,0.0,0.0,0,0,0,0.0,0.0,1.0,1.0,0.0,1.0,1.0,3420,342,342,342.0,342.0,0.402068615,0
8.0,17,64.0,2.488635078,0.0,0.0,0.0,0,0,0,0.0,0.0,1.0,1.0,0.0,1.0,1.0,3420,342,342,342.0,342.0,0.401840591,0
8.0,17,64.0,2.489162926,0.0,0.0,0.0,0,0,0,0.0,0.0,1.0,1.0,0.0,1.0,1.0,3420,342,342,342.0,342.0,0.40175159,0
8.0,17,64.0,2.487905114,0.0,0.0,0.0,0,0,0,0.0,0.0,1.0,1.0,0.0,1.0,1.0,3420,342,342,342.0,342.0,0.401954103,0
8.0,17,59.6,9.279511642,0.0,0.0,0.0,0,0,0,0.0,0.0,1.0,0.2,0.0,1.0,1.0,1404,90,342,140.4,140.4,0.156518602,0
8.0,17,64.0,2.491103592,0.0,0.0,0.0,0,0,0,0.0,0.0,1.0,1.0,0.0,1.0,1.0,3420,342,342,342.0,342.0,0.501850796,0
7.2,17,57.6,3.216438259,0.0,0.0,0.0,0,0,0,0.0,0.0,0.9,0.8,0.1,0.9,0.9,2868,42,342,286.8,286.8,0.326131392,0
8.0,17,64.0,2.487105524,0.0,0.0,0.0,0,0,0,0.0,0.0,1.0,1.0,0.0,1.0,1.0,3420,342,342,342.0,342.0,0.402073812,0
8.0,17,64.0,2.490530997,0.0,0.0,0.0,0,0,0,0.0,0.0,1.0,1.0,0.0,1.0,1.0,3420,342,342,342.0,342.0,0.401718593,0
8.0,17,64.0,2.488218304,0.0,0.0,0.0,0,0,0,0.0,0.0,1.0,1.0,0.0,1.0,1.0,3420,342,342,342.0,342.0,0.401986694,0
7.2,17,57.6,2.054598492,0.0,0.0,0.0,0,0,0,0.0,0.0,0.9,0.9,0.1,0.9,0.9,3120,42,342,312.0,312.0,0.502262497,0
8.0,17,64.0,3.318247504,0.0,0.0,0.0,0,0,0,0.0,0.0,1.0,1.0,0.0,1.0,1.0,3420,342,342,342.0,342.0,0.301377487,0
7.2,17,57.6,2.668460611,0.0,0.0,0.0,0,0,0,0.0,0.0,0.9,0.9,0.1,0.9,0.9,3120,42,342,312.0,312.0,0.475021505,0
8.0,17,64.0,2.486762389,0.0,0.0,0.0,0,0,0,0.0,0.0,1.0,1.0,0.0,1.0,1.0,3420,342,342,342.0,342.0,0.402177501,0
8.0,17,64.0,2.488298754,0.0,0.0,0.0,0,0,0,0.0,0.0,1.0,1.0,0.0,1.0,1.0,3420,342,342,342.0,342.0,0.402091622,0
8.0,17,64.0,3.317116965,0.0,0.0,0.0,0,0,0,0.0,0.0,1.0,1.0,0.0,1.0,1.0,3420,342,342,342.0,342.0,0.301633501,0
8.0,17,64.0,2.487932268,0.0,0.0,0.0,0,0,0,0.0,0.0,1.0,1.0,0.0,1.0,1.0,3420,342,342,342.0,342.0,0.502257609,0
8.0,17,64.0,2.487685397,0.0,0.0,0.0,0,0,0,0.0,0.0,1.0,1.0,0.0,1.0,1.0,3420,342,342,342.0,342.0,0.502592301,0
8.0,17,64.0,1.986894834,0.0,0.0,0.0,0,0,0,0.0,0.0,1.0,1.0,0.0,1.0,1.0,3420,342,342,342.0,342.0,0.604195905,0
8.0,17,64.0,2.046772836,0.0,0.0,0.0,0,0,0,0.0,0.0,1.0,1.0,0.0,1.0,1.0,3420,342,342,342.0,342.0,0.588996506,0
8.0,17,64.0,1.990894383,0.0,0.0,0.0,0,0,0,0.0,0.0,1.0,1.0,0.0,1.0,1.0,3420,342,342,342.0,342.0,0.502287316,0
7.2,17,57.6,3.27927252,0.0,0.0,0.0,0,0,0,0.0,0.0,0.9,0.9,0.1,0.9,0.9,3120,42,342,312.0,312.0,0.304946184,0
8.0,17,64.0,1.991617673,0.0,0.0,0.0,0,0,0,0.0,0.0,1.0,1.0,0.0,1.0,1.0,3420,342,342,342.0,342.0,0.602670693,0
8.0,17,64.0,1.661190035,0.0,0.0,0.0,0,0,0,0.0,0.0,1.0,1.0,0.0,1.0,1.0,3420,342,342,342.0,342.0,0.602040505,0
4.8,17,68.8,4.973486149,0.0,0.0,0.0,0,0,0,0.0,0.0,0.6,0.6,0.0,1.0,1.0,2444,98,342,244.4,244.4,0.290896797,0
8.0,17,64.0,1.992549053,0.0,0.0,0.0,0,0,0,0.0,0.0,1.0,1.0,0.0,1.0,1.0,3420,342,342,342.0,342.0,0.595887709,0
7.2,17,57.6,2.164759831,0.0,0.0,0.0,0,0,0,0.0,0.0,0.9,0.9,0.1,0.9,0.9,3120,42,342,312.0,312.0,0.562311006,0
7.2,17,57.6,2.948683411,0.0,0.0,0.0,0,0,0,0.0,0.0,0.9,0.9,0.1,0.9,0.9,3120,42,342,312.0,312.0,0.3391608,0
8.0,17,64.0,1.660638282,0.0,0.0,0.0,0,0,0,0.0,0.0,1.0,1.0,0.0,1.0,1.0,3420,342,342,342.0,342.0,0.602178192,0
8.0,17,64.0,2.487775109,0.0,0.0,0.0,0,0,0,0.0,0.0,1.0,1.0,0.0,1.0,1.0,3420,342,342,342.0,342.0,0.502482796,0
8.0,17,64.0,2.181169674,0.0,0.0,0.0,0,0,0,0.0,0.0,1.0,1.0,0.0,1.0,1.0,3420,342,342,342.0,342.0,0.458486605,0
8.0,17,64.0,2.986284308,0.0,0.0,0.0,0,0,0,0.0,0.0,1.0,1.0,0.0,1.0,1.0,1026,342,342,342.0,342.0,0.335299015,0
7.2,17,57.6,3.315399015,0.0,0.0,0.0,0,0,0,0.0,0.0,0.9,0.9,0.1,0.9,0.9,3120,42,342,312.0,312.0,0.40198431,0
7.2,17,57.6,2.478441954,0.0,0.0,0.0,0,0,0,0.0,0.0,0.9,0.9,0.1,0.9,0.9,3120,42,342,312.0,312.0,0.403699398,0
7.2,17,57.6,2.488245022,0.0,0.0,0.0,0,0,0,0.0,0.0,0.9,0.9,0.1,0.9,0.9,3120,42,342,312.0,312.0,0.502478194,0
8.0,17,64.0,3.317506583,0.0,0.0,0.0,0,0,0,0.0,0.0,1.0,1.0,0.0,1.0,1.0,3420,342,342,342.0,342.0,0.301431203,0
7.2,17,57.6,2.806216557,0.0,0.0,0.0,0,0,0,0.0,0.0,0.9,0.9,0.1,0.9,0.9,3120,42,342,312.0,312.0,0.356443787,0
8.0,17,64.0,1.991912491,0.0,0.0,0.0,0,0,0,0.0,0.0,1.0,1.0,0.0,1.0,1.0,3420,342,342,342.0,342.0,0.502133083,0
8.0,17,64.0,3.313397773,0.0,0.0,0.0,0,0,0,0.0,0.0,1.0,1.0,0.0,1.0,1.0,3420,342,342,342.0,342.0,0.401975513,0
8.0,17,64.0,2.490108562,0.0,0.0,0.0,0,0,0,0.0,0.0,1.0,1.0,0.0,1.0,1.0,3420,342,342,342.0,342.0,0.602008414,0
8.0,17,64.0,1.990684046,0.0,0.0,0.0,0,0,0,0.0,0.0,1.0,1.0,0.0,1.0,1.0,3420,342,342,342.0,342.0,0.502339888,0
8.0,17,64.0,3.316135848,0.0,0.0,0.0,0,0,0,0.0,0.0,1.0,1.0,0.0,1.0,1.0,3420,342,342,342.0,342.0,0.301782703,0
8.0,17,64.0,2.970705892,0.0,0.0,0.0,0,0,0,0.0,0.0,1.0,1.0,0.0,1.0,1.0,1026,342,342,342.0,342.0,0.336697022,0
8.0,17,64.0,1.993022835,0.0,0.0,0.0,0,0,0,0.0,0.0,1.0,1.0,0.0,1.0,1.0,3420,342,342,342.0,342.0,0.501985598,0
7.2,17,57.6,2.397686543,0.0,0.0,0.0,0,0,0,0.0,0.0,0.9,0.9,0.1,0.9,0.9,3120,42,342,312.0,312.0,0.509042716,0
7.2,17,57.6,2.418161486,0.0,0.0,0.0,0,0,0,0.0,0.0,0.9,0.9,0.1,0.9,0.9,3120,42,342,312.0,312.0,0.413636708,0
8.0,17,64.0,2.489333114,0.0,0.0,0.0,0,0,0,0.0,0.0,1.0,1.0,0.0,1.0,1.0,3420,342,342,342.0,342.0,0.40192821,0
8.0,17,64.0,1.661255699,0.0,0.0,0.0,0,0,0,0.0,0.0,1.0,1.0,0.0,1.0,1.0,3420,342,342,342.0,342.0,0.602163196,0
8.0,17,64.0,1.996512497,0.0,0.0,0.0,0,0,0,0.0,0.0,1.0,1.0,0.0,1.0,1.0,3420,342,342,342.0,342.0,0.601105618,0
8.0,17,64.0,1.98817826,0.0,0.0,0.0,0,0,0,0.0,0.0,1.0,1.0,0.0,1.0,1.0,3420,342,342,342.0,342.0,0.502973008,0
8.0,17,64.0,3.317999706,0.0,0.0,0.0,0,0,0,0.0,0.0,1.0,1.0,0.0,1.0,1.0,3420,342,342,342.0,342.0,0.401758695,0
4.8,17,43.5,4.399717574,0.0,0.0,0.0,0,0,0,0.0,0.0,0.6,0.5,0.3,0.7,0.7,2044,42,342,204.4,204.4,0.327550006,0
8.0,17,64.0,1.99046563,0.0,0.0,0.0,0,0,0,0.0,0.0,1.0,1.0,0.0,1.0,1.0,3420,342,342,342.0,342.0,0.502397394,0
8.0,17,64.0,1.661057275,0.0,0.0,0.0,0,0,0,0.0,0.0,1.0,1.0,0.0,1.0,1.0,3420,342,342,342.0,342.0,0.602043295,0
8.0,17,64.0,3.315726631,0.0,0.0,0.0,0,0,0,0.0,0.0,1.0,1.0,0.0,1.0,1.0,3420,342,342,342.0,342.0,0.301722217,0
8.0,17,64.0,2.488473401,0.0,0.0,0.0,0,0,0,0.0,0.0,1.0,1.0,0.0,1.0,1.0,3420,342,342,342.0,342.0,0.401853299,0
7.2,17,57.6,1.884591049,0.0,0.0,0.0,0,0,0,0.0,0.0,0.9,0.9,0.1,0.9,0.9,3120,42,342,312.0,312.0,0.530640697,0
8.0,17,64.0,2.488556378,0.0,0.0,0.0,0,0,0,0.0,0.0,1.0,1.0,0.0,1.0,1.0,3420,342,342,342.0,342.0,0.50216279,0
8.0,17,64.0,1.786656475,0.0,0.0,0.0,0,0,0,0.0,0.0,1.0,1.0,0.0,1.0,1.0,3420,342,342,342.0,342.0,0.559704685,0
7.2,17,57.6,2.50862029,0.0,0.0,0.0,0,0,0,0.0,0.0,0.9,0.9,0.1,0.9,0.9,3120,42,342,312.0,312.0,0.3986588,0
8.0,17,64.0,1.992704304,0.0,0.0,0.0,0,0,0,0.0,0.0,1.0,1.0,0.0,1.0,1.0,3420,342,342,342.0,342.0,0.501916504,0
8.0,17,64.0,1253.902541,0.0,0.0,0.0,0,0,0,0.0,0.0,1.0,1.0,0.0,1.0,1.0,684,342,342,342.0,342.0,0.001525521,0
8.0,17,64.0,2.49119429,0.0,0.0,0.0,0,0,0,0.0,0.0,1.0,1.0,0.0,1.0,1.0,3420,342,342,342.0,342.0,0.401587605,0
8.0,17,64.0,2.492432326,0.0,0.0,0.0,0,0,0,0.0,0.0,1.0,1.0,0.0,1.0,1.0,3420,342,342,342.0,342.0,0.401366997,0
8.0,17,64.0,1.992201718,0.0,0.0,0.0,0,0,0,0.0,0.0,1.0,1.0,0.0,1.0,1.0,3420,342,342,342.0,342.0,0.501962805,0
8.0,17,64.0,1.991255632,0.0,0.0,0.0,0,0,0,0.0,0.0,1.0,1.0,0.0,1.0,1.0,3420,342,342,342.0,342.0,0.502415085,0
8.0,17,64.0,1.993463018,0.0,0.0,0.0,0,0,0,0.0,0.0,1.0,1.0,0.0,1.0,1.0,3420,342,342,342.0,342.0,0.601888704,0
8.0,17,64.0,2.487837675,0.0,0.0,0.0,0,0,0,0.0,0.0,1.0,1.0,0.0,1.0,1.0,3420,342,342,342.0,342.0,0.502551699,0
8.0,17,64.0,1.993040355,0.0,0.0,0.0,0,0,0,0.0,0.0,1.0,1.0,0.0,1.0,1.0,3420,342,342,342.0,342.0,0.501746702,0
8.0,17,64.0,2.487458195,0.0,0.0,0.0,0,0,0,0.0,0.0,1.0,1.0,0.0,1.0,1.0,3420,342,342,342.0,342.0,0.502406597,0
8.0,17,64.0,1.660016856,0.0,0.0,0.0,0,0,0,0.0,0.0,1.0,1.0,0.0,1.0,1.0,3420,342,342,342.0,342.0,0.602568722,0
8.0,17,64.0,3.316215029,0.0,0.0,0.0,0,0,0,0.0,0.0,1.0,1.0,0.0,1.0,1.0,3420,342,342,342.0,342.0,0.401924086,0
8.0,17,64.0,2.654466751,0.0,0.0,0.0,0,0,0,0.0,0.0,1.0,1.0,0.0,1.0,1.0,2736,342,342,342.0,342.0,0.37677598,0
7.2,17,57.6,2.992281059,0.0,0.0,0.0,0,0,0,0.0,0.0,0.9,0.9,0.1,0.9,0.9,3120,42,342,312.0,312.0,0.434491992,0
8.0,17,64.0,3.319928727,0.0,0.0,0.0,0,0,0,0.0,0.0,1.0,1.0,0.0,1.0,1.0,3420,342,342,342.0,342.0,0.401643991,0
7.2,17,57.6,1.660153589,0.0,0.0,0.0,0,0,0,0.0,0.0,0.9,0.9,0.1,0.9,0.9,3120,42,342,312.0,312.0,0.640512013,0
8.0,17,64.0,3.29300829,0.0,0.0,0.0,0,0,0,0.0,0.0,1.0,1.0,0.0,1.0,1.0,3420,342,342,342.0,342.0,0.303673697,0
8.0,17,64.0,2.482389275,0.0,0.0,0.0,0,0,0,0.0,0.0,1.0,1.0,0.0,1.0,1.0,3420,342,342,342.0,342.0,0.402968001,0
8.0,17,64.0,1.992615316,0.0,0.0,0.0,0,0,0,0.0,0.0,1.0,1.0,0.0,1.0,1.0,3420,342,342,342.0,342.0,0.598341298,0
8.0,17,64.0,1.991230296,0.0,0.0,0.0,0,0,0,0.0,0.0,1.0,1.0,0.0,1.0,1.0,3420,342,342,342.0,342.0,0.502305102,0
7.2,17,57.6,3.311176218,0.0,0.0,0.0,0,0,0,0.0,0.0,0.9,0.9,0.1,0.9,0.9,3120,42,342,312.0,312.0,0.402431893,0
8.0,17,64.0,3.315895181,0.0,0.0,0.0,0,0,0,0.0,0.0,1.0,1.0,0.0,1.0,1.0,3420,342,342,342.0,342.0,0.301608706,0
8.0,17,64.0,2.576599757,0.0,0.0,0.0,0,0,0,0.0,0.0,1.0,1.0,0.0,1.0,1.0,3420,342,342,342.0,342.0,0.488397598,0
8.0,17,64.0,2.486716684,0.0,0.0,0.0,0,0,0,0.0,0.0,1.0,1.0,0.0,1.0,1.0,3420,342,342,342.0,342.0,0.402141786,0
7.2,17,57.6,1.937831623,0.0,0.0,0.0,0,0,0,0.0,0.0,0.9,0.9,0.1,0.9,0.9,3120,42,342,312.0,312.0,0.516170406,0
5.6,17,57.6,2.337093567,0.0,0.0,0.0,0,0,0,0.0,0.0,0.7,0.7,0.1,0.9,0.9,2632,42,342,263.2,263.2,0.480438685,0
8.0,17,64.0,2.085418704,0.0,0.0,0.0,0,0,0,0.0,0.0,1.0,1.0,0.0,1.0,1.0,3420,342,342,342.0,342.0,0.579882002,0
7.2,17,57.6,1.741020726,0.0,0.0,0.0,0,0,0,0.0,0.0,0.9,0.9,0.1,0.9,0.9,3120,42,342,312.0,312.0,0.674734497,0
8.0,17,64.0,3.303753726,0.0,0.0,0.0,0,0,0,0.0,0.0,1.0,1.0,0.0,1.0,1.0,3420,342,342,342.0,342.0,0.302686,0
6.4,17,51.2,2.42198891,0.0,0.0,0.0,0,0,0,0.0,0.0,0.8,0.8,0.2,0.8,0.8,2820,42,342,282.0,282.0,0.412903118,0
8.0,17,64.0,2.487026478,0.0,0.0,0.0,0,0,0,0.0,0.0,1.0,1.0,0.0,1.0,1.0,3420,342,342,342.0,342.0,0.402194381,0
7.2,17,57.6,3.307448158,0.0,0.0,0.0,0,0,0,0.0,0.0,0.9,0.9,0.1,0.9,0.9,3120,42,342,312.0,312.0,0.402619195,0
7.2,17,57.6,2.490361089,0.0,0.0,0.0,0,0,0,0.0,0.0,0.9,0.9,0.1,0.9,0.9,3120,42,342,312.0,312.0,0.401548195,0
8.0,17,64.0,1.993765111,0.0,0.0,0.0,0,0,0,0.0,0.0,1.0,1.0,0.0,1.0,1.0,3420,342,342,342.0,342.0,0.501664805,0
7.2,17,57.6,3.117019626,0.0,0.0,0.0,0,0,0,0.0,0.0,0.9,0.9,0.1,0.9,0.9,3120,42,342,312.0,312.0,0.320940495,0
8.0,17,64.0,2.822259839,0.0,0.0,0.0,0,0,0,0.0,0.0,1.0,1.0,0.0,1.0,1.0,3420,342,342,342.0,342.0,0.5548136,0
7.2,17,57.6,1.990841275,0.0,0.0,0.0,0,0,0,0.0,0.0,0.9,0.9,0.1,0.9,0.9,3120,42,342,312.0,312.0,0.602767706,0
8.0,17,64.0,2.487835756,0.0,0.0,0.0,0,0,0,0.0,0.0,1.0,1.0,0.0,1.0,1.0,3420,342,342,342.0,342.0,0.401961303,0
8.0,17,64.0,1.990710123,0.0,0.0,0.0,0,0,0,0.0,0.0,1.0,1.0,0.0,1.0,1.0,3420,342,342,342.0,342.0,0.50234251,0
7.2,17,57.6,2.384638402,0.0,0.0,0.0,0,0,0,0.0,0.0,0.9,0.9,0.1,0.9,0.9,3120,42,342,312.0,312.0,0.41938169,0
8.0,17,64.0,1.993182138,0.0,0.0,0.0,0,0,0,0.0,0.0,1.0,1.0,0.0,1.0,1.0,3420,342,342,342.0,342.0,0.600278401,0
8.0,17,64.0,2.488137859,0.0,0.0,0.0,0,0,0,0.0,0.0,1.0,1.0,0.0,1.0,1.0,3420,342,342,342.0,342.0,0.481746888,0
8.0,17,64.0,2.487525023,0.0,0.0,0.0,0,0,0,0.0,0.0,1.0,1.0,0.0,1.0,1.0,3420,342,342,342.0,342.0,0.402069902,0
7.2,17,57.6,2.365236543,0.0,0.0,0.0,0,0,0,0.0,0.0,0.9,0.9,0.1,0.9,0.9,3120,42,342,312.0,312.0,0.523277092,0
8.0,17,64.0,3.31320435,0.0,0.0,0.0,0,0,0,0.0,0.0,1.0,1.0,0.0,1.0,1.0,3420,342,342,342.0,342.0,0.402173495,0
7.2,17,57.6,2.978732229,0.0,0.0,0.0,0,0,0,0.0,0.0,0.9,0.9,0.1,0.9,0.9,3120,42,342,312.0,312.0,0.436077404,0
8.0,17,64.0,2.487378979,0.0,0.0,0.0,0,0,0,0.0,0.0,1.0,1.0,0.0,1.0,1.0,3420,342,342,342.0,342.0,0.40203011,0
8.0,17,64.0,1.71187117,0.0,0.0,0.0,0,0,0,0.0,0.0,1.0,1.0,0.0,1.0,1.0,3420,342,342,342.0,342.0,0.584354997,0
8.0,17,64.0,2.488706252,0.0,0.0,0.0,0,0,0,0.0,0.0,1.0,1.0,0.0,1.0,1.0,3420,342,342,342.0,342.0,0.502133298,0
8.0,17,64.0,1.992887797,0.0,0.0,0.0,0,0,0,0.0,0.0,1.0,1.0,0.0,1.0,1.0,3420,342,342,342.0,342.0,0.501784396,0
8.0,17,64.0,3.317020165,0.0,0.0,0.0,0,0,0,0.0,0.0,1.0,1.0,0.0,1.0,1.0,3420,342,342,342.0,342.0,0.4018188,0
7.2,17,57.6,1.984761787,0.0,0.0,0.0,0,0,0,0.0,0.0,0.9,0.9,0.1,0.9,0.9,3120,42,342,312.0,312.0,0.503891993,0
8.0,17,64.0,2.48812546,0.0,0.0,0.0,0,0,0,0.0,0.0,1.0,1.0,0.0,1.0,1.0,3420,342,342,342.0,342.0,0.50244379,0
7.2,17,57.6,3.316550411,0.0,0.0,0.0,0,0,0,0.0,0.0,0.9,0.9,0.1,0.9,0.9,3120,42,342,312.0,312.0,0.301684999,0
7.2,17,57.6,2.596467179,0.0,0.0,0.0,0,0,0,0.0,0.0,0.9,0.9,0.1,0.9,0.9,3120,42,342,312.0,312.0,0.38555479,0
8.0,17,64.0,2.859876872,0.0,0.0,0.0,0,0,0,0.0,0.0,1.0,1.0,0.0,1.0,1.0,3420,342,342,342.0,342.0,0.450068402,0
7.2,17,57.6,2.492002582,0.0,0.0,0.0,0,0,0,0.0,0.0,0.9,0.9,0.1,0.9,0.9,3120,42,342,312.0,312.0,0.40147469,0
8.0,17,64.0,2.48667334,0.0,0.0,0.0,0,0,0,0.0,0.0,1.0,1.0,0.0,1.0,1.0,3420,342,342,342.0,342.0,0.402275491,0
8.0,17,64.0,2.490352365,0.0,0.0,0.0,0,0,0,0.0,0.0,1.0,1.0,0.0,1.0,1.0,3420,342,342,342.0,342.0,0.401656199,0
8.0,17,64.0,1.660090772,0.0,0.0,0.0,0,0,0,0.0,0.0,1.0,1.0,0.0,1.0,1.0,3420,342,342,342.0,342.0,0.602382612,0
7.2,17,57.6,1.992940162,0.0,0.0,0.0,0,0,0,0.0,0.0,0.9,0.9,0.1,0.9,0.9,3120,42,342,312.0,312.0,0.501880407,0
8.0,17,64.0,1.423201291,0.0,0.0,0.0,0,0,0,0.0,0.0,1.0,1.0,0.0,1.0,1.0,3420,342,342,342.0,342.0,0.802963114,0
8.0,17,64.0,2.48813284,0.0,0.0,0.0,0,0,0,0.0,0.0,1.0,1.0,0.0,1.0,1.0,3420,342,342,342.0,342.0,0.401916695,0
6.4,17,51.2,3.195062562,0.0,0.0,0.0,0,0,0,0.0,0.0,0.8,0.8,0.2,0.8,0.8,2820,42,342,282.0,282.0,0.364616704,0
7.2,17,57.6,2.488931023,0.0,0.0,0.0,0,0,0,0.0,0.0,0.9,0.9,0.1,0.9,0.9,3120,42,342,312.0,312.0,0.50214479,0
7.2,17,57.6,1.991632332,0.0,0.0,0.0,0,0,0,0.0,0.0,0.9,0.9,0.1,0.9,0.9,3120,42,342,312.0,312.0,0.502308798,0
8.0,17,64.0,2.925245789,0.0,0.0,0.0,0,0,0,0.0,0.0,1.0,1.0,0.0,1.0,1.0,3420,342,342,342.0,342.0,0.542355013,0
8.0,17,64.0,2.489861259,0.0,0.0,0.0,0,0,0,0.0,0.0,1.0,1.0,0.0,1.0,1.0,3420,342,342,342.0,342.0,0.602154207,0
7.2,17,57.6,2.684070263,0.0,0.0,0.0,0,0,0,0.0,0.0,0.9,0.9,0.1,0.9,0.9,3120,42,342,312.0,312.0,0.472877884,0
7.2,17,55.6,3.710620532,0.0,0.0,0.0,0,0,0,0.0,0.0,0.9,0.5,0.1,0.9,0.9,2112,42,342,211.2,211.2,0.269589114,0
8.0,17,64.0,3.335024314,0.0,0.0,0.0,0,0,0,0.0,0.0,1.0,1.0,0.0,1.0,1.0,3420,342,342,342.0,342.0,0.500308704,0
8.0,17,64.0,2.487043732,0.0,0.0,0.0,0,0,0,0.0,0.0,1.0,1.0,0.0,1.0,1.0,3420,342,342,342.0,342.0,0.502502394,0
8.0,17,64.0,2.230805349,0.0,0.0,0.0,0,0,0,0.0,0.0,1.0,1.0,0.0,1.0,1.0,3420,342,342,342.0,342.0,0.448368502,0
7.2,17,57.6,2.46785069,0.0,0.0,0.0,0,0,0,0.0,0.0,0.9,0.9,0.1,0.9,0.9,3120,42,342,312.0,312.0,0.405230498,0
8.0,17,64.0,2.486477867,0.0,0.0,0.0,0,0,0,0.0,0.0,1.0,1.0,0.0,1.0,1.0,3420,342,342,342.0,342.0,0.402199507,0
8.0,17,64.0,3.314645483,0.0,0.0,0.0,0,0,0,0.0,0.0,1.0,1.0,0.0,1.0,1.0,3420,342,342,342.0,342.0,0.301777887,0
8.0,17,62.33333333,3.528251304,0.0,0.0,0.0,0,0,0,0.0,0.0,1.0,0.666666667,0.0,1.0,1.0,1548,90,342,258.0,258.0,0.335296512,0
8.0,17,64.0,1.991727096,0.0,0.0,0.0,0,0,0,0.0,0.0,1.0,1.0,0.0,1.0,1.0,3420,342,342,342.0,342.0,0.602557397,0
7.2,17,57.6,1.656360774,0.0,0.0,0.0,0,0,0,0.0,0.0,0.9,0.9,0.1,0.9,0.9,3120,42,342,312.0,312.0,0.628793406,0
8.0,17,64.0,2.473161305,0.0,0.0,0.0,0,0,0,0.0,0.0,1.0,1.0,0.0,1.0,1.0,3420,342,342,342.0,342.0,0.404413009,0
7.2,17,57.6,2.812121713,0.0,0.0,0.0,0,0,0,0.0,0.0,0.9,0.9,0.1,0.9,0.9,3120,42,342,312.0,312.0,0.355609083,0
8.0,17,64.0,1.66068628,0.0,0.0,0.0,0,0,0,0.0,0.0,1.0,1.0,0.0,1.0,1.0,3420,342,342,342.0,342.0,0.602161002,0
7.2,17,57.6,1.920853123,0.0,0.0,0.0,0,0,0,0.0,0.0,0.9,0.9,0.1,0.9,0.9,3120,42,342,312.0,312.0,0.569988108,0
8.0,17,64.0,1.988915422,0.0,0.0,0.0,0,0,0,0.0,0.0,1.0,1.0,0.0,1.0,1.0,3420,342,342,342.0,342.0,0.502789307,0
6.4,17,51.2,3.009692171,0.0,0.0,0.0,0,0,0,0.0,0.0,0.8,0.8,0.2,0.8,0.8,2820,42,342,282.0,282.0,0.332360697,0
8.0,17,64.0,1.659706942,0.0,0.0,0.0,0,0,0,0.0,0.0,1.0,1.0,0.0,1.0,1.0,3420,342,342,342.0,342.0,0.602517104,0
8.0,17,64.0,2.488296983,0.0,0.0,0.0,0,0,0,0.0,0.0,1.0,1.0,0.0,1.0,1.0,3420,342,342,342.0,342.0,0.502248383,0
7.2,17,57.6,2.496617103,0.0,0.0,0.0,0,0,0,0.0,0.0,0.9,0.9,0.1,0.9,0.9,3120,42,342,312.0,312.0,0.400567913,0
8.0,17,64.0,3.313184722,0.0,0.0,0.0,0,0,0,0.0,0.0,1.0,1.0,0.0,1.0,1.0,3420,342,342,342.0,342.0,0.402093506,0
8.0,17,64.0,1.661039909,0.0,0.0,0.0,0,0,0,0.0,0.0,1.0,1.0,0.0,1.0,1.0,3420,342,342,342.0,342.0,0.602218199,0
7.2,17,57.6,2.155557476,0.0,0.0,0.0,0,0,0,0.0,0.0,0.9,0.9,0.1,0.9,0.9,3120,42,342,312.0,312.0,0.564204907,0
8.0,17,64.0,2.48451467,0.0,0.0,0.0,0,0,0,0.0,0.0,1.0,1.0,0.0,1.0,1.0,3420,342,342,342.0,342.0,0.402559304,0
8.0,17,64.0,1.660188614,0.0,0.0,0.0,0,0,0,0.0,0.0,1.0,1.0,0.0,1.0,1.0,3420,342,342,342.0,342.0,0.602479911,0
8.0,17,64.0,1.993795344,0.0,0.0,0.0,0,0,0,0.0,0.0,1.0,1.0,0.0,1.0,1.0,3420,342,342,342.0,342.0,0.501759696,0
8.0,17,64.0,1.659448615,0.0,0.0,0.0,0,0,0,0.0,0.0,1.0,1.0,0.0,1.0,1.0,3420,342,342,342.0,342.0,0.602753305,0
8.0,17,64.0,2.487401991,0.0,0.0,0.0,0,0,0,0.0,0.0,1.0,1.0,0.0,1.0,1.0,3420,342,342,342.0,342.0,0.402030683,0
8.0,17,64.0,1.992753535,0.0,0.0,0.0,0,0,0,0.0,0.0,1.0,1.0,0.0,1.0,1.0,3420,342,342,342.0,342.0,0.502066016,0
6.4,17,51.2,1.33686196,0.0,0.0,0.0,0,0,0,0.0,0.0,0.8,0.8,0.2,0.8,0.8,2820,42,342,282.0,282.0,0.848306584,0
8.0,17,64.0,2.478084515,0.0,0.0,0.0,0,0,0,0.0,0.0,1.0,1.0,0.0,1.0,1.0,3420,342,342,342.0,342.0,0.489340591,0
7.2,17,57.6,2.436035189,0.0,0.0,0.0,0,0,0,0.0,0.0,0.9,0.9,0.1,0.9,0.9,3120,42,342,312.0,312.0,0.446628618,0
8.0,17,64.0,2.48968893,0.0,0.0,0.0,0,0,0,0.0,0.0,1.0,1.0,0.0,1.0,1.0,3420,342,342,342.0,342.0,0.602119589,0
8.0,17,64.0,2.244399895,0.0,0.0,0.0,0,0,0,0.0,0.0,1.0,1.0,0.0,1.0,1.0,3420,342,342,342.0,342.0,0.445766902,0
8.0,17,64.0,2.487268941,0.0,0.0,0.0,0,0,0,0.0,0.0,1.0,1.0,0.0,1.0,1.0,3420,342,342,342.0,342.0,0.502350688,0
8.0,17,64.0,2.219920955,0.0,0.0,0.0,0,0,0,0.0,0.0,1.0,1.0,0.0,1.0,1.0,3420,342,342,342.0,342.0,0.550992393,0
8.0,17,64.0,2.487764042,0.0,0.0,0.0,0,0,0,0.0,0.0,1.0,1.0,0.0,1.0,1.0,3420,342,342,342.0,342.0,0.401967883,0
8.0,17,64.0,3.316871697,0.0,0.0,0.0,0,0,0,0.0,0.0,1.0,1.0,0.0,1.0,1.0,3420,342,342,342.0,342.0,0.301599312,0
8.0,17,64.0,2.490605534,0.0,0.0,0.0,0,0,0,0.0,0.0,1.0,1.0,0.0,1.0,1.0,3420,342,342,342.0,342.0,0.401735902,0
8.0,17,64.0,1.990334528,0.0,0.0,0.0,0,0,0,0.0,0.0,1.0,1.0,0.0,1.0,1.0,3420,342,342,342.0,342.0,0.602789116,0
4.8,17,78.1,3.452650219,0.0,0.0,0.0,0,0,0,0.0,0.0,0.6,0.4,0.0,1.0,1.0,1936,74,342,193.6,193.6,0.295263982,0
8.0,17,64.0,1.991963953,0.0,0.0,0.0,0,0,0,0.0,0.0,1.0,1.0,0.0,1.0,1.0,3420,342,342,342.0,342.0,0.59835,0
8.0,17,64.0,2.487609265,0.0,0.0,0.0,0,0,0,0.0,0.0,1.0,1.0,0.0,1.0,1.0,3420,342,342,342.0,342.0,0.401999998,0
8.0,17,64.0,1.992193864,0.0,0.0,0.0,0,0,0,0.0,0.0,1.0,1.0,0.0,1.0,1.0,3420,342,342,342.0,342.0,0.502135897,0
8.0,17,64.0,2.490594294,0.0,0.0,0.0,0,0,0,0.0,0.0,1.0,1.0,0.0,1.0,1.0,3420,342,342,342.0,342.0,0.602009201,0
8.0,17,64.0,1.108689095,0.0,0.0,0.0,0,0,0,0.0,0.0,1.0,1.0,0.0,1.0,1.0,3420,342,342,342.0,342.0,1.102400517,0
8.0,17,64.0,1.991150514,0.0,0.0,0.0,0,0,0,0.0,0.0,1.0,1.0,0.0,1.0,1.0,3420,342,342,342.0,342.0,0.502292204,0
7.2,17,57.6,1.993465481,0.0,0.0,0.0,0,0,0,0.0,0.0,0.9,0.9,0.1,0.9,0.9,3120,42,342,312.0,312.0,0.501770282,0
8.0,17,64.0,1.659703658,0.0,0.0,0.0,0,0,0,0.0,0.0,1.0,1.0,0.0,1.0,1.0,3420,342,342,342.0,342.0,0.602537704,0
8.0,17,64.0,2.487618412,0.0,0.0,0.0,0,0,0,0.0,0.0,1.0,1.0,0.0,1.0,1.0,3420,342,342,342.0,342.0,0.502469707,0
7.2,17,57.6,2.050735248,0.0,0.0,0.0,0,0,0,0.0,0.0,0.9,0.9,0.1,0.9,0.9,3120,42,342,312.0,312.0,0.588132095,0
8.0,17,64.0,2.487525613,0.0,0.0,0.0,0,0,0,0.0,0.0,1.0,1.0,0.0,1.0,1.0,3420,342,342,342.0,342.0,0.402007914,0
8.0,17,64.0,2.321622921,0.0,0.0,0.0,0,0,0,0.0,0.0,1.0,1.0,0.0,1.0,1.0,2394,342,342,342.0,342.0,0.430736712,0
8.0,17,64.0,2.488412131,0.0,0.0,0.0,0,0,0,0.0,0.0,1.0,1.0,0.0,1.0,1.0,3420,342,342,342.0,342.0,0.401965094,0
8.0,17,64.0,3.317177566,0.0,0.0,0.0,0,0,0,0.0,0.0,1.0,1.0,0.0,1.0,1.0,3420,342,342,342.0,342.0,0.40165,0
7.2,17,57.6,2.535940757,0.0,0.0,0.0,0,0,0,0.0,0.0,0.9,0.9,0.1,0.9,0.9,3120,42,342,312.0,312.0,0.402092481,0
8.0,17,64.0,2.486842008,0.0,0.0,0.0,0,0,0,0.0,0.0,1.0,1.0,0.0,1.0,1.0,3420,342,342,342.0,342.0,0.402116609,0
4.8,17,64.0,4.975824395,0.0,0.0,0.0,0,0,0,0.0,0.0,0.6,0.6,0.0,1.0,1.0,2444,98,342,244.4,244.4,0.201035619,0
7.2,17,57.6,2.713291883,0.0,0.0,0.0,0,0,0,0.0,0.0,0.9,0.9,0.1,0.9,0.9,3120,42,342,312.0,312.0,0.46398499,0
8.0,17,64.0,2.48805181,0.0,0.0,0.0,0,0,0,0.0,0.0,1.0,1.0,0.0,1.0,1.0,3420,342,342,342.0,342.0,0.502373195,0
8.0,17,64.0,2.486539778,0.0,0.0,0.0,0,0,0,0.0,0.0,1.0,1.0,0.0,1.0,1.0,3420,342,342,342.0,342.0,0.402254701,0
7.2,17,57.6,2.491447482,0.0,0.0,0.0,0,0,0,0.0,0.0,0.9,0.9,0.1,0.9,0.9,3120,42,342,312.0,312.0,0.438384795,0
8.0,17,64.0,3.316439484,0.0,0.0,0.0,0,0,0,0.0,0.0,1.0,1.0,0.0,1.0,1.0,3420,342,342,342.0,342.0,0.502071404,0
8.0,17,64.0,3.982869395,0.0,0.0,0.0,0,0,0,0.0,0.0,1.0,1.0,0.0,1.0,1.0,1368,342,342,342.0,342.0,0.256406724,0
8.0,17,64.0,2.191003298,0.0,0.0,0.0,0,0,0,0.0,0.0,1.0,1.0,0.0,1.0,1.0,3420,342,342,342.0,342.0,0.4564219,0
7.2,17,57.6,2.517991619,0.0,0.0,0.0,0,0,0,0.0,0.0,0.9,0.9,0.1,0.9,0.9,3120,42,342,312.0,312.0,0.39714191,0
7.2,17,57.6,3.115578315,0.0,0.0,0.0,0,0,0,0.0,0.0,0.9,0.9,0.1,0.9,0.9,3120,42,342,312.0,312.0,0.321064496,0
8.0,17,64.0,1.989141233,0.0,0.0,0.0,0,0,0,0.0,0.0,1.0,1.0,0.0,1.0,1.0,3420,342,342,342.0,342.0,0.603132915,0
8.0,17,64.0,1.993126067,0.0,0.0,0.0,0,0,0,0.0,0.0,1.0,1.0,0.0,1.0,1.0,3420,342,342,342.0,342.0,0.602331209,0
7.2,17,56.2,2.196479436,0.0,0.0,0.0,0,0,0,0.0,0.0,0.9,0.8,0.1,0.9,0.9,2868,42,342,286.8,286.8,0.455350304,0
6.4,17,51.2,3.267704549,0.0,0.0,0.0,0,0,0,0.0,0.0,0.8,0.8,0.2,0.8,0.8,2820,42,342,282.0,282.0,0.306038213,0
7.2,17,57.6,3.305755578,0.0,0.0,0.0,0,0,0,0.0,0.0,0.9,0.9,0.1,0.9,0.9,3120,42,342,312.0,312.0,0.376585102,0
7.2,17,57.6,2.518334052,0.0,0.0,0.0,0,0,0,0.0,0.0,0.9,0.9,0.1,0.9,0.9,3120,42,342,312.0,312.0,0.497403598,0
8.0,17,64.0,2.487539924,0.0,0.0,0.0,0,0,0,0.0,0.0,1.0,1.0,0.0,1.0,1.0,3420,342,342,342.0,342.0,0.40200541,0
8.0,17,64.0,2.48920488,0.0,0.0,0.0,0,0,0,0.0,0.0,1.0,1.0,0.0,1.0,1.0,3420,342,342,342.0,342.0,0.502052617,0
7.2,17,57.6,3.31543885,0.0,0.0,0.0,0,0,0,0.0,0.0,0.9,0.9,0.1,0.9,0.9,3120,42,342,312.0,312.0,0.425138307,0
8.0,17,64.0,2.488608499,0.0,0.0,0.0,0,0,0,0.0,0.0,1.0,1.0,0.0,1.0,1.0,3420,342,342,342.0,342.0,0.502190804,0
8.0,17,64.0,1.991702979,0.0,0.0,0.0,0,0,0,0.0,0.0,1.0,1.0,0.0,1.0,1.0,3420,342,342,342.0,342.0,0.602394199,0
8.0,17,64.0,1.991322187,0.0,0.0,0.0,0,0,0,0.0,0.0,1.0,1.0,0.0,1.0,1.0,3420,342,342,342.0,342.0,0.502178907,0
8.0,17,64.0,2.487848004,0.0,0.0,0.0,0,0,0,0.0,0.0,1.0,1.0,0.0,1.0,1.0,3420,342,342,342.0,342.0,0.401954603,0
8.0,17,64.0,2.487129121,0.0,0.0,0.0,0,0,0,0.0,0.0,1.0,1.0,0.0,1.0,1.0,3420,342,342,342.0,342.0,0.402070808,0
8.0,17,64.0,2.486884178,0.0,0.0,0.0,0,0,0,0.0,0.0,1.0,1.0,0.0,1.0,1.0,3420,342,342,342.0,342.0,0.402169299,0
8.0,17,64.0,2.637163593,0.0,0.0,0.0,0,0,0,0.0,0.0,1.0,1.0,0.0,1.0,1.0,3420,342,342,342.0,342.0,0.379494596,0
8.0,17,64.0,2.488362528,0.0,0.0,0.0,0,0,0,0.0,0.0,1.0,1.0,0.0,1.0,1.0,3420,342,342,342.0,342.0,0.502170801,0
7.2,17,57.6,2.490326342,0.0,0.0,0.0,0,0,0,0.0,0.0,0.9,0.9,0.1,0.9,0.9,3120,42,342,312.0,312.0,0.401650786,0
8.0,17,64.0,3.31788527,0.0,0.0,0.0,0,0,0,0.0,0.0,1.0,1.0,0.0,1.0,1.0,3420,342,342,342.0,342.0,0.501887202,0
8.0,17,64.0,1.990825872,0.0,0.0,0.0,0,0,0,0.0,0.0,1.0,1.0,0.0,1.0,1.0,3420,342,342,342.0,342.0,0.502311397,0
8.0,17,64.0,3.317624405,0.0,0.0,0.0,0,0,0,0.0,0.0,1.0,1.0,0.0,1.0,1.0,3420,342,342,342.0,342.0,0.401756787,0
8.0,17,64.0,1.993692801,0.0,0.0,0.0,0,0,0,0.0,0.0,1.0,1.0,0.0,1.0,1.0,3420,342,342,342.0,342.0,0.501601505,0
8.0,17,64.0,2.488456127,0.0,0.0,0.0,0,0,0,0.0,0.0,1.0,1.0,0.0,1.0,1.0,3420,342,342,342.0,342.0,0.401982594,0
7.2,17,57.6,1.971409768,0.0,0.0,0.0,0,0,0,0.0,0.0,0.9,0.9,0.1,0.9,0.9,3120,42,342,312.0,312.0,0.518970394,0
7.2,17,57.6,2.487256551,0.0,0.0,0.0,0,0,0,0.0,0.0,0.9,0.9,0.1,0.9,0.9,3120,42,342,312.0,312.0,0.402064705,0
8.0,17,64.0,2.489171494,0.0,0.0,0.0,0,0,0,0.0,0.0,1.0,1.0,0.0,1.0,1.0,3420,342,342,342.0,342.0,0.401830387,0
8.0,17,64.0,3.315202477,0.0,0.0,0.0,0,0,0,0.0,0.0,1.0,1.0,0.0,1.0,1.0,3420,342,342,342.0,342.0,0.401936913,0
6.4,17,51.2,3.587294951,0.0,0.0,0.0,0,0,0,0.0,0.0,0.8,0.8,0.2,0.8,0.8,1410,42,342,282.0,282.0,0.479415798,0
8.0,17,64.0,3.961906021,0.0,0.0,0.0,0,0,0,0.0,0.0,1.0,1.0,0.0,1.0,1.0,2736,342,342,342.0,342.0,0.377822995,0
8.0,17,64.0,1.991625239,0.0,0.0,0.0,0,0,0,0.0,0.0,1.0,1.0,0.0,1.0,1.0,3420,342,342,342.0,342.0,0.602337098,0
8.0,17,64.0,2.487631543,0.0,0.0,0.0,0,0,0,0.0,0.0,1.0,1.0,0.0,1.0,1.0,3420,342,342,342.0,342.0,0.402092791,0
8.0,17,64.0,3.319172609,0.0,0.0,0.0,0,0,0,0.0,0.0,1.0,1.0,0.0,1.0,1.0,3420,342,342,342.0,342.0,0.5018646,0
8.0,17,64.0,1.660782219,0.0,0.0,0.0,0,0,0,0.0,0.0,1.0,1.0,0.0,1.0,1.0,3420,342,342,342.0,342.0,0.602232718,0
7.2,17,57.6,3.071799388,0.0,0.0,0.0,0,0,0,0.0,0.0,0.9,0.9,0.1,0.9,0.9,3120,42,342,312.0,312.0,0.325605488,0
8.0,17,64.0,3.318408435,0.0,0.0,0.0,0,0,0,0.0,0.0,1.0,1.0,0.0,1.0,1.0,3420,342,342,342.0,342.0,0.301359701,0
8.0,17,64.0,2.484407828,0.0,0.0,0.0,0,0,0,0.0,0.0,1.0,1.0,0.0,1.0,1.0,3420,342,342,342.0,342.0,0.402510405,0
7.2,17,57.6,3.001715735,0.0,0.0,0.0,0,0,0,0.0,0.0,0.9,0.9,0.1,0.9,0.9,3120,42,342,312.0,312.0,0.333187604,0
8.0,17,64.0,2.486811192,0.0,0.0,0.0,0,0,0,0.0,0.0,1.0,1.0,0.0,1.0,1.0,3420,342,342,342.0,342.0,0.502526402,0
7.2,17,57.6,2.488231294,0.0,0.0,0.0,0,0,0,0.0,0.0,0.9,0.9,0.1,0.9,0.9,3120,42,342,312.0,312.0,0.502179289,0
8.0,17,64.0,1.994119343,0.0,0.0,0.0,0,0,0,0.0,0.0,1.0,1.0,0.0,1.0,1.0,3420,342,342,342.0,342.0,0.601975989,0
8.0,17,64.0,2.488809772,0.0,0.0,0.0,0,0,0,0.0,0.0,1.0,1.0,0.0,1.0,1.0,3420,342,342,342.0,342.0,0.4018929,0
8.0,17,62.5,3.285425268,0.0,0.0,0.0,0,0,0,0.0,0.0,1.0,0.5,0.0,1.0,1.0,2160,90,342,216.0,216.0,0.305980301,0
8.0,17,64.0,1.660969263,0.0,0.0,0.0,0,0,0,0.0,0.0,1.0,1.0,0.0,1.0,1.0,3420,342,342,342.0,342.0,0.602123499,0
8.0,17,64.0,1.992337041,0.0,0.0,0.0,0,0,0,0.0,0.0,1.0,1.0,0.0,1.0,1.0,3420,342,342,342.0,342.0,0.602409697,0
8.0,17,64.0,1.992094986,0.0,0.0,0.0,0,0,0,0.0,0.0,1.0,1.0,0.0,1.0,1.0,3420,342,342,342.0,342.0,0.602378392,0
8.0,17,64.0,2.082298651,0.0,0.0,0.0,0,0,0,0.0,0.0,1.0,1.0,0.0,1.0,1.0,3420,342,342,342.0,342.0,0.480336213,0
8.0,17,64.0,3.315795045,0.0,0.0,0.0,0,0,0,0.0,0.0,1.0,1.0,0.0,1.0,1.0,3420,342,342,342.0,342.0,0.402054405,0
7.2,17,57.6,2.292663462,0.0,0.0,0.0,0,0,0,0.0,0.0,0.9,0.9,0.1,0.9,0.9,3120,42,342,312.0,312.0,0.536511803,0
8.0,17,64.0,1.990951936,0.0,0.0,0.0,0,0,0,0.0,0.0,1.0,1.0,0.0,1.0,1.0,3420,342,342,342.0,342.0,0.502384281,0
7.2,17,57.6,2.485899882,0.0,0.0,0.0,0,0,0,0.0,0.0,0.9,0.9,0.1,0.9,0.9,3120,42,342,312.0,312.0,0.402441597,0
8.0,17,64.0,2.489357935,0.0,0.0,0.0,0,0,0,0.0,0.0,1.0,1.0,0.0,1.0,1.0,3420,342,342,342.0,342.0,0.502006102,0
8.0,17,64.0,2.486173662,0.0,0.0,0.0,0,0,0,0.0,0.0,1.0,1.0,0.0,1.0,1.0,3420,342,342,342.0,342.0,0.402224517,0
8.0,17,64.0,2.488145239,0.0,0.0,0.0,0,0,0,0.0,0.0,1.0,1.0,0.0,1.0,1.0,3420,342,342,342.0,342.0,0.401905799,0
8.0,17,64.0,2.487729957,0.0,0.0,0.0,0,0,0,0.0,0.0,1.0,1.0,0.0,1.0,1.0,3420,342,342,342.0,342.0,0.502304697,0
8.0,17,64.0,2.488291373,0.0,0.0,0.0,0,0,0,0.0,0.0,1.0,1.0,0.0,1.0,1.0,3420,342,342,342.0,342.0,0.502276492,0
8.0,17,64.0,2.487398155,0.0,0.0,0.0,0,0,0,0.0,0.0,1.0,1.0,0.0,1.0,1.0,3420,342,342,342.0,342.0,0.4020437,0
8.0,17,64.0,2.487818344,0.0,0.0,0.0,0,0,0,0.0,0.0,1.0,1.0,0.0,1.0,1.0,3420,342,342,342.0,342.0,0.402129412,0
8.0,17,64.0,1.453441859,0.0,0.0,0.0,0,0,0,0.0,0.0,1.0,1.0,0.0,1.0,1.0,3420,342,342,342.0,342.0,0.688110614,0
8.0,17,64.0,2.837364887,0.0,0.0,0.0,0,0,0,0.0,0.0,1.0,1.0,0.0,1.0,1.0,3420,342,342,342.0,342.0,0.452722192,0
8.0,17,64.0,2.490739976,0.0,0.0,0.0,0,0,0,0.0,0.0,1.0,1.0,0.0,1.0,1.0,3420,342,342,342.0,342.0,0.402221394,0
7.2,17,57.6,3.317048759,0.0,0.0,0.0,0,0,0,0.0,0.0,0.9,0.9,0.1,0.9,0.9,3120,42,342,312.0,312.0,0.301655889,0
6.4,17,51.2,2.016976479,0.0,0.0,0.0,0,0,0,0.0,0.0,0.8,0.8,0.2,0.8,0.8,2820,42,342,282.0,282.0,0.501919699,0
8.0,17,64.0,2.48863685,0.0,0.0,0.0,0,0,0,0.0,0.0,1.0,1.0,0.0,1.0,1.0,3420,342,342,342.0,342.0,0.5024441,0
8.0,17,64.0,2.983788829,0.0,0.0,0.0,0,0,0,0.0,0.0,1.0,1.0,0.0,1.0,1.0,1026,342,342,342.0,342.0,0.335158666,0
8.0,17,64.0,1.990657875,0.0,0.0,0.0,0,0,0,0.0,0.0,1.0,1.0,0.0,1.0,1.0,3420,342,342,342.0,342.0,0.502535391,0
8.0,17,64.0,2.584912441,0.0,0.0,0.0,0,0,0,0.0,0.0,1.0,1.0,0.0,1.0,1.0,3420,342,342,342.0,342.0,0.487055087,0
8.0,17,64.0,2.487010256,0.0,0.0,0.0,0,0,0,0.0,0.0,1.0,1.0,0.0,1.0,1.0,1710,342,342,342.0,342.0,0.402256012,0
8.0,17,64.0,3.315440946,0.0,0.0,0.0,0,0,0,0.0,0.0,1.0,1.0,0.0,1.0,1.0,3420,342,342,342.0,342.0,0.401995802,0
8.0,17,64.0,2.489937529,0.0,0.0,0.0,0,0,0,0.0,0.0,1.0,1.0,0.0,1.0,1.0,3420,342,342,342.0,342.0,0.401721096,0
8.0,17,64.0,1.991319445,0.0,0.0,0.0,0,0,0,0.0,0.0,1.0,1.0,0.0,1.0,1.0,3420,342,342,342.0,342.0,0.502367997,0
7.2,17,57.6,2.527239973,0.0,0.0,0.0,0,0,0,0.0,0.0,0.9,0.9,0.1,0.9,0.9,3120,42,342,312.0,312.0,0.395691681,0
7.2,17,57.6,3.286466062,0.0,0.0,0.0,0,0,0,0.0,0.0,0.9,0.9,0.1,0.9,0.9,3120,42,342,312.0,312.0,0.350715208,0
8.0,17,64.0,1.991244477,0.0,0.0,0.0,0,0,0,0.0,0.0,1.0,1.0,0.0,1.0,1.0,3420,342,342,342.0,342.0,0.502223706,0
8.0,17,64.0,2.488335955,0.0,0.0,0.0,0,0,0,0.0,0.0,1.0,1.0,0.0,1.0,1.0,3420,342,342,342.0,342.0,0.502330399,0
8.0,17,64.0,3.321176628,0.0,0.0,0.0,0,0,0,0.0,0.0,1.0,1.0,0.0,1.0,1.0,3420,342,342,342.0,342.0,0.488037515,0
8.0,17,64.0,2.487578282,0.0,0.0,0.0,0,0,0,0.0,0.0,1.0,1.0,0.0,1.0,1.0,3420,342,342,342.0,342.0,0.502365613,0
8.0,17,64.0,2.488541465,0.0,0.0,0.0,0,0,0,0.0,0.0,1.0,1.0,0.0,1.0,1.0,3420,342,342,342.0,342.0,0.401944113,0
8.0,17,64.0,1.991175942,0.0,0.0,0.0,0,0,0,0.0,0.0,1.0,1.0,0.0,1.0,1.0,3420,342,342,342.0,342.0,0.502215791,0
8.0,17,64.0,2.487953962,0.0,0.0,0.0,0,0,0,0.0,0.0,1.0,1.0,0.0,1.0,1.0,3420,342,342,342.0,342.0,0.502311802,0
8.0,17,64.0,1.662163352,0.0,0.0,0.0,0,0,0,0.0,0.0,1.0,1.0,0.0,1.0,1.0,3420,342,342,342.0,342.0,0.601697493,0
6.4,17,51.2,2.279649699,0.0,0.0,0.0,0,0,0,0.0,0.0,0.8,0.8,0.2,0.8,0.8,2820,42,342,282.0,282.0,0.538852906,0
8.0,17,64.0,1.991516489,0.0,0.0,0.0,0,0,0,0.0,0.0,1.0,1.0,0.0,1.0,1.0,3420,342,342,342.0,342.0,0.502208304,0
8.0,17,64.0,2.48774604,0.0,0.0,0.0,0,0,0,0.0,0.0,1.0,1.0,0.0,1.0,1.0,3420,342,342,342.0,342.0,0.538969707,0
8.0,17,64.0,2.487795619,0.0,0.0,0.0,0,0,0,0.0,0.0,1.0,1.0,0.0,1.0,1.0,3420,342,342,342.0,342.0,0.502277684,0
6.4,17,51.2,2.937338039,0.0,0.0,0.0,0,0,0,0.0,0.0,0.8,0.8,0.2,0.8,0.8,2820,42,342,282.0,282.0,0.346589494,0
8.0,17,64.0,1.660172645,0.0,0.0,0.0,0,0,0,0.0,0.0,1.0,1.0,0.0,1.0,1.0,3420,342,342,342.0,342.0,0.602433395,0
8.0,17,64.0,2.507859663,0.0,0.0,0.0,0,0,0,0.0,0.0,1.0,0.9,0.0,1.0,1.0,3168,90,342,316.8,316.8,0.398854995,0
8.0,17,62.6,3.30321332,0.0,0.0,0.0,0,0,0,0.0,0.0,1.0,0.7,0.0,1.0,1.0,2664,90,342,266.4,266.4,0.365398312,0
8.0,17,64.0,2.488247383,0.0,0.0,0.0,0,0,0,0.0,0.0,1.0,1.0,0.0,1.0,1.0,3420,342,342,342.0,342.0,0.50223062,0
8.0,17,64.0,3.31829607,0.0,0.0,0.0,0,0,0,0.0,0.0,1.0,1.0,0.0,1.0,1.0,3420,342,342,342.0,342.0,0.401691198,0
8.0,17,64.0,2706.875766,0.0,0.0,0.0,0,0,0,0.0,0.0,1.0,1.0,0.0,1.0,1.0,684,342,342,342.0,342.0,0.00048852,0
7.2,17,57.6,1.680393762,0.0,0.0,0.0,0,0,0,0.0,0.0,0.9,0.9,0.1,0.9,0.9,3120,42,342,312.0,312.0,0.695423794,0
8.0,17,64.0,2.487723022,0.0,0.0,0.0,0,0,0,0.0,0.0,1.0,1.0,0.0,1.0,1.0,3420,342,342,342.0,342.0,0.502265596,0
8.0,17,64.0,2.854695181,0.0,0.0,0.0,0,0,0,0.0,0.0,1.0,1.0,0.0,1.0,1.0,3420,342,342,342.0,342.0,0.350302005,0
8.0,17,64.0,2.884040147,0.0,0.0,0.0,0,0,0,0.0,0.0,1.0,1.0,0.0,1.0,1.0,3420,342,342,342.0,342.0,0.34696312,0
8.0,17,64.0,1.659751865,0.0,0.0,0.0,0,0,0,0.0,0.0,1.0,1.0,0.0,1.0,1.0,3420,342,342,342.0,342.0,0.602601409,0
6.4,17,51.2,2.76722612,0.0,0.0,0.0,0,0,0,0.0,0.0,0.8,0.8,0.2,0.8,0.8,2820,42,342,282.0,282.0,0.483800817,0
5.6,17,62.7,4.975178694,0.0,0.0,0.0,0,0,0,0.0,0.0,0.7,0.6,0.0,1.0,1.0,2456,90,342,245.6,245.6,0.23202889,0
7.2,17,57.6,2.941134934,0.0,0.0,0.0,0,0,0,0.0,0.0,0.9,0.9,0.1,0.9,0.9,3120,42,342,312.0,312.0,0.440454793,0
7.2,17,57.6,1.687548397,0.0,0.0,0.0,0,0,0,0.0,0.0,0.9,0.9,0.1,0.9,0.9,3120,42,342,312.0,312.0,0.602577901,0
7.2,17,57.6,1.457539807,0.0,0.0,0.0,0,0,0,0.0,0.0,0.9,0.9,0.1,0.9,0.9,3120,42,342,312.0,312.0,0.786468601,0
8.0,17,64.0,3.315875258,0.0,0.0,0.0,0,0,0,0.0,0.0,1.0,1.0,0.0,1.0,1.0,3420,342,342,342.0,342.0,0.3016608,0
8.0,17,64.0,1.992889312,0.0,0.0,0.0,0,0,0,0.0,0.0,1.0,1.0,0.0,1.0,1.0,3420,342,342,342.0,342.0,0.501896405,0
8.0,17,64.0,2.489228517,0.0,0.0,0.0,0,0,0,0.0,0.0,1.0,1.0,0.0,1.0,1.0,3420,342,342,342.0,342.0,0.401808095,0
8.0,17,64.0,1.660345158,0.0,0.0,0.0,0,0,0,0.0,0.0,1.0,1.0,0.0,1.0,1.0,3420,342,342,342.0,342.0,0.652102113,0
8.0,17,64.0,1.994849391,0.0,0.0,0.0,0,0,0,0.0,0.0,1.0,1.0,0.0,1.0,1.0,1368,342,342,342.0,342.0,0.501629233,0
8.0,17,64.0,3.25325785,0.0,0.0,0.0,0,0,0,0.0,0.0,1.0,1.0,0.0,1.0,1.0,3420,342,342,342.0,342.0,0.507833481,0
7.2,17,57.6,2.613689594,0.0,0.0,0.0,0,0,0,0.0,0.0,0.9,0.9,0.1,0.9,0.9,3120,42,342,312.0,312.0,0.402362919,0
7.2,17,57.6,2.349309496,0.0,0.0,0.0,0,0,0,0.0,0.0,0.9,0.9,0.1,0.9,0.9,3120,42,342,312.0,312.0,0.42583468,0
7.2,17,64.0,2.536716982,0.0,0.0,0.0,0,0,0,0.0,0.0,0.9,0.9,0.0,1.0,1.0,3196,118,342,319.6,319.6,0.394362497,0
8.0,17,64.0,3.315611303,0.0,0.0,0.0,0,0,0,0.0,0.0,1.0,1.0,0.0,1.0,1.0,3420,342,342,342.0,342.0,0.30162611,0
8.0,17,63.0,2.4893996,0.0,0.0,0.0,0,0,0,0.0,0.0,1.0,0.8,0.0,1.0,1.0,2916,90,342,291.6,291.6,0.602208591,0
7.2,17,57.6,2.530080226,0.0,0.0,0.0,0,0,0,0.0,0.0,0.9,0.9,0.1,0.9,0.9,3120,42,342,312.0,312.0,0.495598888,0
7.2,17,57.6,1.660444936,0.0,0.0,0.0,0,0,0,0.0,0.0,0.9,0.9,0.1,0.9,0.9,3120,42,342,312.0,312.0,0.602248812,0
7.2,17,57.6,3.254330374,0.0,0.0,0.0,0,0,0,0.0,0.0,0.9,0.9,0.1,0.9,0.9,3120,42,342,312.0,312.0,0.407687497,0
8.0,17,64.0,1.99154864,0.0,0.0,0.0,0,0,0,0.0,0.0,1.0,1.0,0.0,1.0,1.0,3420,342,342,342.0,342.0,0.502215099,0
8.0,17,64.0,2.487227494,0.0,0.0,0.0,0,0,0,0.0,0.0,1.0,1.0,0.0,1.0,1.0,3420,342,342,342.0,342.0,0.402056289,0
8.0,17,64.0,2.606384222,0.0,0.0,0.0,0,0,0,0.0,0.0,1.0,1.0,0.0,1.0,1.0,3420,342,342,342.0,342.0,0.383701181,0
7.2,17,57.6,2.652504307,0.0,0.0,0.0,0,0,0,0.0,0.0,0.9,0.9,0.1,0.9,0.9,3120,42,342,312.0,312.0,0.377181506,0
8.0,17,64.0,2.488026868,0.0,0.0,0.0,0,0,0,0.0,0.0,1.0,1.0,0.0,1.0,1.0,3420,342,342,342.0,342.0,0.502506113,0
8.0,17,64.0,2.488171217,0.0,0.0,0.0,0,0,0,0.0,0.0,1.0,1.0,0.0,1.0,1.0,3420,342,342,342.0,342.0,0.502386904,0
8.0,17,64.0,1.660149186,0.0,0.0,0.0,0,0,0,0.0,0.0,1.0,1.0,0.0,1.0,1.0,3420,342,342,342.0,342.0,0.613389707,0
8.0,17,64.0,1.916311591,0.0,0.0,0.0,0,0,0,0.0,0.0,1.0,1.0,0.0,1.0,1.0,3420,342,342,342.0,342.0,0.521874404,0
8.0,17,64.0,2.487411284,0.0,0.0,0.0,0,0,0,0.0,0.0,1.0,1.0,0.0,1.0,1.0,3420,342,342,342.0,342.0,0.502577686,0
8.0,17,64.0,2.487387092,0.0,0.0,0.0,0,0,0,0.0,0.0,1.0,1.0,0.0,1.0,1.0,3420,342,342,342.0,342.0,0.502364993,0
8.0,17,64.0,2.487442115,0.0,0.0,0.0,0,0,0,0.0,0.0,1.0,1.0,0.0,1.0,1.0,3420,342,342,342.0,342.0,0.402089596,0
7.2,17,57.6,2.439152386,0.0,0.0,0.0,0,0,0,0.0,0.0,0.9,0.9,0.1,0.9,0.9,3120,42,342,312.0,312.0,0.502180696,0
8.0,17,64.0,1.660392877,0.0,0.0,0.0,0,0,0,0.0,0.0,1.0,1.0,0.0,1.0,1.0,3420,342,342,342.0,342.0,0.702607012,0
8.0,17,64.0,2.488225094,0.0,0.0,0.0,0,0,0,0.0,0.0,1.0,1.0,0.0,1.0,1.0,3420,342,342,342.0,342.0,0.502244997,0
8.0,17,64.0,2.489851947,0.0,0.0,0.0,0,0,0,0.0,0.0,1.0,1.0,0.0,1.0,1.0,3420,342,342,342.0,342.0,0.401911306,0
8.0,17,64.0,1.99187872,0.0,0.0,0.0,0,0,0,0.0,0.0,1.0,1.0,0.0,1.0,1.0,3420,342,342,342.0,342.0,0.602448797,0
7.2,17,57.6,2.018934442,0.0,0.0,0.0,0,0,0,0.0,0.0,0.9,0.9,0.1,0.9,0.9,3120,42,342,312.0,312.0,0.502893901,0
6.4,17,51.2,2.492247201,0.0,0.0,0.0,0,0,0,0.0,0.0,0.8,0.8,0.2,0.8,0.8,2820,42,342,282.0,282.0,0.501610804,0
8.0,17,64.0,3.316706719,0.0,0.0,0.0,0,0,0,0.0,0.0,1.0,1.0,0.0,1.0,1.0,3420,342,342,342.0,342.0,0.301504397,0
8.4,17,57.6,1.540551453,0.0,0.1,0.0,0,0,1,0.0,0.1,0.8,0.8,0.1,0.9,0.9,2832,42,342,283.2,283.2,0.649254799,0
7.2,17,57.6,2.285732596,0.0,0.0,0.0,0,0,0,0.0,0.0,0.9,0.9,0.1,0.9,0.9,3120,42,342,312.0,312.0,0.537834597,0
8.0,17,64.0,2.487825132,0.0,0.0,0.0,0,0,0,0.0,0.0,1.0,1.0,0.0,1.0,1.0,3420,342,342,342.0,342.0,0.401990199,0
7.2,17,57.6,1.988619134,0.0,0.0,0.0,0,0,0,0.0,0.0,0.9,0.9,0.1,0.9,0.9,3120,42,342,312.0,312.0,0.545104814,0
8.0,17,64.0,2.487931087,0.0,0.0,0.0,0,0,0,0.0,0.0,1.0,1.0,0.0,1.0,1.0,3420,342,342,342.0,342.0,0.401953411,0
5.6,17,57.6,2.86850133,0.0,0.0,0.0,0,0,0,0.0,0.0,0.7,0.7,0.1,0.9,0.9,2632,42,342,263.2,263.2,0.448954391,0
7.2,17,57.6,1.725637444,0.0,0.0,0.0,0,0,0,0.0,0.0,0.9,0.9,0.1,0.9,0.9,3120,42,342,312.0,312.0,0.579581118,0
8.0,17,64.0,3.31636239,0.0,0.0,0.0,0,0,0,0.0,0.0,1.0,1.0,0.0,1.0,1.0,3420,342,342,342.0,342.0,0.301692605,0
8.0,17,64.0,1.987384953,0.0,0.0,0.0,0,0,0,0.0,0.0,1.0,1.0,0.0,1.0,1.0,3420,342,342,342.0,342.0,0.503754187,0
8.0,17,64.0,1.993516361,0.0,0.0,0.0,0,0,0,0.0,0.0,1.0,1.0,0.0,1.0,1.0,3420,342,342,342.0,342.0,0.602286983,0
8.0,17,64.0,2.483798888,0.0,0.0,0.0,0,0,0,0.0,0.0,1.0,1.0,0.0,1.0,1.0,3420,342,342,342.0,342.0,0.502953601,0
8.0,17,64.0,1.991765591,0.0,0.0,0.0,0,0,0,0.0,0.0,1.0,1.0,0.0,1.0,1.0,3420,342,342,342.0,342.0,0.60253861,0
8.0,17,64.0,1.990926514,0.0,0.0,0.0,0,0,0,0.0,0.0,1.0,1.0,0.0,1.0,1.0,3420,342,342,342.0,342.0,0.502297401,0
6.4,17,51.2,2.521179771,0.0,0.0,0.0,0,0,0,0.0,0.0,0.8,0.8,0.2,0.8,0.8,2820,42,342,282.0,282.0,0.418426609,0
8.0,17,64.0,2.487081485,0.0,0.0,0.0,0,0,0,0.0,0.0,1.0,1.0,0.0,1.0,1.0,3420,342,342,342.0,342.0,0.402115202,0
8.0,17,64.0,1.991481691,0.0,0.0,0.0,0,0,0,0.0,0.0,1.0,1.0,0.0,1.0,1.0,3420,342,342,342.0,342.0,0.602455902,0
8.0,17,64.0,3.317780551,0.0,0.0,0.0,0,0,0,0.0,0.0,1.0,1.0,0.0,1.0,1.0,3420,342,342,342.0,342.0,0.301439214,0
8.0,17,64.0,1.660214768,0.0,0.0,0.0,0,0,0,0.0,0.0,1.0,1.0,0.0,1.0,1.0,3420,342,342,342.0,342.0,0.702671313,0
7.2,17,57.6,1.552036102,0.0,0.0,0.0,0,0,0,0.0,0.0,0.9,0.9,0.1,0.9,0.9,3120,42,342,312.0,312.0,0.644464898,0
8.0,17,64.0,1984.060549,0.0,0.0,0.0,0,0,0,0.0,0.0,1.0,1.0,0.0,1.0,1.0,684,342,342,342.0,342.0,0.000934005,0
8.0,17,64.0,2.487143279,0.0,0.0,0.0,0,0,0,0.0,0.0,1.0,1.0,0.0,1.0,1.0,3420,342,342,342.0,342.0,0.486342096,0
7.2,17,57.6,2.115932808,0.0,0.0,0.0,0,0,0,0.0,0.0,0.9,0.9,0.1,0.9,0.9,3120,42,342,312.0,312.0,0.472753096,0
8.0,17,64.0,3.316811107,0.0,0.0,0.0,0,0,0,0.0,0.0,1.0,1.0,0.0,1.0,1.0,3420,342,342,342.0,342.0,0.5019943,0
8.0,17,64.0,2.591673976,0.0,0.0,0.0,0,0,0,0.0,0.0,1.0,1.0,0.0,1.0,1.0,3420,342,342,342.0,342.0,0.486295199,0
8.0,17,64.0,1.66081339,0.0,0.0,0.0,0,0,0,0.0,0.0,1.0,1.0,0.0,1.0,1.0,3420,342,342,342.0,342.0,0.602229905,0
7.0,17,56.0,2.656450145,0.0,0.0,0.0,0,0,0,0.0,0.0,0.875,0.875,0.125,0.875,0.875,2436,42,342,304.5,304.5,0.38707599,0
8.0,17,64.0,1.990968191,0.0,0.0,0.0,0,0,0,0.0,0.0,1.0,1.0,0.0,1.0,1.0,3420,342,342,342.0,342.0,0.602582383,0
7.2,17,57.6,1.991024898,0.0,0.0,0.0,0,0,0,0.0,0.0,0.9,0.9,0.1,0.9,0.9,3120,42,342,312.0,312.0,0.502500987,0
7.2,17,57.6,1.958693156,0.0,0.0,0.0,0,0,0,0.0,0.0,0.9,0.9,0.1,0.9,0.9,3120,42,342,312.0,312.0,0.510836291,0
8.0,17,64.0,3.31846882,0.0,0.0,0.0,0,0,0,0.0,0.0,1.0,1.0,0.0,1.0,1.0,3420,342,342,342.0,342.0,0.401641893,0
8.0,17,64.0,2.488286502,0.0,0.0,0.0,0,0,0,0.0,0.0,1.0,1.0,0.0,1.0,1.0,3420,342,342,342.0,342.0,0.401949191,0
8.0,17,64.0,2.48880859,0.0,0.0,0.0,0,0,0,0.0,0.0,1.0,1.0,0.0,1.0,1.0,3420,342,342,342.0,342.0,0.443772388,0
4.0,17,51.2,7.196931454,0.0,0.0,0.0,0,0,0,0.0,0.0,0.5,0.5,0.2,0.8,0.8,2088,42,342,208.8,208.8,0.239386988,0
7.2,17,56.7,3.316207426,0.0,0.0,0.0,0,0,0,0.0,0.0,0.9,0.7,0.1,0.9,0.9,2616,42,342,261.6,261.6,0.304115987,0
8.0,17,64.0,1.990905629,0.0,0.0,0.0,0,0,0,0.0,0.0,1.0,1.0,0.0,1.0,1.0,3420,342,342,342.0,342.0,0.502470183,0
7.2,17,57.6,3.313199901,0.0,0.0,0.0,0,0,0,0.0,0.0,0.9,0.9,0.1,0.9,0.9,3120,42,342,312.0,312.0,0.394576311,0
8.0,17,62.0,1.977029655,0.0,0.0,0.0,0,0,0,0.0,0.0,1.0,0.5,0.0,1.0,1.0,2160,90,342,216.0,216.0,0.522617412,0
8.0,17,64.0,2.489284803,0.0,0.0,0.0,0,0,0,0.0,0.0,1.0,1.0,0.0,1.0,1.0,3420,342,342,342.0,342.0,0.401818991,0
8.0,17,64.0,3.314517919,0.0,0.0,0.0,0,0,0,0.0,0.0,1.0,1.0,0.0,1.0,1.0,3420,342,342,342.0,342.0,0.402085114,0
7.2,17,57.6,2.368429686,0.0,0.0,0.0,0,0,0,0.0,0.0,0.9,0.9,0.1,0.9,0.9,3120,42,342,312.0,312.0,0.522809601,0
8.0,17,64.0,1.990672047,0.0,0.0,0.0,0,0,0,0.0,0.0,1.0,1.0,0.0,1.0,1.0,3420,342,342,342.0,342.0,0.602749705,0
8.0,17,64.0,2.488038232,0.0,0.0,0.0,0,0,0,0.0,0.0,1.0,1.0,0.0,1.0,1.0,3420,342,342,342.0,342.0,0.401998496,0
6.4,17,51.2,2.629148334,0.0,0.0,0.0,0,0,0,0.0,0.0,0.8,0.8,0.2,0.8,0.8,2820,42,342,282.0,282.0,0.380564094,0
8.0,17,64.0,2.488073359,0.0,0.0,0.0,0,0,0,0.0,0.0,1.0,1.0,0.0,1.0,1.0,3420,342,342,342.0,342.0,0.502279592,0
8.0,17,64.0,2.485296984,0.0,0.0,0.0,0,0,0,0.0,0.0,1.0,1.0,0.0,1.0,1.0,3420,342,342,342.0,342.0,0.402692389,0
8.0,17,64.0,1.991583912,0.0,0.0,0.0,0,0,0,0.0,0.0,1.0,1.0,0.0,1.0,1.0,3420,342,342,342.0,342.0,0.502133512,0
8.0,17,64.0,2.489475103,0.0,0.0,0.0,0,0,0,0.0,0.0,1.0,1.0,0.0,1.0,1.0,3420,342,342,342.0,342.0,0.4019068,0
6.4,17,64.0,3.316661608,0.0,0.0,0.0,0,0,0,0.0,0.0,0.8,0.8,0.0,1.0,1.0,2932,98,342,293.2,293.2,0.301621294,0
8.0,17,64.0,1.960646314,0.0,0.0,0.0,0,0,0,0.0,0.0,1.0,1.0,0.0,1.0,1.0,3420,342,342,342.0,342.0,0.610550785,0
8.0,17,64.0,1.989900823,0.0,0.0,0.0,0,0,0,0.0,0.0,1.0,1.0,0.0,1.0,1.0,3420,342,342,342.0,342.0,0.502561498,0
7.2,17,57.6,2.656254196,0.0,0.0,0.0,0,0,0,0.0,0.0,0.9,0.9,0.1,0.9,0.9,3120,42,342,312.0,312.0,0.376469994,0
7.2,17,57.6,1.656601456,0.0,0.0,0.0,0,0,0,0.0,0.0,0.9,0.9,0.1,0.9,0.9,3120,42,342,312.0,312.0,0.623203206,0
7.2,17,57.6,3.313663471,0.0,0.0,0.0,0,0,0,0.0,0.0,0.9,0.9,0.1,0.9,0.9,3120,42,342,312.0,312.0,0.402093697,0
8.0,17,64.0,1.660519942,0.0,0.0,0.0,0,0,0,0.0,0.0,1.0,1.0,0.0,1.0,1.0,3420,342,342,342.0,342.0,0.602254701,0
8.0,17,64.0,1.661657559,0.0,0.0,0.0,0,0,0,0.0,0.0,1.0,1.0,0.0,1.0,1.0,3420,342,342,342.0,342.0,0.601954198,0
8.0,17,64.0,1.990692266,0.0,0.0,0.0,0,0,0,0.0,0.0,1.0,1.0,0.0,1.0,1.0,3420,342,342,342.0,342.0,0.502359819,0
8.0,17,64.0,1.993313237,0.0,0.0,0.0,0,0,0,0.0,0.0,1.0,1.0,0.0,1.0,1.0,3420,342,342,342.0,342.0,0.601992798,0
8.0,17,64.0,1.66028949,0.0,0.0,0.0,0,0,0,0.0,0.0,1.0,1.0,0.0,1.0,1.0,3420,342,342,342.0,342.0,0.602312613,0
8.0,17,64.0,1.990980477,0.0,0.0,0.0,0,0,0,0.0,0.0,1.0,1.0,0.0,1.0,1.0,3420,342,342,342.0,342.0,0.502354813,0
8.0,17,64.0,2.488096236,0.0,0.0,0.0,0,0,0,0.0,0.0,1.0,1.0,0.0,1.0,1.0,3420,342,342,342.0,342.0,0.502328706,0
8.0,17,64.0,1.993262368,0.0,0.0,0.0,0,0,0,0.0,0.0,1.0,1.0,0.0,1.0,1.0,3420,342,342,342.0,342.0,0.602188611,0
8.0,17,64.0,1.991166016,0.0,0.0,0.0,0,0,0,0.0,0.0,1.0,1.0,0.0,1.0,1.0,3420,342,342,342.0,342.0,0.502415681,0
8.0,17,64.0,1.994142002,0.0,0.0,0.0,0,0,0,0.0,0.0,1.0,1.0,0.0,1.0,1.0,3420,342,342,342.0,342.0,0.501556015,0
7.2,17,57.6,2.018965346,0.0,0.0,0.0,0,0,0,0.0,0.0,0.9,0.9,0.1,0.9,0.9,3120,42,342,312.0,312.0,0.5956218,0
8.0,17,64.0,2.489652279,0.0,0.0,0.0,0,0,0,0.0,0.0,1.0,1.0,0.0,1.0,1.0,3420,342,342,342.0,342.0,0.401887608,0
6.4,17,48.4,4.838441899,0.0,0.0,0.0,0,0,0,0.0,0.0,0.8,0.3,0.2,0.8,0.8,1560,42,342,156.0,156.0,0.242573118,0
8.0,17,64.0,1.992425248,0.0,0.0,0.0,0,0,0,0.0,0.0,1.0,1.0,0.0,1.0,1.0,3420,342,342,342.0,342.0,0.501904893,0
7.2,17,57.6,2.325079161,0.0,0.0,0.0,0,0,0,0.0,0.0,0.9,0.9,0.1,0.9,0.9,3120,42,342,312.0,312.0,0.430223298,0
8.0,17,64.0,3.320175236,0.0,0.0,0.0,0,0,0,0.0,0.0,1.0,1.0,0.0,1.0,1.0,3420,342,342,342.0,342.0,0.301371121,0
7.2,17,57.6,2.489605286,0.0,0.0,0.0,0,0,0,0.0,0.0,0.9,0.9,0.1,0.9,0.9,3120,42,342,312.0,312.0,0.401879096,0
6.4,17,51.2,2.844204303,0.0,0.0,0.0,0,0,0,0.0,0.0,0.8,0.8,0.2,0.8,0.8,2820,42,342,282.0,282.0,0.35166049,0
8.0,17,64.0,1.994705236,0.0,0.0,0.0,0,0,0,0.0,0.0,1.0,1.0,0.0,1.0,1.0,3420,342,342,342.0,342.0,0.601422501,0
7.2,17,57.6,3.302999755,0.0,0.0,0.0,0,0,0,0.0,0.0,0.9,0.9,0.1,0.9,0.9,3120,42,342,312.0,312.0,0.302755094,0
8.0,17,64.0,3.319347815,0.0,0.0,0.0,0,0,0,0.0,0.0,1.0,1.0,0.0,1.0,1.0,3420,342,342,342.0,342.0,0.484309506,0
7.2,17,57.6,2.194434806,0.0,0.0,0.0,0,0,0,0.0,0.0,0.9,0.9,0.1,0.9,0.9,3120,42,342,312.0,312.0,0.455860901,0
8.0,17,64.0,3.316745274,0.0,0.0,0.0,0,0,0,0.0,0.0,1.0,1.0,0.0,1.0,1.0,3420,342,342,342.0,342.0,0.401833797,0
8.0,17,64.0,1.994030228,0.0,0.0,0.0,0,0,0,0.0,0.0,1.0,1.0,0.0,1.0,1.0,3420,342,342,342.0,342.0,0.601865196,0
7.2,17,57.6,2.445586296,0.0,0.0,0.0,0,0,0,0.0,0.0,0.9,0.9,0.1,0.9,0.9,3120,42,342,312.0,312.0,0.509232688,0
8.0,17,60.8,9.788623988,0.0,0.0,0.0,0,0,0,0.0,0.0,1.0,0.4,0.0,1.0,1.0,1908,90,342,190.8,190.8,0.157866406,0
8.0,17,64.0,2.221499078,0.0,0.0,0.0,0,0,0,0.0,0.0,1.0,1.0,0.0,1.0,1.0,3420,342,342,342.0,342.0,0.450178885,0
8.0,17,64.0,2.488264654,0.0,0.0,0.0,0,0,0,0.0,0.0,1.0,1.0,0.0,1.0,1.0,3420,342,342,342.0,342.0,0.502246308,0
6.4,17,51.2,2.041914437,0.0,0.0,0.0,0,0,0,0.0,0.0,0.8,0.8,0.2,0.8,0.8,2820,42,342,282.0,282.0,0.489736485,0
7.2,17,57.6,1.849661714,0.0,0.0,0.0,0,0,0,0.0,0.0,0.9,0.9,0.1,0.9,0.9,3120,42,342,312.0,312.0,0.5406394,0
8.0,17,64.0,1.992776164,0.0,0.0,0.0,0,0,0,0.0,0.0,1.0,1.0,0.0,1.0,1.0,3420,342,342,342.0,342.0,0.501813412,0
8.0,17,64.0,2.49035414,0.0,0.0,0.0,0,0,0,0.0,0.0,1.0,1.0,0.0,1.0,1.0,3420,342,342,342.0,342.0,0.401759315,0
8.0,17,64.0,1.660714686,0.0,0.0,0.0,0,0,0,0.0,0.0,1.0,1.0,0.0,1.0,1.0,3420,342,342,342.0,342.0,0.602251196,0
8.0,17,64.0,1.992717464,0.0,0.0,0.0,0,0,0,0.0,0.0,1.0,1.0,0.0,1.0,1.0,3420,342,342,342.0,342.0,0.501827884,0
8.0,17,64.0,1.992834961,0.0,0.0,0.0,0,0,0,0.0,0.0,1.0,1.0,0.0,1.0,1.0,3420,342,342,342.0,342.0,0.602131391,0
8.0,17,64.0,1.660379073,0.0,0.0,0.0,0,0,0,0.0,0.0,1.0,1.0,0.0,1.0,1.0,3420,342,342,342.0,342.0,0.602299309,0
8.0,17,64.0,2.936143576,0.0,0.0,0.0,0,0,0,0.0,0.0,1.0,1.0,0.0,1.0,1.0,3420,342,342,342.0,342.0,0.34058311,0
6.4,17,51.2,1.996468687,0.0,0.0,0.0,0,0,0,0.0,0.0,0.8,0.8,0.2,0.8,0.8,2820,42,342,282.0,282.0,0.601244283,0
7.2,17,57.6,2.244694057,0.0,0.0,0.0,0,0,0,0.0,0.0,0.9,0.9,0.1,0.9,0.9,3120,42,342,312.0,312.0,0.545821309,0
8.0,17,64.0,2.488256683,0.0,0.0,0.0,0,0,0,0.0,0.0,1.0,1.0,0.0,1.0,1.0,3420,342,342,342.0,342.0,0.5021703,0
8.0,17,64.0,2.987979136,0.0,0.0,0.0,0,0,0,0.0,0.0,1.0,1.0,0.0,1.0,1.0,1026,342,342,342.0,342.0,0.335425059,0
7.2,17,57.6,3.15772467,0.0,0.0,0.0,0,0,0,0.0,0.0,0.9,0.9,0.1,0.9,0.9,3120,42,342,312.0,312.0,0.417226815,0
8.0,17,68.4,3.320302184,0.0,0.0,0.0,0,0,0,0.0,0.0,1.0,0.8,0.0,1.0,1.0,2964,82,342,296.4,296.4,0.301253319,0
8.0,17,64.0,2.487764042,0.0,0.0,0.0,0,0,0,0.0,0.0,1.0,1.0,0.0,1.0,1.0,3420,342,342,342.0,342.0,0.502276087,0
7.2,17,57.6,1.956319312,0.0,0.0,0.0,0,0,0,0.0,0.0,0.9,0.9,0.1,0.9,0.9,3120,42,342,312.0,312.0,0.511234283,0
8.0,17,64.0,2.487763304,0.0,0.0,0.0,0,0,0,0.0,0.0,1.0,1.0,0.0,1.0,1.0,3420,342,342,342.0,342.0,0.502307105,0
8.0,17,64.0,2.488086937,0.0,0.0,0.0,0,0,0,0.0,0.0,1.0,1.0,0.0,1.0,1.0,3420,342,342,342.0,342.0,0.401930904,0
8.0,17,64.0,2.266208797,0.0,0.0,0.0,0,0,0,0.0,0.0,1.0,1.0,0.0,1.0,1.0,3420,342,342,342.0,342.0,0.441424823,0
8.0,17,64.0,1.657785339,0.0,0.0,0.0,0,0,0,0.0,0.0,1.0,1.0,0.0,1.0,1.0,3420,342,342,342.0,342.0,0.603401208,0
7.2,17,57.6,2.914930912,0.0,0.0,0.0,0,0,0,0.0,0.0,0.9,0.9,0.1,0.9,0.9,3120,42,342,312.0,312.0,0.443608403,0
0.0,0,0.0,inf,0.0,0.0,0.0,0,0,0,0.0,0.0,0.0,0.0,1.0,0.0,0.0,42,42,42,42.0,42.0,0.003529072,0
8.0,17,64.0,2.487458785,0.0,0.0,0.0,0,0,0,0.0,0.0,1.0,1.0,0.0,1.0,1.0,3420,342,342,342.0,342.0,0.502428412,0
7.2,17,57.6,1.716435037,0.0,0.0,0.0,0,0,0,0.0,0.0,0.9,0.9,0.1,0.9,0.9,3120,42,342,312.0,312.0,0.682961798,0
8.0,17,64.0,1.992535138,0.0,0.0,0.0,0,0,0,0.0,0.0,1.0,1.0,0.0,1.0,1.0,3420,342,342,342.0,342.0,0.602220011,0
8.0,17,64.0,2.488618245,0.0,0.0,0.0,0,0,0,0.0,0.0,1.0,1.0,0.0,1.0,1.0,3420,342,342,342.0,342.0,0.502175498,0
8.0,17,64.0,1.991205246,0.0,0.0,0.0,0,0,0,0.0,0.0,1.0,1.0,0.0,1.0,1.0,3420,342,342,342.0,342.0,0.502339911,0
7.2,17,57.6,1.991200425,0.0,0.0,0.0,0,0,0,0.0,0.0,0.9,0.9,0.1,0.9,0.9,3120,42,342,312.0,312.0,0.502431512,0
8.0,17,64.0,3.308073963,0.0,0.0,0.0,0,0,0,0.0,0.0,1.0,1.0,0.0,1.0,1.0,3420,342,342,342.0,342.0,0.402597618,0
8.0,17,64.0,1.991511004,0.0,0.0,0.0,0,0,0,0.0,0.0,1.0,1.0,0.0,1.0,1.0,3420,342,342,342.0,342.0,0.502286696,0
8.0,17,64.0,2.36401595,0.0,0.0,0.0,0,0,0,0.0,0.0,1.0,1.0,0.0,1.0,1.0,3420,342,342,342.0,342.0,0.523417997,0
8.0,17,64.0,1.991352346,0.0,0.0,0.0,0,0,0,0.0,0.0,1.0,1.0,0.0,1.0,1.0,3420,342,342,342.0,342.0,0.502395988,0
8.0,17,64.0,3.30973366,0.0,0.0,0.0,0,0,0,0.0,0.0,1.0,1.0,0.0,1.0,1.0,3420,342,342,342.0,342.0,0.402478909,0
8.0,17,64.0,1.992634438,0.0,0.0,0.0,0,0,0,0.0,0.0,1.0,1.0,0.0,1.0,1.0,3420,342,342,342.0,342.0,0.501848507,0
7.2,17,57.6,1.963279596,0.0,0.0,0.0,0,0,0,0.0,0.0,0.9,0.9,0.1,0.9,0.9,3120,42,342,312.0,312.0,0.60976789,0
8.0,17,64.0,1.661109969,0.0,0.0,0.0,0,0,0,0.0,0.0,1.0,1.0,0.0,1.0,1.0,3420,342,342,342.0,342.0,0.602009797,0
8.0,17,64.0,1.994098201,0.0,0.0,0.0,0,0,0,0.0,0.0,1.0,1.0,0.0,1.0,1.0,3420,342,342,342.0,342.0,0.501495504,0
8.0,17,64.0,1.99169267,0.0,0.0,0.0,0,0,0,0.0,0.0,1.0,1.0,0.0,1.0,1.0,3420,342,342,342.0,342.0,0.502174902,0
8.0,17,64.0,2.488260964,0.0,0.0,0.0,0,0,0,0.0,0.0,1.0,1.0,0.0,1.0,1.0,3420,342,342,342.0,342.0,0.502404594,0
8.0,17,64.0,1.661331304,0.0,0.0,0.0,0,0,0,0.0,0.0,1.0,1.0,0.0,1.0,1.0,3420,342,342,342.0,342.0,0.60192771,0
6.4,17,51.2,2.445655742,0.0,0.0,0.0,0,0,0,0.0,0.0,0.8,0.8,0.2,0.8,0.8,2820,42,342,282.0,282.0,0.408980584,0
8.0,17,64.0,3.318052465,0.0,0.0,0.0,0,0,0,0.0,0.0,1.0,1.0,0.0,1.0,1.0,3420,342,342,342.0,342.0,0.301476717,0
8.0,17,64.0,1.755745012,0.0,0.0,0.0,0,0,0,0.0,0.0,1.0,1.0,0.0,1.0,1.0,3420,342,342,342.0,342.0,0.569643998,0
8.0,17,64.0,1.991663257,0.0,0.0,0.0,0,0,0,0.0,0.0,1.0,1.0,0.0,1.0,1.0,3420,342,342,342.0,342.0,0.602609801,0
8.0,17,73.8,3.197621886,0.0,0.0,0.0,0,0,0,0.0,0.0,1.0,0.7,0.0,1.0,1.0,2759,82,342,275.9,275.9,0.312774014,0
8.0,17,64.0,1.660800698,0.0,0.0,0.0,0,0,0,0.0,0.0,1.0,1.0,0.0,1.0,1.0,3420,342,342,342.0,342.0,0.602214718,0
8.0,17,64.0,1.660404182,0.0,0.0,0.0,0,0,0,0.0,0.0,1.0,1.0,0.0,1.0,1.0,3420,342,342,342.0,342.0,0.602267194,0
8.0,17,64.0,1.990630855,0.0,0.0,0.0,0,0,0,0.0,0.0,1.0,1.0,0.0,1.0,1.0,3420,342,342,342.0,342.0,0.602642393,0
8.0,17,64.0,2.488277645,0.0,0.0,0.0,0,0,0,0.0,0.0,1.0,1.0,0.0,1.0,1.0,3420,342,342,342.0,342.0,0.502305412,0
8.0,17,64.0,1.992617777,0.0,0.0,0.0,0,0,0,0.0,0.0,1.0,1.0,0.0,1.0,1.0,3420,342,342,342.0,342.0,0.501929188,0
8.0,17,64.0,3.3152389,0.0,0.0,0.0,0,0,0,0.0,0.0,1.0,1.0,0.0,1.0,1.0,3420,342,342,342.0,342.0,0.301637793,0
8.0,17,64.0,1.660179742,0.0,0.0,0.0,0,0,0,0.0,0.0,1.0,1.0,0.0,1.0,1.0,3420,342,342,342.0,342.0,0.702547121,0
8.0,17,64.0,1.991950898,0.0,0.0,0.0,0,0,0,0.0,0.0,1.0,1.0,0.0,1.0,1.0,3420,342,342,342.0,342.0,0.502167106,0
8.0,17,64.0,1.902294375,0.0,0.0,0.0,0,0,0,0.0,0.0,1.0,1.0,0.0,1.0,1.0,3420,342,342,342.0,342.0,0.525704408,0
8.0,17,64.0,2.986962008,0.0,0.0,0.0,0,0,0,0.0,0.0,1.0,1.0,0.0,1.0,1.0,1026,342,342,342.0,342.0,0.335131009,0
8.0,17,64.0,1.992691618,0.0,0.0,0.0,0,0,0,0.0,0.0,1.0,1.0,0.0,1.0,1.0,3420,342,342,342.0,342.0,0.501880789,0
7.2,17,57.6,2.488251812,0.0,0.0,0.0,0,0,0,0.0,0.0,0.9,0.9,0.1,0.9,0.9,3120,42,342,312.0,312.0,0.401904702,0
8.0,17,64.0,1.991431294,0.0,0.0,0.0,0,0,0,0.0,0.0,1.0,1.0,0.0,1.0,1.0,3420,342,342,342.0,342.0,0.50869689,0
8.0,17,62.5,3.322927951,0.0,0.0,0.0,0,0,0,0.0,0.0,1.0,0.6,0.0,1.0,1.0,2412,90,342,241.2,241.2,0.301251411,0
8.0,17,64.0,2.487671085,0.0,0.0,0.0,0,0,0,0.0,0.0,1.0,1.0,0.0,1.0,1.0,3420,342,342,342.0,342.0,0.402084804,0
5.6,17,68.8,9.019750618,0.0,0.0,0.0,0,0,0,0.0,0.0,0.7,0.7,0.0,1.0,1.0,2688,98,342,268.8,268.8,0.218821502,0
8.0,17,64.0,2.652812492,0.0,0.0,0.0,0,0,0,0.0,0.0,1.0,1.0,0.0,1.0,1.0,3420,342,342,342.0,342.0,0.477200603,0
6.4,17,51.2,2.665984943,0.0,0.0,0.0,0,0,0,0.0,0.0,0.8,0.8,0.2,0.8,0.8,2820,42,342,282.0,282.0,0.375318003,0
8.0,17,64.0,1.992176642,0.0,0.0,0.0,0,0,0,0.0,0.0,1.0,1.0,0.0,1.0,1.0,3420,342,342,342.0,342.0,0.502194214,0
8.0,17,64.0,1.992232282,0.0,0.0,0.0,0,0,0,0.0,0.0,1.0,1.0,0.0,1.0,1.0,3420,342,342,342.0,342.0,0.602305698,0
8.0,17,64.0,2.489207539,0.0,0.0,0.0,0,0,0,0.0,0.0,1.0,1.0,0.0,1.0,1.0,3420,342,342,342.0,342.0,0.401740479,0
8.0,17,64.0,1.992064805,0.0,0.0,0.0,0,0,0,0.0,0.0,1.0,1.0,0.0,1.0,1.0,3420,342,342,342.0,342.0,0.602408099,0
8.0,17,64.0,3.318920209,0.0,0.0,0.0,0,0,0,0.0,0.0,1.0,1.0,0.0,1.0,1.0,3420,342,342,342.0,342.0,0.401700521,0
8.0,17,64.0,1.990647577,0.0,0.0,0.0,0,0,0,0.0,0.0,1.0,1.0,0.0,1.0,1.0,3420,342,342,342.0,342.0,0.502426291,0
6.4,17,51.2,3.234117232,0.0,0.0,0.0,0,0,0,0.0,0.0,0.8,0.8,0.2,0.8,0.8,2820,42,342,282.0,282.0,0.311054301,0
8.0,17,64.0,2.486999786,0.0,0.0,0.0,0,0,0,0.0,0.0,1.0,1.0,0.0,1.0,1.0,3420,342,342,342.0,342.0,0.402095199,0
8.0,17,64.0,1.991958088,0.0,0.0,0.0,0,0,0,0.0,0.0,1.0,1.0,0.0,1.0,1.0,3420,342,342,342.0,342.0,0.502018595,0
8.0,17,64.0,2.488528472,0.0,0.0,0.0,0,0,0,0.0,0.0,1.0,1.0,0.0,1.0,1.0,3420,342,342,342.0,342.0,0.402077699,0
8.0,17,64.0,2.655552228,0.0,0.0,0.0,0,0,0,0.0,0.0,1.0,1.0,0.0,1.0,1.0,2736,342,342,342.0,342.0,0.498623759,0
8.0,17,64.0,2.487275136,0.0,0.0,0.0,0,0,0,0.0,0.0,1.0,1.0,0.0,1.0,1.0,3420,342,342,342.0,342.0,0.502507305,0
8.0,17,64.0,2.322836468,0.0,0.0,0.0,0,0,0,0.0,0.0,1.0,1.0,0.0,1.0,1.0,2394,342,342,342.0,342.0,0.430632693,0
32.0,6,101.8,2333.799243,0.0,0.0,1.0,10,0,0,0.0,1.0,0.0,0.0,0.0,1.0,1.0,12327,66,2866,1232.7,1232.7,0.0059237,0
8.0,17,64.0,1.99181837,0.0,0.0,0.0,0,0,0,0.0,0.0,1.0,1.0,0.0,1.0,1.0,3420,342,342,342.0,342.0,0.502181411,0
7.2,17,57.6,1.701364303,0.0,0.0,0.0,0,0,0,0.0,0.0,0.9,0.9,0.1,0.9,0.9,3120,42,342,312.0,312.0,0.684731603,0
8.0,17,64.0,2.487846234,0.0,0.0,0.0,0,0,0,0.0,0.0,1.0,1.0,0.0,1.0,1.0,3420,342,342,342.0,342.0,0.502450991,0
8.0,17,64.0,2.489273132,0.0,0.0,0.0,0,0,0,0.0,0.0,1.0,1.0,0.0,1.0,1.0,3420,342,342,342.0,342.0,0.501938009,0
8.0,17,83.1,1.993181286,0.0,0.0,0.0,0,0,0,0.0,0.0,1.0,0.9,0.0,1.0,1.0,3165,87,342,316.5,316.5,0.602018309,0
8.0,17,64.0,2.238710118,0.0,0.0,0.0,0,0,0,0.0,0.0,1.0,1.0,0.0,1.0,1.0,3420,342,342,342.0,342.0,0.446796799,0
8.0,17,64.0,1.660652352,0.0,0.0,0.0,0,0,0,0.0,0.0,1.0,1.0,0.0,1.0,1.0,3420,342,342,342.0,342.0,0.702287388,0
7.2,17,57.6,2.485972963,0.0,0.0,0.0,0,0,0,0.0,0.0,0.9,0.9,0.1,0.9,0.9,3120,42,342,312.0,312.0,0.411784887,0
8.0,17,64.0,1.991476491,0.0,0.0,0.0,0,0,0,0.0,0.0,1.0,1.0,0.0,1.0,1.0,3420,342,342,342.0,342.0,0.502308297,0
7.2,17,57.6,1.894601739,0.0,0.0,0.0,0,0,0,0.0,0.0,0.9,0.9,0.1,0.9,0.9,3120,42,342,312.0,312.0,0.527896714,0
7.2,17,57.6,1.972271793,0.0,0.0,0.0,0,0,0,0.0,0.0,0.9,0.9,0.1,0.9,0.9,3120,42,342,312.0,312.0,0.507137799,0
8.0,17,64.0,2.488367547,0.0,0.0,0.0,0,0,0,0.0,0.0,1.0,1.0,0.0,1.0,1.0,3420,342,342,342.0,342.0,0.502195287,0
8.0,17,64.0,2.487792373,0.0,0.0,0.0,0,0,0,0.0,0.0,1.0,1.0,0.0,1.0,1.0,3420,342,342,342.0,342.0,0.401963305,0
7.2,17,57.6,2.530639699,0.0,0.0,0.0,0,0,0,0.0,0.0,0.9,0.9,0.1,0.9,0.9,3120,42,342,312.0,312.0,0.401880503,0
8.0,17,64.0,2.487398745,0.0,0.0,0.0,0,0,0,0.0,0.0,1.0,1.0,0.0,1.0,1.0,3420,342,342,342.0,342.0,0.402125216,0
8.0,17,64.0,2.488241774,0.0,0.0,0.0,0,0,0,0.0,0.0,1.0,1.0,0.0,1.0,1.0,3420,342,342,342.0,342.0,0.502224803,0
8.0,17,64.0,3.30522806,0.0,0.0,0.0,0,0,0,0.0,0.0,1.0,1.0,0.0,1.0,1.0,3420,342,342,342.0,342.0,0.302550983,0
8.0,17,64.0,1.992113153,0.0,0.0,0.0,0,0,0,0.0,0.0,1.0,1.0,0.0,1.0,1.0,3420,342,342,342.0,342.0,0.501980305,0
8.0,17,64.0,1.660006673,0.0,0.0,0.0,0,0,0,0.0,0.0,1.0,1.0,0.0,1.0,1.0,3420,342,342,342.0,342.0,0.602534318,0
8.0,17,64.0,1.659939203,0.0,0.0,0.0,0,0,0,0.0,0.0,1.0,1.0,0.0,1.0,1.0,3420,342,342,342.0,342.0,0.602449083,0
7.2,17,57.6,2.160472533,0.0,0.0,0.0,0,0,0,0.0,0.0,0.9,0.9,0.1,0.9,0.9,3120,42,342,312.0,312.0,0.563148403,0
8.0,17,64.0,2.172549573,0.0,0.0,0.0,0,0,0,0.0,0.0,1.0,1.0,0.0,1.0,1.0,3420,342,342,342.0,342.0,0.560571504,0
8.0,17,64.0,2.487263336,0.0,0.0,0.0,0,0,0,0.0,0.0,1.0,1.0,0.0,1.0,1.0,3420,342,342,342.0,342.0,0.402089119,0
8.0,17,64.0,2.489594055,0.0,0.0,0.0,0,0,0,0.0,0.0,1.0,1.0,0.0,1.0,1.0,3420,342,342,342.0,342.0,0.401803112,0
8.0,17,64.0,2.487937876,0.0,0.0,0.0,0,0,0,0.0,0.0,1.0,1.0,0.0,1.0,1.0,3420,342,342,342.0,342.0,0.502245998,0
8.0,17,64.0,3.315347389,0.0,0.0,0.0,0,0,0,0.0,0.0,1.0,1.0,0.0,1.0,1.0,3420,342,342,342.0,342.0,0.402105403,0
7.2,17,57.6,2.277634614,0.0,0.0,0.0,0,0,0,0.0,0.0,0.9,0.9,0.1,0.9,0.9,3120,42,342,312.0,312.0,0.539476204,0
8.0,17,64.0,1.423263059,0.0,0.0,0.0,0,0,0,0.0,0.0,1.0,1.0,0.0,1.0,1.0,3420,342,342,342.0,342.0,0.802992582,0
8.0,17,64.0,931.1364191,0.0,0.0,0.0,0,0,0,0.0,0.0,1.0,1.0,0.0,1.0,1.0,684,342,342,342.0,342.0,0.001241446,0
8.0,17,64.0,1.992682435,0.0,0.0,0.0,0,0,0,0.0,0.0,1.0,1.0,0.0,1.0,1.0,3420,342,342,342.0,342.0,0.602255797,0
8.0,17,64.0,2.489085965,0.0,0.0,0.0,0,0,0,0.0,0.0,1.0,1.0,0.0,1.0,1.0,3420,342,342,342.0,342.0,0.401759315,0
6.4,17,51.2,3.318456743,0.0,0.0,0.0,0,0,0,0.0,0.0,0.8,0.8,0.2,0.8,0.8,2820,42,342,282.0,282.0,0.301345301,0
8.0,17,64.0,2.487939056,0.0,0.0,0.0,0,0,0,0.0,0.0,1.0,1.0,0.0,1.0,1.0,3420,342,342,342.0,342.0,0.402021003,0
7.2,17,57.6,2.484389286,0.0,0.0,0.0,0,0,0,0.0,0.0,0.9,0.9,0.1,0.9,0.9,3120,42,342,312.0,312.0,0.402540612,0
7.2,17,57.6,2.817089507,0.0,0.0,0.0,0,0,0,0.0,0.0,0.9,0.9,0.1,0.9,0.9,3120,42,342,312.0,312.0,0.455315804,0
8.0,17,64.0,2.487749729,0.0,0.0,0.0,0,0,0,0.0,0.0,1.0,1.0,0.0,1.0,1.0,3420,342,342,342.0,342.0,0.401976299,0
8.0,17,64.0,2.875372009,0.0,0.0,0.0,0,0,0,0.0,0.0,1.0,1.0,0.0,1.0,1.0,3420,342,342,342.0,342.0,0.448242283,0
8.0,17,64.0,2.487106851,0.0,0.0,0.0,0,0,0,0.0,0.0,1.0,1.0,0.0,1.0,1.0,3420,342,342,342.0,342.0,0.402073598,0
6.4,17,51.2,2.566616588,0.0,0.0,0.0,0,0,0,0.0,0.0,0.8,0.8,0.2,0.8,0.8,2820,42,342,282.0,282.0,0.490019393,0
8.0,17,64.0,3.947601413,0.0,0.0,0.0,0,0,0,0.0,0.0,1.0,1.0,0.0,1.0,1.0,3420,342,342,342.0,342.0,0.353671694,0
8.0,17,64.0,2.489156722,0.0,0.0,0.0,0,0,0,0.0,0.0,1.0,1.0,0.0,1.0,1.0,3420,342,342,342.0,342.0,0.401830196,0
8.0,17,64.0,2.488658556,0.0,0.0,0.0,0,0,0,0.0,0.0,1.0,1.0,0.0,1.0,1.0,3420,342,342,342.0,342.0,0.502316594,0
7.2,17,57.6,2.33630064,0.0,0.0,0.0,0,0,0,0.0,0.0,0.9,0.9,0.1,0.9,0.9,3120,42,342,312.0,312.0,0.628439212,0
6.4,17,61.9,3.405760173,0.0,0.0,0.0,0,0,0,0.0,0.0,0.8,0.4,0.2,0.8,0.8,1899,42,342,189.9,189.9,0.293713284,0
7.2,17,57.6,2.628467701,0.0,0.0,0.0,0,0,0,0.0,0.0,0.9,0.9,0.1,0.9,0.9,3120,42,342,312.0,312.0,0.480611992,0
8.0,17,64.0,2.483058674,0.0,0.0,0.0,0,0,0,0.0,0.0,1.0,1.0,0.0,1.0,1.0,3420,342,342,342.0,342.0,0.503083396,0
7.2,17,57.6,2.73011229,0.0,0.0,0.0,0,0,0,0.0,0.0,0.9,0.9,0.1,0.9,0.9,3120,42,342,312.0,312.0,0.402404213,0
8.0,17,64.0,1.99021808,0.0,0.0,0.0,0,0,0,0.0,0.0,1.0,1.0,0.0,1.0,1.0,3420,342,342,342.0,342.0,0.5024575,0
8.0,17,64.0,2.487489764,0.0,0.0,0.0,0,0,0,0.0,0.0,1.0,1.0,0.0,1.0,1.0,3420,342,342,342.0,342.0,0.40208559,0
8.0,17,64.0,1.989891382,0.0,0.0,0.0,0,0,0,0.0,0.0,1.0,1.0,0.0,1.0,1.0,3420,342,342,342.0,342.0,0.502552891,0
7.2,17,56.5,2.378093551,0.0,0.0,0.0,0,0,0,0.0,0.0,0.9,0.7,0.1,0.9,0.9,2616,42,342,261.6,261.6,0.479089308,0
6.4,17,51.2,3.189462063,0.0,0.0,0.0,0,0,0,0.0,0.0,0.8,0.8,0.2,0.8,0.8,2820,42,342,282.0,282.0,0.378014994,0
8.0,17,64.0,1.993151545,0.0,0.0,0.0,0,0,0,0.0,0.0,1.0,1.0,0.0,1.0,1.0,3420,342,342,342.0,342.0,0.602334213,0
7.2,17,57.6,1.867236799,0.0,0.0,0.0,0,0,0,0.0,0.0,0.9,0.9,0.1,0.9,0.9,3120,42,342,312.0,312.0,0.535822821,0
8.0,17,64.0,1.992952568,0.0,0.0,0.0,0,0,0,0.0,0.0,1.0,1.0,0.0,1.0,1.0,3420,342,342,342.0,342.0,0.602047205,0
8.0,17,64.0,2.044233141,0.0,0.0,0.0,0,0,0,0.0,0.0,1.0,1.0,0.0,1.0,1.0,3420,342,342,342.0,342.0,0.589659095,0
7.2,17,57.6,1.992553407,0.0,0.0,0.0,0,0,0,0.0,0.0,0.9,0.9,0.1,0.9,0.9,3120,42,342,312.0,312.0,0.660894394,0
8.0,17,64.0,2.48838541,0.0,0.0,0.0,0,0,0,0.0,0.0,1.0,1.0,0.0,1.0,1.0,3420,342,342,342.0,342.0,0.4019701,0
8.0,17,64.0,1.660210628,0.0,0.0,0.0,0,0,0,0.0,0.0,1.0,1.0,0.0,1.0,1.0,3420,342,342,342.0,342.0,0.60244112,0
8.0,17,64.0,2.483378144,0.0,0.0,0.0,0,0,0,0.0,0.0,1.0,1.0,0.0,1.0,1.0,3420,342,342,342.0,342.0,0.402918005,0
6.4,17,64.0,2.565960722,0.0,0.0,0.0,0,0,0,0.0,0.0,0.8,0.8,0.0,1.0,1.0,2932,98,342,293.2,293.2,0.402030778,0
8.0,17,64.0,2.487051105,0.0,0.0,0.0,0,0,0,0.0,0.0,1.0,1.0,0.0,1.0,1.0,3420,342,342,342.0,342.0,0.402297997,0
8.0,17,64.0,3.332948994,0.0,0.0,0.0,0,0,0,0.0,0.0,1.0,1.0,0.0,1.0,1.0,3420,342,342,342.0,342.0,0.400327206,0
8.0,17,64.0,2.488114833,0.0,0.0,0.0,0,0,0,0.0,0.0,1.0,1.0,0.0,1.0,1.0,3420,342,342,342.0,342.0,0.401994395,0
8.0,17,64.0,1.990908275,0.0,0.0,0.0,0,0,0,0.0,0.0,1.0,1.0,0.0,1.0,1.0,3420,342,342,342.0,342.0,0.502293015,0
8.0,17,64.0,2.489059377,0.0,0.0,0.0,0,0,0,0.0,0.0,1.0,1.0,0.0,1.0,1.0,3420,342,342,342.0,342.0,0.602220201,0
8.0,17,64.0,3.316492193,0.0,0.0,0.0,0,0,0,0.0,0.0,1.0,1.0,0.0,1.0,1.0,3420,342,342,342.0,342.0,0.401878405,0
8.0,17,64.0,1.991465711,0.0,0.0,0.0,0,0,0,0.0,0.0,1.0,1.0,0.0,1.0,1.0,3420,342,342,342.0,342.0,0.5022192,0
8.0,17,64.0,2.005303198,0.0,0.0,0.0,0,0,0,0.0,0.0,1.0,1.0,0.0,1.0,1.0,3420,342,342,342.0,342.0,0.599080014,0
5.333333333,17,42.66666667,33.94356098,0.0,0.0,0.0,0,0,0,0.0,0.0,0.666666667,0.5,0.333333333,0.666666667,0.666666667,1200,42,342,200.0,200.0,0.029713829,0
5.6,17,44.8,4.309720912,0.0,0.0,0.0,0,0,0,0.0,0.0,0.7,0.7,0.3,0.7,0.7,2520,42,342,252.0,252.0,0.232033587,0
8.0,17,64.0,2.490240733,0.0,0.0,0.0,0,0,0,0.0,0.0,1.0,1.0,0.0,1.0,1.0,3420,342,342,342.0,342.0,0.60216918,0
5.6,17,44.8,2.805511729,0.0,0.0,0.0,0,0,0,0.0,0.0,0.7,0.7,0.3,0.7,0.7,2520,42,342,252.0,252.0,0.35653441,0
8.0,17,64.0,2.488036904,0.0,0.0,0.0,0,0,0,0.0,0.0,1.0,1.0,0.0,1.0,1.0,3420,342,342,342.0,342.0,0.401932311,0
8.0,17,64.0,2.488216532,0.0,0.0,0.0,0,0,0,0.0,0.0,1.0,1.0,0.0,1.0,1.0,3420,342,342,342.0,342.0,0.502270198,0
8.0,17,64.0,3.971989748,0.0,0.0,0.0,0,0,0,0.0,0.0,1.0,1.0,0.0,1.0,1.0,1368,342,342,342.0,342.0,0.252231956,0
8.0,17,64.0,2.489732379,0.0,0.0,0.0,0,0,0,0.0,0.0,1.0,1.0,0.0,1.0,1.0,3420,342,342,342.0,342.0,0.401649594,0
8.0,17,64.0,1.105978263,0.0,0.0,0.0,0,0,0,0.0,0.0,1.0,1.0,0.0,1.0,1.0,3420,342,342,342.0,342.0,0.904190898,0
8.0,17,64.0,1.990973767,0.0,0.0,0.0,0,0,0,0.0,0.0,1.0,1.0,0.0,1.0,1.0,3420,342,342,342.0,342.0,0.502343297,0
8.0,17,64.0,3.31686409,0.0,0.0,0.0,0,0,0,0.0,0.0,1.0,1.0,0.0,1.0,1.0,3420,342,342,342.0,342.0,0.401809597,0
7.2,17,57.6,1.661494185,0.0,0.0,0.0,0,0,0,0.0,0.0,0.9,0.9,0.1,0.9,0.9,3120,42,342,312.0,312.0,0.601958489,0
8.0,17,64.0,3.316374452,0.0,0.0,0.0,0,0,0,0.0,0.0,1.0,1.0,0.0,1.0,1.0,3420,342,342,342.0,342.0,0.4019701,0
8.0,17,64.0,3.307290636,0.0,0.0,0.0,0,0,0,0.0,0.0,1.0,1.0,0.0,1.0,1.0,3420,342,342,342.0,342.0,0.302365112,0
8.0,17,64.0,1.992298619,0.0,0.0,0.0,0,0,0,0.0,0.0,1.0,1.0,0.0,1.0,1.0,3420,342,342,342.0,342.0,0.502065206,0
7.2,17,57.6,2.486959086,0.0,0.0,0.0,0,0,0,0.0,0.0,0.9,0.9,0.1,0.9,0.9,3120,42,342,312.0,312.0,0.502426887,0
8.0,17,64.0,inf,0.0,0.0,0.0,0,0,0,0.0,0.0,1.0,1.0,0.0,1.0,1.0,342,342,342,342.0,342.0,0.001049995,0
8.0,17,64.0,2.489936937,0.0,0.0,0.0,0,0,0,0.0,0.0,1.0,1.0,0.0,1.0,1.0,3420,342,342,342.0,342.0,0.40184021,0
8.0,17,64.0,1.661187272,0.0,0.0,0.0,0,0,0,0.0,0.0,1.0,1.0,0.0,1.0,1.0,3420,342,342,342.0,342.0,0.601988101,0
8.0,17,64.0,1.991306398,0.0,0.0,0.0,0,0,0,0.0,0.0,1.0,1.0,0.0,1.0,1.0,3420,342,342,342.0,342.0,0.502301002,0
8.0,17,64.0,2.61095587,0.0,0.0,0.0,0,0,0,0.0,0.0,1.0,1.0,0.0,1.0,1.0,3420,342,342,342.0,342.0,0.483407497,0
8.0,17,64.0,2.48585804,0.0,0.0,0.0,0,0,0,0.0,0.0,1.0,1.0,0.0,1.0,1.0,3420,342,342,342.0,342.0,0.402364898,0
7.2,17,57.6,2.992715328,0.0,0.0,0.0,0,0,0,0.0,0.0,0.9,0.9,0.1,0.9,0.9,3120,42,342,312.0,312.0,0.43448112,0
8.0,17,64.0,2.487086942,0.0,0.0,0.0,0,0,0,0.0,0.0,1.0,1.0,0.0,1.0,1.0,3420,342,342,342.0,342.0,0.502424121,0
7.2,17,57.6,3.174953927,0.0,0.0,0.0,0,0,0,0.0,0.0,0.9,0.9,0.1,0.9,0.9,3120,42,342,312.0,312.0,0.315154195,0
8.0,17,64.0,3.313722637,0.0,0.0,0.0,0,0,0,0.0,0.0,1.0,1.0,0.0,1.0,1.0,3420,342,342,342.0,342.0,0.402157807,0
8.0,17,64.0,1.993285766,0.0,0.0,0.0,0,0,0,0.0,0.0,1.0,1.0,0.0,1.0,1.0,3420,342,342,342.0,342.0,0.501686502,0
8.0,17,64.0,1.661479508,0.0,0.0,0.0,0,0,0,0.0,0.0,1.0,1.0,0.0,1.0,1.0,3420,342,342,342.0,342.0,0.602040792,0
8.0,17,64.0,3.316599977,0.0,0.0,0.0,0,0,0,0.0,0.0,1.0,1.0,0.0,1.0,1.0,3420,342,342,342.0,342.0,0.401670098,0
7.2,17,57.6,2.022790772,0.0,0.0,0.0,0,0,0,0.0,0.0,0.9,0.9,0.1,0.9,0.9,3120,42,342,312.0,312.0,0.502023315,0
7.2,17,57.6,1.998419676,0.0,0.0,0.0,0,0,0,0.0,0.0,0.9,0.9,0.1,0.9,0.9,3120,42,342,312.0,312.0,0.500401807,0
7.2,17,57.6,2.55888892,0.0,0.0,0.0,0,0,0,0.0,0.0,0.9,0.9,0.1,0.9,0.9,3120,42,342,312.0,312.0,0.491217899,0
7.2,17,57.6,2.871342837,0.0,0.0,0.0,0,0,0,0.0,0.0,0.9,0.9,0.1,0.9,0.9,3120,42,342,312.0,312.0,0.448467302,0
8.0,17,64.0,1.990546113,0.0,0.0,0.0,0,0,0,0.0,0.0,1.0,1.0,0.0,1.0,1.0,3420,342,342,342.0,342.0,0.5024369,0
8.0,17,64.0,1.993288986,0.0,0.0,0.0,0,0,0,0.0,0.0,1.0,1.0,0.0,1.0,1.0,3420,342,342,342.0,342.0,0.501705384,0
6.4,17,51.2,2.353232397,0.0,0.0,0.0,0,0,0,0.0,0.0,0.8,0.8,0.2,0.8,0.8,2820,42,342,282.0,282.0,0.424967003,0
8.0,17,64.0,2.487796652,0.0,0.0,0.0,0,0,0,0.0,0.0,1.0,1.0,0.0,1.0,1.0,3420,342,342,342.0,342.0,0.401973009,0
8.0,17,64.0,2.490100727,0.0,0.0,0.0,0,0,0,0.0,0.0,1.0,1.0,0.0,1.0,1.0,3420,342,342,342.0,342.0,0.401733279,0
7.2,17,57.6,3.065048715,0.0,0.0,0.0,0,0,0,0.0,0.0,0.9,0.9,0.1,0.9,0.9,3120,42,342,312.0,312.0,0.426640391,0
8.0,17,64.0,1.992177116,0.0,0.0,0.0,0,0,0,0.0,0.0,1.0,1.0,0.0,1.0,1.0,3420,342,342,342.0,342.0,0.502038193,0
8.0,17,64.0,3.317373552,0.0,0.0,0.0,0,0,0,0.0,0.0,1.0,1.0,0.0,1.0,1.0,3420,342,342,342.0,342.0,0.501936793,0
8.0,17,64.0,1.992417297,0.0,0.0,0.0,0,0,0,0.0,0.0,1.0,1.0,0.0,1.0,1.0,3420,342,342,342.0,342.0,0.501903296,0
8.0,17,64.0,1.661346768,0.0,0.0,0.0,0,0,0,0.0,0.0,1.0,1.0,0.0,1.0,1.0,3420,342,342,342.0,342.0,0.601972795,0
8.0,17,64.0,1.661033002,0.0,0.0,0.0,0,0,0,0.0,0.0,1.0,1.0,0.0,1.0,1.0,3420,342,342,342.0,342.0,0.602251315,0
8.0,17,64.0,3.298594691,0.0,0.0,0.0,0,0,0,0.0,0.0,1.0,1.0,0.0,1.0,1.0,3420,342,342,342.0,342.0,0.403497481,0
8.0,17,64.0,3.3164602,0.0,0.0,0.0,0,0,0,0.0,0.0,1.0,1.0,0.0,1.0,1.0,3420,342,342,342.0,342.0,0.401935196,0
7.2,17,57.6,2.885153686,0.0,0.0,0.0,0,0,0,0.0,0.0,0.9,0.9,0.1,0.9,0.9,3120,42,342,312.0,312.0,0.346659184,0
7.2,17,57.6,3.192582905,0.0,0.0,0.0,0,0,0,0.0,0.0,0.9,0.9,0.1,0.9,0.9,3120,42,342,312.0,312.0,0.4136657,0
7.2,17,57.6,2.306809368,0.0,0.0,0.0,0,0,0,0.0,0.0,0.9,0.9,0.1,0.9,0.9,3120,42,342,312.0,312.0,0.433564591,0
8.0,17,64.0,2.488240003,0.0,0.0,0.0,0,0,0,0.0,0.0,1.0,1.0,0.0,1.0,1.0,3420,342,342,342.0,342.0,0.502186203,0
8.0,17,64.0,1.662668794,0.0,0.0,0.0,0,0,0,0.0,0.0,1.0,1.0,0.0,1.0,1.0,3420,342,342,342.0,342.0,0.601459098,0
8.0,17,64.0,2.490077665,0.0,0.0,0.0,0,0,0,0.0,0.0,1.0,1.0,0.0,1.0,1.0,3420,342,342,342.0,342.0,0.40169189,0
8.0,17,64.0,1.992405277,0.0,0.0,0.0,0,0,0,0.0,0.0,1.0,1.0,0.0,1.0,1.0,3420,342,342,342.0,342.0,0.501906204,0
7.2,17,57.6,1.73678112,0.0,0.0,0.0,0,0,0,0.0,0.0,0.9,0.9,0.1,0.9,0.9,3120,42,342,312.0,312.0,0.602647281,0
6.4,17,51.2,1.64136343,0.0,0.0,0.0,0,0,0,0.0,0.0,0.8,0.8,0.2,0.8,0.8,2820,42,342,282.0,282.0,0.709636402,0
8.0,17,61.2,2.758330059,0.0,0.0,0.0,0,0,0,0.0,0.0,1.0,0.6,0.0,1.0,1.0,2412,90,342,241.2,241.2,0.462879086,0
8.0,17,64.0,3.318291607,0.0,0.0,0.0,0,0,0,0.0,0.0,1.0,1.0,0.0,1.0,1.0,3420,342,342,342.0,342.0,0.401597691,0
8.0,17,64.0,1.422020573,0.0,0.0,0.0,0,0,0,0.0,0.0,1.0,1.0,0.0,1.0,1.0,3420,342,342,342.0,342.0,0.7034338,0
8.0,17,64.0,1.992526051,0.0,0.0,0.0,0,0,0,0.0,0.0,1.0,1.0,0.0,1.0,1.0,3420,342,342,342.0,342.0,0.501918006,0
7.2,17,57.6,1.64353064,0.0,0.0,0.0,0,0,0,0.0,0.0,0.9,0.9,0.1,0.9,0.9,3120,42,342,312.0,312.0,0.608457613,0
7.2,17,57.6,2.412899158,0.0,0.0,0.0,0,0,0,0.0,0.0,0.9,0.9,0.1,0.9,0.9,3120,42,342,312.0,312.0,0.414557099,0
8.0,17,64.0,2.361277274,0.0,0.0,0.0,0,0,0,0.0,0.0,1.0,1.0,0.0,1.0,1.0,3420,342,342,342.0,342.0,0.523835111,0
7.2,17,57.6,3.186589881,0.0,0.0,0.0,0,0,0,0.0,0.0,0.9,0.9,0.1,0.9,0.9,3120,42,342,312.0,312.0,0.313815403,0
8.0,17,64.0,3.312660063,0.0,0.0,0.0,0,0,0,0.0,0.0,1.0,1.0,0.0,1.0,1.0,3420,342,342,342.0,342.0,0.301882005,0
5.6,17,57.6,3.319316818,0.0,0.0,0.0,0,0,0,0.0,0.0,0.7,0.7,0.1,0.9,0.9,2632,42,342,263.2,263.2,0.501606107,0
8.0,17,64.0,3.316470165,0.0,0.0,0.0,0,0,0,0.0,0.0,1.0,1.0,0.0,1.0,1.0,3420,342,342,342.0,342.0,0.40184412,0
8.0,17,64.0,1.783148773,0.0,0.0,0.0,0,0,0,0.0,0.0,1.0,1.0,0.0,1.0,1.0,3420,342,342,342.0,342.0,0.661093211,0
8.0,17,64.0,1.424011362,0.0,0.0,0.0,0,0,0,0.0,0.0,1.0,1.0,0.0,1.0,1.0,3420,342,342,342.0,342.0,0.802592301,0
8.0,17,64.0,1.99168151,0.0,0.0,0.0,0,0,0,0.0,0.0,1.0,1.0,0.0,1.0,1.0,3420,342,342,342.0,342.0,0.602513814,0
8.0,17,64.0,1.991286167,0.0,0.0,0.0,0,0,0,0.0,0.0,1.0,1.0,0.0,1.0,1.0,3420,342,342,342.0,342.0,0.502242684,0
8.0,17,64.0,2.48917888,0.0,0.0,0.0,0,0,0,0.0,0.0,1.0,1.0,0.0,1.0,1.0,3420,342,342,342.0,342.0,0.502150512,0
7.2,17,57.6,2.747224057,0.0,0.0,0.0,0,0,0,0.0,0.0,0.9,0.9,0.1,0.9,0.9,3120,42,342,312.0,312.0,0.364225793,0
7.2,17,57.6,1.989979656,0.0,0.0,0.0,0,0,0,0.0,0.0,0.9,0.9,0.1,0.9,0.9,3120,42,342,312.0,312.0,0.502601218,0
7.2,17,57.6,1.952130563,0.0,0.0,0.0,0,0,0,0.0,0.0,0.9,0.9,0.1,0.9,0.9,3120,42,342,312.0,312.0,0.575464201,0
8.0,17,64.0,2.488121623,0.0,0.0,0.0,0,0,0,0.0,0.0,1.0,1.0,0.0,1.0,1.0,3420,342,342,342.0,342.0,0.401924014,0
8.0,17,64.0,1.830262564,0.0,0.0,0.0,0,0,0,0.0,0.0,1.0,0.9,0.0,1.0,1.0,3168,90,342,316.8,316.8,0.546511698,0
8.0,17,64.0,2.488567009,0.0,0.0,0.0,0,0,0,0.0,0.0,1.0,1.0,0.0,1.0,1.0,3420,342,342,342.0,342.0,0.401839995,0
8.0,17,64.0,2.488871651,0.0,0.0,0.0,0,0,0,0.0,0.0,1.0,1.0,0.0,1.0,1.0,3420,342,342,342.0,342.0,0.502126479,0
7.2,17,57.6,3.316546215,0.0,0.0,0.0,0,0,0,0.0,0.0,0.9,0.9,0.1,0.9,0.9,3120,42,342,312.0,312.0,0.401861906,0
8.0,17,64.0,2.488404012,0.0,0.0,0.0,0,0,0,0.0,0.0,1.0,1.0,0.0,1.0,1.0,3420,342,342,342.0,342.0,0.401990891,0
8.0,17,64.0,1.990865939,0.0,0.0,0.0,0,0,0,0.0,0.0,1.0,1.0,0.0,1.0,1.0,3420,342,342,342.0,342.0,0.602714801,0
7.2,17,57.6,2.487649396,0.0,0.0,0.0,0,0,0,0.0,0.0,0.9,0.9,0.1,0.9,0.9,3120,42,342,312.0,312.0,0.40200932,0
8.0,17,64.0,2.487258321,0.0,0.0,0.0,0,0,0,0.0,0.0,1.0,1.0,0.0,1.0,1.0,3420,342,342,342.0,342.0,0.502428007,0
7.2,17,57.6,3.300344347,0.0,0.0,0.0,0,0,0,0.0,0.0,0.9,0.9,0.1,0.9,0.9,3120,42,342,312.0,312.0,0.302998686,0
8.0,17,64.0,1.992748423,0.0,0.0,0.0,0,0,0,0.0,0.0,1.0,1.0,0.0,1.0,1.0,684,342,342,342.0,342.0,0.501821041,0
8.0,17,62.0,3.507464865,0.0,0.0,0.0,0,0,0,0.0,0.0,1.0,0.6,0.0,1.0,1.0,2412,90,342,241.2,241.2,0.285125399,0
8.0,17,64.0,1.990363807,0.0,0.0,0.0,0,0,0,0.0,0.0,1.0,1.0,0.0,1.0,1.0,3420,342,342,342.0,342.0,0.502494311,0
8.0,17,64.0,2.488791755,0.0,0.0,0.0,0,0,0,0.0,0.0,1.0,1.0,0.0,1.0,1.0,3420,342,342,342.0,342.0,0.402014899,0
8.0,17,64.0,1.991914761,0.0,0.0,0.0,0,0,0,0.0,0.0,1.0,1.0,0.0,1.0,1.0,3420,342,342,342.0,342.0,0.502154207,0
7.2,17,57.6,3.349916642,0.0,0.0,0.0,0,0,0,0.0,0.0,0.9,0.9,0.1,0.9,0.9,3120,42,342,312.0,312.0,0.398897791,0
7.2,17,57.6,3.546207608,0.0,0.0,0.0,0,0,0,0.0,0.0,0.9,0.9,0.1,0.9,0.9,3120,42,342,312.0,312.0,0.382410192,0
7.2,17,57.6,3.104561361,0.0,0.0,0.0,0,0,0,0.0,0.0,0.9,0.9,0.1,0.9,0.9,3120,42,342,312.0,312.0,0.422479105,0
8.0,17,64.0,1.990554049,0.0,0.0,0.0,0,0,0,0.0,0.0,1.0,1.0,0.0,1.0,1.0,3420,342,342,342.0,342.0,0.602824306,0
8.0,17,64.0,3.317289855,0.0,0.0,0.0,0,0,0,0.0,0.0,1.0,1.0,0.0,1.0,1.0,3420,342,342,342.0,342.0,0.301543283,0
8.0,17,64.0,2.488623265,0.0,0.0,0.0,0,0,0,0.0,0.0,1.0,1.0,0.0,1.0,1.0,3420,342,342,342.0,342.0,0.502155304,0
8.0,17,64.0,2.654799001,0.0,0.0,0.0,0,0,0,0.0,0.0,1.0,1.0,0.0,1.0,1.0,2736,342,342,342.0,342.0,0.376979977,0
8.0,17,64.0,2.488818485,0.0,0.0,0.0,0,0,0,0.0,0.0,1.0,1.0,0.0,1.0,1.0,3420,342,342,342.0,342.0,0.502209783,0
8.0,17,64.0,3.319077003,0.0,0.0,0.0,0,0,0,0.0,0.0,1.0,1.0,0.0,1.0,1.0,3420,342,342,342.0,342.0,0.401576781,0
8.0,17,64.0,1.991573321,0.0,0.0,0.0,0,0,0,0.0,0.0,1.0,1.0,0.0,1.0,1.0,3420,342,342,342.0,342.0,0.602534699,0
8.0,17,64.0,2.488219632,0.0,0.0,0.0,0,0,0,0.0,0.0,1.0,1.0,0.0,1.0,1.0,3420,342,342,342.0,342.0,0.401894903,0
8.0,17,64.0,2.815323972,0.0,0.0,0.0,0,0,0,0.0,0.0,1.0,1.0,0.0,1.0,1.0,3420,342,342,342.0,342.0,0.455611205,0
6.4,17,49.2,4.980074615,0.0,0.0,0.0,0,0,0,0.0,0.0,0.8,0.4,0.2,0.8,0.8,1812,42,342,181.2,181.2,0.300966811,0
8.0,17,64.0,2.486842155,0.0,0.0,0.0,0,0,0,0.0,0.0,1.0,1.0,0.0,1.0,1.0,3420,342,342,342.0,342.0,0.402183485,0
8.0,17,64.0,1.991229824,0.0,0.0,0.0,0,0,0,0.0,0.0,1.0,1.0,0.0,1.0,1.0,3420,342,342,342.0,342.0,0.502218199,0
8.0,17,64.0,1.950238124,0.0,0.0,0.0,0,0,0,0.0,0.0,1.0,1.0,0.0,1.0,1.0,3420,342,342,342.0,342.0,0.512900805,0
8.0,17,64.0,3.311839521,0.0,0.0,0.0,0,0,0,0.0,0.0,1.0,1.0,0.0,1.0,1.0,3420,342,342,342.0,342.0,0.402306485,0
8.0,17,64.0,1.991852517,0.0,0.0,0.0,0,0,0,0.0,0.0,1.0,1.0,0.0,1.0,1.0,3420,342,342,342.0,342.0,0.502129006,0
7.2,17,57.6,2.061839494,0.0,0.0,0.0,0,0,0,0.0,0.0,0.9,0.9,0.1,0.9,0.9,3120,42,342,312.0,312.0,0.501868296,0
7.2,17,57.6,1.910532869,0.0,0.0,0.0,0,0,0,0.0,0.0,0.9,0.9,0.1,0.9,0.9,3120,42,342,312.0,312.0,0.624025893,0
8.0,17,64.0,2.486376604,0.0,0.0,0.0,0,0,0,0.0,0.0,1.0,1.0,0.0,1.0,1.0,3420,342,342,342.0,342.0,0.402193689,0
8.0,17,64.0,1.661409417,0.0,0.0,0.0,0,0,0,0.0,0.0,1.0,1.0,0.0,1.0,1.0,3420,342,342,342.0,342.0,0.601958489,0
8.0,17,64.0,2.488942248,0.0,0.0,0.0,0,0,0,0.0,0.0,1.0,1.0,0.0,1.0,1.0,3420,342,342,342.0,342.0,0.401785493,0
8.0,17,64.0,2.482373996,0.0,0.0,0.0,0,0,0,0.0,0.0,1.0,1.0,0.0,1.0,1.0,3420,342,342,342.0,342.0,0.402930999,0
8.0,17,64.0,2.489708733,0.0,0.0,0.0,0,0,0,0.0,0.0,1.0,1.0,0.0,1.0,1.0,3420,342,342,342.0,342.0,0.601981091,0
8.0,17,64.0,1.991977198,0.0,0.0,0.0,0,0,0,0.0,0.0,1.0,1.0,0.0,1.0,1.0,3420,342,342,342.0,342.0,0.502030778,0
8.0,17,64.0,1.988183443,0.0,0.0,0.0,0,0,0,0.0,0.0,1.0,1.0,0.0,1.0,1.0,3420,342,342,342.0,342.0,0.50314219,0
8.0,17,64.0,1.99467507,0.0,0.0,0.0,0,0,0,0.0,0.0,1.0,1.0,0.0,1.0,1.0,3420,342,342,342.0,342.0,0.601565385,0
7.2,17,57.6,2.488546485,0.0,0.0,0.0,0,0,0,0.0,0.0,0.9,0.9,0.1,0.9,0.9,3120,42,342,312.0,312.0,0.401917696,0
8.0,17,64.0,1.991252512,0.0,0.0,0.0,0,0,0,0.0,0.0,1.0,1.0,0.0,1.0,1.0,3420,342,342,342.0,342.0,0.502216101,0
8.0,17,64.0,2.486371593,0.0,0.0,0.0,0,0,0,0.0,0.0,1.0,1.0,0.0,1.0,1.0,3420,342,342,342.0,342.0,0.502620482,0
7.2,17,57.6,2.018741166,0.0,0.0,0.0,0,0,0,0.0,0.0,0.9,0.9,0.1,0.9,0.9,3120,42,342,312.0,312.0,0.5957412,0
8.0,17,64.0,2.487443443,0.0,0.0,0.0,0,0,0,0.0,0.0,1.0,1.0,0.0,1.0,1.0,3420,342,342,342.0,342.0,0.402025199,0
8.0,17,64.0,2.486748677,0.0,0.0,0.0,0,0,0,0.0,0.0,1.0,1.0,0.0,1.0,1.0,3420,342,342,342.0,342.0,0.402258801,0
5.6,17,43.8,4.178898907,0.0,0.0,0.0,0,0,0,0.0,0.0,0.7,0.5,0.3,0.7,0.7,2016,42,342,201.6,201.6,0.239435792,0
8.0,17,62.2,4.868501938,0.0,0.0,0.0,0,0,0,0.0,0.0,1.0,0.5,0.0,1.0,1.0,2160,90,342,216.0,216.0,0.250030088,0
8.0,17,64.0,1.662816446,0.0,0.0,0.0,0,0,0,0.0,0.0,1.0,1.0,0.0,1.0,1.0,3420,342,342,342.0,342.0,0.601498985,0
7.2,17,57.6,3.444967714,0.0,0.0,0.0,0,0,0,0.0,0.0,0.9,0.9,0.1,0.9,0.9,3120,42,342,312.0,312.0,0.390805697,0
8.0,17,64.0,2.489069865,0.0,0.0,0.0,0,0,0,0.0,0.0,1.0,1.0,0.0,1.0,1.0,3420,342,342,342.0,342.0,0.401869297,0
8.0,17,64.0,2.716637427,0.0,0.0,0.0,0,0,0,0.0,0.0,1.0,1.0,0.0,1.0,1.0,3420,342,342,342.0,342.0,0.468438101,0
7.2,17,57.6,3.317373552,0.0,0.0,0.0,0,0,0,0.0,0.0,0.9,0.9,0.1,0.9,0.9,3120,42,342,312.0,312.0,0.501745796,0
8.0,17,64.0,2.488631386,0.0,0.0,0.0,0,0,0,0.0,0.0,1.0,1.0,0.0,1.0,1.0,3420,342,342,342.0,342.0,0.401936507,0
8.0,17,64.0,2.488359575,0.0,0.0,0.0,0,0,0,0.0,0.0,1.0,1.0,0.0,1.0,1.0,3420,342,342,342.0,342.0,0.401946402,0
8.0,17,64.0,1.660451575,0.0,0.0,0.0,0,0,0,0.0,0.0,1.0,1.0,0.0,1.0,1.0,3420,342,342,342.0,342.0,0.602441716,0
8.0,17,64.0,3.315862151,0.0,0.0,0.0,0,0,0,0.0,0.0,1.0,1.0,0.0,1.0,1.0,3420,342,342,342.0,342.0,0.301580691,0
7.2,17,57.6,3.079222641,0.0,0.0,0.0,0,0,0,0.0,0.0,0.9,0.9,0.1,0.9,0.9,3120,42,342,312.0,312.0,0.324862194,0
7.2,17,57.6,2.800206589,0.0,0.0,0.0,0,0,0,0.0,0.0,0.9,0.9,0.1,0.9,0.9,3120,42,342,312.0,312.0,0.401723194,0
8.0,17,64.0,1.991560176,0.0,0.0,0.0,0,0,0,0.0,0.0,1.0,1.0,0.0,1.0,1.0,3420,342,342,342.0,342.0,0.602599907,0
8.0,17,64.0,2.488809033,0.0,0.0,0.0,0,0,0,0.0,0.0,1.0,1.0,0.0,1.0,1.0,3420,342,342,342.0,342.0,0.402024508,0
8.0,17,64.0,2.744529938,0.0,0.0,0.0,0,0,0,0.0,0.0,1.0,1.0,0.0,1.0,1.0,3420,342,342,342.0,342.0,0.364371014,0
7.2,17,57.6,2.697057919,0.0,0.0,0.0,0,0,0,0.0,0.0,0.9,0.9,0.1,0.9,0.9,3120,42,342,312.0,312.0,0.471069503,0
7.2,17,57.6,2.489007827,0.0,0.0,0.0,0,0,0,0.0,0.0,0.9,0.9,0.1,0.9,0.9,3120,42,342,312.0,312.0,0.502182221,0
8.0,17,64.0,1.991133878,0.0,0.0,0.0,0,0,0,0.0,0.0,1.0,1.0,0.0,1.0,1.0,3420,342,342,342.0,342.0,0.502228594,0
7.2,17,57.6,3.298371867,0.0,0.0,0.0,0,0,0,0.0,0.0,0.9,0.9,0.1,0.9,0.9,3120,42,342,312.0,312.0,0.303403997,0
8.0,17,64.0,1.61312746,0.0,0.0,0.0,0,0,0,0.0,0.0,1.0,1.0,0.0,1.0,1.0,3420,342,342,342.0,342.0,0.619922304,0
7.2,17,57.6,2.424211178,0.0,0.0,0.0,0,0,0,0.0,0.0,0.9,0.9,0.1,0.9,0.9,3120,42,342,312.0,312.0,0.500673819,0
8.0,17,64.0,2.488329607,0.0,0.0,0.0,0,0,0,0.0,0.0,1.0,1.0,0.0,1.0,1.0,3420,342,342,342.0,342.0,0.502319407,0
7.2,17,57.6,2.644024597,0.0,0.0,0.0,0,0,0,0.0,0.0,0.9,0.9,0.1,0.9,0.9,3120,42,342,312.0,312.0,0.478616095,0
5.6,17,56.5,4.975646722,0.0,0.0,0.0,0,0,0,0.0,0.0,0.7,0.6,0.2,0.8,0.8,2438,42,342,243.8,243.8,0.205174589,0
8.0,17,64.0,2.487718005,0.0,0.0,0.0,0,0,0,0.0,0.0,1.0,1.0,0.0,1.0,1.0,3420,342,342,342.0,342.0,0.402093816,0
8.0,17,64.0,1.992033488,0.0,0.0,0.0,0,0,0,0.0,0.0,1.0,1.0,0.0,1.0,1.0,3420,342,342,342.0,342.0,0.602320099,0
8.0,17,64.0,2.486940506,0.0,0.0,0.0,0,0,0,0.0,0.0,1.0,1.0,0.0,1.0,1.0,3420,342,342,342.0,342.0,0.402100492,0
7.2,17,57.6,2.599550324,0.0,0.0,0.0,0,0,0,0.0,0.0,0.9,0.9,0.1,0.9,0.9,3120,42,342,312.0,312.0,0.485034513,0
8.0,17,64.0,3.316485637,0.0,0.0,0.0,0,0,0,0.0,0.0,1.0,1.0,0.0,1.0,1.0,3420,342,342,342.0,342.0,0.401860905,0
8.0,17,64.0,2.489107679,0.0,0.0,0.0,0,0,0,0.0,0.0,1.0,1.0,0.0,1.0,1.0,3420,342,342,342.0,342.0,0.401852989,0
7.2,17,57.6,2.627553331,0.0,0.0,0.0,0,0,0,0.0,0.0,0.9,0.9,0.1,0.9,0.9,3120,42,342,312.0,312.0,0.480964804,0
7.2,17,57.6,3.241272613,0.0,0.0,0.0,0,0,0,0.0,0.0,0.9,0.9,0.1,0.9,0.9,3120,42,342,312.0,312.0,0.308520794,0
8.0,17,64.0,1.993054561,0.0,0.0,0.0,0,0,0,0.0,0.0,1.0,1.0,0.0,1.0,1.0,3420,342,342,342.0,342.0,0.501907706,0
7.2,17,57.6,2.461273114,0.0,0.0,0.0,0,0,0,0.0,0.0,0.9,0.9,0.1,0.9,0.9,3120,42,342,312.0,312.0,0.406368208,0
8.0,17,64.0,2.490760536,0.0,0.0,0.0,0,0,0,0.0,0.0,1.0,1.0,0.0,1.0,1.0,3420,342,342,342.0,342.0,0.601626611,0
8.0,17,64.0,2.488205167,0.0,0.0,0.0,0,0,0,0.0,0.0,1.0,1.0,0.0,1.0,1.0,3420,342,342,342.0,342.0,0.502185011,0
8.0,17,64.0,1.108876247,0.0,0.0,0.0,0,0,0,0.0,0.0,1.0,1.0,0.0,1.0,1.0,3420,342,342,342.0,342.0,0.901908183,0
8.0,17,64.0,1.991017715,0.0,0.0,0.0,0,0,0,0.0,0.0,1.0,1.0,0.0,1.0,1.0,3420,342,342,342.0,342.0,0.502255988,0
8.0,17,64.0,2.4873896,0.0,0.0,0.0,0,0,0,0.0,0.0,1.0,1.0,0.0,1.0,1.0,3420,342,342,342.0,342.0,0.502506495,0
8.0,17,64.0,1.991449921,0.0,0.0,0.0,0,0,0,0.0,0.0,1.0,1.0,0.0,1.0,1.0,3420,342,342,342.0,342.0,0.602487493,0
7.2,17,57.6,1.914219604,0.0,0.0,0.0,0,0,0,0.0,0.0,0.9,0.9,0.1,0.9,0.9,3120,42,342,312.0,312.0,0.522641611,0
8.0,17,64.0,2.488725449,0.0,0.0,0.0,0,0,0,0.0,0.0,1.0,1.0,0.0,1.0,1.0,3420,342,342,342.0,342.0,0.50211978,0
8.0,17,64.0,1.993188106,0.0,0.0,0.0,0,0,0,0.0,0.0,1.0,1.0,0.0,1.0,1.0,3420,342,342,342.0,342.0,0.501925397,0
8.0,17,64.0,2.488669778,0.0,0.0,0.0,0,0,0,0.0,0.0,1.0,1.0,0.0,1.0,1.0,3420,342,342,342.0,342.0,0.502125096,0
8.0,17,64.0,1.662383848,0.0,0.0,0.0,0,0,0,0.0,0.0,1.0,1.0,0.0,1.0,1.0,3420,342,342,342.0,342.0,0.601626492,0
7.2,17,57.6,3.311923727,0.0,0.0,0.0,0,0,0,0.0,0.0,0.9,0.9,0.1,0.9,0.9,3120,42,342,312.0,312.0,0.302183318,0
7.2,17,57.6,2.45056358,0.0,0.0,0.0,0,0,0,0.0,0.0,0.9,0.9,0.1,0.9,0.9,3120,42,342,312.0,312.0,0.451297593,0
8.0,17,64.0,3.314571877,0.0,0.0,0.0,0,0,0,0.0,0.0,1.0,1.0,0.0,1.0,1.0,3420,342,342,342.0,342.0,0.402039385,0
8.0,17,64.0,2.487843872,0.0,0.0,0.0,0,0,0,0.0,0.0,1.0,1.0,0.0,1.0,1.0,3420,342,342,342.0,342.0,0.502419686,0
7.2,17,57.6,2.711210904,0.0,0.0,0.0,0,0,0,0.0,0.0,0.9,0.9,0.1,0.9,0.9,3120,42,342,312.0,312.0,0.469194388,0
7.2,17,57.6,3.488290125,0.0,0.0,0.0,0,0,0,0.0,0.0,0.9,0.9,0.1,0.9,0.9,3120,42,342,312.0,312.0,0.386989307,0
8.0,17,64.0,3.31604697,0.0,0.0,0.0,0,0,0,0.0,0.0,1.0,1.0,0.0,1.0,1.0,3420,342,342,342.0,342.0,0.401893401,0
8.0,17,64.0,3.316003975,0.0,0.0,0.0,0,0,0,0.0,0.0,1.0,1.0,0.0,1.0,1.0,3420,342,342,342.0,342.0,0.301576686,0
8.0,17,64.0,3.315805792,0.0,0.0,0.0,0,0,0,0.0,0.0,1.0,1.0,0.0,1.0,1.0,3420,342,342,342.0,342.0,0.301674318,0
7.2,17,57.6,2.158486917,0.0,0.0,0.0,0,0,0,0.0,0.0,0.9,0.9,0.1,0.9,0.9,3120,42,342,312.0,312.0,0.463490891,0
8.0,17,64.0,1.991270757,0.0,0.0,0.0,0,0,0,0.0,0.0,1.0,1.0,0.0,1.0,1.0,3420,342,342,342.0,342.0,0.502194786,0
8.0,17,64.0,3.314634481,0.0,0.0,0.0,0,0,0,0.0,0.0,1.0,1.0,0.0,1.0,1.0,3420,342,342,342.0,342.0,0.30169239,0
8.0,17,64.0,2.489653609,0.0,0.0,0.0,0,0,0,0.0,0.0,1.0,1.0,0.0,1.0,1.0,3420,342,342,342.0,342.0,0.401721406,0
7.2,17,57.6,2.834694415,0.0,0.0,0.0,0,0,0,0.0,0.0,0.9,0.9,0.1,0.9,0.9,3120,42,342,312.0,312.0,0.352799916,0
8.0,17,64.0,3.315627815,0.0,0.0,0.0,0,0,0,0.0,0.0,1.0,1.0,0.0,1.0,1.0,3420,342,342,342.0,342.0,0.301605296,0
7.2,17,57.6,2.311671663,0.0,0.0,0.0,0,0,0,0.0,0.0,0.9,0.9,0.1,0.9,0.9,3120,42,342,312.0,312.0,0.532931185,0
8.0,17,64.0,1.992578871,0.0,0.0,0.0,0,0,0,0.0,0.0,1.0,1.0,0.0,1.0,1.0,3420,342,342,342.0,342.0,0.501880288,0
7.2,17,57.6,1.992838465,0.0,0.0,0.0,0,0,0,0.0,0.0,0.9,0.9,0.1,0.9,0.9,3120,42,342,312.0,312.0,0.601998496,0
8.0,17,64.0,2.088890646,0.0,0.0,0.0,0,0,0,0.0,0.0,1.0,1.0,0.0,1.0,1.0,3420,342,342,342.0,342.0,0.579085493,0
7.2,17,57.6,3.361273261,0.0,0.0,0.0,0,0,0,0.0,0.0,0.9,0.9,0.1,0.9,0.9,3120,42,342,312.0,312.0,0.397705197,0
8.0,17,64.0,2.488441216,0.0,0.0,0.0,0,0,0,0.0,0.0,1.0,1.0,0.0,1.0,1.0,3420,342,342,342.0,342.0,0.502169895,0
7.2,17,57.6,1.991664486,0.0,0.0,0.0,0,0,0,0.0,0.0,0.9,0.9,0.1,0.9,0.9,3120,42,342,312.0,312.0,0.6023772,0
8.0,17,64.0,2.488746566,0.0,0.0,0.0,0,0,0,0.0,0.0,1.0,1.0,0.0,1.0,1.0,3420,342,342,342.0,342.0,0.502216005,0
7.2,17,57.6,1.991263194,0.0,0.0,0.0,0,0,0,0.0,0.0,0.9,0.9,0.1,0.9,0.9,3120,42,342,312.0,312.0,0.50227828,0
8.0,17,64.0,3.316006072,0.0,0.0,0.0,0,0,0,0.0,0.0,1.0,1.0,0.0,1.0,1.0,3420,342,342,342.0,342.0,0.401886106,0
8.0,17,64.0,1.991839842,0.0,0.0,0.0,0,0,0,0.0,0.0,1.0,1.0,0.0,1.0,1.0,3420,342,342,342.0,342.0,0.502146912,0
8.0,17,64.0,1.991605379,0.0,0.0,0.0,0,0,0,0.0,0.0,1.0,1.0,0.0,1.0,1.0,3420,342,342,342.0,342.0,0.502167702,0
7.2,17,57.6,3.205123179,0.0,0.0,0.0,0,0,0,0.0,0.0,0.9,0.9,0.1,0.9,0.9,3120,42,342,312.0,312.0,0.412333298,0
7.2,17,57.6,2.364083506,0.0,0.0,0.0,0,0,0,0.0,0.0,0.9,0.9,0.1,0.9,0.9,3120,42,342,312.0,312.0,0.528220987,0
8.0,17,64.0,2.601483855,0.0,0.0,0.0,0,0,0,0.0,0.0,1.0,1.0,0.0,1.0,1.0,3420,342,342,342.0,342.0,0.484823084,0
4.8,17,38.4,3.151242911,0.0,0.0,0.0,0,0,0,0.0,0.0,0.6,0.5,0.4,0.6,0.6,1968,42,342,196.8,196.8,0.317389703,0
8.0,17,64.0,1.991739486,0.0,0.0,0.0,0,0,0,0.0,0.0,1.0,1.0,0.0,1.0,1.0,3420,342,342,342.0,342.0,0.502164388,0
8.0,17,64.0,2.489022745,0.0,0.0,0.0,0,0,0,0.0,0.0,1.0,1.0,0.0,1.0,1.0,3420,342,342,342.0,342.0,0.401764894,0
8.0,17,62.0,2.815012581,0.0,0.0,0.0,0,0,0,0.0,0.0,1.0,0.6,0.0,1.0,1.0,2412,90,342,241.2,241.2,0.41028831,0
8.0,17,64.0,1.662092281,0.0,0.0,0.0,0,0,0,0.0,0.0,1.0,1.0,0.0,1.0,1.0,3420,342,342,342.0,342.0,0.601838112,0
7.2,17,57.6,3.282581447,0.0,0.0,0.0,0,0,0,0.0,0.0,0.9,0.9,0.1,0.9,0.9,3120,42,342,312.0,312.0,0.304702997,0
8.0,17,64.0,1.990548475,0.0,0.0,0.0,0,0,0,0.0,0.0,1.0,1.0,0.0,1.0,1.0,3420,342,342,342.0,342.0,0.502385783,0
8.0,17,64.0,2.490088309,0.0,0.0,0.0,0,0,0,0.0,0.0,1.0,1.0,0.0,1.0,1.0,3420,342,342,342.0,342.0,0.60220809,0
8.0,17,64.0,1.420599847,0.0,0.0,0.0,0,0,0,0.0,0.0,1.0,1.0,0.0,1.0,1.0,3420,342,342,342.0,342.0,0.796511292,0
7.2,17,57.6,2.490192387,0.0,0.0,0.0,0,0,0,0.0,0.0,0.9,0.9,0.1,0.9,0.9,3120,42,342,312.0,312.0,0.501902008,0
8.0,17,64.0,2.486991233,0.0,0.0,0.0,0,0,0,0.0,0.0,1.0,1.0,0.0,1.0,1.0,3420,342,342,342.0,342.0,0.4021137,0
8.0,17,64.0,1.661970244,0.0,0.0,0.0,0,0,0,0.0,0.0,1.0,1.0,0.0,1.0,1.0,3420,342,342,342.0,342.0,0.601697803,0
8.0,17,64.0,2.488243693,0.0,0.0,0.0,0,0,0,0.0,0.0,1.0,1.0,0.0,1.0,1.0,3420,342,342,342.0,342.0,0.401917791,0
8.0,17,64.0,1.660305198,0.0,0.0,0.0,0,0,0,0.0,0.0,1.0,1.0,0.0,1.0,1.0,3420,342,342,342.0,342.0,0.602354693,0
7.111111111,17,56.88888889,2.987742406,0.0,0.0,0.0,0,0,0,0.0,0.0,0.888888889,0.888888889,0.111111111,0.888888889,0.888888889,2778,42,342,308.6666667,308.6666667,0.334778229,0
7.2,17,57.6,2.937992125,0.0,0.0,0.0,0,0,0,0.0,0.0,0.9,0.9,0.1,0.9,0.9,3120,42,342,312.0,312.0,0.340368509,0
7.2,17,57.6,3.382595156,0.0,0.0,0.0,0,0,0,0.0,0.0,0.9,0.9,0.1,0.9,0.9,3120,42,342,312.0,312.0,0.396005797,0
7.2,17,57.6,2.091980624,0.0,0.0,0.0,0,0,0,0.0,0.0,0.9,0.9,0.1,0.9,0.9,3120,42,342,312.0,312.0,0.578339505,0
8.0,17,64.0,3.319463403,0.0,0.0,0.0,0,0,0,0.0,0.0,1.0,1.0,0.0,1.0,1.0,3420,342,342,342.0,342.0,0.50165832,0
8.0,17,64.0,3.313869776,0.0,0.0,0.0,0,0,0,0.0,0.0,1.0,1.0,0.0,1.0,1.0,3420,342,342,342.0,342.0,0.402169394,0
7.2,17,57.6,3.27468936,0.0,0.0,0.0,0,0,0,0.0,0.0,0.9,0.9,0.1,0.9,0.9,3120,42,342,312.0,312.0,0.401966786,0
7.2,17,57.6,1.683676562,0.0,0.0,0.0,0,0,0,0.0,0.0,0.9,0.9,0.1,0.9,0.9,3120,42,342,312.0,312.0,0.601962805,0
8.0,17,64.0,2.489325284,0.0,0.0,0.0,0,0,0,0.0,0.0,1.0,1.0,0.0,1.0,1.0,3420,342,342,342.0,342.0,0.602114582,0
5.6,17,51.2,2.387966161,0.0,0.0,0.0,0,0,0,0.0,0.0,0.7,0.7,0.2,0.8,0.8,2576,42,342,257.6,257.6,0.418920708,0
8.0,17,64.0,2.488974594,0.0,0.0,0.0,0,0,0,0.0,0.0,1.0,1.0,0.0,1.0,1.0,3420,342,342,342.0,342.0,0.40177269,0
8.0,17,64.0,1.659559579,0.0,0.0,0.0,0,0,0,0.0,0.0,1.0,1.0,0.0,1.0,1.0,3420,342,342,342.0,342.0,0.602569699,0
8.0,17,64.0,1.992467271,0.0,0.0,0.0,0,0,0,0.0,0.0,1.0,1.0,0.0,1.0,1.0,3420,342,342,342.0,342.0,0.602209997,0
8.0,17,64.0,2.488420842,0.0,0.0,0.0,0,0,0,0.0,0.0,1.0,1.0,0.0,1.0,1.0,3420,342,342,342.0,342.0,0.502187181,0
8.0,17,64.0,2.487373373,0.0,0.0,0.0,0,0,0,0.0,0.0,1.0,1.0,0.0,1.0,1.0,3420,342,342,342.0,342.0,0.502423,0
8.0,17,64.0,2.488478273,0.0,0.0,0.0,0,0,0,0.0,0.0,1.0,1.0,0.0,1.0,1.0,3420,342,342,342.0,342.0,0.401852012,0
6.4,17,51.2,2.823179084,0.0,0.0,0.0,0,0,0,0.0,0.0,0.8,0.8,0.2,0.8,0.8,2820,42,342,282.0,282.0,0.4545223,0
6.4,17,51.2,3.315586141,0.0,0.0,0.0,0,0,0,0.0,0.0,0.8,0.8,0.2,0.8,0.8,2820,42,342,282.0,282.0,0.301646495,0
8.0,17,64.0,1.991189365,0.0,0.0,0.0,0,0,0,0.0,0.0,1.0,1.0,0.0,1.0,1.0,3420,342,342,342.0,342.0,0.602513504,0
8.0,17,64.0,2.487667396,0.0,0.0,0.0,0,0,0,0.0,0.0,1.0,1.0,0.0,1.0,1.0,3420,342,342,342.0,342.0,0.40207808,0
8.0,17,64.0,2.484055433,0.0,0.0,0.0,0,0,0,0.0,0.0,1.0,1.0,0.0,1.0,1.0,3420,342,342,342.0,342.0,0.402574992,0
8.0,17,64.0,2.482098408,0.0,0.0,0.0,0,0,0,0.0,0.0,1.0,1.0,0.0,1.0,1.0,3420,342,342,342.0,342.0,0.503227496,0
8.0,17,64.0,1.660552221,0.0,0.0,0.0,0,0,0,0.0,0.0,1.0,1.0,0.0,1.0,1.0,3420,342,342,342.0,342.0,0.602230597,0
8.0,17,61.1,9.556482831,0.0,0.0,0.0,0,0,0,0.0,0.0,1.0,0.4,0.0,1.0,1.0,1908,90,342,190.8,190.8,0.104641104,0
8.0,17,64.0,2.490836122,0.0,0.0,0.0,0,0,0,0.0,0.0,1.0,1.0,0.0,1.0,1.0,3420,342,342,342.0,342.0,0.401559496,0
6.4,17,51.2,3.165021576,0.0,0.0,0.0,0,0,0,0.0,0.0,0.8,0.8,0.2,0.8,0.8,2820,42,342,282.0,282.0,0.494417119,0
8.0,17,64.0,3.343697726,0.0,0.0,0.0,0,0,0,0.0,0.0,1.0,1.0,0.0,1.0,1.0,3420,342,342,342.0,342.0,0.399312305,0
5.6,17,44.8,2.234448111,0.0,0.0,0.0,0,0,0,0.0,0.0,0.7,0.7,0.3,0.7,0.7,2520,42,342,252.0,252.0,0.545591021,0
8.0,17,64.0,1.99069066,0.0,0.0,0.0,0,0,0,0.0,0.0,1.0,1.0,0.0,1.0,1.0,3420,342,342,342.0,342.0,0.602709413,0
7.2,17,57.6,2.302964102,0.0,0.0,0.0,0,0,0,0.0,0.0,0.9,0.9,0.1,0.9,0.9,3120,42,342,312.0,312.0,0.534591722,0
8.0,17,64.0,3.316490882,0.0,0.0,0.0,0,0,0,0.0,0.0,1.0,1.0,0.0,1.0,1.0,3420,342,342,342.0,342.0,0.301600814,0
7.2,17,57.6,1.636562128,0.0,0.0,0.0,0,0,0,0.0,0.0,0.9,0.9,0.1,0.9,0.9,3120,42,342,312.0,312.0,0.6110394,0
8.0,17,64.0,2.488008419,0.0,0.0,0.0,0,0,0,0.0,0.0,1.0,1.0,0.0,1.0,1.0,3420,342,342,342.0,342.0,0.502326798,0
7.2,17,57.6,2.483605778,0.0,0.0,0.0,0,0,0,0.0,0.0,0.9,0.9,0.1,0.9,0.9,3120,42,342,312.0,312.0,0.402643394,0
8.0,17,64.0,2.489173415,0.0,0.0,0.0,0,0,0,0.0,0.0,1.0,1.0,0.0,1.0,1.0,3420,342,342,342.0,342.0,0.40174849,0
7.0,17,56.0,3.872143589,0.0,0.0,0.0,0,0,0,0.0,0.0,0.875,0.875,0.125,0.875,0.875,2436,42,342,304.5,304.5,0.383661002,0
8.0,17,64.0,1.992305716,0.0,0.0,0.0,0,0,0,0.0,0.0,1.0,1.0,0.0,1.0,1.0,3420,342,342,342.0,342.0,0.501937795,0
8.0,17,64.0,1.991657772,0.0,0.0,0.0,0,0,0,0.0,0.0,1.0,1.0,0.0,1.0,1.0,3420,342,342,342.0,342.0,0.502278304,0
7.2,17,57.1,2.815281076,0.0,0.0,0.0,0,0,0,0.0,0.0,0.9,0.7,0.1,0.9,0.9,2616,42,342,261.6,261.6,0.455612612,0
7.2,17,57.6,2.489879291,0.0,0.0,0.0,0,0,0,0.0,0.0,0.9,0.9,0.1,0.9,0.9,3120,42,342,312.0,312.0,0.401860499,0
8.0,17,64.0,1.661478455,0.0,0.0,0.0,0,0,0,0.0,0.0,1.0,1.0,0.0,1.0,1.0,3420,342,342,342.0,342.0,0.602049088,0
8.0,17,64.0,2.488192767,0.0,0.0,0.0,0,0,0,0.0,0.0,1.0,1.0,0.0,1.0,1.0,3420,342,342,342.0,342.0,0.502237415,0
7.2,17,57.6,1.992401776,0.0,0.0,0.0,0,0,0,0.0,0.0,0.9,0.9,0.1,0.9,0.9,3120,42,342,312.0,312.0,0.502062583,0
8.0,17,62.6,3.315836724,0.0,0.0,0.0,0,0,0,0.0,0.0,1.0,0.8,0.0,1.0,1.0,2916,90,342,291.6,291.6,0.301658106,0
8.0,17,64.0,1.99175216,0.0,0.0,0.0,0,0,0,0.0,0.0,1.0,1.0,0.0,1.0,1.0,3420,342,342,342.0,342.0,0.502102804,0
8.0,17,64.0,3.313235234,0.0,0.0,0.0,0,0,0,0.0,0.0,1.0,1.0,0.0,1.0,1.0,3420,342,342,342.0,342.0,0.398458791,0
8.0,17,64.0,1.991139076,0.0,0.0,0.0,0,0,0,0.0,0.0,1.0,1.0,0.0,1.0,1.0,3420,342,342,342.0,342.0,0.602573299,0
8.0,17,64.0,1.660188351,0.0,0.0,0.0,0,0,0,0.0,0.0,1.0,1.0,0.0,1.0,1.0,3420,342,342,342.0,342.0,0.702487898,0
7.2,17,56.2,2.051926915,0.0,0.0,0.0,0,0,0,0.0,0.0,0.9,0.8,0.1,0.9,0.9,2868,42,342,286.8,286.8,0.487348509,0
8.0,17,64.0,2.859448326,0.0,0.0,0.0,0,0,0,0.0,0.0,1.0,1.0,0.0,1.0,1.0,3420,342,342,342.0,342.0,0.349810791,0
8.0,17,64.0,1.991016108,0.0,0.0,0.0,0,0,0,0.0,0.0,1.0,1.0,0.0,1.0,1.0,3420,342,342,342.0,342.0,0.502290392,0
8.0,17,64.0,1.991150136,0.0,0.0,0.0,0,0,0,0.0,0.0,1.0,1.0,0.0,1.0,1.0,3420,342,342,342.0,342.0,0.502432299,0
8.0,17,64.0,1.992583604,0.0,0.0,0.0,0,0,0,0.0,0.0,1.0,1.0,0.0,1.0,1.0,3420,342,342,342.0,342.0,0.501868796,0
8.0,17,64.0,3.314079773,0.0,0.0,0.0,0,0,0,0.0,0.0,1.0,1.0,0.0,1.0,1.0,3420,342,342,342.0,342.0,0.301742887,0
8.0,17,64.0,2.487064083,0.0,0.0,0.0,0,0,0,0.0,0.0,1.0,1.0,0.0,1.0,1.0,3420,342,342,342.0,342.0,0.402080989,0
8.0,17,64.0,2.48715257,0.0,0.0,0.0,0,0,0,0.0,0.0,1.0,1.0,0.0,1.0,1.0,3420,342,342,342.0,342.0,0.40208981,0
8.0,17,64.0,1.99203784,0.0,0.0,0.0,0,0,0,0.0,0.0,1.0,1.0,0.0,1.0,1.0,3420,342,342,342.0,342.0,0.602351999,0
8.0,17,64.0,2.488542794,0.0,0.0,0.0,0,0,0,0.0,0.0,1.0,1.0,0.0,1.0,1.0,3420,342,342,342.0,342.0,0.5024333,0
8.0,17,64.0,1.992845282,0.0,0.0,0.0,0,0,0,0.0,0.0,1.0,1.0,0.0,1.0,1.0,3420,342,342,342.0,342.0,0.501908803,0
8.0,17,64.0,2.488773148,0.0,0.0,0.0,0,0,0,0.0,0.0,1.0,1.0,0.0,1.0,1.0,3420,342,342,342.0,342.0,0.401814318,0
6.4,17,51.2,2.895717273,0.0,0.0,0.0,0,0,0,0.0,0.0,0.8,0.8,0.2,0.8,0.8,2820,42,342,282.0,282.0,0.345337582,0
7.2,17,57.6,2.488197343,0.0,0.0,0.0,0,0,0,0.0,0.0,0.9,0.9,0.1,0.9,0.9,3120,42,342,312.0,312.0,0.502252102,0
8.0,17,64.0,3.314861865,0.0,0.0,0.0,0,0,0,0.0,0.0,1.0,1.0,0.0,1.0,1.0,3420,342,342,342.0,342.0,0.301671696,0
8.0,17,64.0,1.994081516,0.0,0.0,0.0,0,0,0,0.0,0.0,1.0,1.0,0.0,1.0,1.0,3420,342,342,342.0,342.0,0.601818609,0
6.4,17,49.9,4.976156754,0.0,0.0,0.0,0,0,0,0.0,0.0,0.8,0.6,0.2,0.8,0.8,2316,42,342,231.6,231.6,0.301295209,0
8.0,17,64.0,1.99150864,0.0,0.0,0.0,0,0,0,0.0,0.0,1.0,1.0,0.0,1.0,1.0,3420,342,342,342.0,342.0,0.502160001,0
5.6,17,51.2,2.532623888,0.0,0.0,0.0,0,0,0,0.0,0.0,0.7,0.7,0.2,0.8,0.8,2643,42,342,264.3,264.3,0.395334506,0
8.0,17,64.0,3.316549362,0.0,0.0,0.0,0,0,0,0.0,0.0,1.0,1.0,0.0,1.0,1.0,3420,342,342,342.0,342.0,0.401946402,0
7.2,17,57.6,3.316450498,0.0,0.0,0.0,0,0,0,0.0,0.0,0.9,0.9,0.1,0.9,0.9,3120,42,342,312.0,312.0,0.301747513,0
7.2,17,57.6,2.189700799,0.0,0.0,0.0,0,0,0,0.0,0.0,0.9,0.9,0.1,0.9,0.9,3120,42,342,312.0,312.0,0.50233779,0
6.4,17,51.2,3.377619569,0.0,0.0,0.0,0,0,0,0.0,0.0,0.8,0.8,0.2,0.8,0.8,2820,42,342,282.0,282.0,0.296256113,0
7.2,17,57.6,2.850005643,0.0,0.0,0.0,0,0,0,0.0,0.0,0.9,0.9,0.1,0.9,0.9,3120,42,342,312.0,312.0,0.451268578,0
8.0,17,64.0,1.991444342,0.0,0.0,0.0,0,0,0,0.0,0.0,1.0,1.0,0.0,1.0,1.0,3420,342,342,342.0,342.0,0.502327704,0
8.0,17,64.0,2.489067501,0.0,0.0,0.0,0,0,0,0.0,0.0,1.0,1.0,0.0,1.0,1.0,3420,342,342,342.0,342.0,0.401792479,0
8.0,17,64.0,2.488685136,0.0,0.0,0.0,0,0,0,0.0,0.0,1.0,1.0,0.0,1.0,1.0,3420,342,342,342.0,342.0,0.402016115,0
8.0,17,64.0,2.488134759,0.0,0.0,0.0,0,0,0,0.0,0.0,1.0,1.0,0.0,1.0,1.0,3420,342,342,342.0,342.0,0.602358389,0
5.6,17,44.8,1.672643855,0.0,0.0,0.0,0,0,0,0.0,0.0,0.7,0.7,0.3,0.7,0.7,2520,42,342,252.0,252.0,0.698212981,0
8.0,17,64.0,3.317414221,0.0,0.0,0.0,0,0,0,0.0,0.0,1.0,1.0,0.0,1.0,1.0,3420,342,342,342.0,342.0,0.301440382,0
6.4,17,51.2,3.31738772,0.0,0.0,0.0,0,0,0,0.0,0.0,0.8,0.8,0.2,0.8,0.8,2820,42,342,282.0,282.0,0.400309396,0
7.2,17,57.6,1.854628287,0.0,0.0,0.0,0,0,0,0.0,0.0,0.9,0.9,0.1,0.9,0.9,3120,42,342,312.0,312.0,0.539211011,0
8.0,17,64.0,2.488548995,0.0,0.0,0.0,0,0,0,0.0,0.0,1.0,1.0,0.0,1.0,1.0,3420,342,342,342.0,342.0,0.602132583,0
8.0,17,64.0,1.991482448,0.0,0.0,0.0,0,0,0,0.0,0.0,1.0,1.0,0.0,1.0,1.0,684,342,342,342.0,342.0,0.502182961,0
8.0,17,64.0,1.527317317,0.0,0.0,0.0,0,0,0,0.0,0.0,1.0,1.0,0.0,1.0,1.0,3420,342,342,342.0,342.0,0.754993296,0
8.0,17,64.0,1.661958588,0.0,0.0,0.0,0,0,0,0.0,0.0,1.0,1.0,0.0,1.0,1.0,3420,342,342,342.0,342.0,0.601717305,0
8.0,17,64.0,2.487609855,0.0,0.0,0.0,0,0,0,0.0,0.0,1.0,1.0,0.0,1.0,1.0,3420,342,342,342.0,342.0,0.502339697,0
8.0,17,64.0,2.490611597,0.0,0.0,0.0,0,0,0,0.0,0.0,1.0,1.0,0.0,1.0,1.0,3420,342,342,342.0,342.0,0.601909304,0
5.6,17,44.8,2.403732863,0.0,0.0,0.0,0,0,0,0.0,0.0,0.7,0.7,0.3,0.7,0.7,2520,42,342,252.0,252.0,0.516405797,0
8.0,17,64.0,2.487202126,0.0,0.0,0.0,0,0,0,0.0,0.0,1.0,1.0,0.0,1.0,1.0,3420,342,342,342.0,342.0,0.502407908,0
8.0,17,64.0,2.489467124,0.0,0.0,0.0,0,0,0,0.0,0.0,1.0,1.0,0.0,1.0,1.0,3420,342,342,342.0,342.0,0.401696086,0
7.2,17,57.6,1.714119487,0.0,0.0,0.0,0,0,0,0.0,0.0,0.9,0.9,0.1,0.9,0.9,3120,42,342,312.0,312.0,0.583623004,0
8.0,17,64.0,2.488248712,0.0,0.0,0.0,0,0,0,0.0,0.0,1.0,1.0,0.0,1.0,1.0,3420,342,342,342.0,342.0,0.502361989,0
8.0,17,64.0,2.488654864,0.0,0.0,0.0,0,0,0,0.0,0.0,1.0,1.0,0.0,1.0,1.0,3420,342,342,342.0,342.0,0.502231503,0
8.0,17,64.0,3.979770492,0.0,0.0,0.0,0,0,0,0.0,0.0,1.0,1.0,0.0,1.0,1.0,1368,342,342,342.0,342.0,0.502051055,0
7.2,17,57.6,2.600686199,0.0,0.0,0.0,0,0,0,0.0,0.0,0.9,0.9,0.1,0.9,0.9,3120,42,342,312.0,312.0,0.384791112,0
7.2,17,57.6,3.104365588,0.0,0.0,0.0,0,0,0,0.0,0.0,0.9,0.9,0.1,0.9,0.9,3120,42,342,312.0,312.0,0.414634919,0
8.0,17,64.0,2.489577948,0.0,0.0,0.0,0,0,0,0.0,0.0,1.0,1.0,0.0,1.0,1.0,3420,342,342,342.0,342.0,0.502035904,0
8.0,17,64.0,2.487031344,0.0,0.0,0.0,0,0,0,0.0,0.0,1.0,1.0,0.0,1.0,1.0,3420,342,342,342.0,342.0,0.402105403,0
8.0,17,64.0,1.991642262,0.0,0.0,0.0,0,0,0,0.0,0.0,1.0,1.0,0.0,1.0,1.0,3420,342,342,342.0,342.0,0.502169204,0
8.0,17,64.0,1.991680375,0.0,0.0,0.0,0,0,0,0.0,0.0,1.0,1.0,0.0,1.0,1.0,3420,342,342,342.0,342.0,0.502286887,0
8.0,17,64.0,1.662729038,0.0,0.0,0.0,0,0,0,0.0,0.0,1.0,1.0,0.0,1.0,1.0,3420,342,342,342.0,342.0,0.601612711,0
7.2,17,57.6,1.576105004,0.0,0.0,0.0,0,0,0,0.0,0.0,0.9,0.9,0.1,0.9,0.9,3120,42,342,312.0,312.0,0.734856391,0
8.0,17,64.0,2.48706541,0.0,0.0,0.0,0,0,0,0.0,0.0,1.0,1.0,0.0,1.0,1.0,3420,342,342,342.0,342.0,0.402080584,0
8.0,17,64.0,2.488672141,0.0,0.0,0.0,0,0,0,0.0,0.0,1.0,1.0,0.0,1.0,1.0,3420,342,342,342.0,342.0,0.502332807,0
8.0,17,64.0,3.318957765,0.0,0.0,0.0,0,0,0,0.0,0.0,1.0,1.0,0.0,1.0,1.0,3420,342,342,342.0,342.0,0.301299405,0
8.0,17,64.0,2.488799139,0.0,0.0,0.0,0,0,0,0.0,0.0,1.0,1.0,0.0,1.0,1.0,3420,342,342,342.0,342.0,0.502183509,0
8.0,17,64.0,1.991065634,0.0,0.0,0.0,0,0,0,0.0,0.0,1.0,1.0,0.0,1.0,1.0,3420,342,342,342.0,342.0,0.506560302,0
8.0,17,64.0,2.488596687,0.0,0.0,0.0,0,0,0,0.0,0.0,1.0,1.0,0.0,1.0,1.0,3420,342,342,342.0,342.0,0.401835895,0
8.0,17,64.0,2.538941692,0.0,0.0,0.0,0,0,0,0.0,0.0,1.0,1.0,0.0,1.0,1.0,3420,342,342,342.0,342.0,0.394034386,0
8.0,17,64.0,3.315671849,0.0,0.0,0.0,0,0,0,0.0,0.0,1.0,1.0,0.0,1.0,1.0,3420,342,342,342.0,342.0,0.401916599,0
8.0,17,64.0,1.989151233,0.0,0.0,0.0,0,0,0,0.0,0.0,1.0,1.0,0.0,1.0,1.0,3420,342,342,342.0,342.0,0.584992504,0
8.0,17,64.0,2.487687905,0.0,0.0,0.0,0,0,0,0.0,0.0,1.0,1.0,0.0,1.0,1.0,3420,342,342,342.0,342.0,0.402189994,0
8.0,17,64.0,3.316686786,0.0,0.0,0.0,0,0,0,0.0,0.0,1.0,1.0,0.0,1.0,1.0,3420,342,342,342.0,342.0,0.401951194,0
8.0,17,64.0,1.992606985,0.0,0.0,0.0,0,0,0,0.0,0.0,1.0,1.0,0.0,1.0,1.0,3420,342,342,342.0,342.0,0.502021503,0
4.8,17,43.4,3.831119608,0.0,0.0,0.0,0,0,0,0.0,0.0,0.6,0.5,0.3,0.7,0.7,2044,42,342,204.4,204.4,0.261193395,0
7.2,17,57.6,2.702460962,0.0,0.0,0.0,0,0,0,0.0,0.0,0.9,0.9,0.1,0.9,0.9,3120,42,342,312.0,312.0,0.470419693,0
8.0,17,60.8,7.742286563,0.0,0.0,0.0,0,0,0,0.0,0.0,1.0,0.2,0.0,1.0,1.0,1404,90,342,140.4,140.4,0.129161,0
8.0,17,64.0,1.991792264,0.0,0.0,0.0,0,0,0,0.0,0.0,1.0,1.0,0.0,1.0,1.0,3420,342,342,342.0,342.0,0.502241993,0
4.8,17,43.7,8.297110781,0.0,0.0,0.0,0,0,0,0.0,0.0,0.6,0.5,0.3,0.7,0.7,2044,42,342,204.4,204.4,0.320966887,0
8.0,17,64.0,3.316087607,0.0,0.0,0.0,0,0,0,0.0,0.0,1.0,1.0,0.0,1.0,1.0,3420,342,342,342.0,342.0,0.401898789,0
8.0,17,64.0,2.488358837,0.0,0.0,0.0,0,0,0,0.0,0.0,1.0,1.0,0.0,1.0,1.0,3420,342,342,342.0,342.0,0.602301192,0
8.0,17,64.0,1.99142373,0.0,0.0,0.0,0,0,0,0.0,0.0,1.0,1.0,0.0,1.0,1.0,3420,342,342,342.0,342.0,0.502154112,0
8.0,17,64.0,2.488308054,0.0,0.0,0.0,0,0,0,0.0,0.0,1.0,1.0,0.0,1.0,1.0,3420,342,342,342.0,342.0,0.402008295,0
7.2,17,57.6,3.006388507,0.0,0.0,0.0,0,0,0,0.0,0.0,0.9,0.9,0.1,0.9,0.9,3120,42,342,312.0,312.0,0.43306222,0
8.0,17,64.0,3.316443942,0.0,0.0,0.0,0,0,0,0.0,0.0,1.0,1.0,0.0,1.0,1.0,3420,342,342,342.0,342.0,0.401896691,0
8.0,17,64.0,3.314591522,0.0,0.0,0.0,0,0,0,0.0,0.0,1.0,1.0,0.0,1.0,1.0,3420,342,342,342.0,342.0,0.402063203,0
8.0,17,64.0,1.808351252,0.0,0.0,0.0,0,0,0,0.0,0.0,1.0,1.0,0.0,1.0,1.0,3420,342,342,342.0,342.0,0.552996612,0
8.0,17,64.0,3.318523957,0.0,0.0,0.0,0,0,0,0.0,0.0,1.0,1.0,0.0,1.0,1.0,3420,342,342,342.0,342.0,0.30136869,0
8.0,17,62.5,4.900843973,0.0,0.0,0.0,0,0,0,0.0,0.0,1.0,0.5,0.0,1.0,1.0,2160,90,342,216.0,216.0,0.40459919,0
8.0,17,64.0,2.486712851,0.0,0.0,0.0,0,0,0,0.0,0.0,1.0,1.0,0.0,1.0,1.0,3420,342,342,342.0,342.0,0.402222204,0
8.0,17,64.0,2.440316506,0.0,0.0,0.0,0,0,0,0.0,0.0,1.0,1.0,0.0,1.0,1.0,3420,342,342,342.0,342.0,0.510725021,0
7.2,17,57.6,4.088242321,0.0,0.0,0.0,0,0,0,0.0,0.0,0.9,0.9,0.1,0.9,0.9,3120,42,342,312.0,312.0,0.244761109,0
8.0,17,64.0,2.487244899,0.0,0.0,0.0,0,0,0,0.0,0.0,1.0,1.0,0.0,1.0,1.0,3420,342,342,342.0,342.0,0.402200603,0
8.0,17,64.0,1.991914004,0.0,0.0,0.0,0,0,0,0.0,0.0,1.0,1.0,0.0,1.0,1.0,3420,342,342,342.0,342.0,0.602360106,0
8.0,17,64.0,2.138382364,0.0,0.0,0.0,0,0,0,0.0,0.0,1.0,1.0,0.0,1.0,1.0,3420,342,342,342.0,342.0,0.567747903,0
8.0,17,64.0,3.316646135,0.0,0.0,0.0,0,0,0,0.0,0.0,1.0,1.0,0.0,1.0,1.0,3420,342,342,342.0,342.0,0.401960897,0
8.0,17,64.0,3.31445532,0.0,0.0,0.0,0,0,0,0.0,0.0,1.0,1.0,0.0,1.0,1.0,3420,342,342,342.0,342.0,0.402074409,0
7.2,17,57.6,2.620202446,0.0,0.0,0.0,0,0,0,0.0,0.0,0.9,0.9,0.1,0.9,0.9,3120,42,342,312.0,312.0,0.381649899,0
8.0,17,64.0,2.488302592,0.0,0.0,0.0,0,0,0,0.0,0.0,1.0,1.0,0.0,1.0,1.0,3420,342,342,342.0,342.0,0.502213097,0
6.4,17,51.2,1.873884558,0.0,0.0,0.0,0,0,0,0.0,0.0,0.8,0.8,0.2,0.8,0.8,2820,42,342,282.0,282.0,0.559232497,0
8.0,17,64.0,1.994076017,0.0,0.0,0.0,0,0,0,0.0,0.0,1.0,1.0,0.0,1.0,1.0,3420,342,342,342.0,342.0,0.501603889,0
8.0,17,64.0,1.661608188,0.0,0.0,0.0,0,0,0,0.0,0.0,1.0,1.0,0.0,1.0,1.0,3420,342,342,342.0,342.0,0.701978707,0
8.0,17,64.0,2.488968243,0.0,0.0,0.0,0,0,0,0.0,0.0,1.0,1.0,0.0,1.0,1.0,3420,342,342,342.0,342.0,0.602235889,0
8.0,17,64.0,2.489550019,0.0,0.0,0.0,0,0,0,0.0,0.0,1.0,1.0,0.0,1.0,1.0,3420,342,342,342.0,342.0,0.502047014,0
8.0,17,64.0,2.488439296,0.0,0.0,0.0,0,0,0,0.0,0.0,1.0,1.0,0.0,1.0,1.0,3420,342,342,342.0,342.0,0.502289605,0
8.0,17,64.0,1.991633561,0.0,0.0,0.0,0,0,0,0.0,0.0,1.0,1.0,0.0,1.0,1.0,3420,342,342,342.0,342.0,0.502100396,0
8.0,17,64.0,1.992389472,0.0,0.0,0.0,0,0,0,0.0,0.0,1.0,1.0,0.0,1.0,1.0,3420,342,342,342.0,342.0,0.501993012,0
7.2,17,57.6,1.992000565,0.0,0.0,0.0,0,0,0,0.0,0.0,0.9,0.9,0.1,0.9,0.9,3120,42,342,312.0,312.0,0.602384186,0
7.2,17,57.6,1.983400885,0.0,0.0,0.0,0,0,0,0.0,0.0,0.9,0.9,0.1,0.9,0.9,3120,42,342,312.0,312.0,0.604639602,0
8.0,17,64.0,2.48937404,0.0,0.0,0.0,0,0,0,0.0,0.0,1.0,1.0,0.0,1.0,1.0,3420,342,342,342.0,342.0,0.60217061,0
8.0,17,64.0,3.316133488,0.0,0.0,0.0,0,0,0,0.0,0.0,1.0,1.0,0.0,1.0,1.0,3420,342,342,342.0,342.0,0.301561308,0
8.0,17,64.0,2.195526058,0.0,0.0,0.0,0,0,0,0.0,0.0,1.0,1.0,0.0,1.0,1.0,3420,342,342,342.0,342.0,0.455472112,0
7.2,17,57.6,2.489476433,0.0,0.0,0.0,0,0,0,0.0,0.0,0.9,0.9,0.1,0.9,0.9,3120,42,342,312.0,312.0,0.401857781,0
8.0,17,64.0,2.486764748,0.0,0.0,0.0,0,0,0,0.0,0.0,1.0,1.0,0.0,1.0,1.0,3420,342,342,342.0,342.0,0.402130699,0
4.8,17,64.0,3.317599213,0.0,0.0,0.0,0,0,0,0.0,0.0,0.6,0.6,0.0,1.0,1.0,2444,98,342,244.4,244.4,0.301545382,0
8.0,17,64.0,3.314878108,0.0,0.0,0.0,0,0,0,0.0,0.0,1.0,1.0,0.0,1.0,1.0,3420,342,342,342.0,342.0,0.303926015,0
8.0,17,64.0,1.991442735,0.0,0.0,0.0,0,0,0,0.0,0.0,1.0,1.0,0.0,1.0,1.0,3420,342,342,342.0,342.0,0.596253514,0
8.0,17,64.0,2.037510601,0.0,0.0,0.0,0,0,0,0.0,0.0,1.0,1.0,0.0,1.0,1.0,3420,342,342,342.0,342.0,0.490901685,0
8.0,17,64.0,2.486558941,0.0,0.0,0.0,0,0,0,0.0,0.0,1.0,1.0,0.0,1.0,1.0,3420,342,342,342.0,342.0,0.402179599,0
7.2,17,57.6,1.732787508,0.0,0.0,0.0,0,0,0,0.0,0.0,0.9,0.9,0.1,0.9,0.9,3120,42,342,312.0,312.0,0.577183604,0
7.2,17,57.6,2.531577541,0.0,0.0,0.0,0,0,0,0.0,0.0,0.9,0.9,0.1,0.9,0.9,3120,42,342,312.0,312.0,0.395327711,0
7.2,17,57.6,2.458447828,0.0,0.0,0.0,0,0,0,0.0,0.0,0.9,0.9,0.1,0.9,0.9,3120,42,342,312.0,312.0,0.507021213,0
6.4,17,51.2,3.223860682,0.0,0.0,0.0,0,0,0,0.0,0.0,0.8,0.8,0.2,0.8,0.8,2820,42,342,282.0,282.0,0.310362816,0
6.0,17,48.0,11.011273,0.0,0.0,0.0,0,0,0,0.0,0.0,0.75,0.75,0.25,0.75,0.75,1068,42,342,267.0,267.0,0.341760278,0
8.0,17,64.0,3.308991315,0.0,0.0,0.0,0,0,0,0.0,0.0,1.0,1.0,0.0,1.0,1.0,3420,342,342,342.0,342.0,0.302206898,0
8.0,17,64.0,3.315477375,0.0,0.0,0.0,0,0,0,0.0,0.0,1.0,1.0,0.0,1.0,1.0,3420,342,342,342.0,342.0,0.301728702,0
8.0,17,64.0,2.487507172,0.0,0.0,0.0,0,0,0,0.0,0.0,1.0,1.0,0.0,1.0,1.0,3420,342,342,342.0,342.0,0.502281404,0
8.0,17,64.0,3.314413675,0.0,0.0,0.0,0,0,0,0.0,0.0,1.0,1.0,0.0,1.0,1.0,3420,342,342,342.0,342.0,0.402009487,0
7.2,17,57.6,1.679588563,0.0,0.0,0.0,0,0,0,0.0,0.0,0.9,0.9,0.1,0.9,0.9,3120,42,342,312.0,312.0,0.595455503,0
7.2,17,57.6,1.785604617,0.0,0.0,0.0,0,0,0,0.0,0.0,0.9,0.9,0.1,0.9,0.9,3120,42,342,312.0,312.0,0.602050805,0
8.0,17,64.0,1.991971994,0.0,0.0,0.0,0,0,0,0.0,0.0,1.0,1.0,0.0,1.0,1.0,3420,342,342,342.0,342.0,0.602358794,0
7.2,17,57.6,2.862877558,0.0,0.0,0.0,0,0,0,0.0,0.0,0.9,0.9,0.1,0.9,0.9,3120,42,342,312.0,312.0,0.449582815,0
8.0,17,64.0,1.992053357,0.0,0.0,0.0,0,0,0,0.0,0.0,1.0,1.0,0.0,1.0,1.0,3420,342,342,342.0,342.0,0.502128506,0
7.2,17,57.6,2.900633197,0.0,0.0,0.0,0,0,0,0.0,0.0,0.9,0.9,0.1,0.9,0.9,3120,42,342,312.0,312.0,0.344875002,0
7.2,17,57.6,2.508252893,0.0,0.0,0.0,0,0,0,0.0,0.0,0.9,0.8,0.1,0.9,0.9,2868,42,342,286.8,286.8,0.499152589,0
7.2,17,57.6,1.98871248,0.0,0.0,0.0,0,0,0,0.0,0.0,0.9,0.9,0.1,0.9,0.9,3120,42,342,312.0,312.0,0.552480984,0
8.0,17,64.0,3.315478423,0.0,0.0,0.0,0,0,0,0.0,0.0,1.0,1.0,0.0,1.0,1.0,3420,342,342,342.0,342.0,0.402142286,0
8.0,17,64.0,2.322955191,0.0,0.0,0.0,0,0,0,0.0,0.0,1.0,1.0,0.0,1.0,1.0,2394,342,342,342.0,342.0,0.430494002,0
8.0,17,64.0,3.3147762,0.0,0.0,0.0,0,0,0,0.0,0.0,1.0,1.0,0.0,1.0,1.0,3420,342,342,342.0,342.0,0.40214839,0
7.2,17,57.6,3.495502679,0.0,0.0,0.0,0,0,0,0.0,0.0,0.9,0.9,0.1,0.9,0.9,3120,42,342,312.0,312.0,0.386475086,0
8.0,17,64.0,2.487609117,0.0,0.0,0.0,0,0,0,0.0,0.0,1.0,1.0,0.0,1.0,1.0,3420,342,342,342.0,342.0,0.402076197,0
7.2,17,57.6,2.087068745,0.0,0.0,0.0,0,0,0,0.0,0.0,0.9,0.9,0.1,0.9,0.9,3120,42,342,312.0,312.0,0.479234004,0
8.0,17,64.0,2.487660019,0.0,0.0,0.0,0,0,0,0.0,0.0,1.0,1.0,0.0,1.0,1.0,3420,342,342,342.0,342.0,0.502214289,0
8.0,17,64.0,1.989736946,0.0,0.0,0.0,0,0,0,0.0,0.0,1.0,1.0,0.0,1.0,1.0,3420,342,342,342.0,342.0,0.502586794,0
7.2,17,57.6,4.052675161,0.0,0.0,0.0,0,0,0,0.0,0.0,0.9,0.9,0.1,0.9,0.9,3120,42,342,312.0,312.0,0.346888399,0
8.0,17,64.0,2.486880492,0.0,0.0,0.0,0,0,0,0.0,0.0,1.0,1.0,0.0,1.0,1.0,3420,342,342,342.0,342.0,0.402110982,0
8.0,17,64.0,3.314341128,0.0,0.0,0.0,0,0,0,0.0,0.0,1.0,1.0,0.0,1.0,1.0,3420,342,342,342.0,342.0,0.301724577,0
8.0,17,64.0,1.650278005,0.0,0.0,0.0,0,0,0,0.0,0.0,1.0,1.0,0.0,1.0,1.0,3420,342,342,342.0,342.0,0.70633409,0
8.0,17,64.0,3.316023637,0.0,0.0,0.0,0,0,0,0.0,0.0,1.0,1.0,0.0,1.0,1.0,3420,342,342,342.0,342.0,0.401890206,0
8.0,17,64.0,2.48709992,0.0,0.0,0.0,0,0,0,0.0,0.0,1.0,1.0,0.0,1.0,1.0,3420,342,342,342.0,342.0,0.502436113,0
8.0,17,64.0,2.487057447,0.0,0.0,0.0,0,0,0,0.0,0.0,1.0,1.0,0.0,1.0,1.0,3420,342,342,342.0,342.0,0.402105999,0
7.2,17,57.6,2.810449962,0.0,0.0,0.0,0,0,0,0.0,0.0,0.9,0.9,0.1,0.9,0.9,3120,42,342,312.0,312.0,0.456345105,0
8.0,17,64.0,1.661374604,0.0,0.0,0.0,0,0,0,0.0,0.0,1.0,1.0,0.0,1.0,1.0,3420,342,342,342.0,342.0,0.702225995,0
8.0,17,64.0,2.489103986,0.0,0.0,0.0,0,0,0,0.0,0.0,1.0,1.0,0.0,1.0,1.0,3420,342,342,342.0,342.0,0.501888609,0
7.2,17,57.6,2.428142131,0.0,0.0,0.0,0,0,0,0.0,0.0,0.9,0.9,0.1,0.9,0.9,3120,42,342,312.0,312.0,0.586815,0
8.0,17,64.0,2.324581407,0.0,0.0,0.0,0,0,0,0.0,0.0,1.0,1.0,0.0,1.0,1.0,2394,342,342,342.0,342.0,0.430304698,0
7.2,17,57.6,1.92747157,0.0,0.0,0.0,0,0,0,0.0,0.0,0.9,0.9,0.1,0.9,0.9,3120,42,342,312.0,312.0,0.519014883,0
6.4,17,61.1,9.843256215,0.0,0.0,0.0,0,0,0,0.0,0.0,0.8,0.4,0.2,0.8,0.8,1899,42,342,189.9,189.9,0.201936293,0
8.0,17,64.0,2.632422797,0.0,0.0,0.0,0,0,0,0.0,0.0,1.0,1.0,0.0,1.0,1.0,3420,342,342,342.0,342.0,0.379889488,0
8.0,17,61.2,4.677419193,0.0,0.0,0.0,0,0,0,0.0,0.0,1.0,0.6,0.0,1.0,1.0,2412,90,342,241.2,241.2,0.301157999,0
7.2,17,57.6,2.490152026,0.0,0.0,0.0,0,0,0,0.0,0.0,0.9,0.9,0.1,0.9,0.9,3120,42,342,312.0,312.0,0.502009606,0
8.0,17,64.0,2.489951867,0.0,0.0,0.0,0,0,0,0.0,0.0,1.0,1.0,0.0,1.0,1.0,3420,342,342,342.0,342.0,0.601989889,0
6.4,17,51.2,4.271142277,0.0,0.0,0.0,0,0,0,0.0,0.0,0.8,0.8,0.2,0.8,0.8,2820,42,342,282.0,282.0,0.334610105,0
8.0,17,64.0,1.991460984,0.0,0.0,0.0,0,0,0,0.0,0.0,1.0,1.0,0.0,1.0,1.0,3420,342,342,342.0,342.0,0.602356601,0
8.0,17,64.0,3.97706479,0.0,0.0,0.0,0,0,0,0.0,0.0,1.0,1.0,0.0,1.0,1.0,1368,342,342,342.0,342.0,0.251460493,0
7.2,17,57.6,2.447335197,0.0,0.0,0.0,0,0,0,0.0,0.0,0.9,0.9,0.1,0.9,0.9,3120,42,342,312.0,312.0,0.408655691,0
8.0,17,64.0,3.314757338,0.0,0.0,0.0,0,0,0,0.0,0.0,1.0,1.0,0.0,1.0,1.0,3420,342,342,342.0,342.0,0.301681209,0
4.8,17,68.5,5.038910569,0.0,0.0,0.0,0,0,0,0.0,0.0,0.6,0.4,0.0,1.0,1.0,1924,74,342,192.4,192.4,0.204494095,0
7.2,17,61.3,3.860801055,0.0,0.0,0.0,0,0,0,0.0,0.0,0.9,0.7,0.0,1.0,1.0,2692,90,342,269.2,269.2,0.359426999,0
8.0,17,64.0,2.489046969,0.0,0.0,0.0,0,0,0,0.0,0.0,1.0,1.0,0.0,1.0,1.0,3420,342,342,342.0,342.0,0.4018543,0
8.0,17,64.0,3.317199604,0.0,0.0,0.0,0,0,0,0.0,0.0,1.0,1.0,0.0,1.0,1.0,3420,342,342,342.0,342.0,0.401907706,0
8.0,17,64.0,2.488713045,0.0,0.0,0.0,0,0,0,0.0,0.0,1.0,1.0,0.0,1.0,1.0,3420,342,342,342.0,342.0,0.401814294,0
8.0,17,64.0,2.487974918,0.0,0.0,0.0,0,0,0,0.0,0.0,1.0,1.0,0.0,1.0,1.0,3420,342,342,342.0,342.0,0.502369213,0
8.0,17,64.0,1.990819919,0.0,0.0,0.0,0,0,0,0.0,0.0,1.0,1.0,0.0,1.0,1.0,3420,342,342,342.0,342.0,0.50230689,0
8.0,17,64.0,2.487830149,0.0,0.0,0.0,0,0,0,0.0,0.0,1.0,1.0,0.0,1.0,1.0,3420,342,342,342.0,342.0,0.402022815,0
8.0,17,64.0,1.812407471,0.0,0.0,0.0,0,0,0,0.0,0.0,1.0,1.0,0.0,1.0,1.0,3420,342,342,342.0,342.0,0.551837993,0
8.0,17,64.0,1.991415031,0.0,0.0,0.0,0,0,0,0.0,0.0,1.0,1.0,0.0,1.0,1.0,3420,342,342,342.0,342.0,0.602349591,0
8.0,17,64.0,1.99165815,0.0,0.0,0.0,0,0,0,0.0,0.0,1.0,1.0,0.0,1.0,1.0,3420,342,342,342.0,342.0,0.511608601,0
8.0,17,64.0,2.488817156,0.0,0.0,0.0,0,0,0,0.0,0.0,1.0,1.0,0.0,1.0,1.0,3420,342,342,342.0,342.0,0.50212841,0
8.0,17,64.0,2.486761652,0.0,0.0,0.0,0,0,0,0.0,0.0,1.0,1.0,0.0,1.0,1.0,3420,342,342,342.0,342.0,0.502385998,0
7.2,17,57.6,2.180232937,0.0,0.0,0.0,0,0,0,0.0,0.0,0.9,0.9,0.1,0.9,0.9,3120,42,342,312.0,312.0,0.55892508,0
8.0,17,63.1,2.07437423,0.0,0.0,0.0,0,0,0,0.0,0.0,1.0,0.8,0.0,1.0,1.0,2916,90,342,291.6,291.6,0.505196905,0
6.4,17,51.2,1.662540016,0.0,0.0,0.0,0,0,0,0.0,0.0,0.8,0.8,0.2,0.8,0.8,2820,42,342,282.0,282.0,0.601640797,0
6.4,17,51.2,2.661139376,0.0,0.0,0.0,0,0,0,0.0,0.0,0.8,0.8,0.2,0.8,0.8,2820,42,342,282.0,282.0,0.375780797,0
8.0,17,64.0,2.488964551,0.0,0.0,0.0,0,0,0,0.0,0.0,1.0,1.0,0.0,1.0,1.0,3420,342,342,342.0,342.0,0.4026371,0
8.0,17,64.0,3.315209028,0.0,0.0,0.0,0,0,0,0.0,0.0,1.0,1.0,0.0,1.0,1.0,3420,342,342,342.0,342.0,0.401974702,0
7.2,17,57.6,3.274611894,0.0,0.0,0.0,0,0,0,0.0,0.0,0.9,0.9,0.1,0.9,0.9,3120,42,342,312.0,312.0,0.405779886,0
8.0,17,64.0,2.487793701,0.0,0.0,0.0,0,0,0,0.0,0.0,1.0,1.0,0.0,1.0,1.0,3420,342,342,342.0,342.0,0.402157402,0
8.0,17,64.0,2.984596358,0.0,0.0,0.0,0,0,0,0.0,0.0,1.0,1.0,0.0,1.0,1.0,1026,342,342,342.0,342.0,0.669713974,0
8.0,17,64.0,2.678278254,0.0,0.0,0.0,0,0,0,0.0,0.0,1.0,1.0,0.0,1.0,1.0,3420,342,342,342.0,342.0,0.473703909,0
7.2,17,57.6,2.487683479,0.0,0.0,0.0,0,0,0,0.0,0.0,0.9,0.9,0.1,0.9,0.9,3120,42,342,312.0,312.0,0.401981592,0
8.0,17,64.0,1.660520533,0.0,0.0,0.0,0,0,0,0.0,0.0,1.0,1.0,0.0,1.0,1.0,3420,342,342,342.0,342.0,0.602255106,0
8.0,17,64.0,2.487301096,0.0,0.0,0.0,0,0,0,0.0,0.0,1.0,1.0,0.0,1.0,1.0,3420,342,342,342.0,342.0,0.502275419,0
8.0,17,64.0,2.489987195,0.0,0.0,0.0,0,0,0,0.0,0.0,1.0,1.0,0.0,1.0,1.0,3420,342,342,342.0,342.0,0.401616883,0
8.0,17,64.0,3.313783114,0.0,0.0,0.0,0,0,0,0.0,0.0,1.0,1.0,0.0,1.0,1.0,3420,342,342,342.0,342.0,0.4020818,0
8.0,17,64.0,1.993499969,0.0,0.0,0.0,0,0,0,0.0,0.0,1.0,1.0,0.0,1.0,1.0,3420,342,342,342.0,342.0,0.602072501,0
7.2,17,57.6,1.549278825,0.0,0.0,0.0,0,0,0,0.0,0.0,0.9,0.9,0.1,0.9,0.9,3120,42,342,312.0,312.0,0.745796108,0
8.0,17,64.0,2.489665432,0.0,0.0,0.0,0,0,0,0.0,0.0,1.0,1.0,0.0,1.0,1.0,3420,342,342,342.0,342.0,0.401896787,0
6.4,17,51.2,3.310192864,0.0,0.0,0.0,0,0,0,0.0,0.0,0.8,0.8,0.2,0.8,0.8,2820,42,342,282.0,282.0,0.402030301,0
7.2,17,62.6,2.654017904,0.0,0.0,0.0,0,0,0,0.0,0.0,0.9,0.7,0.0,1.0,1.0,2692,90,342,269.2,269.2,0.376788902,0
7.2,17,57.6,3.318484311,0.0,0.0,0.0,0,0,0,0.0,0.0,0.9,0.9,0.1,0.9,0.9,3120,42,342,312.0,312.0,0.473882508,0
8.0,17,64.0,2.491664016,0.0,0.0,0.0,0,0,0,0.0,0.0,1.0,1.0,0.0,1.0,1.0,3420,342,342,342.0,342.0,0.401465607,0
8.0,17,64.0,1.434416651,0.0,0.0,0.0,0,0,0,0.0,0.0,1.0,1.0,0.0,1.0,1.0,3420,342,342,342.0,342.0,0.797427106,0
8.0,17,64.0,2.489617699,0.0,0.0,0.0,0,0,0,0.0,0.0,1.0,1.0,0.0,1.0,1.0,3420,342,342,342.0,342.0,0.601954889,0
8.0,17,64.0,2.487591855,0.0,0.0,0.0,0,0,0,0.0,0.0,1.0,1.0,0.0,1.0,1.0,3420,342,342,342.0,342.0,0.401995301,0
8.0,17,64.0,1.990928215,0.0,0.0,0.0,0,0,0,0.0,0.0,1.0,1.0,0.0,1.0,1.0,3420,342,342,342.0,342.0,0.60261519,0
8.0,17,64.0,1.99252643,0.0,0.0,0.0,0,0,0,0.0,0.0,1.0,1.0,0.0,1.0,1.0,3420,342,342,342.0,342.0,0.501954198,0
7.2,17,57.6,1.114163164,0.0,0.0,0.0,0,0,0,0.0,0.0,0.9,0.9,0.1,0.9,0.9,3120,42,342,312.0,312.0,0.897754002,0
5.6,17,60.2,7.921713308,0.0,0.0,0.0,0,0,0,0.0,0.0,0.7,0.3,0.2,0.8,0.8,1548,42,342,154.8,154.8,0.126235318,0
8.0,17,64.0,3.314628718,0.0,0.0,0.0,0,0,0,0.0,0.0,1.0,1.0,0.0,1.0,1.0,3420,342,342,342.0,342.0,0.40203011,0
7.2,17,57.6,2.517260953,0.0,0.0,0.0,0,0,0,0.0,0.0,0.9,0.9,0.1,0.9,0.9,3120,42,342,312.0,312.0,0.397359085,0
8.0,17,64.0,2.487842544,0.0,0.0,0.0,0,0,0,0.0,0.0,1.0,1.0,0.0,1.0,1.0,3420,342,342,342.0,342.0,0.401976919,0
8.0,17,64.0,3.31766613,0.0,0.0,0.0,0,0,0,0.0,0.0,1.0,1.0,0.0,1.0,1.0,3420,342,342,342.0,342.0,0.401957297,0
8.0,17,64.0,2.445426172,0.0,0.0,0.0,0,0,0,0.0,0.0,1.0,1.0,0.0,1.0,1.0,3420,342,342,342.0,342.0,0.408931589,0
7.2,17,57.6,3.087008544,0.0,0.0,0.0,0,0,0,0.0,0.0,0.9,0.9,0.1,0.9,0.9,3120,42,342,312.0,312.0,0.424440408,0
7.2,17,57.6,3.496445913,0.0,0.0,0.0,0,0,0,0.0,0.0,0.9,0.9,0.1,0.9,0.9,3120,42,342,312.0,312.0,0.286229801,0
7.2,17,57.6,1.514773533,0.0,0.0,0.0,0,0,0,0.0,0.0,0.9,0.9,0.1,0.9,0.9,3120,42,342,312.0,312.0,0.660294986,0
4.8,17,64.0,5.029811525,0.0,0.0,0.0,0,0,0,0.0,0.0,0.6,0.6,0.0,1.0,1.0,2444,98,342,244.4,244.4,0.199018312,0
8.0,17,64.0,2.488592257,0.0,0.0,0.0,0,0,0,0.0,0.0,1.0,1.0,0.0,1.0,1.0,3420,342,342,342.0,342.0,0.469340014,0
8.0,17,64.0,2.234054288,0.0,0.0,0.0,0,0,0,0.0,0.0,1.0,1.0,0.0,1.0,1.0,3420,342,342,342.0,342.0,0.447677588,0
8.0,17,64.0,2.489750262,0.0,0.0,0.0,0,0,0,0.0,0.0,1.0,1.0,0.0,1.0,1.0,3420,342,342,342.0,342.0,0.401743197,0
8.0,17,64.0,2.799319242,0.0,0.0,0.0,0,0,0,0.0,0.0,1.0,1.0,0.0,1.0,1.0,3420,342,342,342.0,342.0,0.384228015,0
7.2,17,57.6,3.379933659,0.0,0.0,0.0,0,0,0,0.0,0.0,0.9,0.9,0.1,0.9,0.9,3120,42,342,312.0,312.0,0.396205616,0
7.2,17,57.6,1.993806054,0.0,0.0,0.0,0,0,0,0.0,0.0,0.9,0.9,0.1,0.9,0.9,3120,42,342,312.0,312.0,0.601929784,0
8.0,17,64.0,2.528788356,0.0,0.0,0.0,0,0,0,0.0,0.0,1.0,1.0,0.0,1.0,1.0,3420,342,342,342.0,342.0,0.478777003,0
6.4,17,51.2,3.315631222,0.0,0.0,0.0,0,0,0,0.0,0.0,0.8,0.8,0.2,0.8,0.8,2820,42,342,282.0,282.0,0.401941395,0
8.0,17,64.0,2.485642809,0.0,0.0,0.0,0,0,0,0.0,0.0,1.0,1.0,0.0,1.0,1.0,3420,342,342,342.0,342.0,0.402310419,0
8.0,17,64.0,1.993186022,0.0,0.0,0.0,0,0,0,0.0,0.0,1.0,1.0,0.0,1.0,1.0,3420,342,342,342.0,342.0,0.602070808,0
7.2,17,57.6,1.992364486,0.0,0.0,0.0,0,0,0,0.0,0.0,0.9,0.9,0.1,0.9,0.9,3120,42,342,312.0,312.0,0.502157593,0
8.0,17,64.0,2.488976367,0.0,0.0,0.0,0,0,0,0.0,0.0,1.0,1.0,0.0,1.0,1.0,3420,342,342,342.0,342.0,0.602073288,0
8.0,17,64.0,2.487760943,0.0,0.0,0.0,0,0,0,0.0,0.0,1.0,1.0,0.0,1.0,1.0,3420,342,342,342.0,342.0,0.50238688,0
7.2,17,57.6,1.915575551,0.0,0.0,0.0,0,0,0,0.0,0.0,0.9,0.9,0.1,0.9,0.9,3120,42,342,312.0,312.0,0.522156906,0
7.2,17,57.6,2.761941882,0.0,0.0,0.0,0,0,0,0.0,0.0,0.9,0.9,0.1,0.9,0.9,3120,42,342,312.0,312.0,0.362358189,0
8.0,17,64.0,2.491609546,0.0,0.0,0.0,0,0,0,0.0,0.0,1.0,1.0,0.0,1.0,1.0,3420,342,342,342.0,342.0,0.401568389,0
8.0,17,64.0,3.316870648,0.0,0.0,0.0,0,0,0,0.0,0.0,1.0,1.0,0.0,1.0,1.0,3420,342,342,342.0,342.0,0.401777816,0
8.0,17,64.0,3.318091051,0.0,0.0,0.0,0,0,0,0.0,0.0,1.0,1.0,0.0,1.0,1.0,3420,342,342,342.0,342.0,0.40173471,0
6.4,17,51.2,3.31608079,0.0,0.0,0.0,0,0,0,0.0,0.0,0.8,0.8,0.2,0.8,0.8,2820,42,342,282.0,282.0,0.401884913,0
8.0,17,64.0,2.487651904,0.0,0.0,0.0,0,0,0,0.0,0.0,1.0,1.0,0.0,1.0,1.0,3420,342,342,342.0,342.0,0.402119684,0
8.0,17,64.0,2.488935454,0.0,0.0,0.0,0,0,0,0.0,0.0,1.0,1.0,0.0,1.0,1.0,3420,342,342,342.0,342.0,0.502215886,0
8.0,17,64.0,1.989235006,0.0,0.0,0.0,0,0,0,0.0,0.0,1.0,1.0,0.0,1.0,1.0,3420,342,342,342.0,342.0,0.502801704,0
8.0,17,64.0,2.488552539,0.0,0.0,0.0,0,0,0,0.0,0.0,1.0,1.0,0.0,1.0,1.0,3420,342,342,342.0,342.0,0.401980114,0
8.0,17,64.0,1.661163521,0.0,0.0,0.0,0,0,0,0.0,0.0,1.0,1.0,0.0,1.0,1.0,3420,342,342,342.0,342.0,0.602117801,0
8.0,17,61.2,5.195698511,0.0,0.0,0.0,0,0,0,0.0,0.0,1.0,0.6,0.0,1.0,1.0,2412,90,342,241.2,241.2,0.2738868,0
8.0,17,64.0,2.489033823,0.0,0.0,0.0,0,0,0,0.0,0.0,1.0,1.0,0.0,1.0,1.0,3420,342,342,342.0,342.0,0.502117515,0
7.2,17,57.6,2.428627611,0.0,0.0,0.0,0,0,0,0.0,0.0,0.9,0.9,0.1,0.9,0.9,3120,42,342,312.0,312.0,0.512007999,0
8.0,17,64.0,3.381905392,0.0,0.0,0.0,0,0,0,0.0,0.0,1.0,1.0,0.0,1.0,1.0,3420,342,342,342.0,342.0,0.396008515,0
7.2,17,57.6,1.824942405,0.0,0.0,0.0,0,0,0,0.0,0.0,0.9,0.9,0.1,0.9,0.9,3120,42,342,312.0,312.0,0.547962499,0
8.0,17,64.0,2.489056866,0.0,0.0,0.0,0,0,0,0.0,0.0,1.0,1.0,0.0,1.0,1.0,3420,342,342,342.0,342.0,0.401959395,0
7.2,17,57.6,1.993369698,0.0,0.0,0.0,0,0,0,0.0,0.0,0.9,0.9,0.1,0.9,0.9,3120,42,342,312.0,312.0,0.501847792,0
6.4,17,49.9,3.315136707,0.0,0.0,0.0,0,0,0,0.0,0.0,0.8,0.6,0.2,0.8,0.8,2316,42,342,231.6,231.6,0.401962399,0
8.0,17,64.0,2.48796444,0.0,0.0,0.0,0,0,0,0.0,0.0,1.0,1.0,0.0,1.0,1.0,3420,342,342,342.0,342.0,0.502258015,0
8.0,17,64.0,2.488324735,0.0,0.0,0.0,0,0,0,0.0,0.0,1.0,1.0,0.0,1.0,1.0,3420,342,342,342.0,342.0,0.401981306,0
6.4,17,51.2,2.070368982,0.0,0.0,0.0,0,0,0,0.0,0.0,0.8,0.8,0.2,0.8,0.8,2820,42,342,282.0,282.0,0.483205199,0
8.0,17,64.0,1.99139319,0.0,0.0,0.0,0,0,0,0.0,0.0,1.0,1.0,0.0,1.0,1.0,3420,342,342,342.0,342.0,0.502167988,0
8.0,17,64.0,1.992020716,0.0,0.0,0.0,0,0,0,0.0,0.0,1.0,1.0,0.0,1.0,1.0,3420,342,342,342.0,342.0,0.502209997,0
8.0,17,64.0,2.490432362,0.0,0.0,0.0,0,0,0,0.0,0.0,1.0,1.0,0.0,1.0,1.0,3420,342,342,342.0,342.0,0.601763487,0
7.2,17,57.6,3.095115739,0.0,0.0,0.0,0,0,0,0.0,0.0,0.9,0.9,0.1,0.9,0.9,3120,42,342,312.0,312.0,0.423450398,0
8.0,17,64.0,2.487723612,0.0,0.0,0.0,0,0,0,0.0,0.0,1.0,1.0,0.0,1.0,1.0,3420,342,342,342.0,342.0,0.5023458,0
7.2,17,57.6,2.058023115,0.0,0.0,0.0,0,0,0,0.0,0.0,0.9,0.9,0.1,0.9,0.9,3120,42,342,312.0,312.0,0.585604596,0
8.0,17,64.0,1.466327499,0.0,0.0,0.0,0,0,0,0.0,0.0,1.0,1.0,0.0,1.0,1.0,3420,342,342,342.0,342.0,0.782282782,0
8.0,17,64.0,1.991375699,0.0,0.0,0.0,0,0,0,0.0,0.0,1.0,1.0,0.0,1.0,1.0,3420,342,342,342.0,342.0,0.602315807,0
8.0,17,64.0,3.318146175,0.0,0.0,0.0,0,0,0,0.0,0.0,1.0,1.0,0.0,1.0,1.0,3420,342,342,342.0,342.0,0.501845384,0
8.0,17,64.0,1.990794123,0.0,0.0,0.0,0,0,0,0.0,0.0,1.0,1.0,0.0,1.0,1.0,3420,342,342,342.0,342.0,0.502365613,0
7.2,17,57.6,2.566901682,0.0,0.0,0.0,0,0,0,0.0,0.0,0.9,0.9,0.1,0.9,0.9,3120,42,342,312.0,312.0,0.489997005,0
6.4,17,51.2,3.320050926,0.0,0.0,0.0,0,0,0,0.0,0.0,0.8,0.8,0.2,0.8,0.8,2820,42,342,282.0,282.0,0.301223207,0
8.0,17,64.0,3.318680188,0.0,0.0,0.0,0,0,0,0.0,0.0,1.0,1.0,0.0,1.0,1.0,3420,342,342,342.0,342.0,0.501999807,0
6.4,17,51.2,3.217764085,0.0,0.0,0.0,0,0,0,0.0,0.0,0.8,0.8,0.2,0.8,0.8,2820,42,342,282.0,282.0,0.335188508,0
8.0,17,64.0,1.991798223,0.0,0.0,0.0,0,0,0,0.0,0.0,1.0,1.0,0.0,1.0,1.0,3420,342,342,342.0,342.0,0.6025105,0
8.0,17,64.0,3.318142763,0.0,0.0,0.0,0,0,0,0.0,0.0,1.0,1.0,0.0,1.0,1.0,3420,342,342,342.0,342.0,0.501918793,0
8.0,17,64.0,2.490839967,0.0,0.0,0.0,0,0,0,0.0,0.0,1.0,1.0,0.0,1.0,1.0,3420,342,342,342.0,342.0,0.401655984,0
8.0,17,64.0,2.004216482,0.0,0.0,0.0,0,0,0,0.0,0.0,1.0,1.0,0.0,1.0,1.0,3420,342,342,342.0,342.0,0.499191689,0
8.0,17,64.0,1.991320296,0.0,0.0,0.0,0,0,0,0.0,0.0,1.0,1.0,0.0,1.0,1.0,3420,342,342,342.0,342.0,0.502262497,0
8.0,17,64.0,999.0402541,0.0,0.0,0.0,0,0,0,0.0,0.0,1.0,1.0,0.0,1.0,1.0,1026,342,342,342.0,342.0,0.335515658,0
5.6,17,43.5,4.805352091,0.0,0.0,0.0,0,0,0,0.0,0.0,0.7,0.5,0.3,0.7,0.7,2016,42,342,201.6,201.6,0.208262181,0
8.0,17,64.0,1.99118029,0.0,0.0,0.0,0,0,0,0.0,0.0,1.0,1.0,0.0,1.0,1.0,3420,342,342,342.0,342.0,0.502234507,0
8.0,17,64.0,2.487182215,0.0,0.0,0.0,0,0,0,0.0,0.0,1.0,1.0,0.0,1.0,1.0,3420,342,342,342.0,342.0,0.502462506,0
8.0,17,64.0,2.489320852,0.0,0.0,0.0,0,0,0,0.0,0.0,1.0,1.0,0.0,1.0,1.0,3420,342,342,342.0,342.0,0.502074695,0
6.4,17,51.2,4.973006146,0.0,0.0,0.0,0,0,0,0.0,0.0,0.8,0.8,0.2,0.8,0.8,1410,42,342,282.0,282.0,0.401738214,0
6.4,17,51.2,2.984717419,0.0,0.0,0.0,0,0,0,0.0,0.0,0.8,0.8,0.2,0.8,0.8,2820,42,342,282.0,282.0,0.435407901,0
6.4,17,61.0,9.419832903,0.0,0.0,0.0,0,0,0,0.0,0.0,0.8,0.4,0.2,0.8,0.8,1899,42,342,189.9,189.9,0.206468701,0
8.0,17,64.0,2.487401843,0.0,0.0,0.0,0,0,0,0.0,0.0,1.0,1.0,0.0,1.0,1.0,3420,342,342,342.0,342.0,0.502392006,0
8.0,17,64.0,2.487411727,0.0,0.0,0.0,0,0,0,0.0,0.0,1.0,1.0,0.0,1.0,1.0,3420,342,342,342.0,342.0,0.402024317,0
7.2,17,57.6,2.55888049,0.0,0.0,0.0,0,0,0,0.0,0.0,0.9,0.9,0.1,0.9,0.9,3120,42,342,312.0,312.0,0.491218686,0
6.4,17,51.2,2.157578769,0.0,0.0,0.0,0,0,0,0.0,0.0,0.8,0.8,0.2,0.8,0.8,2820,42,342,282.0,282.0,0.502736616,0
8.0,17,64.0,2.48700716,0.0,0.0,0.0,0,0,0,0.0,0.0,1.0,1.0,0.0,1.0,1.0,3420,342,342,342.0,342.0,0.402091599,0
7.2,17,57.6,2.597223167,0.0,0.0,0.0,0,0,0,0.0,0.0,0.9,0.9,0.1,0.9,0.9,3120,42,342,312.0,312.0,0.485367799,0
7.2,17,57.6,2.489168983,0.0,0.0,0.0,0,0,0,0.0,0.0,0.9,0.9,0.1,0.9,0.9,3120,42,342,312.0,312.0,0.502096605,0
8.0,17,64.0,2.489001771,0.0,0.0,0.0,0,0,0,0.0,0.0,1.0,1.0,0.0,1.0,1.0,3420,342,342,342.0,342.0,0.502143192,0
7.2,17,57.6,2.272179953,0.0,0.0,0.0,0,0,0,0.0,0.0,0.9,0.9,0.1,0.9,0.9,3120,42,342,312.0,312.0,0.440105987,0
7.2,17,57.6,2.774312233,0.0,0.0,0.0,0,0,0,0.0,0.0,0.9,0.9,0.1,0.9,0.9,3120,42,342,312.0,312.0,0.360461092,0
8.0,17,63.1,7.558253712,0.0,0.0,0.0,0,0,0,0.0,0.0,1.0,0.5,0.0,1.0,1.0,2160,90,342,216.0,216.0,0.205077195,0
8.0,17,64.0,2.487614871,0.0,0.0,0.0,0,0,0,0.0,0.0,1.0,1.0,0.0,1.0,1.0,3420,342,342,342.0,342.0,0.401991796,0
8.0,17,64.0,1.661375723,0.0,0.0,0.0,0,0,0,0.0,0.0,1.0,1.0,0.0,1.0,1.0,3420,342,342,342.0,342.0,0.602036095,0
7.2,17,57.6,2.635931031,0.0,0.0,0.0,0,0,0,0.0,0.0,0.9,0.9,0.1,0.9,0.9,3120,42,342,312.0,312.0,0.402451086,0
6.4,17,51.2,2.299831303,0.0,0.0,0.0,0,0,0,0.0,0.0,0.8,0.8,0.2,0.8,0.8,2820,42,342,282.0,282.0,0.505116582,0
8.0,17,64.0,2.486276382,0.0,0.0,0.0,0,0,0,0.0,0.0,1.0,1.0,0.0,1.0,1.0,3420,342,342,342.0,342.0,0.402397299,0
7.2,17,57.6,1.992545834,0.0,0.0,0.0,0,0,0,0.0,0.0,0.9,0.9,0.1,0.9,0.9,3120,42,342,312.0,312.0,0.660895109,0
7.2,17,57.6,2.487293131,0.0,0.0,0.0,0,0,0,0.0,0.0,0.9,0.9,0.1,0.9,0.9,3120,42,342,312.0,312.0,0.4022017,0
7.2,17,57.6,1.992809491,0.0,0.0,0.0,0,0,0,0.0,0.0,0.9,0.9,0.1,0.9,0.9,3120,42,342,312.0,312.0,0.506507397,0
8.0,17,64.0,2.488333445,0.0,0.0,0.0,0,0,0,0.0,0.0,1.0,1.0,0.0,1.0,1.0,3420,342,342,342.0,342.0,0.421604514,0
8.0,17,64.0,1.991292501,0.0,0.0,0.0,0,0,0,0.0,0.0,1.0,1.0,0.0,1.0,1.0,3420,342,342,342.0,342.0,0.502258992,0
8.0,17,64.0,2.486387069,0.0,0.0,0.0,0,0,0,0.0,0.0,1.0,1.0,0.0,1.0,1.0,3420,342,342,342.0,342.0,0.502495098,0
7.0,17,56.0,1.780371217,0.0,0.0,0.0,0,0,0,0.0,0.0,0.875,0.875,0.125,0.875,0.875,2436,42,342,304.5,304.5,0.561825007,0
8.0,17,64.0,3.317082862,0.0,0.0,0.0,0,0,0,0.0,0.0,1.0,1.0,0.0,1.0,1.0,3420,342,342,342.0,342.0,0.401810098,0
7.2,17,57.6,1.728033788,0.0,0.0,0.0,0,0,0,0.0,0.0,0.9,0.9,0.1,0.9,0.9,3120,42,342,312.0,312.0,0.578887105,0
8.0,17,64.0,2.487280151,0.0,0.0,0.0,0,0,0,0.0,0.0,1.0,1.0,0.0,1.0,1.0,3420,342,342,342.0,342.0,0.402045894,0
8.0,17,64.0,2.487553496,0.0,0.0,0.0,0,0,0,0.0,0.0,1.0,1.0,0.0,1.0,1.0,3420,342,342,342.0,342.0,0.502474403,0
8.0,17,64.0,1.992899444,0.0,0.0,0.0,0,0,0,0.0,0.0,1.0,1.0,0.0,1.0,1.0,684,342,342,342.0,342.0,0.50265348,0
6.4,17,51.2,4.214641754,0.0,0.0,0.0,0,0,0,0.0,0.0,0.8,0.8,0.2,0.8,0.8,2820,42,342,282.0,282.0,0.315049791,0
8.0,17,64.0,2.983549697,0.0,0.0,0.0,0,0,0,0.0,0.0,1.0,1.0,0.0,1.0,1.0,3078,342,342,342.0,342.0,0.335363441,0
7.2,17,57.6,2.840475838,0.0,0.0,0.0,0,0,0,0.0,0.0,0.9,0.9,0.1,0.9,0.9,3120,42,342,312.0,312.0,0.452392387,0
8.0,17,64.0,2.487280741,0.0,0.0,0.0,0,0,0,0.0,0.0,1.0,1.0,0.0,1.0,1.0,3420,342,342,342.0,342.0,0.502511883,0
7.2,17,56.1,4.90348756,0.0,0.0,0.0,0,0,0,0.0,0.0,0.9,0.4,0.1,0.9,0.9,1860,42,342,186.0,186.0,0.274737692,0
7.2,17,57.6,2.485472977,0.0,0.0,0.0,0,0,0,0.0,0.0,0.9,0.9,0.1,0.9,0.9,3120,42,342,312.0,312.0,0.402560687,0
8.0,17,64.0,2.489410682,0.0,0.0,0.0,0,0,0,0.0,0.0,1.0,1.0,0.0,1.0,1.0,3420,342,342,342.0,342.0,0.401816797,0
8.0,17,64.0,2.487728629,0.0,0.0,0.0,0,0,0,0.0,0.0,1.0,1.0,0.0,1.0,1.0,3420,342,342,342.0,342.0,0.402063203,0
8.0,17,64.0,3.318997422,0.0,0.0,0.0,0,0,0,0.0,0.0,1.0,1.0,0.0,1.0,1.0,3420,342,342,342.0,342.0,0.501863313,0
6.4,17,49.9,1.981391201,0.0,0.0,0.0,0,0,0,0.0,0.0,0.8,0.7,0.2,0.8,0.8,2568,42,342,256.8,256.8,0.507563996,0
20.8,6,67.4,39.22476386,0.0,0.0,0.6,6,0,0,0.0,0.6,0.2,0.2,0.2,0.8,0.8,1231,42,342,123.1,123.1,0.025494194,0
8.0,17,64.0,2.488511197,0.0,0.0,0.0,0,0,0,0.0,0.0,1.0,1.0,0.0,1.0,1.0,3420,342,342,342.0,342.0,0.502183294,0
8.0,17,64.0,3.31362394,0.0,0.0,0.0,0,0,0,0.0,0.0,1.0,1.0,0.0,1.0,1.0,3420,342,342,342.0,342.0,0.402281809,0
8.0,17,64.0,2.330011613,0.0,0.0,0.0,0,0,0,0.0,0.0,1.0,1.0,0.0,1.0,1.0,3420,342,342,342.0,342.0,0.429192114,0
8.0,17,64.0,2.487538006,0.0,0.0,0.0,0,0,0,0.0,0.0,1.0,1.0,0.0,1.0,1.0,3420,342,342,342.0,342.0,0.402076697,0
7.2,17,57.6,3.352717575,0.0,0.0,0.0,0,0,0,0.0,0.0,0.9,0.9,0.1,0.9,0.9,3120,42,342,312.0,312.0,0.298265505,0
7.2,17,57.6,3.406577011,0.0,0.0,0.0,0,0,0,0.0,0.0,0.9,0.9,0.1,0.9,0.9,3120,42,342,312.0,312.0,0.293624401,0
8.0,17,64.0,1.754887807,0.0,0.0,0.0,0,0,0,0.0,0.0,1.0,1.0,0.0,1.0,1.0,3420,342,342,342.0,342.0,0.670315504,0
8.0,17,64.0,2.487258468,0.0,0.0,0.0,0,0,0,0.0,0.0,1.0,1.0,0.0,1.0,1.0,3420,342,342,342.0,342.0,0.402361798,0
8.0,17,64.0,1.987693025,0.0,0.0,0.0,0,0,0,0.0,0.0,1.0,1.0,0.0,1.0,1.0,3420,342,342,342.0,342.0,0.603479099,0
8.0,17,64.0,2.487564119,0.0,0.0,0.0,0,0,0,0.0,0.0,1.0,1.0,0.0,1.0,1.0,3420,342,342,342.0,342.0,0.409880996,0
8.0,17,64.0,2.48839973,0.0,0.0,0.0,0,0,0,0.0,0.0,1.0,1.0,0.0,1.0,1.0,3420,342,342,342.0,342.0,0.401971102,0
8.0,17,64.0,2.88252071,0.0,0.0,0.0,0,0,0,0.0,0.0,1.0,1.0,0.0,1.0,1.0,3420,342,342,342.0,342.0,0.346918583,0
7.2,17,57.6,2.913474482,0.0,0.0,0.0,0,0,0,0.0,0.0,0.9,0.9,0.1,0.9,0.9,3120,42,342,312.0,312.0,0.543486404,0
8.0,17,64.0,2.488114833,0.0,0.0,0.0,0,0,0,0.0,0.0,1.0,1.0,0.0,1.0,1.0,3420,342,342,342.0,342.0,0.402113104,0
8.0,17,64.0,2.487633314,0.0,0.0,0.0,0,0,0,0.0,0.0,1.0,1.0,0.0,1.0,1.0,3420,342,342,342.0,342.0,0.401996899,0
7.2,17,57.6,3.001907583,0.0,0.0,0.0,0,0,0,0.0,0.0,0.9,0.9,0.1,0.9,0.9,3120,42,342,312.0,312.0,0.333149219,0
8.0,17,64.0,1.660043334,0.0,0.0,0.0,0,0,0,0.0,0.0,1.0,1.0,0.0,1.0,1.0,3420,342,342,342.0,342.0,0.602395606,0
8.0,17,64.0,2.488853781,0.0,0.0,0.0,0,0,0,0.0,0.0,1.0,1.0,0.0,1.0,1.0,3420,342,342,342.0,342.0,0.402001095,0
8.0,17,64.0,2.488052991,0.0,0.0,0.0,0,0,0,0.0,0.0,1.0,1.0,0.0,1.0,1.0,3420,342,342,342.0,342.0,0.402016521,0
8.0,17,64.0,1.661461014,0.0,0.0,0.0,0,0,0,0.0,0.0,1.0,1.0,0.0,1.0,1.0,3420,342,342,342.0,342.0,0.602294207,0
8.0,17,64.0,2.488448597,0.0,0.0,0.0,0,0,0,0.0,0.0,1.0,1.0,0.0,1.0,1.0,3420,342,342,342.0,342.0,0.502262902,0
7.2,17,57.6,2.862395759,0.0,0.0,0.0,0,0,0,0.0,0.0,0.9,0.9,0.1,0.9,0.9,3120,42,342,312.0,312.0,0.449664092,0
8.0,17,64.0,2.490769115,0.0,0.0,0.0,0,0,0,0.0,0.0,1.0,1.0,0.0,1.0,1.0,3420,342,342,342.0,342.0,0.501908112,0
7.2,17,57.6,2.487860548,0.0,0.0,0.0,0,0,0,0.0,0.0,0.9,0.9,0.1,0.9,0.9,3120,42,342,312.0,312.0,0.402041507,0
8.0,17,64.0,3.315888366,0.0,0.0,0.0,0,0,0,0.0,0.0,1.0,1.0,0.0,1.0,1.0,3420,342,342,342.0,342.0,0.401930809,0
8.0,17,64.0,1.991232565,0.0,0.0,0.0,0,0,0,0.0,0.0,1.0,1.0,0.0,1.0,1.0,3420,342,342,342.0,342.0,0.502429914,0
8.0,17,64.0,2.487338267,0.0,0.0,0.0,0,0,0,0.0,0.0,1.0,1.0,0.0,1.0,1.0,3420,342,342,342.0,342.0,0.402108884,0
7.2,17,57.6,2.09910112,0.0,0.0,0.0,0,0,0,0.0,0.0,0.9,0.9,0.1,0.9,0.9,3120,42,342,312.0,312.0,0.476549196,0
7.2,17,57.6,1.993168215,0.0,0.0,0.0,0,0,0,0.0,0.0,0.9,0.9,0.1,0.9,0.9,3120,42,342,312.0,312.0,0.50280211,0
8.0,17,64.0,2.483600189,0.0,0.0,0.0,0,0,0,0.0,0.0,1.0,1.0,0.0,1.0,1.0,3420,342,342,342.0,342.0,0.402671909,0
8.0,17,64.0,1.660944993,0.0,0.0,0.0,0,0,0,0.0,0.0,1.0,1.0,0.0,1.0,1.0,3420,342,342,342.0,342.0,0.802280211,0
7.2,17,57.6,2.894725618,0.0,0.0,0.0,0,0,0,0.0,0.0,0.9,0.9,0.1,0.9,0.9,3120,42,342,312.0,312.0,0.345520997,0
8.0,17,64.0,2.487732318,0.0,0.0,0.0,0,0,0,0.0,0.0,1.0,1.0,0.0,1.0,1.0,3420,342,342,342.0,342.0,0.402080417,0
8.0,17,64.0,2.489665432,0.0,0.0,0.0,0,0,0,0.0,0.0,1.0,1.0,0.0,1.0,1.0,3420,342,342,342.0,342.0,0.602148294,0
8.0,17,64.0,1.992276664,0.0,0.0,0.0,0,0,0,0.0,0.0,1.0,1.0,0.0,1.0,1.0,3420,342,342,342.0,342.0,0.60231812,0
8.0,17,64.0,2.487868516,0.0,0.0,0.0,0,0,0,0.0,0.0,1.0,1.0,0.0,1.0,1.0,3420,342,342,342.0,342.0,0.402143097,0
7.2,17,57.6,2.250897168,0.0,0.0,0.0,0,0,0,0.0,0.0,0.9,0.9,0.1,0.9,0.9,3120,42,342,312.0,312.0,0.5446805,0
7.2,17,57.6,2.76593814,0.0,0.0,0.0,0,0,0,0.0,0.0,0.9,0.9,0.1,0.9,0.9,3120,42,342,312.0,312.0,0.461823893,0
8.0,17,64.0,2.488451107,0.0,0.0,0.0,0,0,0,0.0,0.0,1.0,1.0,0.0,1.0,1.0,3420,342,342,342.0,342.0,0.401919985,0
5.6,17,44.8,3.319551676,0.0,0.0,0.0,0,0,0,0.0,0.0,0.7,0.7,0.3,0.7,0.7,2520,42,342,252.0,252.0,0.401571202,0
8.0,17,64.0,1.992038692,0.0,0.0,0.0,0,0,0,0.0,0.0,1.0,1.0,0.0,1.0,1.0,3420,342,342,342.0,342.0,0.502102089,0
7.2,17,57.6,2.260658537,0.0,0.0,0.0,0,0,0,0.0,0.0,0.9,0.9,0.1,0.9,0.9,3120,42,342,312.0,312.0,0.542776895,0
8.0,17,64.0,inf,0.0,0.0,0.0,0,0,0,0.0,0.0,1.0,1.0,0.0,1.0,1.0,342,342,342,342.0,342.0,0.001632929,0
8.0,17,64.0,2.489106941,0.0,0.0,0.0,0,0,0,0.0,0.0,1.0,1.0,0.0,1.0,1.0,3420,342,342,342.0,342.0,0.502094603,0
7.2,17,57.6,1.991712058,0.0,0.0,0.0,0,0,0,0.0,0.0,0.9,0.9,0.1,0.9,0.9,3120,42,342,312.0,312.0,0.502306795,0
8.0,17,64.0,1.991777509,0.0,0.0,0.0,0,0,0,0.0,0.0,1.0,1.0,0.0,1.0,1.0,3420,342,342,342.0,342.0,0.502242112,0
8.0,17,64.0,2.487833838,0.0,0.0,0.0,0,0,0,0.0,0.0,1.0,1.0,0.0,1.0,1.0,3420,342,342,342.0,342.0,0.502174497,0
6.4,17,51.2,3.319854624,0.0,0.0,0.0,0,0,0,0.0,0.0,0.8,0.8,0.2,0.8,0.8,2820,42,342,282.0,282.0,0.401514816,0
8.0,17,64.0,2.487485339,0.0,0.0,0.0,0,0,0,0.0,0.0,1.0,1.0,0.0,1.0,1.0,3420,342,342,342.0,342.0,0.402014017,0
8.0,17,64.0,1.660288373,0.0,0.0,0.0,0,0,0,0.0,0.0,1.0,1.0,0.0,1.0,1.0,3420,342,342,342.0,342.0,0.602306008,0
8.0,17,64.0,1.661080431,0.0,0.0,0.0,0,0,0,0.0,0.0,1.0,1.0,0.0,1.0,1.0,3420,342,342,342.0,342.0,0.602035403,0
7.2,17,57.6,2.605643773,0.0,0.0,0.0,0,0,0,0.0,0.0,0.9,0.9,0.1,0.9,0.9,3120,42,342,312.0,312.0,0.38379662,0
7.2,17,57.6,2.484909152,0.0,0.0,0.0,0,0,0,0.0,0.0,0.9,0.9,0.1,0.9,0.9,3120,42,342,312.0,312.0,0.402944112,0
8.0,17,64.0,3.31558719,0.0,0.0,0.0,0,0,0,0.0,0.0,1.0,1.0,0.0,1.0,1.0,3420,342,342,342.0,342.0,0.401970601,0
8.0,17,64.0,2.24543647,0.0,0.0,0.0,0,0,0,0.0,0.0,1.0,1.0,0.0,1.0,1.0,3420,342,342,342.0,342.0,0.445511699,0
8.0,17,64.0,1.658572518,0.0,0.0,0.0,0,0,0,0.0,0.0,1.0,1.0,0.0,1.0,1.0,3420,342,342,342.0,342.0,0.689314413,0
8.0,17,64.0,2.491126673,0.0,0.0,0.0,0,0,0,0.0,0.0,1.0,1.0,0.0,1.0,1.0,3420,342,342,342.0,342.0,0.401493096,0
6.4,17,57.1,3.415552553,0.0,0.0,0.0,0,0,0,0.0,0.0,0.8,0.7,0.1,0.9,0.9,2644,42,342,264.4,264.4,0.292863297,0
7.2,17,57.6,1.992894899,0.0,0.0,0.0,0,0,0,0.0,0.0,0.9,0.9,0.1,0.9,0.9,3120,42,342,312.0,312.0,0.602121401,0
8.0,17,64.0,1.991610108,0.0,0.0,0.0,0,0,0,0.0,0.0,1.0,1.0,0.0,1.0,1.0,3420,342,342,342.0,342.0,0.50210712,0
6.4,17,51.2,1.939590348,0.0,0.0,0.0,0,0,0,0.0,0.0,0.8,0.8,0.2,0.8,0.8,2820,42,342,282.0,282.0,0.536094785,0
8.0,17,64.0,3.318995321,0.0,0.0,0.0,0,0,0,0.0,0.0,1.0,1.0,0.0,1.0,1.0,3420,342,342,342.0,342.0,0.401601696,0
7.2,17,57.6,2.489693806,0.0,0.0,0.0,0,0,0,0.0,0.0,0.9,0.9,0.1,0.9,0.9,3120,42,342,312.0,312.0,0.40166111,0
8.0,17,64.0,2.487710628,0.0,0.0,0.0,0,0,0,0.0,0.0,1.0,1.0,0.0,1.0,1.0,3420,342,342,342.0,342.0,0.401982307,0
6.4,17,51.2,2.48955327,0.0,0.0,0.0,0,0,0,0.0,0.0,0.8,0.8,0.2,0.8,0.8,2820,42,342,282.0,282.0,0.401831698,0
7.2,17,57.6,1.685874963,0.0,0.0,0.0,0,0,0,0.0,0.0,0.9,0.9,0.1,0.9,0.9,3120,42,342,312.0,312.0,0.594755101,0
8.0,17,64.0,2.486539188,0.0,0.0,0.0,0,0,0,0.0,0.0,1.0,1.0,0.0,1.0,1.0,3420,342,342,342.0,342.0,0.502525091,0
8.0,17,64.0,3.316713276,0.0,0.0,0.0,0,0,0,0.0,0.0,1.0,1.0,0.0,1.0,1.0,3420,342,342,342.0,342.0,0.301537085,0
7.2,17,57.6,2.367376151,0.0,0.0,0.0,0,0,0,0.0,0.0,0.9,0.9,0.1,0.9,0.9,3120,42,342,312.0,312.0,0.42264328,0
7.2,17,57.6,2.352361591,0.0,0.0,0.0,0,0,0,0.0,0.0,0.9,0.9,0.1,0.9,0.9,3120,42,342,312.0,312.0,0.425105214,0
7.2,17,57.6,2.724488322,0.0,0.0,0.0,0,0,0,0.0,0.0,0.9,0.9,0.1,0.9,0.9,3120,42,342,312.0,312.0,0.367091107,0
7.2,17,57.6,2.490971477,0.0,0.0,0.0,0,0,0,0.0,0.0,0.9,0.9,0.1,0.9,0.9,3120,42,342,312.0,312.0,0.401587081,0
8.0,17,64.0,2.622398487,0.0,0.0,0.0,0,0,0,0.0,0.0,1.0,1.0,0.0,1.0,1.0,3420,342,342,342.0,342.0,0.381362605,0
8.0,17,64.0,1.992763098,0.0,0.0,0.0,0,0,0,0.0,0.0,1.0,1.0,0.0,1.0,1.0,3420,342,342,342.0,342.0,0.501836109,0
8.0,17,64.0,3.315566484,0.0,0.0,0.0,0,0,0,0.0,0.0,1.0,1.0,0.0,1.0,1.0,3420,342,342,342.0,342.0,0.401972198,0
8.0,17,64.0,2.647855252,0.0,0.0,0.0,0,0,0,0.0,0.0,1.0,1.0,0.0,1.0,1.0,2736,342,342,342.0,342.0,0.628051639,0
8.0,17,64.0,1.992491881,0.0,0.0,0.0,0,0,0,0.0,0.0,1.0,1.0,0.0,1.0,1.0,3420,342,342,342.0,342.0,0.602224588,0
8.0,17,64.0,1.988056976,0.0,0.0,0.0,0,0,0,0.0,0.0,1.0,1.0,0.0,1.0,1.0,3420,342,342,342.0,342.0,0.603331995,0
7.2,17,57.6,2.077880181,0.0,0.0,0.0,0,0,0,0.0,0.0,0.9,0.9,0.1,0.9,0.9,3120,42,342,312.0,312.0,0.503014398,0
8.0,17,64.0,2.986937901,0.0,0.0,0.0,0,0,0,0.0,0.0,1.0,1.0,0.0,1.0,1.0,1026,342,342,342.0,342.0,0.339450359,0
8.0,17,64.0,2.488148338,0.0,0.0,0.0,0,0,0,0.0,0.0,1.0,1.0,0.0,1.0,1.0,3420,342,342,342.0,342.0,0.401995611,0
8.0,17,64.0,2.624494912,0.0,0.0,0.0,0,0,0,0.0,0.0,1.0,1.0,0.0,1.0,1.0,3420,342,342,342.0,342.0,0.381107283,0
7.2,17,57.6,2.094804144,0.0,0.0,0.0,0,0,0,0.0,0.0,0.9,0.9,0.1,0.9,0.9,3120,42,342,312.0,312.0,0.50288949,0
8.0,17,64.0,1.992785253,0.0,0.0,0.0,0,0,0,0.0,0.0,1.0,1.0,0.0,1.0,1.0,3420,342,342,342.0,342.0,0.602123904,0
8.0,17,64.0,2.983365069,0.0,0.0,0.0,0,0,0,0.0,0.0,1.0,1.0,0.0,1.0,1.0,1026,342,342,342.0,342.0,0.335552295,0
8.0,17,64.0,2.486566459,0.0,0.0,0.0,0,0,0,0.0,0.0,1.0,1.0,0.0,1.0,1.0,1710,342,342,342.0,342.0,0.402193213,0
8.0,17,64.0,2.487382224,0.0,0.0,0.0,0,0,0,0.0,0.0,1.0,1.0,0.0,1.0,1.0,3420,342,342,342.0,342.0,0.502441502,0
8.0,17,64.0,2.827478538,0.0,0.0,0.0,0,0,0,0.0,0.0,1.0,1.0,0.0,1.0,1.0,3420,342,342,342.0,342.0,0.453993797,0
7.2,17,57.6,2.036315249,0.0,0.0,0.0,0,0,0,0.0,0.0,0.9,0.9,0.1,0.9,0.9,3120,42,342,312.0,312.0,0.5024055,0
8.0,17,64.0,1.990009397,0.0,0.0,0.0,0,0,0,0.0,0.0,1.0,1.0,0.0,1.0,1.0,3420,342,342,342.0,342.0,0.602812386,0
8.0,17,64.0,2.489291008,0.0,0.0,0.0,0,0,0,0.0,0.0,1.0,1.0,0.0,1.0,1.0,3420,342,342,342.0,342.0,0.502069211,0
8.0,17,64.0,3.319063608,0.0,0.0,0.0,0,0,0,0.0,0.0,1.0,1.0,0.0,1.0,1.0,3420,342,342,342.0,342.0,0.382686782,0
8.0,17,64.0,2.488429405,0.0,0.0,0.0,0,0,0,0.0,0.0,1.0,1.0,0.0,1.0,1.0,3420,342,342,342.0,342.0,0.558804011,0
8.0,17,64.0,2.487654412,0.0,0.0,0.0,0,0,0,0.0,0.0,1.0,1.0,0.0,1.0,1.0,3420,342,342,342.0,342.0,0.402051592,0
8.0,17,64.0,1.991449921,0.0,0.0,0.0,0,0,0,0.0,0.0,1.0,1.0,0.0,1.0,1.0,3420,342,342,342.0,342.0,0.5022228,0
8.0,17,64.0,2.488178154,0.0,0.0,0.0,0,0,0,0.0,0.0,1.0,1.0,0.0,1.0,1.0,3420,342,342,342.0,342.0,0.401976395,0
7.2,17,57.6,2.964173067,0.0,0.0,0.0,0,0,0,0.0,0.0,0.9,0.9,0.1,0.9,0.9,3120,42,342,312.0,312.0,0.537731004,0
8.0,17,64.0,2.483329329,0.0,0.0,0.0,0,0,0,0.0,0.0,1.0,1.0,0.0,1.0,1.0,3420,342,342,342.0,342.0,0.402828503,0
7.2,17,57.6,2.555343641,0.0,0.0,0.0,0,0,0,0.0,0.0,0.9,0.9,0.1,0.9,0.9,3120,42,342,312.0,312.0,0.391840982,0
6.4,17,51.2,3.195515084,0.0,0.0,0.0,0,0,0,0.0,0.0,0.8,0.8,0.2,0.8,0.8,2820,42,342,282.0,282.0,0.312939,0
7.2,17,57.6,2.487900687,0.0,0.0,0.0,0,0,0,0.0,0.0,0.9,0.9,0.1,0.9,0.9,3120,42,342,312.0,312.0,0.401950002,0
7.2,17,57.6,2.478054354,0.0,0.0,0.0,0,0,0,0.0,0.0,0.9,0.9,0.1,0.9,0.9,3120,42,342,312.0,312.0,0.638799214,0
6.4,17,51.2,2.29290172,0.0,0.0,0.0,0,0,0,0.0,0.0,0.8,0.8,0.2,0.8,0.8,2820,42,342,282.0,282.0,0.489091182,0
7.2,17,57.6,3.313124266,0.0,0.0,0.0,0,0,0,0.0,0.0,0.9,0.9,0.1,0.9,0.9,3120,42,342,312.0,312.0,0.30182991,0
6.4,17,57.6,3.28929392,0.0,0.0,0.0,0,0,0,0.0,0.0,0.8,0.7,0.1,0.9,0.9,2586,42,342,258.6,258.6,0.304076099,0
8.0,17,64.0,1.992414079,0.0,0.0,0.0,0,0,0,0.0,0.0,1.0,1.0,0.0,1.0,1.0,3420,342,342,342.0,342.0,0.502023101,0
7.2,17,57.6,1.991302333,0.0,0.0,0.0,0,0,0,0.0,0.0,0.9,0.9,0.1,0.9,0.9,3120,42,342,312.0,312.0,0.502295709,0
8.0,17,64.0,1.659908655,0.0,0.0,0.0,0,0,0,0.0,0.0,1.0,1.0,0.0,1.0,1.0,3420,342,342,342.0,342.0,0.602528882,0
8.0,17,64.0,2.487270121,0.0,0.0,0.0,0,0,0,0.0,0.0,1.0,1.0,0.0,1.0,1.0,3420,342,342,342.0,342.0,0.502392006,0
7.2,17,57.6,2.815234591,0.0,0.0,0.0,0,0,0,0.0,0.0,0.9,0.9,0.1,0.9,0.9,3120,42,342,312.0,312.0,0.355211997,0
8.0,17,64.0,2.040312068,0.0,0.0,0.0,0,0,0,0.0,0.0,1.0,1.0,0.0,1.0,1.0,3420,342,342,342.0,342.0,0.590272093,0
8.0,17,64.0,1.991265085,0.0,0.0,0.0,0,0,0,0.0,0.0,1.0,1.0,0.0,1.0,1.0,3420,342,342,342.0,342.0,0.502367902,0
8.0,17,64.0,2.489012258,0.0,0.0,0.0,0,0,0,0.0,0.0,1.0,1.0,0.0,1.0,1.0,3420,342,342,342.0,342.0,0.401981688,0
8.0,17,64.0,1.661118258,0.0,0.0,0.0,0,0,0,0.0,0.0,1.0,1.0,0.0,1.0,1.0,3420,342,342,342.0,342.0,0.602010989,0
7.2,17,57.6,2.519515519,0.0,0.0,0.0,0,0,0,0.0,0.0,0.9,0.9,0.1,0.9,0.9,3120,42,342,312.0,312.0,0.497206497,0
8.0,17,64.0,1.82734744,0.0,0.0,0.0,0,0,0,0.0,0.0,1.0,1.0,0.0,1.0,1.0,3420,342,342,342.0,342.0,0.547272611,0
8.0,17,64.0,3.315268249,0.0,0.0,0.0,0,0,0,0.0,0.0,1.0,1.0,0.0,1.0,1.0,3420,342,342,342.0,342.0,0.303172898,0
8.0,17,64.0,1.991080379,0.0,0.0,0.0,0,0,0,0.0,0.0,1.0,1.0,0.0,1.0,1.0,3420,342,342,342.0,342.0,0.502253795,0
7.2,17,57.6,3.413625303,0.0,0.0,0.0,0,0,0,0.0,0.0,0.9,0.9,0.1,0.9,0.9,3120,42,342,312.0,312.0,0.393273592,0
8.0,17,64.0,1.494999919,0.0,0.0,0.0,0,0,0,0.0,0.0,1.0,1.0,0.0,1.0,1.0,1026,342,342,342.0,342.0,0.669470708,0
8.0,17,64.0,3.314600428,0.0,0.0,0.0,0,0,0,0.0,0.0,1.0,1.0,0.0,1.0,1.0,3420,342,342,342.0,342.0,0.350429988,0
8.0,17,64.0,2.487806539,0.0,0.0,0.0,0,0,0,0.0,0.0,1.0,1.0,0.0,1.0,1.0,3420,342,342,342.0,342.0,0.402024722,0
6.4,17,51.2,3.430321072,0.0,0.0,0.0,0,0,0,0.0,0.0,0.8,0.8,0.2,0.8,0.8,2820,42,342,282.0,282.0,0.291678405,0
7.2,17,57.6,2.433197077,0.0,0.0,0.0,0,0,0,0.0,0.0,0.9,0.9,0.1,0.9,0.9,3120,42,342,312.0,312.0,0.511368918,0
7.2,17,57.6,3.553631202,0.0,0.0,0.0,0,0,0,0.0,0.0,0.9,0.9,0.1,0.9,0.9,3120,42,342,312.0,312.0,0.381752515,0
8.0,17,64.0,1.99164141,0.0,0.0,0.0,0,0,0,0.0,0.0,1.0,1.0,0.0,1.0,1.0,3420,342,342,342.0,342.0,0.602343011,0
7.2,17,57.6,2.734735298,0.0,0.0,0.0,0,0,0,0.0,0.0,0.9,0.9,0.1,0.9,0.9,3120,42,342,312.0,312.0,0.466002607,0
8.0,17,64.0,1.661792916,0.0,0.0,0.0,0,0,0,0.0,0.0,1.0,1.0,0.0,1.0,1.0,3420,342,342,342.0,342.0,0.601945686,0
6.4,17,50.2,4.188074658,0.0,0.0,0.0,0,0,0,0.0,0.0,0.8,0.6,0.2,0.8,0.8,2316,42,342,231.6,231.6,0.238773918,0
8.0,17,64.0,2.48739137,0.0,0.0,0.0,0,0,0,0.0,0.0,1.0,1.0,0.0,1.0,1.0,3420,342,342,342.0,342.0,0.402152395,0
7.2,17,57.6,2.462001405,0.0,0.0,0.0,0,0,0,0.0,0.0,0.9,0.9,0.1,0.9,0.9,3120,42,342,312.0,312.0,0.564725804,0
8.0,17,64.0,3.314991551,0.0,0.0,0.0,0,0,0,0.0,0.0,1.0,1.0,0.0,1.0,1.0,3420,342,342,342.0,342.0,0.301764393,0
8.0,17,64.0,2.489306521,0.0,0.0,0.0,0,0,0,0.0,0.0,1.0,1.0,0.0,1.0,1.0,3420,342,342,342.0,342.0,0.401825309,0
8.0,17,64.0,1.992445881,0.0,0.0,0.0,0,0,0,0.0,0.0,1.0,1.0,0.0,1.0,1.0,3420,342,342,342.0,342.0,0.501973391,0
8.0,17,64.0,2.492037969,0.0,0.0,0.0,0,0,0,0.0,0.0,1.0,1.0,0.0,1.0,1.0,3420,342,342,342.0,342.0,0.401367903,0
8.0,17,64.0,3.312745881,0.0,0.0,0.0,0,0,0,0.0,0.0,1.0,1.0,0.0,1.0,1.0,3420,342,342,342.0,342.0,0.301864386,0
8.0,17,64.0,3.312425394,0.0,0.0,0.0,0,0,0,0.0,0.0,1.0,1.0,0.0,1.0,1.0,3420,342,342,342.0,342.0,0.301893997,0
8.0,17,64.0,1.991308762,0.0,0.0,0.0,0,0,0,0.0,0.0,1.0,1.0,0.0,1.0,1.0,3420,342,342,342.0,342.0,0.502193999,0
7.2,17,57.6,2.017792911,0.0,0.0,0.0,0,0,0,0.0,0.0,0.9,0.9,0.1,0.9,0.9,3120,42,342,312.0,312.0,0.502169609,0
7.2,17,57.6,1.747630016,0.0,0.0,0.0,0,0,0,0.0,0.0,0.9,0.9,0.1,0.9,0.9,3120,42,342,312.0,312.0,0.602361298,0
8.0,17,64.0,2.488258454,0.0,0.0,0.0,0,0,0,0.0,0.0,1.0,1.0,0.0,1.0,1.0,3420,342,342,342.0,342.0,0.401890111,0
7.2,17,57.6,3.347764232,0.0,0.0,0.0,0,0,0,0.0,0.0,0.9,0.9,0.1,0.9,0.9,3120,42,342,312.0,312.0,0.399029422,0
8.0,17,64.0,1.991400281,0.0,0.0,0.0,0,0,0,0.0,0.0,1.0,1.0,0.0,1.0,1.0,3420,342,342,342.0,342.0,0.502252102,0
8.0,17,64.0,2.488833844,0.0,0.0,0.0,0,0,0,0.0,0.0,1.0,1.0,0.0,1.0,1.0,3420,342,342,342.0,342.0,0.502172709,0
8.0,17,64.0,1.99150864,0.0,0.0,0.0,0,0,0,0.0,0.0,1.0,1.0,0.0,1.0,1.0,3420,342,342,342.0,342.0,0.50220139,0
8.0,17,64.0,2.488547076,0.0,0.0,0.0,0,0,0,0.0,0.0,1.0,1.0,0.0,1.0,1.0,3420,342,342,342.0,342.0,0.4018713,0
8.0,17,64.0,2.488109372,0.0,0.0,0.0,0,0,0,0.0,0.0,1.0,1.0,0.0,1.0,1.0,3420,342,342,342.0,342.0,0.502506495,0
8.0,17,64.0,1.992474086,0.0,0.0,0.0,0,0,0,0.0,0.0,1.0,1.0,0.0,1.0,1.0,3420,342,342,342.0,342.0,0.501889396,0
8.0,17,64.0,1.659887963,0.0,0.0,0.0,0,0,0,0.0,0.0,1.0,1.0,0.0,1.0,1.0,3420,342,342,342.0,342.0,0.602750182,0
8.0,17,64.0,2.49003849,0.0,0.0,0.0,0,0,0,0.0,0.0,1.0,1.0,0.0,1.0,1.0,3420,342,342,342.0,342.0,0.601930714,0
8.0,17,64.0,2.489038255,0.0,0.0,0.0,0,0,0,0.0,0.0,1.0,1.0,0.0,1.0,1.0,3420,342,342,342.0,342.0,0.401871705,0
7.2,17,57.6,3.3081812,0.0,0.0,0.0,0,0,0,0.0,0.0,0.9,0.9,0.1,0.9,0.9,3120,42,342,312.0,312.0,0.385252905,0
6.4,17,51.2,3.316684688,0.0,0.0,0.0,0,0,0,0.0,0.0,0.8,0.8,0.2,0.8,0.8,2820,42,342,282.0,282.0,0.401784706,0
8.0,17,64.0,1.991593085,0.0,0.0,0.0,0,0,0,0.0,0.0,1.0,1.0,0.0,1.0,1.0,3420,342,342,342.0,342.0,0.502205586,0
8.0,17,64.0,3.318163763,0.0,0.0,0.0,0,0,0,0.0,0.0,1.0,1.0,0.0,1.0,1.0,3420,342,342,342.0,342.0,0.501899719,0
8.0,17,64.0,2.487999122,0.0,0.0,0.0,0,0,0,0.0,0.0,1.0,1.0,0.0,1.0,1.0,3420,342,342,342.0,342.0,0.502300715,0
6.4,17,51.2,3.381342662,0.0,0.0,0.0,0,0,0,0.0,0.0,0.8,0.8,0.2,0.8,0.8,2820,42,342,282.0,282.0,0.297798514,0
4.8,17,38.4,2.819408845,0.0,0.0,0.0,0,0,0,0.0,0.0,0.6,0.6,0.4,0.6,0.6,2220,42,342,222.0,222.0,0.35489769,0
8.0,17,64.0,2.486969556,0.0,0.0,0.0,0,0,0,0.0,0.0,1.0,1.0,0.0,1.0,1.0,3420,342,342,342.0,342.0,0.402230406,0
8.0,17,64.0,2.487439755,0.0,0.0,0.0,0,0,0,0.0,0.0,1.0,1.0,0.0,1.0,1.0,3420,342,342,342.0,342.0,0.402161598,0
8.0,17,64.0,1.990826723,0.0,0.0,0.0,0,0,0,0.0,0.0,1.0,1.0,0.0,1.0,1.0,3420,342,342,342.0,342.0,0.502614689,0
7.2,17,57.6,1.672708159,0.0,0.0,0.0,0,0,0,0.0,0.0,0.9,0.9,0.1,0.9,0.9,3120,42,342,312.0,312.0,0.602252197,0
8.0,17,64.0,2.487533727,0.0,0.0,0.0,0,0,0,0.0,0.0,1.0,1.0,0.0,1.0,1.0,3420,342,342,342.0,342.0,0.502313995,0
7.2,17,57.6,3.189148738,0.0,0.0,0.0,0,0,0,0.0,0.0,0.9,0.9,0.1,0.9,0.9,3120,42,342,312.0,312.0,0.313649487,0
8.0,17,64.0,3.312411006,0.0,0.0,0.0,0,0,0,0.0,0.0,1.0,1.0,0.0,1.0,1.0,3420,342,342,342.0,342.0,0.383430314,0
8.0,17,64.0,1.991969156,0.0,0.0,0.0,0,0,0,0.0,0.0,1.0,1.0,0.0,1.0,1.0,3420,342,342,342.0,342.0,0.602349305,0
8.0,17,64.0,2.470958183,0.0,0.0,0.0,0,0,0,0.0,0.0,1.0,1.0,0.0,1.0,1.0,3420,342,342,342.0,342.0,0.505015993,0
8.0,17,64.0,3.319100904,0.0,0.0,0.0,0,0,0,0.0,0.0,1.0,1.0,0.0,1.0,1.0,3420,342,342,342.0,342.0,0.501770902,0
8.0,17,64.0,1649.028504,0.0,0.0,0.0,0,0,0,0.0,0.0,1.0,1.0,0.0,1.0,1.0,684,342,342,342.0,342.0,0.000634909,0
8.0,17,64.0,3.316936749,0.0,0.0,0.0,0,0,0,0.0,0.0,1.0,1.0,0.0,1.0,1.0,3420,342,342,342.0,342.0,0.401830888,0
7.2,17,57.6,2.491180086,0.0,0.0,0.0,0,0,0,0.0,0.0,0.9,0.9,0.1,0.9,0.9,3120,42,342,312.0,312.0,0.50173049,0
8.0,17,64.0,3.31282804,0.0,0.0,0.0,0,0,0,0.0,0.0,1.0,1.0,0.0,1.0,1.0,3420,342,342,342.0,342.0,0.402212405,0
8.0,17,64.0,2.345146427,0.0,0.0,0.0,0,0,0,0.0,0.0,1.0,1.0,0.0,1.0,1.0,3420,342,342,342.0,342.0,0.4265733,0
8.0,17,64.0,3.308638668,0.0,0.0,0.0,0,0,0,0.0,0.0,1.0,1.0,0.0,1.0,1.0,3420,342,342,342.0,342.0,0.40255332,0
8.0,17,64.0,2.486960266,0.0,0.0,0.0,0,0,0,0.0,0.0,1.0,1.0,0.0,1.0,1.0,3420,342,342,342.0,342.0,0.402222681,0
8.0,17,64.0,3.31733472,0.0,0.0,0.0,0,0,0,0.0,0.0,1.0,1.0,0.0,1.0,1.0,3420,342,342,342.0,342.0,0.301653004,0
8.0,17,64.0,1.66032176,0.0,0.0,0.0,0,0,0,0.0,0.0,1.0,1.0,0.0,1.0,1.0,3420,342,342,342.0,342.0,0.602438998,0
8.0,17,64.0,2.487654412,0.0,0.0,0.0,0,0,0,0.0,0.0,1.0,1.0,0.0,1.0,1.0,3420,342,342,342.0,342.0,0.402056694,0
9.2,17,44.8,3.844418124,0.0,0.1,0.1,1,0,1,0.0,0.2,0.5,0.5,0.3,0.7,0.7,3392,42,1502,339.2,339.2,0.260229588,0
8.0,17,64.0,1.659898999,0.0,0.0,0.0,0,0,0,0.0,0.0,1.0,1.0,0.0,1.0,1.0,3420,342,342,342.0,342.0,0.602448416,0
7.2,17,57.6,2.069883867,0.0,0.0,0.0,0,0,0,0.0,0.0,0.9,0.9,0.1,0.9,0.9,3120,42,342,312.0,312.0,0.502106595,0
8.0,17,64.0,2.48722366,0.0,0.0,0.0,0,0,0,0.0,0.0,1.0,1.0,0.0,1.0,1.0,3420,342,342,342.0,342.0,0.502489018,0
8.0,17,64.0,1.991215549,0.0,0.0,0.0,0,0,0,0.0,0.0,1.0,1.0,0.0,1.0,1.0,3420,342,342,342.0,342.0,0.502331591,0
7.2,17,57.6,3.316975046,0.0,0.0,0.0,0,0,0,0.0,0.0,0.9,0.9,0.1,0.9,0.9,3120,42,342,312.0,312.0,0.401759315,0
8.0,17,64.0,2.48761856,0.0,0.0,0.0,0,0,0,0.0,0.0,1.0,1.0,0.0,1.0,1.0,3420,342,342,342.0,342.0,0.402056885,0
8.0,17,64.0,2.488583103,0.0,0.0,0.0,0,0,0,0.0,0.0,1.0,1.0,0.0,1.0,1.0,3420,342,342,342.0,342.0,0.401911092,0
7.2,17,57.6,1.9923113,0.0,0.0,0.0,0,0,0,0.0,0.0,0.9,0.9,0.1,0.9,0.9,3120,42,342,312.0,312.0,0.587651205,0
8.0,17,64.0,2.489532878,0.0,0.0,0.0,0,0,0,0.0,0.0,1.0,1.0,0.0,1.0,1.0,3420,342,342,342.0,342.0,0.602300477,0
7.2,17,57.6,3.318280581,0.0,0.0,0.0,0,0,0,0.0,0.0,0.9,0.9,0.1,0.9,0.9,3120,42,342,312.0,312.0,0.4017488,0
8.0,17,64.0,2.487500976,0.0,0.0,0.0,0,0,0,0.0,0.0,1.0,1.0,0.0,1.0,1.0,3420,342,342,342.0,342.0,0.502279091,0
8.0,17,62.0,4.975535166,0.0,0.0,0.0,0,0,0,0.0,0.0,1.0,0.6,0.0,1.0,1.0,2412,90,342,241.2,241.2,0.301371098,0
7.2,17,57.6,3.053672004,0.0,0.0,0.0,0,0,0,0.0,0.0,0.9,0.9,0.1,0.9,0.9,3120,42,342,312.0,312.0,0.427822304,0
8.0,17,64.0,2.489841453,0.0,0.0,0.0,0,0,0,0.0,0.0,1.0,1.0,0.0,1.0,1.0,3420,342,342,342.0,342.0,0.401740098,0
6.4,17,51.2,2.162460023,0.0,0.0,0.0,0,0,0,0.0,0.0,0.8,0.8,0.2,0.8,0.8,2820,42,342,282.0,282.0,0.562648106,0
7.2,17,57.6,3.451220079,0.0,0.0,0.0,0,0,0,0.0,0.0,0.9,0.9,0.1,0.9,0.9,3120,42,342,312.0,312.0,0.366675806,0
8.0,17,63.5,3.317109357,0.0,0.0,0.0,0,0,0,0.0,0.0,1.0,0.8,0.0,1.0,1.0,2916,90,342,291.6,291.6,0.301658678,0
7.2,17,57.6,2.781588571,0.0,0.0,0.0,0,0,0,0.0,0.0,0.9,0.9,0.1,0.9,0.9,3120,42,342,312.0,312.0,0.459868908,0
8.0,17,64.0,3.317115916,0.0,0.0,0.0,0,0,0,0.0,0.0,1.0,1.0,0.0,1.0,1.0,3420,342,342,342.0,342.0,0.401779008,0
8.0,17,64.0,1.990404705,0.0,0.0,0.0,0,0,0,0.0,0.0,1.0,1.0,0.0,1.0,1.0,3420,342,342,342.0,342.0,0.502488089,0
8.0,17,64.0,2.487931677,0.0,0.0,0.0,0,0,0,0.0,0.0,1.0,1.0,0.0,1.0,1.0,3420,342,342,342.0,342.0,0.502321291,0
7.2,17,57.6,2.437882105,0.0,0.0,0.0,0,0,0,0.0,0.0,0.9,0.9,0.1,0.9,0.9,3120,42,342,312.0,312.0,0.410293698,0
8.0,17,64.0,3.316354523,0.0,0.0,0.0,0,0,0,0.0,0.0,1.0,1.0,0.0,1.0,1.0,3420,342,342,342.0,342.0,0.30153811,0
6.4,17,51.2,1.865378614,0.0,0.0,0.0,0,0,0,0.0,0.0,0.8,0.8,0.2,0.8,0.8,2820,42,342,282.0,282.0,0.557886004,0
8.0,17,64.0,2.487677872,0.0,0.0,0.0,0,0,0,0.0,0.0,1.0,1.0,0.0,1.0,1.0,3420,342,342,342.0,342.0,0.402096009,0
8.0,17,64.0,1.991655407,0.0,0.0,0.0,0,0,0,0.0,0.0,1.0,1.0,0.0,1.0,1.0,3420,342,342,342.0,342.0,0.502185893,0
8.0,17,64.0,3.317800497,0.0,0.0,0.0,0,0,0,0.0,0.0,1.0,1.0,0.0,1.0,1.0,3420,342,342,342.0,342.0,0.401817989,0
8.0,17,64.0,1.992328713,0.0,0.0,0.0,0,0,0,0.0,0.0,1.0,1.0,0.0,1.0,1.0,3420,342,342,342.0,342.0,0.501939106,0
8.0,17,64.0,3.315161862,0.0,0.0,0.0,0,0,0,0.0,0.0,1.0,1.0,0.0,1.0,1.0,3420,342,342,342.0,342.0,0.469289899,0
8.0,17,64.0,2.488194096,0.0,0.0,0.0,0,0,0,0.0,0.0,1.0,1.0,0.0,1.0,1.0,3420,342,342,342.0,342.0,0.402073789,0
8.0,17,64.0,2.487333989,0.0,0.0,0.0,0,0,0,0.0,0.0,1.0,1.0,0.0,1.0,1.0,3420,342,342,342.0,342.0,0.402037382,0
8.0,17,64.0,1.990781555,0.0,0.0,0.0,0,0,0,0.0,0.0,1.0,1.0,0.0,1.0,1.0,3420,342,342,342.0,342.0,0.502326798,0
8.0,17,64.0,2.487093283,0.0,0.0,0.0,0,0,0,0.0,0.0,1.0,1.0,0.0,1.0,1.0,3420,342,342,342.0,342.0,0.402210283,0
6.4,17,51.2,1.764548837,0.0,0.0,0.0,0,0,0,0.0,0.0,0.8,0.8,0.2,0.8,0.8,2820,42,342,282.0,282.0,0.5667979,0
8.0,17,64.0,1.992159989,0.0,0.0,0.0,0,0,0,0.0,0.0,1.0,1.0,0.0,1.0,1.0,3420,342,342,342.0,342.0,0.502099705,0
7.2,17,57.6,2.637044712,0.0,0.0,0.0,0,0,0,0.0,0.0,0.9,0.9,0.1,0.9,0.9,3120,42,342,312.0,312.0,0.379213595,0
8.0,17,64.0,2.487937876,0.0,0.0,0.0,0,0,0,0.0,0.0,1.0,1.0,0.0,1.0,1.0,3420,342,342,342.0,342.0,0.401984382,0
7.2,17,57.6,3.887586632,0.0,0.0,0.0,0,0,0,0.0,0.0,0.9,0.9,0.1,0.9,0.9,3120,42,342,312.0,312.0,0.257346296,0
8.0,17,64.0,2.030451073,0.0,0.0,0.0,0,0,0,0.0,0.0,1.0,0.9,0.0,1.0,1.0,3168,90,342,316.8,316.8,0.592849803,0
8.0,17,64.0,2.488177416,0.0,0.0,0.0,0,0,0,0.0,0.0,1.0,1.0,0.0,1.0,1.0,3420,342,342,342.0,342.0,0.401907802,0
7.2,17,57.6,3.31952304,0.0,0.0,0.0,0,0,0,0.0,0.0,0.9,0.9,0.1,0.9,0.9,3120,42,342,312.0,312.0,0.301412487,0
8.0,17,64.0,2.489449098,0.0,0.0,0.0,0,0,0,0.0,0.0,1.0,1.0,0.0,1.0,1.0,3420,342,342,342.0,342.0,0.602142596,0
8.0,17,64.0,1.660106476,0.0,0.0,0.0,0,0,0,0.0,0.0,1.0,1.0,0.0,1.0,1.0,3420,342,342,342.0,342.0,0.602443814,0
5.6,17,43.6,8.525200467,0.0,0.0,0.0,0,0,0,0.0,0.0,0.7,0.5,0.3,0.7,0.7,2016,42,342,201.6,201.6,0.217549992,0
7.2,17,57.6,3.316532841,0.0,0.0,0.0,0,0,0,0.0,0.0,0.9,0.9,0.1,0.9,0.9,3120,42,342,312.0,312.0,0.301624203,0
8.0,17,64.0,2.488929842,0.0,0.0,0.0,0,0,0,0.0,0.0,1.0,1.0,0.0,1.0,1.0,3420,342,342,342.0,342.0,0.401868796,0
8.0,17,64.0,1.661830183,0.0,0.0,0.0,0,0,0,0.0,0.0,1.0,1.0,0.0,1.0,1.0,3420,342,342,342.0,342.0,0.601829696,0
4.8,17,38.4,4.971515424,0.0,0.0,0.0,0,0,0,0.0,0.0,0.6,0.6,0.4,0.6,0.6,2220,42,342,222.0,222.0,0.301496506,0
8.0,17,64.0,1.992807219,0.0,0.0,0.0,0,0,0,0.0,0.0,1.0,1.0,0.0,1.0,1.0,3420,342,342,342.0,342.0,0.601920891,0
7.2,17,57.6,2.490468296,0.0,0.0,0.0,0,0,0,0.0,0.0,0.9,0.9,0.1,0.9,0.9,3120,42,342,312.0,312.0,0.501669097,0
8.0,17,63.0,3.322595753,0.0,0.0,0.0,0,0,0,0.0,0.0,1.0,0.8,0.0,1.0,1.0,2916,90,342,291.6,291.6,0.301237106,0
8.0,17,64.0,1.993279798,0.0,0.0,0.0,0,0,0,0.0,0.0,1.0,1.0,0.0,1.0,1.0,3420,342,342,342.0,342.0,0.590637422,0
6.857142857,17,54.85714286,2.700038109,0.0,0.0,0.0,0,0,0,0.0,0.0,0.857142857,0.857142857,0.142857143,0.857142857,0.857142857,2094,42,342,299.1428571,299.1428571,0.51367242,0
8.0,17,64.0,2.487599232,0.0,0.0,0.0,0,0,0,0.0,0.0,1.0,1.0,0.0,1.0,1.0,3420,342,342,342.0,342.0,0.4020998,0
8.0,17,64.0,1.989841443,0.0,0.0,0.0,0,0,0,0.0,0.0,1.0,1.0,0.0,1.0,1.0,3420,342,342,342.0,342.0,0.502552605,0
7.2,17,57.6,2.21847895,0.0,0.0,0.0,0,0,0,0.0,0.0,0.9,0.9,0.1,0.9,0.9,3120,42,342,312.0,312.0,0.450948191,0
8.0,17,64.0,2.488537774,0.0,0.0,0.0,0,0,0,0.0,0.0,1.0,1.0,0.0,1.0,1.0,3420,342,342,342.0,342.0,0.444589901,0
7.2,17,57.6,2.257343477,0.0,0.0,0.0,0,0,0,0.0,0.0,0.9,0.9,0.1,0.9,0.9,3120,42,342,312.0,312.0,0.443083286,0
7.2,17,57.6,2.375281152,0.0,0.0,0.0,0,0,0,0.0,0.0,0.9,0.9,0.1,0.9,0.9,3120,42,342,312.0,312.0,0.521420908,0
8.0,17,64.0,3.315266415,0.0,0.0,0.0,0,0,0,0.0,0.0,1.0,1.0,0.0,1.0,1.0,3420,342,342,342.0,342.0,0.401979184,0
8.0,17,64.0,1.990626131,0.0,0.0,0.0,0,0,0,0.0,0.0,1.0,1.0,0.0,1.0,1.0,3420,342,342,342.0,342.0,0.502359891,0
7.2,17,57.6,2.228429684,0.0,0.0,0.0,0,0,0,0.0,0.0,0.9,0.9,0.1,0.9,0.9,3120,42,342,312.0,312.0,0.448824692,0
8.0,17,64.0,2.242975221,0.0,0.0,0.0,0,0,0,0.0,0.0,1.0,1.0,0.0,1.0,1.0,3420,342,342,342.0,342.0,0.445917988,0
8.0,17,64.0,2.488233213,0.0,0.0,0.0,0,0,0,0.0,0.0,1.0,1.0,0.0,1.0,1.0,3420,342,342,342.0,342.0,0.4018924,0
8.0,17,64.0,2.488007239,0.0,0.0,0.0,0,0,0,0.0,0.0,1.0,1.0,0.0,1.0,1.0,3420,342,342,342.0,342.0,0.502275181,0
8.0,17,64.0,3.278045657,0.0,0.0,0.0,0,0,0,0.0,0.0,1.0,1.0,0.0,1.0,1.0,3420,342,342,342.0,342.0,0.405446696,0
7.2,17,57.6,2.527586754,0.0,0.0,0.0,0,0,0,0.0,0.0,0.9,0.9,0.1,0.9,0.9,3120,42,342,312.0,312.0,0.402160001,0
8.0,17,64.0,1.992976337,0.0,0.0,0.0,0,0,0,0.0,0.0,1.0,1.0,0.0,1.0,1.0,3420,342,342,342.0,342.0,0.602192497,0
8.0,17,64.0,3.418007503,0.0,0.0,0.0,0,0,0,0.0,0.0,1.0,1.0,0.0,1.0,1.0,3420,342,342,342.0,342.0,0.39283371,0
8.0,17,64.0,2.488264802,0.0,0.0,0.0,0,0,0,0.0,0.0,1.0,1.0,0.0,1.0,1.0,3420,342,342,342.0,342.0,0.402136898,0
7.2,17,57.6,2.332571437,0.0,0.0,0.0,0,0,0,0.0,0.0,0.9,0.9,0.1,0.9,0.9,3120,42,342,312.0,312.0,0.630027604,0
8.0,17,64.0,1.661818068,0.0,0.0,0.0,0,0,0,0.0,0.0,1.0,1.0,0.0,1.0,1.0,3420,342,342,342.0,342.0,0.601780891,0
8.0,17,64.0,2.488077196,0.0,0.0,0.0,0,0,0,0.0,0.0,1.0,1.0,0.0,1.0,1.0,3420,342,342,342.0,342.0,0.50222621,0
8.0,17,64.0,1.660202348,0.0,0.0,0.0,0,0,0,0.0,0.0,1.0,1.0,0.0,1.0,1.0,3420,342,342,342.0,342.0,0.602369618,0
8.0,17,64.0,1.993041492,0.0,0.0,0.0,0,0,0,0.0,0.0,1.0,1.0,0.0,1.0,1.0,3420,342,342,342.0,342.0,0.602120781,0
8.0,17,64.0,2.488044874,0.0,0.0,0.0,0,0,0,0.0,0.0,1.0,1.0,0.0,1.0,1.0,3420,342,342,342.0,342.0,0.402012801,0
8.0,17,64.0,3.312831442,0.0,0.0,0.0,0,0,0,0.0,0.0,1.0,1.0,0.0,1.0,1.0,3420,342,342,342.0,342.0,0.402238083,0
8.0,17,64.0,1.992143052,0.0,0.0,0.0,0,0,0,0.0,0.0,1.0,1.0,0.0,1.0,1.0,3420,342,342,342.0,342.0,0.603059793,0
8.0,17,64.0,1.99265943,0.0,0.0,0.0,0,0,0,0.0,0.0,1.0,1.0,0.0,1.0,1.0,3420,342,342,342.0,342.0,0.602234793,0
7.2,17,57.6,3.314316771,0.0,0.0,0.0,0,0,0,0.0,0.0,0.9,0.9,0.1,0.9,0.9,3120,42,342,312.0,312.0,0.374421096,0
8.0,17,64.0,2.489266336,0.0,0.0,0.0,0,0,0,0.0,0.0,1.0,1.0,0.0,1.0,1.0,3420,342,342,342.0,342.0,0.502026486,0
8.0,17,64.0,1.991154106,0.0,0.0,0.0,0,0,0,0.0,0.0,1.0,1.0,0.0,1.0,1.0,3420,342,342,342.0,342.0,0.502445292,0
7.2,17,57.6,1.992592312,0.0,0.0,0.0,0,0,0,0.0,0.0,0.9,0.9,0.1,0.9,0.9,3120,42,342,312.0,312.0,0.50193851,0
8.0,17,64.0,inf,0.0,0.0,0.0,0,0,0,0.0,0.0,1.0,1.0,0.0,1.0,1.0,342,342,342,342.0,342.0,5.01e-06,0
6.4,17,56.6,4.897773683,0.0,0.0,0.0,0,0,0,0.0,0.0,0.8,0.5,0.2,0.8,0.8,2095,42,342,209.5,209.5,0.204186487,0
8.0,17,64.0,2.910156842,0.0,0.0,0.0,0,0,0,0.0,0.0,1.0,1.0,0.0,1.0,1.0,3420,342,342,342.0,342.0,0.54415729,0
8.0,17,64.0,2.489500518,0.0,0.0,0.0,0,0,0,0.0,0.0,1.0,1.0,0.0,1.0,1.0,3420,342,342,342.0,342.0,0.401848698,0
7.2,17,57.6,2.454569039,0.0,0.0,0.0,0,0,0,0.0,0.0,0.9,0.9,0.1,0.9,0.9,3120,42,342,312.0,312.0,0.407404304,0
8.0,17,64.0,2.487517647,0.0,0.0,0.0,0,0,0,0.0,0.0,1.0,1.0,0.0,1.0,1.0,3420,342,342,342.0,342.0,0.502262592,0
8.0,17,64.0,1.993602587,0.0,0.0,0.0,0,0,0,0.0,0.0,1.0,1.0,0.0,1.0,1.0,3420,342,342,342.0,342.0,0.501783705,0
6.4,17,51.2,3.315017752,0.0,0.0,0.0,0,0,0,0.0,0.0,0.8,0.8,0.2,0.8,0.8,2820,42,342,282.0,282.0,0.4017205,0
8.0,17,64.0,2.486635009,0.0,0.0,0.0,0,0,0,0.0,0.0,1.0,1.0,0.0,1.0,1.0,3420,342,342,342.0,342.0,0.402160692,0
8.0,17,64.0,1.991365866,0.0,0.0,0.0,0,0,0,0.0,0.0,1.0,1.0,0.0,1.0,1.0,3420,342,342,342.0,342.0,0.502193499,0
8.0,17,64.0,1.99998436,0.0,0.0,0.0,0,0,0,0.0,0.0,1.0,1.0,0.0,1.0,1.0,3420,342,342,342.0,342.0,0.600447702,0
7.2,17,57.6,3.310405269,0.0,0.0,0.0,0,0,0,0.0,0.0,0.9,0.9,0.1,0.9,0.9,3120,42,342,312.0,312.0,0.302208114,0
8.0,17,64.0,1.992135861,0.0,0.0,0.0,0,0,0,0.0,0.0,1.0,1.0,0.0,1.0,1.0,3420,342,342,342.0,342.0,0.602460885,0
7.2,17,57.6,1.988313131,0.0,0.0,0.0,0,0,0,0.0,0.0,0.9,0.9,0.1,0.9,0.9,3120,42,342,312.0,312.0,0.603283787,0
8.0,17,64.0,2.487250946,0.0,0.0,0.0,0,0,0,0.0,0.0,1.0,1.0,0.0,1.0,1.0,3420,342,342,342.0,342.0,0.402126503,0
8.0,17,64.0,3.977349527,0.0,0.0,0.0,0,0,0,0.0,0.0,1.0,1.0,0.0,1.0,1.0,1368,342,342,342.0,342.0,0.502776504,0
7.2,17,57.6,2.454096107,0.0,0.0,0.0,0,0,0,0.0,0.0,0.9,0.9,0.1,0.9,0.9,3120,42,342,312.0,312.0,0.407484412,0
8.0,17,64.0,2.489156722,0.0,0.0,0.0,0,0,0,0.0,0.0,1.0,1.0,0.0,1.0,1.0,3420,342,342,342.0,342.0,0.40194819,0
8.0,17,64.0,2.491564106,0.0,0.0,0.0,0,0,0,0.0,0.0,1.0,1.0,0.0,1.0,1.0,3420,342,342,342.0,342.0,0.401410699,0
6.4,17,51.2,2.512558889,0.0,0.0,0.0,0,0,0,0.0,0.0,0.8,0.8,0.2,0.8,0.8,2820,42,342,282.0,282.0,0.49826262,0
8.0,17,64.0,2.488897645,0.0,0.0,0.0,0,0,0,0.0,0.0,1.0,1.0,0.0,1.0,1.0,3420,342,342,342.0,342.0,0.401943612,0
8.0,17,64.0,1.660703113,0.0,0.0,0.0,0,0,0,0.0,0.0,1.0,1.0,0.0,1.0,1.0,3420,342,342,342.0,342.0,0.602179599,0
7.2,17,57.6,1.536844533,0.0,0.0,0.0,0,0,0,0.0,0.0,0.9,0.9,0.1,0.9,0.9,3120,42,342,312.0,312.0,0.751056695,0
7.2,17,57.6,1.680858687,0.0,0.0,0.0,0,0,0,0.0,0.0,0.9,0.9,0.1,0.9,0.9,3120,42,342,312.0,312.0,0.594934511,0
6.4,17,51.2,3.318018342,0.0,0.0,0.0,0,0,0,0.0,0.0,0.8,0.8,0.2,0.8,0.8,2820,42,342,282.0,282.0,0.301468611,0
8.0,17,64.0,2.485566801,0.0,0.0,0.0,0,0,0,0.0,0.0,1.0,1.0,0.0,1.0,1.0,3420,342,342,342.0,342.0,0.402555108,0
8.0,17,64.0,2.318846605,0.0,0.0,0.0,0,0,0,0.0,0.0,1.0,1.0,0.0,1.0,1.0,3420,342,342,342.0,342.0,0.531594682,0
7.2,17,57.6,2.010011085,0.0,0.0,0.0,0,0,0,0.0,0.0,0.9,0.9,0.1,0.9,0.9,3120,42,342,312.0,312.0,0.597845697,0
7.2,17,57.6,1.664172374,0.0,0.0,0.0,0,0,0,0.0,0.0,0.9,0.9,0.1,0.9,0.9,3120,42,342,312.0,312.0,0.602237391,0
8.0,17,64.0,3.320451222,0.0,0.0,0.0,0,0,0,0.0,0.0,1.0,1.0,0.0,1.0,1.0,3420,342,342,342.0,342.0,0.301235294,0
8.0,17,64.0,2.510367083,0.0,0.0,0.0,0,0,0,0.0,0.0,1.0,1.0,0.0,1.0,1.0,3420,342,342,342.0,342.0,0.498734498,0
7.2,17,57.6,2.015102371,0.0,0.0,0.0,0,0,0,0.0,0.0,0.9,0.9,0.1,0.9,0.9,3120,42,342,312.0,312.0,0.502134299,0
8.0,17,64.0,2.488764435,0.0,0.0,0.0,0,0,0,0.0,0.0,1.0,1.0,0.0,1.0,1.0,3420,342,342,342.0,342.0,0.4018574,0
8.0,17,64.0,2.70795318,0.0,0.0,0.0,0,0,0,0.0,0.0,1.0,1.0,0.0,1.0,1.0,3420,342,342,342.0,342.0,0.369283009,0
7.2,17,57.6,2.986880966,0.0,0.0,0.0,0,0,0,0.0,0.0,0.9,0.9,0.1,0.9,0.9,3120,42,342,312.0,312.0,0.435185218,0
8.0,17,64.0,2.985085617,0.0,0.0,0.0,0,0,0,0.0,0.0,1.0,1.0,0.0,1.0,1.0,3078,342,342,342.0,342.0,0.335007005,0
8.0,17,64.0,1.661141152,0.0,0.0,0.0,0,0,0,0.0,0.0,1.0,1.0,0.0,1.0,1.0,3420,342,342,342.0,342.0,0.602060199,0
7.2,17,57.6,2.52128404,0.0,0.0,0.0,0,0,0,0.0,0.0,0.9,0.9,0.1,0.9,0.9,3120,42,342,312.0,312.0,0.496985984,0
7.2,17,57.6,2.346828372,0.0,0.0,0.0,0,0,0,0.0,0.0,0.9,0.9,0.1,0.9,0.9,3120,42,342,312.0,312.0,0.526419115,0
8.0,17,64.0,2.483753144,0.0,0.0,0.0,0,0,0,0.0,0.0,1.0,1.0,0.0,1.0,1.0,3420,342,342,342.0,342.0,0.402781796,0
8.0,17,64.0,2.488543975,0.0,0.0,0.0,0,0,0,0.0,0.0,1.0,1.0,0.0,1.0,1.0,3420,342,342,342.0,342.0,0.502290988,0
7.2,17,57.6,2.977814194,0.0,0.0,0.0,0,0,0,0.0,0.0,0.9,0.9,0.1,0.9,0.9,3120,42,342,312.0,312.0,0.436121798,0
8.0,17,64.0,2.652931541,0.0,0.0,0.0,0,0,0,0.0,0.0,1.0,1.0,0.0,1.0,1.0,2736,342,342,342.0,342.0,0.377226025,0
8.0,17,64.0,2.487875895,0.0,0.0,0.0,0,0,0,0.0,0.0,1.0,1.0,0.0,1.0,1.0,3420,342,342,342.0,342.0,0.502350402,0
2.4,1,78.4,4.313513111,0.0,0.0,0.0,0,0,0,0.0,0.0,0.3,0.3,0.0,1.0,1.0,1712,98,342,171.2,171.2,0.234449196,0
8.0,17,64.0,1.992241367,0.0,0.0,0.0,0,0,0,0.0,0.0,1.0,1.0,0.0,1.0,1.0,3420,342,342,342.0,342.0,0.501979399,0
8.0,17,64.0,1.660778668,0.0,0.0,0.0,0,0,0,0.0,0.0,1.0,1.0,0.0,1.0,1.0,3420,342,342,342.0,342.0,0.602232003,0
8.0,17,64.0,2.489756469,0.0,0.0,0.0,0,0,0,0.0,0.0,1.0,1.0,0.0,1.0,1.0,3420,342,342,342.0,342.0,0.401750994,0
8.0,17,64.0,1.991657015,0.0,0.0,0.0,0,0,0,0.0,0.0,1.0,1.0,0.0,1.0,1.0,3420,342,342,342.0,342.0,0.502261686,0
8.0,17,64.0,3.314235586,0.0,0.0,0.0,0,0,0,0.0,0.0,1.0,1.0,0.0,1.0,1.0,3420,342,342,342.0,342.0,0.402126193,0
7.2,17,57.6,3.189135402,0.0,0.0,0.0,0,0,0,0.0,0.0,0.9,0.9,0.1,0.9,0.9,3120,42,342,312.0,312.0,0.413946795,0
8.0,17,64.0,2.48774663,0.0,0.0,0.0,0,0,0,0.0,0.0,1.0,1.0,0.0,1.0,1.0,1710,342,342,342.0,342.0,0.402405977,0
7.2,17,57.6,1.922777783,0.0,0.0,0.0,0,0,0,0.0,0.0,0.9,0.9,0.1,0.9,0.9,3120,42,342,312.0,312.0,0.620467997,0
8.0,17,64.0,2.488324145,0.0,0.0,0.0,0,0,0,0.0,0.0,1.0,1.0,0.0,1.0,1.0,3420,342,342,342.0,342.0,0.502249789,0
8.0,17,64.0,1.990765681,0.0,0.0,0.0,0,0,0,0.0,0.0,1.0,1.0,0.0,1.0,1.0,3420,342,342,342.0,342.0,0.502361584,0
6.4,17,51.2,2.559437155,0.0,0.0,0.0,0,0,0,0.0,0.0,0.8,0.8,0.2,0.8,0.8,2820,42,342,282.0,282.0,0.390890789,0
8.0,17,64.0,3.318611917,0.0,0.0,0.0,0,0,0,0.0,0.0,1.0,1.0,0.0,1.0,1.0,3420,342,342,342.0,342.0,0.301445794,0
8.0,17,64.0,1.660925918,0.0,0.0,0.0,0,0,0,0.0,0.0,1.0,1.0,0.0,1.0,1.0,3420,342,342,342.0,342.0,0.602162313,0
7.2,17,57.6,3.315201429,0.0,0.0,0.0,0,0,0,0.0,0.0,0.9,0.9,0.1,0.9,0.9,3120,42,342,312.0,312.0,0.464877295,0
8.0,17,68.5,3.316436075,0.0,0.0,0.0,0,0,0,0.0,0.0,1.0,0.8,0.0,1.0,1.0,2955,82,342,295.5,295.5,0.301747012,0
8.0,17,64.0,2.488438706,0.0,0.0,0.0,0,0,0,0.0,0.0,1.0,1.0,0.0,1.0,1.0,3420,342,342,342.0,342.0,0.502015901,0
6.4,17,51.2,3.150638349,0.0,0.0,0.0,0,0,0,0.0,0.0,0.8,0.8,0.2,0.8,0.8,2820,42,342,282.0,282.0,0.317592502,0
8.0,17,64.0,2.065116468,0.0,0.0,0.0,0,0,0,0.0,0.0,1.0,1.0,0.0,1.0,1.0,3420,342,342,342.0,342.0,0.484254384,0
8.0,17,64.0,2.487570168,0.0,0.0,0.0,0,0,0,0.0,0.0,1.0,1.0,0.0,1.0,1.0,3420,342,342,342.0,342.0,0.402086115,0
8.0,17,64.0,3.31506177,0.0,0.0,0.0,0,0,0,0.0,0.0,1.0,1.0,0.0,1.0,1.0,3420,342,342,342.0,342.0,0.402016401,0
7.2,17,57.6,2.15763826,0.0,0.0,0.0,0,0,0,0.0,0.0,0.9,0.9,0.1,0.9,0.9,3120,42,342,312.0,312.0,0.50233891,0
8.0,17,64.0,1.661049579,0.0,0.0,0.0,0,0,0,0.0,0.0,1.0,1.0,0.0,1.0,1.0,3420,342,342,342.0,342.0,0.602505398,0
6.0,17,48.0,5.493599288,0.0,0.0,0.0,0,0,0,0.0,0.0,0.75,0.75,0.25,0.75,0.75,1068,42,342,267.0,267.0,0.251519501,0
8.0,17,64.0,3.313606139,0.0,0.0,0.0,0,0,0,0.0,0.0,1.0,1.0,0.0,1.0,1.0,3420,342,342,342.0,342.0,0.402130914,0
8.0,17,64.0,2.488934864,0.0,0.0,0.0,0,0,0,0.0,0.0,1.0,1.0,0.0,1.0,1.0,3420,342,342,342.0,342.0,0.502107382,0
8.0,17,64.0,2.487199619,0.0,0.0,0.0,0,0,0,0.0,0.0,1.0,1.0,0.0,1.0,1.0,3420,342,342,342.0,342.0,0.502441216,0
8.0,17,64.0,2.487599822,0.0,0.0,0.0,0,0,0,0.0,0.0,1.0,1.0,0.0,1.0,1.0,3420,342,342,342.0,342.0,0.401994205,0
8.0,17,82.1,1.652150604,0.0,0.0,0.0,0,0,0,0.0,0.0,1.0,0.8,0.0,1.0,1.0,2913,87,342,291.3,291.3,0.611882877,0
8.0,17,64.0,3.315801598,0.0,0.0,0.0,0,0,0,0.0,0.0,1.0,1.0,0.0,1.0,1.0,3420,342,342,342.0,342.0,0.356029487,0
8.0,17,64.0,3.317648548,0.0,0.0,0.0,0,0,0,0.0,0.0,1.0,1.0,0.0,1.0,1.0,3420,342,342,342.0,342.0,0.401794004,0
7.2,17,57.6,2.019813639,0.0,0.0,0.0,0,0,0,0.0,0.0,0.9,0.9,0.1,0.9,0.9,3120,42,342,312.0,312.0,0.495187593,0
7.2,17,57.6,2.48139444,0.0,0.0,0.0,0,0,0,0.0,0.0,0.9,0.9,0.1,0.9,0.9,3120,42,342,312.0,312.0,0.60356071,0
8.0,17,64.0,2.48978928,0.0,0.0,0.0,0,0,0,0.0,0.0,1.0,1.0,0.0,1.0,1.0,3420,342,342,342.0,342.0,0.601649308,0
5.6,17,49.8,3.653700946,0.0,0.0,0.0,0,0,0,0.0,0.0,0.7,0.5,0.3,0.7,0.7,2016,42,342,201.6,201.6,0.273695803,0
8.0,17,64.0,2.482972977,0.0,0.0,0.0,0,0,0,0.0,0.0,1.0,1.0,0.0,1.0,1.0,3420,342,342,342.0,342.0,0.503030205,0
8.0,17,64.0,3.315605798,0.0,0.0,0.0,0,0,0,0.0,0.0,1.0,1.0,0.0,1.0,1.0,3420,342,342,342.0,342.0,0.401916003,0
6.4,17,51.2,4.646509765,0.0,0.0,0.0,0,0,0,0.0,0.0,0.8,0.7,0.2,0.8,0.8,2568,42,342,256.8,256.8,0.315076613,0
7.2,17,57.6,2.767793663,0.0,0.0,0.0,0,0,0,0.0,0.0,0.9,0.9,0.1,0.9,0.9,3120,42,342,312.0,312.0,0.561839318,0
7.2,17,57.6,1.981295358,0.0,0.0,0.0,0,0,0,0.0,0.0,0.9,0.9,0.1,0.9,0.9,3120,42,342,312.0,312.0,0.605283213,0
8.0,17,64.0,2.239966011,0.0,0.0,0.0,0,0,0,0.0,0.0,1.0,1.0,0.0,1.0,1.0,3078,342,342,342.0,342.0,0.557877117,0
8.0,17,64.0,2.487403171,0.0,0.0,0.0,0,0,0,0.0,0.0,1.0,1.0,0.0,1.0,1.0,3420,342,342,342.0,342.0,0.4020257,0
8.0,17,64.0,1.661124047,0.0,0.0,0.0,0,0,0,0.0,0.0,1.0,1.0,0.0,1.0,1.0,3420,342,342,342.0,342.0,0.60209558,0
8.0,17,64.0,inf,0.0,0.0,0.0,0,0,0,0.0,0.0,1.0,1.0,0.0,1.0,1.0,342,342,342,342.0,342.0,1.005443096,0
6.4,17,51.2,2.967791466,0.0,0.0,0.0,0,0,0,0.0,0.0,0.8,0.8,0.2,0.8,0.8,2820,42,342,282.0,282.0,0.336953497,0
7.2,17,57.6,3.317304023,0.0,0.0,0.0,0,0,0,0.0,0.0,0.9,0.9,0.1,0.9,0.9,3120,42,342,312.0,312.0,0.301462007,0
6.4,17,50.2,3.433331483,0.0,0.0,0.0,0,0,0,0.0,0.0,0.8,0.5,0.2,0.8,0.8,2064,42,342,206.4,206.4,0.291410804,0
8.0,17,64.0,1.993000959,0.0,0.0,0.0,0,0,0,0.0,0.0,1.0,1.0,0.0,1.0,1.0,3420,342,342,342.0,342.0,0.602158713,0
8.0,17,64.0,2.487730547,0.0,0.0,0.0,0,0,0,0.0,0.0,1.0,1.0,0.0,1.0,1.0,3420,342,342,342.0,342.0,0.502420092,0
6.4,17,51.2,2.487556005,0.0,0.0,0.0,0,0,0,0.0,0.0,0.8,0.8,0.2,0.8,0.8,2820,42,342,282.0,282.0,0.502280998,0
8.0,17,64.0,2.489149188,0.0,0.0,0.0,0,0,0,0.0,0.0,1.0,1.0,0.0,1.0,1.0,3420,342,342,342.0,342.0,0.502039599,0
8.0,17,64.0,2.561632916,0.0,0.0,0.0,0,0,0,0.0,0.0,1.0,1.0,0.0,1.0,1.0,3420,342,342,342.0,342.0,0.390375996,0
7.2,17,57.6,3.774154888,0.0,0.0,0.0,0,0,0,0.0,0.0,0.9,0.9,0.1,0.9,0.9,3120,42,342,312.0,312.0,0.365201998,0
8.0,17,64.0,2.487500239,0.0,0.0,0.0,0,0,0,0.0,0.0,1.0,1.0,0.0,1.0,1.0,3420,342,342,342.0,342.0,0.402010012,0
7.2,17,57.6,2.04697851,0.0,0.0,0.0,0,0,0,0.0,0.0,0.9,0.9,0.1,0.9,0.9,3120,42,342,312.0,312.0,0.588863111,0
7.2,17,57.6,3.959916166,0.0,0.0,0.0,0,0,0,0.0,0.0,0.9,0.9,0.1,0.9,0.9,3120,42,342,312.0,312.0,0.3528584,0
8.0,17,64.0,3.316872746,0.0,0.0,0.0,0,0,0,0.0,0.0,1.0,1.0,0.0,1.0,1.0,3420,342,342,342.0,342.0,0.30150311,0
7.2,17,57.6,2.413136684,0.0,0.0,0.0,0,0,0,0.0,0.0,0.9,0.9,0.1,0.9,0.9,3120,42,342,312.0,312.0,0.414628911,0
8.0,17,64.0,2.48867096,0.0,0.0,0.0,0,0,0,0.0,0.0,1.0,1.0,0.0,1.0,1.0,3420,342,342,342.0,342.0,0.401982117,0
8.0,17,64.0,2.486508232,0.0,0.0,0.0,0,0,0,0.0,0.0,1.0,1.0,0.0,1.0,1.0,3420,342,342,342.0,342.0,0.411520815,0
6.4,17,51.2,3.314747383,0.0,0.0,0.0,0,0,0,0.0,0.0,0.8,0.8,0.2,0.8,0.8,2820,42,342,282.0,282.0,0.392811012,0
2.4,1,68.8,6.161383646,0.0,0.0,0.0,0,0,0,0.0,0.0,0.3,0.3,0.0,1.0,1.0,1712,98,342,171.2,171.2,0.204886317,0
8.0,17,64.0,1.423995312,0.0,0.0,0.0,0,0,0,0.0,0.0,1.0,1.0,0.0,1.0,1.0,3420,342,342,342.0,342.0,0.702405,0
8.0,17,64.0,1.992373193,0.0,0.0,0.0,0,0,0,0.0,0.0,1.0,1.0,0.0,1.0,1.0,3420,342,342,342.0,342.0,0.602360082,0
6.4,17,51.2,1.877128847,0.0,0.0,0.0,0,0,0,0.0,0.0,0.8,0.8,0.2,0.8,0.8,2820,42,342,282.0,282.0,0.533529496,0
8.0,17,64.0,2.075617674,0.0,0.0,0.0,0,0,0,0.0,0.0,1.0,1.0,0.0,1.0,1.0,3420,342,342,342.0,342.0,0.582070398,0
6.4,17,51.2,2.817038611,0.0,0.0,0.0,0,0,0,0.0,0.0,0.8,0.8,0.2,0.8,0.8,2820,42,342,282.0,282.0,0.356046605,0
7.2,17,57.6,2.575333008,0.0,0.0,0.0,0,0,0,0.0,0.0,0.9,0.9,0.1,0.9,0.9,3120,42,342,312.0,312.0,0.38837018,0
8.0,17,64.0,2.487864237,0.0,0.0,0.0,0,0,0,0.0,0.0,1.0,1.0,0.0,1.0,1.0,3420,342,342,342.0,342.0,0.502275205,0
7.2,17,57.6,1.933485721,0.0,0.0,0.0,0,0,0,0.0,0.0,0.9,0.9,0.1,0.9,0.9,3120,42,342,312.0,312.0,0.517276216,0
8.0,17,64.0,2.488161918,0.0,0.0,0.0,0,0,0,0.0,0.0,1.0,1.0,0.0,1.0,1.0,3420,342,342,342.0,342.0,0.502306509,0
8.0,17,64.0,1.990093337,0.0,0.0,0.0,0,0,0,0.0,0.0,1.0,1.0,0.0,1.0,1.0,3420,342,342,342.0,342.0,0.502565694,0
8.0,17,64.0,3.315686003,0.0,0.0,0.0,0,0,0,0.0,0.0,1.0,1.0,0.0,1.0,1.0,3420,342,342,342.0,342.0,0.40190351,0
8.0,17,64.0,2.488529653,0.0,0.0,0.0,0,0,0,0.0,0.0,1.0,1.0,0.0,1.0,1.0,3420,342,342,342.0,342.0,0.401844215,0
7.2,17,57.6,2.176056912,0.0,0.0,0.0,0,0,0,0.0,0.0,0.9,0.9,0.1,0.9,0.9,3120,42,342,312.0,312.0,0.660066319,0
7.2,17,57.6,1.794023554,0.0,0.0,0.0,0,0,0,0.0,0.0,0.9,0.8,0.1,0.9,0.9,2868,42,342,286.8,286.8,0.857990789,0
7.2,17,57.6,2.750741889,0.0,0.0,0.0,0,0,0,0.0,0.0,0.9,0.9,0.1,0.9,0.9,3120,42,342,312.0,312.0,0.462096,0
7.2,17,57.6,3.338291858,0.0,0.0,0.0,0,0,0,0.0,0.0,0.9,0.9,0.1,0.9,0.9,3120,42,342,312.0,312.0,0.299554396,0
7.2,17,57.6,2.424298753,0.0,0.0,0.0,0,0,0,0.0,0.0,0.9,0.9,0.1,0.9,0.9,3120,42,342,312.0,312.0,0.41771431,0
8.0,17,64.0,2.489546473,0.0,0.0,0.0,0,0,0,0.0,0.0,1.0,1.0,0.0,1.0,1.0,3420,342,342,342.0,342.0,0.502051091,0
8.0,17,64.0,2.488739182,0.0,0.0,0.0,0,0,0,0.0,0.0,1.0,1.0,0.0,1.0,1.0,3420,342,342,342.0,342.0,0.502127981,0
29.6,6,85.6,40.7265383,0.0,0.0,0.9,9,0,0,0.0,0.9,0.1,0.1,0.0,1.0,1.0,10510,66,2866,1051.0,1051.0,0.024591398,0
8.0,17,64.0,1.660868304,0.0,0.0,0.0,0,0,0,0.0,0.0,1.0,1.0,0.0,1.0,1.0,3420,342,342,342.0,342.0,0.60213511,0
6.4,17,51.2,4.153215409,0.0,0.0,0.0,0,0,0,0.0,0.0,0.8,0.8,0.2,0.8,0.8,2820,42,342,282.0,282.0,0.240947199,0
8.0,17,64.0,3.319972613,0.0,0.0,0.0,0,0,0,0.0,0.0,1.0,1.0,0.0,1.0,1.0,3420,342,342,342.0,342.0,0.501697803,0
8.0,17,64.0,1.991307533,0.0,0.0,0.0,0,0,0,0.0,0.0,1.0,1.0,0.0,1.0,1.0,3420,342,342,342.0,342.0,0.533492303,0
8.0,17,64.0,3.315366257,0.0,0.0,0.0,0,0,0,0.0,0.0,1.0,1.0,0.0,1.0,1.0,3420,342,342,342.0,342.0,0.401946282,0
6.4,17,57.6,3.844827272,0.0,0.0,0.0,0,0,0,0.0,0.0,0.8,0.8,0.1,0.9,0.9,2876,42,342,287.6,287.6,0.260126805,0
8.0,17,64.0,3.316941208,0.0,0.0,0.0,0,0,0,0.0,0.0,1.0,1.0,0.0,1.0,1.0,3420,342,342,342.0,342.0,0.315115499,0
7.2,17,57.6,2.607362848,0.0,0.0,0.0,0,0,0,0.0,0.0,0.9,0.9,0.1,0.9,0.9,3120,42,342,312.0,312.0,0.383737278,0
8.0,17,64.0,1.990821904,0.0,0.0,0.0,0,0,0,0.0,0.0,1.0,1.0,0.0,1.0,1.0,3420,342,342,342.0,342.0,0.502400494,0
8.0,17,64.0,1.991820357,0.0,0.0,0.0,0,0,0,0.0,0.0,1.0,1.0,0.0,1.0,1.0,3420,342,342,342.0,342.0,0.50226109,0
8.0,17,64.0,3.333557727,0.0,0.0,0.0,0,0,0,0.0,0.0,1.0,1.0,0.0,1.0,1.0,3420,342,342,342.0,342.0,0.400330901,0
8.0,17,64.0,2.485938338,0.0,0.0,0.0,0,0,0,0.0,0.0,1.0,1.0,0.0,1.0,1.0,3420,342,342,342.0,342.0,0.402267098,0
7.2,17,57.6,2.130144098,0.0,0.0,0.0,0,0,0,0.0,0.0,0.9,0.9,0.1,0.9,0.9,3120,42,342,312.0,312.0,0.569606018,0
8.0,17,64.0,2.486457378,0.0,0.0,0.0,0,0,0,0.0,0.0,1.0,1.0,0.0,1.0,1.0,3420,342,342,342.0,342.0,0.402239418,0
8.0,17,64.0,2.488039413,0.0,0.0,0.0,0,0,0,0.0,0.0,1.0,1.0,0.0,1.0,1.0,3420,342,342,342.0,342.0,0.401930308,0
8.0,17,64.0,2.324640856,0.0,0.0,0.0,0,0,0,0.0,0.0,1.0,1.0,0.0,1.0,1.0,2394,342,342,342.0,342.0,0.430199691,0
8.0,17,59.3,4.978093939,0.0,0.0,0.0,0,0,0,0.0,0.0,1.0,0.5,0.0,1.0,1.0,2160,90,342,216.0,216.0,0.201038694,0
7.2,17,57.6,2.962715368,0.0,0.0,0.0,0,0,0,0.0,0.0,0.9,0.9,0.1,0.9,0.9,3120,42,342,312.0,312.0,0.437831497,0
7.2,17,57.6,3.246063833,0.0,0.0,0.0,0,0,0,0.0,0.0,0.9,0.9,0.1,0.9,0.9,3120,42,342,312.0,312.0,0.408419609,0
8.0,17,64.0,1.98828542,0.0,0.0,0.0,0,0,0,0.0,0.0,1.0,1.0,0.0,1.0,1.0,3420,342,342,342.0,342.0,0.502959013,0
8.0,17,64.0,2.36026967,0.0,0.0,0.0,0,0,0,0.0,0.0,1.0,1.0,0.0,1.0,1.0,3420,342,342,342.0,342.0,0.423680401,0
7.2,17,57.6,2.556554799,0.0,0.0,0.0,0,0,0,0.0,0.0,0.9,0.9,0.1,0.9,0.9,3120,42,342,312.0,312.0,0.503650212,0
7.2,17,57.6,3.314416818,0.0,0.0,0.0,0,0,0,0.0,0.0,0.9,0.9,0.1,0.9,0.9,3120,42,342,312.0,312.0,0.387556291,0
8.0,17,64.0,3.318515293,0.0,0.0,0.0,0,0,0,0.0,0.0,1.0,1.0,0.0,1.0,1.0,3420,342,342,342.0,342.0,0.301585078,0
7.2,17,57.6,3.065407578,0.0,0.0,0.0,0,0,0,0.0,0.0,0.9,0.9,0.1,0.9,0.9,3120,42,342,312.0,312.0,0.426543188,0
8.0,17,64.0,3.108456211,0.0,0.0,0.0,0,0,0,0.0,0.0,1.0,1.0,0.0,1.0,1.0,3420,342,342,342.0,342.0,0.422076416,0
8.0,17,64.0,1.818512433,0.0,0.0,0.0,0,0,0,0.0,0.0,1.0,1.0,0.0,1.0,1.0,3420,342,342,342.0,342.0,0.550132394,0
8.0,17,64.0,3.315378312,0.0,0.0,0.0,0,0,0,0.0,0.0,1.0,1.0,0.0,1.0,1.0,3420,342,342,342.0,342.0,0.401985407,0
5.6,17,57.6,1.693938213,0.0,0.0,0.0,0,0,0,0.0,0.0,0.7,0.7,0.1,0.9,0.9,2632,42,342,263.2,263.2,0.605519891,0
7.2,17,57.6,3.381811591,0.0,0.0,0.0,0,0,0,0.0,0.0,0.9,0.9,0.1,0.9,0.9,3120,42,342,312.0,312.0,0.295875716,0
7.2,17,57.6,2.41769565,0.0,0.0,0.0,0,0,0,0.0,0.0,0.9,0.9,0.1,0.9,0.9,3120,42,342,312.0,312.0,0.4137465,0
8.0,17,64.0,2.489883578,0.0,0.0,0.0,0,0,0,0.0,0.0,1.0,1.0,0.0,1.0,1.0,3420,342,342,342.0,342.0,0.502079296,0
6.4,17,51.2,1.996525707,0.0,0.0,0.0,0,0,0,0.0,0.0,0.8,0.8,0.2,0.8,0.8,2820,42,342,282.0,282.0,0.500882578,0
4.8,17,43.8,3.944230331,0.0,0.0,0.0,0,0,0,0.0,0.0,0.6,0.5,0.3,0.7,0.7,2044,42,342,204.4,204.4,0.253623581,0
8.0,17,64.0,inf,0.0,0.0,0.0,0,0,0,0.0,0.0,1.0,1.0,0.0,1.0,1.0,342,342,342,342.0,342.0,3.1e-06,0
8.0,17,61.4,3.810435403,0.0,0.0,0.0,0,0,0,0.0,0.0,1.0,0.6,0.0,1.0,1.0,2412,90,342,241.2,241.2,0.362611794,0
8.0,17,64.0,1.991313111,0.0,0.0,0.0,0,0,0,0.0,0.0,1.0,1.0,0.0,1.0,1.0,3420,342,342,342.0,342.0,0.502207303,0
6.4,17,51.2,3.312668697,0.0,0.0,0.0,0,0,0,0.0,0.0,0.8,0.8,0.2,0.8,0.8,2820,42,342,282.0,282.0,0.302102804,0
7.2,17,57.6,1.58179372,0.0,0.0,0.0,0,0,0,0.0,0.0,0.9,0.9,0.1,0.9,0.9,3120,42,342,312.0,312.0,0.632262397,0
8.0,17,64.0,3.316014986,0.0,0.0,0.0,0,0,0,0.0,0.0,1.0,1.0,0.0,1.0,1.0,3420,342,342,342.0,342.0,0.401890707,0
6.4,17,51.2,3.319936348,0.0,0.0,0.0,0,0,0,0.0,0.0,0.8,0.8,0.2,0.8,0.8,2820,42,342,282.0,282.0,0.401381183,0
5.6,17,44.8,3.31826063,0.0,0.0,0.0,0,0,0,0.0,0.0,0.7,0.7,0.3,0.7,0.7,2520,42,342,252.0,252.0,0.332318306,0
8.0,17,64.0,2.134114978,0.0,0.0,0.0,0,0,0,0.0,0.0,1.0,1.0,0.0,1.0,1.0,3420,342,342,342.0,342.0,0.56898632,0
6.4,17,51.2,1.227910484,0.0,0.0,0.0,0,0,0,0.0,0.0,0.8,0.8,0.2,0.8,0.8,2820,42,342,282.0,282.0,0.826281309,0
7.2,17,57.6,2.14654925,0.0,0.0,0.0,0,0,0,0.0,0.0,0.9,0.9,0.1,0.9,0.9,3120,42,342,312.0,312.0,0.465863991,0
7.2,17,57.6,2.320218375,0.0,0.0,0.0,0,0,0,0.0,0.0,0.9,0.9,0.1,0.9,0.9,3120,42,342,312.0,312.0,0.531333017,0
8.0,17,64.0,1.990950802,0.0,0.0,0.0,0,0,0,0.0,0.0,1.0,1.0,0.0,1.0,1.0,3420,342,342,342.0,342.0,0.50252099,0
7.2,17,57.6,2.489110043,0.0,0.0,0.0,0,0,0,0.0,0.0,0.9,0.9,0.1,0.9,0.9,3120,42,342,312.0,312.0,0.502149701,0
8.0,17,64.0,1.992412944,0.0,0.0,0.0,0,0,0,0.0,0.0,1.0,1.0,0.0,1.0,1.0,3420,342,342,342.0,342.0,0.501979303,0
5.6,17,44.8,1.370111329,0.0,0.0,0.0,0,0,0,0.0,0.0,0.7,0.7,0.3,0.7,0.7,2520,42,342,252.0,252.0,0.83019588,0
8.0,17,64.0,2.48946077,0.0,0.0,0.0,0,0,0,0.0,0.0,1.0,1.0,0.0,1.0,1.0,3420,342,342,342.0,342.0,0.401763201,0
8.0,17,64.0,1.99133495,0.0,0.0,0.0,0,0,0,0.0,0.0,1.0,1.0,0.0,1.0,1.0,3420,342,342,342.0,342.0,0.502185988,0
8.0,17,64.0,3.311845012,0.0,0.0,0.0,0,0,0,0.0,0.0,1.0,1.0,0.0,1.0,1.0,3420,342,342,342.0,342.0,0.402408719,0
7.2,17,57.6,1.936668243,0.0,0.0,0.0,0,0,0,0.0,0.0,0.9,0.9,0.1,0.9,0.9,3120,42,342,312.0,312.0,0.516543818,0
8.0,17,64.0,1.423394725,0.0,0.0,0.0,0,0,0,0.0,0.0,1.0,1.0,0.0,1.0,1.0,3420,342,342,342.0,342.0,0.802910209,0
8.0,17,64.0,1.660848706,0.0,0.0,0.0,0,0,0,0.0,0.0,1.0,1.0,0.0,1.0,1.0,3420,342,342,342.0,342.0,0.602144408,0
8.0,17,64.0,2.48812546,0.0,0.0,0.0,0,0,0,0.0,0.0,1.0,1.0,0.0,1.0,1.0,3420,342,342,342.0,342.0,0.502292609,0
8.0,17,64.0,2.488512379,0.0,0.0,0.0,0,0,0,0.0,0.0,1.0,1.0,0.0,1.0,1.0,3420,342,342,342.0,342.0,0.501999688,0
8.0,17,64.0,3.316398576,0.0,0.0,0.0,0,0,0,0.0,0.0,1.0,1.0,0.0,1.0,1.0,3420,342,342,342.0,342.0,0.301538515,0
7.2,17,56.2,3.315526646,0.0,0.0,0.0,0,0,0,0.0,0.0,0.9,0.7,0.1,0.9,0.9,2616,42,342,261.6,261.6,0.309202695,0
8.0,17,64.0,2.488654864,0.0,0.0,0.0,0,0,0,0.0,0.0,1.0,1.0,0.0,1.0,1.0,3420,342,342,342.0,342.0,0.502239704,0
8.0,17,64.0,2.488225094,0.0,0.0,0.0,0,0,0,0.0,0.0,1.0,1.0,0.0,1.0,1.0,3420,342,342,342.0,342.0,0.502258015,0
7.2,17,57.6,3.306463889,0.0,0.0,0.0,0,0,0,0.0,0.0,0.9,0.9,0.1,0.9,0.9,3120,42,342,312.0,312.0,0.302437901,0
7.2,17,57.6,1.991250527,0.0,0.0,0.0,0,0,0,0.0,0.0,0.9,0.9,0.1,0.9,0.9,3120,42,342,312.0,312.0,0.502197695,0
8.0,17,64.0,1.992111639,0.0,0.0,0.0,0,0,0,0.0,0.0,1.0,1.0,0.0,1.0,1.0,3420,342,342,342.0,342.0,0.502074194,0
8.0,17,64.0,2.486807506,0.0,0.0,0.0,0,0,0,0.0,0.0,1.0,1.0,0.0,1.0,1.0,3420,342,342,342.0,342.0,0.428185296,0
8.0,17,64.0,1.993906239,0.0,0.0,0.0,0,0,0,0.0,0.0,1.0,1.0,0.0,1.0,1.0,3420,342,342,342.0,342.0,0.601863194,0
7.2,17,57.6,2.606757115,0.0,0.0,0.0,0,0,0,0.0,0.0,0.9,0.9,0.1,0.9,0.9,3120,42,342,312.0,312.0,0.383868599,0
8.0,17,64.0,1.661385397,0.0,0.0,0.0,0,0,0,0.0,0.0,1.0,1.0,0.0,1.0,1.0,3420,342,342,342.0,342.0,0.602102709,0
8.0,17,64.0,2.490966299,0.0,0.0,0.0,0,0,0,0.0,0.0,1.0,1.0,0.0,1.0,1.0,1710,342,342,342.0,342.0,0.401452208,0
6.4,17,51.2,2.135581686,0.0,0.0,0.0,0,0,0,0.0,0.0,0.8,0.8,0.2,0.8,0.8,2820,42,342,282.0,282.0,0.499806118,0
8.0,17,64.0,1.992324833,0.0,0.0,0.0,0,0,0,0.0,0.0,1.0,1.0,0.0,1.0,1.0,3420,342,342,342.0,342.0,0.602272081,0
8.0,17,64.0,2.486925023,0.0,0.0,0.0,0,0,0,0.0,0.0,1.0,1.0,0.0,1.0,1.0,3420,342,342,342.0,342.0,0.502417898,0
8.0,17,64.0,2.488245612,0.0,0.0,0.0,0,0,0,0.0,0.0,1.0,1.0,0.0,1.0,1.0,3420,342,342,342.0,342.0,0.5022506,0
8.0,17,64.0,2.488550176,0.0,0.0,0.0,0,0,0,0.0,0.0,1.0,1.0,0.0,1.0,1.0,3420,342,342,342.0,342.0,0.401840401,0
8.0,17,64.0,1.994920978,0.0,0.0,0.0,0,0,0,0.0,0.0,1.0,1.0,0.0,1.0,1.0,3420,342,342,342.0,342.0,0.501272988,0
8.0,17,64.0,2.488502486,0.0,0.0,0.0,0,0,0,0.0,0.0,1.0,1.0,0.0,1.0,1.0,3420,342,342,342.0,342.0,0.401856184,0
8.0,17,64.0,2.488480192,0.0,0.0,0.0,0,0,0,0.0,0.0,1.0,1.0,0.0,1.0,1.0,3420,342,342,342.0,342.0,0.402053213,0
8.0,17,64.0,2.487549808,0.0,0.0,0.0,0,0,0,0.0,0.0,1.0,1.0,0.0,1.0,1.0,3420,342,342,342.0,342.0,0.402189708,0
8.0,17,64.0,2.223218729,0.0,0.0,0.0,0,0,0,0.0,0.0,1.0,1.0,0.0,1.0,1.0,3420,342,342,342.0,342.0,0.449897504,0
8.0,17,64.0,3.31737775,0.0,0.0,0.0,0,0,0,0.0,0.0,1.0,1.0,0.0,1.0,1.0,3420,342,342,342.0,342.0,0.401771903,0
8.0,17,64.0,2.286465763,0.0,0.0,0.0,0,0,0,0.0,0.0,1.0,1.0,0.0,1.0,1.0,3420,342,342,342.0,342.0,0.537669802,0
5.6,17,49.2,3.431575868,0.0,0.0,0.0,0,0,0,0.0,0.0,0.7,0.4,0.3,0.7,0.7,1795,42,342,179.5,179.5,0.291456389,0
8.0,17,64.0,2.488441806,0.0,0.0,0.0,0,0,0,0.0,0.0,1.0,1.0,0.0,1.0,1.0,3420,342,342,342.0,342.0,0.401930189,0
8.0,17,64.0,2.984111151,0.0,0.0,0.0,0,0,0,0.0,0.0,1.0,1.0,0.0,1.0,1.0,2052,342,342,342.0,342.0,0.50245134,0
7.2,17,57.6,1.662911774,0.0,0.0,0.0,0,0,0,0.0,0.0,0.9,0.9,0.1,0.9,0.9,3120,42,342,312.0,312.0,0.601467395,0
4.8,17,38.4,2.238138379,0.0,0.0,0.0,0,0,0,0.0,0.0,0.6,0.6,0.4,0.6,0.6,2220,42,342,222.0,222.0,0.504414797,0
8.0,17,64.0,2.4872831,0.0,0.0,0.0,0,0,0,0.0,0.0,1.0,1.0,0.0,1.0,1.0,3420,342,342,342.0,342.0,0.402045107,0
8.0,17,64.0,1.424356738,0.0,0.0,0.0,0,0,0,0.0,0.0,1.0,1.0,0.0,1.0,1.0,3420,342,342,342.0,342.0,0.70216949,0
8.0,17,64.0,3169.100113,0.0,0.0,0.0,0,0,0,0.0,0.0,1.0,1.0,0.0,1.0,1.0,684,342,342,342.0,342.0,0.00031805,0
8.0,17,64.0,1.990737051,0.0,0.0,0.0,0,0,0,0.0,0.0,1.0,1.0,0.0,1.0,1.0,3420,342,342,342.0,342.0,0.502338815,0
8.0,17,64.0,1.991039547,0.0,0.0,0.0,0,0,0,0.0,0.0,1.0,1.0,0.0,1.0,1.0,3420,342,342,342.0,342.0,0.502469611,0
8.0,17,64.0,2.469710845,0.0,0.0,0.0,0,0,0,0.0,0.0,1.0,1.0,0.0,1.0,1.0,3420,342,342,342.0,342.0,0.404913902,0
8.0,17,64.0,1.991758876,0.0,0.0,0.0,0,0,0,0.0,0.0,1.0,1.0,0.0,1.0,1.0,3420,342,342,342.0,342.0,0.502390504,0
8.0,17,64.0,2.489129394,0.0,0.0,0.0,0,0,0,0.0,0.0,1.0,1.0,0.0,1.0,1.0,3420,342,342,342.0,342.0,0.401747704,0
7.2,17,57.6,3.315240996,0.0,0.0,0.0,0,0,0,0.0,0.0,0.9,0.9,0.1,0.9,0.9,3120,42,342,312.0,312.0,0.301637602,0
7.2,17,57.6,2.490090083,0.0,0.0,0.0,0,0,0,0.0,0.0,0.9,0.9,0.1,0.9,0.9,3120,42,342,312.0,312.0,0.556205988,0
8.0,17,64.0,1.992142106,0.0,0.0,0.0,0,0,0,0.0,0.0,1.0,1.0,0.0,1.0,1.0,3420,342,342,342.0,342.0,0.50199542,0
8.0,17,64.0,1.991296472,0.0,0.0,0.0,0,0,0,0.0,0.0,1.0,1.0,0.0,1.0,1.0,3420,342,342,342.0,342.0,0.602513003,0
8.0,17,64.0,2.486769761,0.0,0.0,0.0,0,0,0,0.0,0.0,1.0,1.0,0.0,1.0,1.0,3420,342,342,342.0,342.0,0.402138495,0
8.0,17,64.0,2.48333124,0.0,0.0,0.0,0,0,0,0.0,0.0,1.0,1.0,0.0,1.0,1.0,3420,342,342,342.0,342.0,0.402684903,0
8.0,17,64.0,1.992044558,0.0,0.0,0.0,0,0,0,0.0,0.0,1.0,1.0,0.0,1.0,1.0,3420,342,342,342.0,342.0,0.602560306,0
8.0,17,64.0,1.9902466,0.0,0.0,0.0,0,0,0,0.0,0.0,1.0,1.0,0.0,1.0,1.0,3420,342,342,342.0,342.0,0.502476001,0
8.0,17,64.0,1.990399888,0.0,0.0,0.0,0,0,0,0.0,0.0,1.0,1.0,0.0,1.0,1.0,3420,342,342,342.0,342.0,0.502412987,0
8.0,17,64.0,3.314740834,0.0,0.0,0.0,0,0,0,0.0,0.0,1.0,1.0,0.0,1.0,1.0,3420,342,342,342.0,342.0,0.5020365,0
7.2,17,57.6,2.557543453,0.0,0.0,0.0,0,0,0,0.0,0.0,0.9,0.9,0.1,0.9,0.9,3120,42,342,312.0,312.0,0.391000199,0
8.0,17,59.8,4.633924409,0.0,0.0,0.0,0,0,0,0.0,0.0,1.0,0.5,0.0,1.0,1.0,2160,90,342,216.0,216.0,0.223385811,0
8.0,17,64.0,1.99123975,0.0,0.0,0.0,0,0,0,0.0,0.0,1.0,1.0,0.0,1.0,1.0,3420,342,342,342.0,342.0,0.602509499,0
8.0,17,64.0,2.486407409,0.0,0.0,0.0,0,0,0,0.0,0.0,1.0,1.0,0.0,1.0,1.0,3420,342,342,342.0,342.0,0.402186704,0
8.0,17,64.0,2.488108782,0.0,0.0,0.0,0,0,0,0.0,0.0,1.0,1.0,0.0,1.0,1.0,3420,342,342,342.0,342.0,0.401977897,0
8.0,17,64.0,2.488368137,0.0,0.0,0.0,0,0,0,0.0,0.0,1.0,1.0,0.0,1.0,1.0,3420,342,342,342.0,342.0,0.502268887,0
7.2,17,57.6,1.710123725,0.0,0.0,0.0,0,0,0,0.0,0.0,0.9,0.9,0.1,0.9,0.9,3120,42,342,312.0,312.0,0.584755015,0
8.0,17,64.0,1.991382884,0.0,0.0,0.0,0,0,0,0.0,0.0,1.0,1.0,0.0,1.0,1.0,3420,342,342,342.0,342.0,0.502171302,0
7.2,17,57.6,1.916570521,0.0,0.0,0.0,0,0,0,0.0,0.0,0.9,0.9,0.1,0.9,0.9,3120,42,342,312.0,312.0,0.521768904,0
8.0,17,64.0,2.486579432,0.0,0.0,0.0,0,0,0,0.0,0.0,1.0,1.0,0.0,1.0,1.0,3420,342,342,342.0,342.0,0.502526593,0
8.0,17,64.0,2.487027068,0.0,0.0,0.0,0,0,0,0.0,0.0,1.0,1.0,0.0,1.0,1.0,3420,342,342,342.0,342.0,0.502481008,0
8.0,17,64.0,2.488797957,0.0,0.0,0.0,0,0,0,0.0,0.0,1.0,1.0,0.0,1.0,1.0,3420,342,342,342.0,342.0,0.401858902,0
8.0,17,64.0,1.990695478,0.0,0.0,0.0,0,0,0,0.0,0.0,1.0,1.0,0.0,1.0,1.0,3420,342,342,342.0,342.0,0.502337503,0
8.0,17,64.0,1.660038669,0.0,0.0,0.0,0,0,0,0.0,0.0,1.0,1.0,0.0,1.0,1.0,3420,342,342,342.0,342.0,0.602644992,0
8.0,17,64.0,1.990316677,0.0,0.0,0.0,0,0,0,0.0,0.0,1.0,1.0,0.0,1.0,1.0,3420,342,342,342.0,342.0,0.502478695,0
7.2,17,57.6,2.334264875,0.0,0.0,0.0,0,0,0,0.0,0.0,0.9,0.9,0.1,0.9,0.9,3120,42,342,312.0,312.0,0.628827786,0
6.4,17,51.2,1.425514742,0.0,0.0,0.0,0,0,0,0.0,0.0,0.8,0.8,0.2,0.8,0.8,2820,42,342,282.0,282.0,0.90194149,0
8.0,17,64.0,1.993193978,0.0,0.0,0.0,0,0,0,0.0,0.0,1.0,1.0,0.0,1.0,1.0,3420,342,342,342.0,342.0,0.602015805,0
7.2,17,57.6,1.425525885,0.0,0.0,0.0,0,0,0,0.0,0.0,0.9,0.9,0.1,0.9,0.9,3120,42,342,312.0,312.0,0.7024441,0
8.0,17,64.0,1.887951918,0.0,0.0,0.0,0,0,0,0.0,0.0,1.0,1.0,0.0,1.0,1.0,3420,342,342,342.0,342.0,0.529757404,0
8.0,17,64.0,2.489103986,0.0,0.0,0.0,0,0,0,0.0,0.0,1.0,1.0,0.0,1.0,1.0,3420,342,342,342.0,342.0,0.502078199,0
8.0,17,64.0,2.488633749,0.0,0.0,0.0,0,0,0,0.0,0.0,1.0,1.0,0.0,1.0,1.0,3420,342,342,342.0,342.0,0.502210402,0
8.0,17,64.0,1.991076031,0.0,0.0,0.0,0,0,0,0.0,0.0,1.0,1.0,0.0,1.0,1.0,3420,342,342,342.0,342.0,0.602680492,0
8.0,17,64.0,2.488896906,0.0,0.0,0.0,0,0,0,0.0,0.0,1.0,1.0,0.0,1.0,1.0,3420,342,342,342.0,342.0,0.401868701,0
8.0,17,64.0,2.487665478,0.0,0.0,0.0,0,0,0,0.0,0.0,1.0,1.0,0.0,1.0,1.0,3420,342,342,342.0,342.0,0.502347112,0
7.2,17,57.6,2.548296562,0.0,0.0,0.0,0,0,0,0.0,0.0,0.9,0.9,0.1,0.9,0.9,3120,42,342,312.0,312.0,0.500750399,0
8.0,17,64.0,2.487364228,0.0,0.0,0.0,0,0,0,0.0,0.0,1.0,1.0,0.0,1.0,1.0,3420,342,342,342.0,342.0,0.502337503,0
8.0,17,64.0,1.992204462,0.0,0.0,0.0,0,0,0,0.0,0.0,1.0,1.0,0.0,1.0,1.0,3420,342,342,342.0,342.0,0.6022717,0
8.0,17,64.0,2.487184132,0.0,0.0,0.0,0,0,0,0.0,0.0,1.0,1.0,0.0,1.0,1.0,3420,342,342,342.0,342.0,0.402140403,0
8.0,17,64.0,2.483839484,0.0,0.0,0.0,0,0,0,0.0,0.0,1.0,1.0,0.0,1.0,1.0,3420,342,342,342.0,342.0,0.482356501,0
8.0,17,64.0,2.488767536,0.0,0.0,0.0,0,0,0,0.0,0.0,1.0,1.0,0.0,1.0,1.0,3420,342,342,342.0,342.0,0.40197711,0
7.2,17,57.6,2.488307464,0.0,0.0,0.0,0,0,0,0.0,0.0,0.9,0.9,0.1,0.9,0.9,3120,42,342,312.0,312.0,0.401969385,0
6.4,17,51.2,2.830591141,0.0,0.0,0.0,0,0,0,0.0,0.0,0.8,0.8,0.2,0.8,0.8,2820,42,342,282.0,282.0,0.451540184,0
8.0,17,64.0,12905.55077,0.0,0.0,0.0,0,0,0,0.0,0.0,1.0,1.0,0.0,1.0,1.0,684,342,342,342.0,342.0,0.000653028,0
7.2,17,57.6,2.482245008,0.0,0.0,0.0,0,0,0,0.0,0.0,0.9,0.9,0.1,0.9,0.9,3120,42,342,312.0,312.0,0.403067899,0
8.0,17,64.0,2.110729797,0.0,0.0,0.0,0,0,0,0.0,0.0,1.0,1.0,0.0,1.0,1.0,3420,342,342,342.0,342.0,0.473936582,0
8.0,17,64.0,1.991480084,0.0,0.0,0.0,0,0,0,0.0,0.0,1.0,1.0,0.0,1.0,1.0,3420,342,342,342.0,342.0,0.602323604,0
8.0,17,64.0,2.487257731,0.0,0.0,0.0,0,0,0,0.0,0.0,1.0,1.0,0.0,1.0,1.0,3420,342,342,342.0,342.0,0.502427912,0
8.0,17,64.0,1.990773902,0.0,0.0,0.0,0,0,0,0.0,0.0,1.0,1.0,0.0,1.0,1.0,3420,342,342,342.0,342.0,0.502556419,0
8.0,17,64.0,3.31495068,0.0,0.0,0.0,0,0,0,0.0,0.0,1.0,1.0,0.0,1.0,1.0,3420,342,342,342.0,342.0,0.402082396,0
8.0,17,64.0,2.489675925,0.0,0.0,0.0,0,0,0,0.0,0.0,1.0,1.0,0.0,1.0,1.0,3420,342,342,342.0,342.0,0.502038789,0
7.2,17,57.6,2.490684807,0.0,0.0,0.0,0,0,0,0.0,0.0,0.9,0.9,0.1,0.9,0.9,3120,42,342,312.0,312.0,0.501827908,0
8.0,17,64.0,3.313070355,0.0,0.0,0.0,0,0,0,0.0,0.0,1.0,1.0,0.0,1.0,1.0,3420,342,342,342.0,342.0,0.301835704,0
8.0,17,64.0,2.48912186,0.0,0.0,0.0,0,0,0,0.0,0.0,1.0,1.0,0.0,1.0,1.0,3420,342,342,342.0,342.0,0.401762795,0
7.2,17,57.6,3.214544076,0.0,0.0,0.0,0,0,0,0.0,0.0,0.9,0.9,0.1,0.9,0.9,3120,42,342,312.0,312.0,0.397904396,0
8.0,17,64.0,1.988741712,0.0,0.0,0.0,0,0,0,0.0,0.0,1.0,1.0,0.0,1.0,1.0,3420,342,342,342.0,342.0,0.502830505,0
8.0,17,64.0,1.991598665,0.0,0.0,0.0,0,0,0,0.0,0.0,1.0,1.0,0.0,1.0,1.0,3420,342,342,342.0,342.0,0.502181792,0
8.0,17,64.0,1.991169892,0.0,0.0,0.0,0,0,0,0.0,0.0,1.0,1.0,0.0,1.0,1.0,3420,342,342,342.0,342.0,0.602765417,0
8.0,17,64.0,2.740217824,0.0,0.0,0.0,0,0,0,0.0,0.0,1.0,1.0,0.0,1.0,1.0,3420,342,342,342.0,342.0,0.365127397,0
8.0,17,64.0,1.991100984,0.0,0.0,0.0,0,0,0,0.0,0.0,1.0,1.0,0.0,1.0,1.0,3420,342,342,342.0,342.0,0.60274179,0
8.0,17,64.0,1.993722937,0.0,0.0,0.0,0,0,0,0.0,0.0,1.0,1.0,0.0,1.0,1.0,3420,342,342,342.0,342.0,0.601905799,0
8.0,17,64.0,1.660025463,0.0,0.0,0.0,0,0,0,0.0,0.0,1.0,1.0,0.0,1.0,1.0,3420,342,342,342.0,342.0,0.602413297,0
8.0,17,64.0,3.317708119,0.0,0.0,0.0,0,0,0,0.0,0.0,1.0,1.0,0.0,1.0,1.0,3420,342,342,342.0,342.0,0.401778793,0
6.0,17,48.0,86.95245845,0.0,0.0,0.0,0,0,0,0.0,0.0,0.75,0.75,0.25,0.75,0.75,1068,42,342,267.0,267.0,0.012046754,0
7.2,17,57.6,1.50130741,0.0,0.0,0.0,0,0,0,0.0,0.0,0.9,0.9,0.1,0.9,0.9,3120,42,342,312.0,312.0,0.766485,0
8.0,17,64.0,1.659668654,0.0,0.0,0.0,0,0,0,0.0,0.0,1.0,1.0,0.0,1.0,1.0,3420,342,342,342.0,342.0,0.7537606,0
8.0,17,64.0,1.66028397,0.0,0.0,0.0,0,0,0,0.0,0.0,1.0,1.0,0.0,1.0,1.0,3420,342,342,342.0,342.0,0.702722716,0
7.2,17,57.6,3.123526132,0.0,0.0,0.0,0,0,0,0.0,0.0,0.9,0.9,0.1,0.9,0.9,3120,42,342,312.0,312.0,0.320175409,0
6.4,17,51.2,2.587701068,0.0,0.0,0.0,0,0,0,0.0,0.0,0.8,0.8,0.2,0.8,0.8,2820,42,342,282.0,282.0,0.386473513,0
8.0,17,64.0,1.980166253,0.0,0.0,0.0,0,0,0,0.0,0.0,1.0,1.0,0.0,1.0,1.0,3420,342,342,342.0,342.0,0.5056422,0
8.0,17,64.0,2.483629161,0.0,0.0,0.0,0,0,0,0.0,0.0,1.0,1.0,0.0,1.0,1.0,3420,342,342,342.0,342.0,0.402646089,0
8.0,17,64.0,1.991275012,0.0,0.0,0.0,0,0,0,0.0,0.0,1.0,1.0,0.0,1.0,1.0,3420,342,342,342.0,342.0,0.50229702,0
8.0,17,64.0,3.316003975,0.0,0.0,0.0,0,0,0,0.0,0.0,1.0,1.0,0.0,1.0,1.0,3420,342,342,342.0,342.0,0.401905704,0
6.4,17,51.2,7.107052857,0.0,0.0,0.0,0,0,0,0.0,0.0,0.8,0.7,0.2,0.8,0.8,2539,42,342,253.9,253.9,0.341237187,0
8.0,17,64.0,3.317563787,0.0,0.0,0.0,0,0,0,0.0,0.0,1.0,1.0,0.0,1.0,1.0,3420,342,342,342.0,342.0,0.401926589,0
7.2,17,57.6,1.992174371,0.0,0.0,0.0,0,0,0,0.0,0.0,0.9,0.9,0.1,0.9,0.9,3120,42,342,312.0,312.0,0.502239394,0
8.0,17,64.0,2.48806406,0.0,0.0,0.0,0,0,0,0.0,0.0,1.0,1.0,0.0,1.0,1.0,3420,342,342,342.0,342.0,0.401918912,0
8.0,17,64.0,2.487976246,0.0,0.0,0.0,0,0,0,0.0,0.0,1.0,1.0,0.0,1.0,1.0,3420,342,342,342.0,342.0,0.502338099,0
8.0,17,64.0,2.040363779,0.0,0.0,0.0,0,0,0,0.0,0.0,1.0,1.0,0.0,1.0,1.0,3420,342,342,342.0,342.0,0.49030869,0
8.0,17,64.0,2.489423684,0.0,0.0,0.0,0,0,0,0.0,0.0,1.0,1.0,0.0,1.0,1.0,3420,342,342,342.0,342.0,0.502053404,0
8.0,17,64.0,3.316017083,0.0,0.0,0.0,0,0,0,0.0,0.0,1.0,1.0,0.0,1.0,1.0,3420,342,342,342.0,342.0,0.301740813,0
8.0,17,64.0,2.489124962,0.0,0.0,0.0,0,0,0,0.0,0.0,1.0,1.0,0.0,1.0,1.0,3420,342,342,342.0,342.0,0.5021245,0
8.0,17,64.0,3.417454136,0.0,0.0,0.0,0,0,0,0.0,0.0,1.0,1.0,0.0,1.0,1.0,3420,342,342,342.0,342.0,0.392953801,0
8.0,17,64.0,3.315482616,0.0,0.0,0.0,0,0,0,0.0,0.0,1.0,1.0,0.0,1.0,1.0,3420,342,342,342.0,342.0,0.401747608,0
8.0,17,64.0,1.992833352,0.0,0.0,0.0,0,0,0,0.0,0.0,1.0,1.0,0.0,1.0,1.0,3420,342,342,342.0,342.0,0.602074385,0
8.0,17,64.0,1.662863977,0.0,0.0,0.0,0,0,0,0.0,0.0,1.0,1.0,0.0,1.0,1.0,3420,342,342,342.0,342.0,0.601563311,0
8.0,17,64.0,2.486231284,0.0,0.0,0.0,0,0,0,0.0,0.0,1.0,1.0,0.0,1.0,1.0,3420,342,342,342.0,342.0,0.502572203,0
7.2,17,55.6,4.914932367,0.0,0.0,0.0,0,0,0,0.0,0.0,0.9,0.5,0.1,0.9,0.9,2112,42,342,211.2,211.2,0.203503489,0
7.2,17,57.6,3.302563348,0.0,0.0,0.0,0,0,0,0.0,0.0,0.9,0.9,0.1,0.9,0.9,3120,42,342,312.0,312.0,0.302859092,0
8.0,17,64.0,2.488093874,0.0,0.0,0.0,0,0,0,0.0,0.0,1.0,1.0,0.0,1.0,1.0,3420,342,342,342.0,342.0,0.402349901,0
8.0,17,64.0,1.991391205,0.0,0.0,0.0,0,0,0,0.0,0.0,1.0,1.0,0.0,1.0,1.0,3420,342,342,342.0,342.0,0.602514911,0
8.0,17,64.0,1.991213564,0.0,0.0,0.0,0,0,0,0.0,0.0,1.0,1.0,0.0,1.0,1.0,3420,342,342,342.0,342.0,0.502395892,0
8.0,17,64.0,1.990901565,0.0,0.0,0.0,0,0,0,0.0,0.0,1.0,1.0,0.0,1.0,1.0,3420,342,342,342.0,342.0,0.502409816,0
8.0,17,64.0,3.313246226,0.0,0.0,0.0,0,0,0,0.0,0.0,1.0,1.0,0.0,1.0,1.0,3420,342,342,342.0,342.0,0.301827693,0
7.2,17,57.6,1.992957681,0.0,0.0,0.0,0,0,0,0.0,0.0,0.9,0.9,0.1,0.9,0.9,3120,42,342,312.0,312.0,0.502129388,0
8.0,17,64.0,2.488113652,0.0,0.0,0.0,0,0,0,0.0,0.0,1.0,1.0,0.0,1.0,1.0,3420,342,342,342.0,342.0,0.402121902,0
8.0,17,64.0,2.488726778,0.0,0.0,0.0,0,0,0,0.0,0.0,1.0,1.0,0.0,1.0,1.0,3420,342,342,342.0,342.0,0.402044392,0
8.0,17,64.0,1.992806367,0.0,0.0,0.0,0,0,0,0.0,0.0,1.0,1.0,0.0,1.0,1.0,3420,342,342,342.0,342.0,0.506529403,0
8.0,17,64.0,1.990980005,0.0,0.0,0.0,0,0,0,0.0,0.0,1.0,1.0,0.0,1.0,1.0,3420,342,342,342.0,342.0,0.5023278,0
8.0,17,64.0,2.487041815,0.0,0.0,0.0,0,0,0,0.0,0.0,1.0,1.0,0.0,1.0,1.0,3420,342,342,342.0,342.0,0.402084208,0
8.0,17,64.0,1.991036428,0.0,0.0,0.0,0,0,0,0.0,0.0,1.0,1.0,0.0,1.0,1.0,3420,342,342,342.0,342.0,0.502323484,0
8.0,17,64.0,1.991418529,0.0,0.0,0.0,0,0,0,0.0,0.0,1.0,1.0,0.0,1.0,1.0,3420,342,342,342.0,342.0,0.502180219,0
7.2,17,57.6,2.059140675,0.0,0.0,0.0,0,0,0,0.0,0.0,0.9,0.9,0.1,0.9,0.9,3120,42,342,312.0,312.0,0.485723996,0
7.2,17,57.6,2.656580079,0.0,0.0,0.0,0,0,0,0.0,0.0,0.9,0.9,0.1,0.9,0.9,3120,42,342,312.0,312.0,0.402011704,0
8.0,17,64.0,3.317739873,0.0,0.0,0.0,0,0,0,0.0,0.0,1.0,1.0,0.0,1.0,1.0,3420,342,342,342.0,342.0,0.401738,0
8.0,17,64.0,1.991533604,0.0,0.0,0.0,0,0,0,0.0,0.0,1.0,1.0,0.0,1.0,1.0,3420,342,342,342.0,342.0,0.502142501,0
8.0,17,64.0,2.984014553,0.0,0.0,0.0,0,0,0,0.0,0.0,1.0,1.0,0.0,1.0,1.0,1026,342,342,342.0,342.0,0.66960597,0
8.0,17,64.0,1.991884301,0.0,0.0,0.0,0,0,0,0.0,0.0,1.0,1.0,0.0,1.0,1.0,3420,342,342,342.0,342.0,0.502264404,0
7.2,17,57.6,2.489297804,0.0,0.0,0.0,0,0,0,0.0,0.0,0.9,0.9,0.1,0.9,0.9,3120,42,342,312.0,312.0,0.501909208,0
8.0,17,64.0,3.317625455,0.0,0.0,0.0,0,0,0,0.0,0.0,1.0,1.0,0.0,1.0,1.0,3420,342,342,342.0,342.0,0.401782584,0
7.2,17,57.6,2.92915138,0.0,0.0,0.0,0,0,0,0.0,0.0,0.9,0.9,0.1,0.9,0.9,3120,42,342,312.0,312.0,0.441754103,0
8.0,17,64.0,2.487676101,0.0,0.0,0.0,0,0,0,0.0,0.0,1.0,1.0,0.0,1.0,1.0,3420,342,342,342.0,342.0,0.402161098,0
8.0,17,64.0,2.48894727,0.0,0.0,0.0,0,0,0,0.0,0.0,1.0,1.0,0.0,1.0,1.0,3420,342,342,342.0,342.0,0.402285695,0
7.2,17,57.6,1.993833445,0.0,0.0,0.0,0,0,0,0.0,0.0,0.9,0.9,0.1,0.9,0.9,3120,42,342,312.0,312.0,0.601944804,0
8.0,17,64.0,2.487424856,0.0,0.0,0.0,0,0,0,0.0,0.0,1.0,1.0,0.0,1.0,1.0,3420,342,342,342.0,342.0,0.402025199,0
8.0,17,64.0,1.990899203,0.0,0.0,0.0,0,0,0,0.0,0.0,1.0,1.0,0.0,1.0,1.0,3420,342,342,342.0,342.0,0.502351403,0
8.0,17,64.0,2.490547117,0.0,0.0,0.0,0,0,0,0.0,0.0,1.0,1.0,0.0,1.0,1.0,1710,342,342,342.0,342.0,0.602383995,0
7.2,17,57.6,2.942957975,0.0,0.0,0.0,0,0,0,0.0,0.0,0.9,0.9,0.1,0.9,0.9,3120,42,342,312.0,312.0,0.440243697,0
8.0,17,64.0,2.486718453,0.0,0.0,0.0,0,0,0,0.0,0.0,1.0,1.0,0.0,1.0,1.0,3420,342,342,342.0,342.0,0.402136517,0
8.0,17,64.0,2.48966292,0.0,0.0,0.0,0,0,0,0.0,0.0,1.0,1.0,0.0,1.0,1.0,3420,342,342,342.0,342.0,0.50199008,0
8.0,17,64.0,3.317801547,0.0,0.0,0.0,0,0,0,0.0,0.0,1.0,1.0,0.0,1.0,1.0,3420,342,342,342.0,342.0,0.401804209,0
8.0,17,64.0,3.316580046,0.0,0.0,0.0,0,0,0,0.0,0.0,1.0,1.0,0.0,1.0,1.0,3420,342,342,342.0,342.0,0.401983094,0
8.0,17,64.0,1.659921531,0.0,0.0,0.0,0,0,0,0.0,0.0,1.0,1.0,0.0,1.0,1.0,3420,342,342,342.0,342.0,0.649099612,0
8.0,17,64.0,2.488311745,0.0,0.0,0.0,0,0,0,0.0,0.0,1.0,1.0,0.0,1.0,1.0,3420,342,342,342.0,342.0,0.502223706,0
5.6,17,44.8,2.749609615,0.0,0.0,0.0,0,0,0,0.0,0.0,0.7,0.7,0.3,0.7,0.7,2520,42,342,252.0,252.0,0.364313698,0
7.2,17,57.6,2.592469478,0.0,0.0,0.0,0,0,0,0.0,0.0,0.9,0.9,0.1,0.9,0.9,3120,42,342,312.0,312.0,0.385818601,0
8.0,17,64.0,2.489157756,0.0,0.0,0.0,0,0,0,0.0,0.0,1.0,1.0,0.0,1.0,1.0,3420,342,342,342.0,342.0,0.401742601,0
8.0,17,64.0,2.488613963,0.0,0.0,0.0,0,0,0,0.0,0.0,1.0,1.0,0.0,1.0,1.0,3420,342,342,342.0,342.0,0.498095298,0
7.2,17,57.6,2.481130372,0.0,0.0,0.0,0,0,0,0.0,0.0,0.9,0.9,0.1,0.9,0.9,3120,42,342,312.0,312.0,0.403042102,0
7.2,17,57.6,1.458467954,0.0,0.0,0.0,0,0,0,0.0,0.0,0.9,0.9,0.1,0.9,0.9,3120,42,342,312.0,312.0,0.785972595,0
8.0,17,64.0,1.980327435,0.0,0.0,0.0,0,0,0,0.0,0.0,1.0,1.0,0.0,1.0,1.0,3420,342,342,342.0,342.0,0.505183387,0
8.0,17,64.0,1.660146164,0.0,0.0,0.0,0,0,0,0.0,0.0,1.0,1.0,0.0,1.0,1.0,3420,342,342,342.0,342.0,0.602407408,0
6.4,17,51.2,3.008602804,0.0,0.0,0.0,0,0,0,0.0,0.0,0.8,0.8,0.2,0.8,0.8,2820,42,342,282.0,282.0,0.345026207,0
8.0,17,64.0,1.660666686,0.0,0.0,0.0,0,0,0,0.0,0.0,1.0,1.0,0.0,1.0,1.0,3420,342,342,342.0,342.0,0.602242708,0
7.2,17,57.6,1.768816722,0.0,0.0,0.0,0,0,0,0.0,0.0,0.9,0.9,0.1,0.9,0.9,3120,42,342,312.0,312.0,0.565577912,0
8.0,17,64.0,1.808754895,0.0,0.0,0.0,0,0,0,0.0,0.0,1.0,1.0,0.0,1.0,1.0,3420,342,342,342.0,342.0,0.653211188,0
8.0,17,64.0,1.99163044,0.0,0.0,0.0,0,0,0,0.0,0.0,1.0,1.0,0.0,1.0,1.0,3420,342,342,342.0,342.0,0.5023242,0
8.0,17,64.0,1.991814492,0.0,0.0,0.0,0,0,0,0.0,0.0,1.0,1.0,0.0,1.0,1.0,3420,342,342,342.0,342.0,0.602688885,0
7.2,17,57.6,1.993503949,0.0,0.0,0.0,0,0,0,0.0,0.0,0.9,0.9,0.1,0.9,0.9,3120,42,342,312.0,312.0,0.501840615,0
8.0,17,64.0,2.488613372,0.0,0.0,0.0,0,0,0,0.0,0.0,1.0,1.0,0.0,1.0,1.0,3420,342,342,342.0,342.0,0.402044201,0
8.0,17,64.0,2.368692113,0.0,0.0,0.0,0,0,0,0.0,0.0,1.0,0.8,0.0,1.0,1.0,2916,90,342,291.6,291.6,0.422174406,0
8.0,17,64.0,2.487244899,0.0,0.0,0.0,0,0,0,0.0,0.0,1.0,1.0,0.0,1.0,1.0,3420,342,342,342.0,342.0,0.402157998,0
8.0,17,64.0,1.99207313,0.0,0.0,0.0,0,0,0,0.0,0.0,1.0,1.0,0.0,1.0,1.0,3420,342,342,342.0,342.0,0.602476501,0
8.0,17,64.0,2.488197934,0.0,0.0,0.0,0,0,0,0.0,0.0,1.0,1.0,0.0,1.0,1.0,3420,342,342,342.0,342.0,0.401959991,0
7.2,17,62.1,3.337074341,0.0,0.0,0.0,0,0,0,0.0,0.0,0.9,0.8,0.1,0.9,0.9,2915,42,342,291.5,291.5,0.300450706,0
8.0,17,64.0,2.489784402,0.0,0.0,0.0,0,0,0,0.0,0.0,1.0,1.0,0.0,1.0,1.0,3420,342,342,342.0,342.0,0.602073407,0
8.0,17,64.0,2.486481699,0.0,0.0,0.0,0,0,0,0.0,0.0,1.0,1.0,0.0,1.0,1.0,3420,342,342,342.0,342.0,0.402176595,0
8.0,17,64.0,1.990913473,0.0,0.0,0.0,0,0,0,0.0,0.0,1.0,1.0,0.0,1.0,1.0,3420,342,342,342.0,342.0,0.602675915,0
8.0,17,64.0,2.488229522,0.0,0.0,0.0,0,0,0,0.0,0.0,1.0,1.0,0.0,1.0,1.0,3420,342,342,342.0,342.0,0.402058506,0
8.0,17,64.0,3.317185175,0.0,0.0,0.0,0,0,0,0.0,0.0,1.0,1.0,0.0,1.0,1.0,3420,342,342,342.0,342.0,0.401887703,0
7.2,17,56.2,3.147227418,0.0,0.0,0.0,0,0,0,0.0,0.0,0.9,0.7,0.1,0.9,0.9,2616,42,342,261.6,261.6,0.518072391,0
8.0,17,64.0,2.131856167,0.0,0.0,0.0,0,0,0,0.0,0.0,1.0,1.0,0.0,1.0,1.0,3420,342,342,342.0,342.0,0.469259691,0
7.2,17,57.6,1.993045848,0.0,0.0,0.0,0,0,0,0.0,0.0,0.9,0.9,0.1,0.9,0.9,3120,42,342,312.0,312.0,0.501747489,0
8.0,17,68.6,3.318268243,0.0,0.0,0.0,0,0,0,0.0,0.0,1.0,0.8,0.0,1.0,1.0,2964,82,342,296.4,296.4,0.301393008,0
8.0,17,64.0,2.488474582,0.0,0.0,0.0,0,0,0,0.0,0.0,1.0,1.0,0.0,1.0,1.0,3420,342,342,342.0,342.0,0.401894116,0
7.2,17,57.6,3.314123504,0.0,0.0,0.0,0,0,0,0.0,0.0,0.9,0.9,0.1,0.9,0.9,3120,42,342,312.0,312.0,0.306276107,0
8.0,17,64.0,2.487006127,0.0,0.0,0.0,0,0,0,0.0,0.0,1.0,1.0,0.0,1.0,1.0,3420,342,342,342.0,342.0,0.502462578,0
7.2,17,57.6,2.514235663,0.0,0.0,0.0,0,0,0,0.0,0.0,0.9,0.9,0.1,0.9,0.9,3120,42,342,312.0,312.0,0.39773519,0
8.0,17,64.0,2.485799993,0.0,0.0,0.0,0,0,0,0.0,0.0,1.0,1.0,0.0,1.0,1.0,3420,342,342,342.0,342.0,0.40228529,0
8.0,17,64.0,1.991472519,0.0,0.0,0.0,0,0,0,0.0,0.0,1.0,1.0,0.0,1.0,1.0,3420,342,342,342.0,342.0,0.502267718,0
7.2,17,57.6,1.678621274,0.0,0.0,0.0,0,0,0,0.0,0.0,0.9,0.9,0.1,0.9,0.9,3120,42,342,312.0,312.0,0.602326894,0
8.0,17,64.0,2.487992333,0.0,0.0,0.0,0,0,0,0.0,0.0,1.0,1.0,0.0,1.0,1.0,3420,342,342,342.0,342.0,0.402006006,0
7.2,17,57.6,2.039177074,0.0,0.0,0.0,0,0,0,0.0,0.0,0.9,0.9,0.1,0.9,0.9,3120,42,342,312.0,312.0,0.49039762,0
8.0,17,64.0,2.386911069,0.0,0.0,0.0,0,0,0,0.0,0.0,1.0,1.0,0.0,1.0,1.0,3420,342,342,342.0,342.0,0.419075608,0
8.0,17,64.0,3.312874093,0.0,0.0,0.0,0,0,0,0.0,0.0,1.0,1.0,0.0,1.0,1.0,3420,342,342,342.0,342.0,0.502316093,0
8.0,17,64.0,2.487194751,0.0,0.0,0.0,0,0,0,0.0,0.0,1.0,1.0,0.0,1.0,1.0,3420,342,342,342.0,342.0,0.402069187,0
8.0,17,61.6,3.32184526,0.0,0.0,0.0,0,0,0,0.0,0.0,1.0,0.6,0.0,1.0,1.0,2412,90,342,241.2,241.2,0.380427814,0
8.0,17,64.0,2.487765222,0.0,0.0,0.0,0,0,0,0.0,0.0,1.0,1.0,0.0,1.0,1.0,3420,342,342,342.0,342.0,0.402062392,0
8.0,17,64.0,1.991417773,0.0,0.0,0.0,0,0,0,0.0,0.0,1.0,1.0,0.0,1.0,1.0,3420,342,342,342.0,342.0,0.502190495,0
8.0,17,64.0,2.487038865,0.0,0.0,0.0,0,0,0,0.0,0.0,1.0,1.0,0.0,1.0,1.0,3420,342,342,342.0,342.0,0.402182388,0
8.0,17,64.0,1.991137848,0.0,0.0,0.0,0,0,0,0.0,0.0,1.0,1.0,0.0,1.0,1.0,3420,342,342,342.0,342.0,0.502288103,0
7.2,17,64.0,1.89566302,0.0,0.0,0.0,0,0,0,0.0,0.0,0.9,0.9,0.0,1.0,1.0,3176,98,342,317.6,317.6,0.527524614,0
8.0,17,64.0,1.991547505,0.0,0.0,0.0,0,0,0,0.0,0.0,1.0,1.0,0.0,1.0,1.0,3420,342,342,342.0,342.0,0.602600884,0
8.0,17,64.0,1.734645376,0.0,0.0,0.0,0,0,0,0.0,0.0,1.0,1.0,0.0,1.0,1.0,3420,342,342,342.0,342.0,0.57650311,0
8.0,17,64.0,2.308432941,0.0,0.0,0.0,0,0,0,0.0,0.0,1.0,1.0,0.0,1.0,1.0,3420,342,342,342.0,342.0,0.53334291,0
8.0,17,64.0,2.340047268,0.0,0.0,0.0,0,0,0,0.0,0.0,1.0,1.0,0.0,1.0,1.0,3420,342,342,342.0,342.0,0.427493811,0
8.0,17,64.0,2.491119127,0.0,0.0,0.0,0,0,0,0.0,0.0,1.0,1.0,0.0,1.0,1.0,3420,342,342,342.0,342.0,0.401503897,0
8.0,17,64.0,1.989793111,0.0,0.0,0.0,0,0,0,0.0,0.0,1.0,1.0,0.0,1.0,1.0,3420,342,342,342.0,342.0,0.502590609,0
6.4,17,51.2,2.803655531,0.0,0.0,0.0,0,0,0,0.0,0.0,0.8,0.7,0.2,0.8,0.8,2560,42,342,256.0,256.0,0.356677198,0
8.0,17,64.0,1.989528364,0.0,0.0,0.0,0,0,0,0.0,0.0,1.0,1.0,0.0,1.0,1.0,3420,342,342,342.0,342.0,0.502631688,0
8.0,17,64.0,1.661156613,0.0,0.0,0.0,0,0,0,0.0,0.0,1.0,1.0,0.0,1.0,1.0,3420,342,342,342.0,342.0,0.602030206,0
7.2,17,57.6,3.0923181,0.0,0.0,0.0,0,0,0,0.0,0.0,0.9,0.9,0.1,0.9,0.9,3120,42,342,312.0,312.0,0.363850594,0
7.2,17,57.6,1.660993798,0.0,0.0,0.0,0,0,0,0.0,0.0,0.9,0.9,0.1,0.9,0.9,3120,42,342,312.0,312.0,0.602114987,0
6.4,17,51.2,2.017570253,0.0,0.0,0.0,0,0,0,0.0,0.0,0.8,0.8,0.2,0.8,0.8,2820,42,342,282.0,282.0,0.595985413,0
8.0,17,64.0,3.314350818,0.0,0.0,0.0,0,0,0,0.0,0.0,1.0,1.0,0.0,1.0,1.0,3420,342,342,342.0,342.0,0.301731896,0
8.0,17,64.0,2.488196015,0.0,0.0,0.0,0,0,0,0.0,0.0,1.0,1.0,0.0,1.0,1.0,3420,342,342,342.0,342.0,0.401919913,0
7.2,17,57.6,3.488314494,0.0,0.0,0.0,0,0,0,0.0,0.0,0.9,0.9,0.1,0.9,0.9,3120,42,342,312.0,312.0,0.38716619,0
6.4,17,51.2,1.686263876,0.0,0.0,0.0,0,0,0,0.0,0.0,0.8,0.8,0.2,0.8,0.8,2820,42,342,282.0,282.0,0.593236303,0
8.0,17,64.0,2.488480783,0.0,0.0,0.0,0,0,0,0.0,0.0,1.0,1.0,0.0,1.0,1.0,3420,342,342,342.0,342.0,0.5023031,0
8.0,17,68.5,3.316775961,0.0,0.0,0.0,0,0,0,0.0,0.0,1.0,0.8,0.0,1.0,1.0,2955,82,342,295.5,295.5,0.401851988,0
8.0,17,64.0,2.48839973,0.0,0.0,0.0,0,0,0,0.0,0.0,1.0,1.0,0.0,1.0,1.0,3420,342,342,342.0,342.0,0.401975393,0
7.2,17,57.6,2.336741754,0.0,0.0,0.0,0,0,0,0.0,0.0,0.9,0.9,0.1,0.9,0.9,3120,42,342,312.0,312.0,0.528298688,0
8.0,17,64.0,2.488654126,0.0,0.0,0.0,0,0,0,0.0,0.0,1.0,1.0,0.0,1.0,1.0,1710,342,342,342.0,342.0,0.401828194,0
7.2,17,57.6,3.279205605,0.0,0.0,0.0,0,0,0,0.0,0.0,0.9,0.9,0.1,0.9,0.9,3120,42,342,312.0,312.0,0.505407619,0
8.0,17,64.0,1.991237386,0.0,0.0,0.0,0,0,0,0.0,0.0,1.0,1.0,0.0,1.0,1.0,3420,342,342,342.0,342.0,0.50235641,0
8.0,17,64.0,3.309668107,0.0,0.0,0.0,0,0,0,0.0,0.0,1.0,1.0,0.0,1.0,1.0,3420,342,342,342.0,342.0,0.3021451,0
7.2,17,57.6,2.487984216,0.0,0.0,0.0,0,0,0,0.0,0.0,0.9,0.9,0.1,0.9,0.9,3120,42,342,312.0,312.0,0.50227201,0
8.0,17,64.0,2.487478553,0.0,0.0,0.0,0,0,0,0.0,0.0,1.0,1.0,0.0,1.0,1.0,3420,342,342,342.0,342.0,0.402021003,0
8.0,17,64.0,1.989813406,0.0,0.0,0.0,0,0,0,0.0,0.0,1.0,1.0,0.0,1.0,1.0,3420,342,342,342.0,342.0,0.602904892,0
8.0,17,64.0,1.990939178,0.0,0.0,0.0,0,0,0,0.0,0.0,1.0,1.0,0.0,1.0,1.0,3420,342,342,342.0,342.0,0.502301717,0
8.0,17,64.0,2.488467938,0.0,0.0,0.0,0,0,0,0.0,0.0,1.0,1.0,0.0,1.0,1.0,3420,342,342,342.0,342.0,0.502288985,0
8.0,17,64.0,2.49600454,0.0,0.0,0.0,0,0,0,0.0,0.0,1.0,1.0,0.0,1.0,1.0,3420,342,342,342.0,342.0,0.501018214,0
8.0,17,64.0,2.48886663,0.0,0.0,0.0,0,0,0,0.0,0.0,1.0,1.0,0.0,1.0,1.0,3420,342,342,342.0,342.0,0.5021734,0
8.0,17,64.0,2.488723677,0.0,0.0,0.0,0,0,0,0.0,0.0,1.0,1.0,0.0,1.0,1.0,3420,342,342,342.0,342.0,0.401875186,0
8.0,17,64.0,3.316859631,0.0,0.0,0.0,0,0,0,0.0,0.0,1.0,1.0,0.0,1.0,1.0,3420,342,342,342.0,342.0,0.301490498,0
8.0,17,64.0,3.314210445,0.0,0.0,0.0,0,0,0,0.0,0.0,1.0,1.0,0.0,1.0,1.0,3420,342,342,342.0,342.0,0.30176239,0
8.0,17,64.0,2.552077562,0.0,0.0,0.0,0,0,0,0.0,0.0,1.0,1.0,0.0,1.0,1.0,3420,342,342,342.0,342.0,0.492194605,0
8.0,17,64.0,1.659685729,0.0,0.0,0.0,0,0,0,0.0,0.0,1.0,1.0,0.0,1.0,1.0,3420,342,342,342.0,342.0,0.602594495,0
7.2,17,57.6,2.982539825,0.0,0.0,0.0,0,0,0,0.0,0.0,0.9,0.9,0.1,0.9,0.9,3120,42,342,312.0,312.0,0.435703897,0
8.0,17,64.0,2.507765198,0.0,0.0,0.0,0,0,0,0.0,0.0,1.0,1.0,0.0,1.0,1.0,3420,342,342,342.0,342.0,0.499120402,0
8.0,17,64.0,2.487889471,0.0,0.0,0.0,0,0,0,0.0,0.0,1.0,1.0,0.0,1.0,1.0,3420,342,342,342.0,342.0,0.502467108,0
8.0,17,64.0,2.488514298,0.0,0.0,0.0,0,0,0,0.0,0.0,1.0,1.0,0.0,1.0,1.0,3420,342,342,342.0,342.0,0.502170515,0
7.2,17,57.6,2.687782709,0.0,0.0,0.0,0,0,0,0.0,0.0,0.9,0.9,0.1,0.9,0.9,3120,42,342,312.0,312.0,0.402448487,0
8.0,17,64.0,1.989586498,0.0,0.0,0.0,0,0,0,0.0,0.0,1.0,1.0,0.0,1.0,1.0,684,342,342,342.0,342.0,0.502642035,0
8.0,17,64.0,2.445316535,0.0,0.0,0.0,0,0,0,0.0,0.0,1.0,1.0,0.0,1.0,1.0,3420,342,342,342.0,342.0,0.508260798,0
8.0,17,64.0,1.937061696,0.0,0.0,0.0,0,0,0,0.0,0.0,1.0,1.0,0.0,1.0,1.0,3420,342,342,342.0,342.0,0.516339707,0
7.2,17,56.7,4.454443973,0.0,0.0,0.0,0,0,0,0.0,0.0,0.9,0.7,0.1,0.9,0.9,2616,42,342,261.6,261.6,0.224689007,0
6.4,17,51.2,2.777593347,0.0,0.0,0.0,0,0,0,0.0,0.0,0.8,0.8,0.2,0.8,0.8,2820,42,342,282.0,282.0,0.360254693,0
7.2,17,57.6,2.652036713,0.0,0.0,0.0,0,0,0,0.0,0.0,0.9,0.9,0.1,0.9,0.9,3120,42,342,312.0,312.0,0.377068686,0
7.2,17,57.6,2.485025901,0.0,0.0,0.0,0,0,0,0.0,0.0,0.9,0.9,0.1,0.9,0.9,3120,42,342,312.0,312.0,0.502686691,0
7.2,17,57.6,2.625881514,0.0,0.0,0.0,0,0,0,0.0,0.0,0.9,0.9,0.1,0.9,0.9,3120,42,342,312.0,312.0,0.481208086,0
7.2,17,57.6,2.384037948,0.0,0.0,0.0,0,0,0,0.0,0.0,0.9,0.9,0.1,0.9,0.9,3120,42,342,312.0,312.0,0.419663191,0
8.0,17,64.0,1.422916185,0.0,0.0,0.0,0,0,0,0.0,0.0,1.0,1.0,0.0,1.0,1.0,3420,342,342,342.0,342.0,0.702782083,0
7.2,17,57.6,2.588554358,0.0,0.0,0.0,0,0,0,0.0,0.0,0.9,0.9,0.1,0.9,0.9,3120,42,342,312.0,312.0,0.486673999,0
7.2,17,57.6,2.078385015,0.0,0.0,0.0,0,0,0,0.0,0.0,0.9,0.9,0.1,0.9,0.9,3120,42,342,312.0,312.0,0.481223607,0
8.0,17,64.0,2.48531554,0.0,0.0,0.0,0,0,0,0.0,0.0,1.0,1.0,0.0,1.0,1.0,3420,342,342,342.0,342.0,0.480302405,0
8.0,17,64.0,2.488204133,0.0,0.0,0.0,0,0,0,0.0,0.0,1.0,1.0,0.0,1.0,1.0,3420,342,342,342.0,342.0,0.502288699,0
8.0,17,62.5,3.52942701,0.0,0.0,0.0,0,0,0,0.0,0.0,1.0,0.5,0.0,1.0,1.0,2160,90,342,216.0,216.0,0.483799815,0
8.0,17,64.0,3.316235743,0.0,0.0,0.0,0,0,0,0.0,0.0,1.0,1.0,0.0,1.0,1.0,3420,342,342,342.0,342.0,0.401915812,0
8.0,17,64.0,1.991795007,0.0,0.0,0.0,0,0,0,0.0,0.0,1.0,1.0,0.0,1.0,1.0,3420,342,342,342.0,342.0,0.60222621,0
7.2,17,57.6,3.23070665,0.0,0.0,0.0,0,0,0,0.0,0.0,0.9,0.9,0.1,0.9,0.9,3120,42,342,312.0,312.0,0.309597015,0
8.0,17,64.0,1.991293636,0.0,0.0,0.0,0,0,0,0.0,0.0,1.0,1.0,0.0,1.0,1.0,3420,342,342,342.0,342.0,0.502197814,0
8.0,17,64.0,3.318646053,0.0,0.0,0.0,0,0,0,0.0,0.0,1.0,1.0,0.0,1.0,1.0,3420,342,342,342.0,342.0,0.501445103,0
7.2,17,57.6,3.750075327,0.0,0.0,0.0,0,0,0,0.0,0.0,0.9,0.9,0.1,0.9,0.9,3120,42,342,312.0,312.0,0.367015696,0
8.0,17,64.0,1.99295967,0.0,0.0,0.0,0,0,0,0.0,0.0,1.0,1.0,0.0,1.0,1.0,3420,342,342,342.0,342.0,0.502279115,0
8.0,17,64.0,3.315213482,0.0,0.0,0.0,0,0,0,0.0,0.0,1.0,1.0,0.0,1.0,1.0,3420,342,342,342.0,342.0,0.301719189,0
7.2,17,57.6,2.005537349,0.0,0.0,0.0,0,0,0,0.0,0.0,0.9,0.9,0.1,0.9,0.9,3120,42,342,312.0,312.0,0.498619485,0
7.2,17,57.6,2.076756075,0.0,0.0,0.0,0,0,0,0.0,0.0,0.9,0.9,0.1,0.9,0.9,3120,42,342,312.0,312.0,0.581866813,0
7.2,17,57.6,2.905640517,0.0,0.0,0.0,0,0,0,0.0,0.0,0.9,0.9,0.1,0.9,0.9,3120,42,342,312.0,312.0,0.344173288,0
0.0,0,0.0,inf,0.0,0.0,0.0,0,0,0,0.0,0.0,0.0,0.0,1.0,0.0,0.0,42,42,42,42.0,42.0,0.063452959,0
8.0,17,64.0,1.991937843,0.0,0.0,0.0,0,0,0,0.0,0.0,1.0,1.0,0.0,1.0,1.0,3420,342,342,342.0,342.0,0.589885998,0
8.0,17,64.0,1.65970287,0.0,0.0,0.0,0,0,0,0.0,0.0,1.0,1.0,0.0,1.0,1.0,3420,342,342,342.0,342.0,0.602542186,0
8.0,17,64.0,1.615236188,0.0,0.0,0.0,0,0,0,0.0,0.0,1.0,1.0,0.0,1.0,1.0,3420,342,342,342.0,342.0,0.619112611,0
8.0,17,64.0,2.783129196,0.0,0.0,0.0,0,0,0,0.0,0.0,1.0,1.0,0.0,1.0,1.0,3420,342,342,342.0,342.0,0.559586501,0
7.2,17,57.6,1.702156879,0.0,0.0,0.0,0,0,0,0.0,0.0,0.9,0.9,0.1,0.9,0.9,3120,42,342,312.0,312.0,0.587600112,0
8.0,17,64.0,1.992050518,0.0,0.0,0.0,0,0,0,0.0,0.0,1.0,1.0,0.0,1.0,1.0,3420,342,342,342.0,342.0,0.50223372,0
8.0,17,64.0,3.314335628,0.0,0.0,0.0,0,0,0,0.0,0.0,1.0,1.0,0.0,1.0,1.0,3420,342,342,342.0,342.0,0.301720691,0
8.0,17,64.0,2.487819082,0.0,0.0,0.0,0,0,0,0.0,0.0,1.0,1.0,0.0,1.0,1.0,3420,342,342,342.0,342.0,0.401959085,0
7.2,17,57.6,2.024912048,0.0,0.0,0.0,0,0,0,0.0,0.0,0.9,0.9,0.1,0.9,0.9,3120,42,342,312.0,312.0,0.594218206,0
7.2,17,57.6,2.507599976,0.0,0.0,0.0,0,0,0,0.0,0.0,0.9,0.9,0.1,0.9,0.9,3120,42,342,312.0,312.0,0.398787689,0
8.0,17,64.0,2.489923191,0.0,0.0,0.0,0,0,0,0.0,0.0,1.0,1.0,0.0,1.0,1.0,1710,342,342,342.0,342.0,0.601898575,0
7.2,17,57.6,2.025344817,0.0,0.0,0.0,0,0,0,0.0,0.0,0.9,0.9,0.1,0.9,0.9,3120,42,342,312.0,312.0,0.594091296,0
8.0,17,64.0,1.419694652,0.0,0.0,0.0,0,0,0,0.0,0.0,1.0,1.0,0.0,1.0,1.0,3420,342,342,342.0,342.0,0.704376817,0
8.0,17,64.0,2.239238792,0.0,0.0,0.0,0,0,0,0.0,0.0,1.0,1.0,0.0,1.0,1.0,3078,342,342,342.0,342.0,0.557993227,0
8.0,17,64.0,2.487915001,0.0,0.0,0.0,0,0,0,0.0,0.0,1.0,1.0,0.0,1.0,1.0,3420,342,342,342.0,342.0,0.602290893,0
8.0,17,64.0,2.677453669,0.0,0.0,0.0,0,0,0,0.0,0.0,1.0,1.0,0.0,1.0,1.0,3420,342,342,342.0,342.0,0.373497486,0
8.0,17,64.0,3.317146872,0.0,0.0,0.0,0,0,0,0.0,0.0,1.0,1.0,0.0,1.0,1.0,3420,342,342,342.0,342.0,0.301464295,0
8.0,17,64.0,1.659014158,0.0,0.0,0.0,0,0,0,0.0,0.0,1.0,1.0,0.0,1.0,1.0,3420,342,342,342.0,342.0,0.60283711,0
8.0,17,64.0,2.487044912,0.0,0.0,0.0,0,0,0,0.0,0.0,1.0,1.0,0.0,1.0,1.0,3420,342,342,342.0,342.0,0.502430201,0
8.0,17,64.0,2.490348077,0.0,0.0,0.0,0,0,0,0.0,0.0,1.0,1.0,0.0,1.0,1.0,3420,342,342,342.0,342.0,0.401620793,0
8.0,17,64.0,1.993250054,0.0,0.0,0.0,0,0,0,0.0,0.0,1.0,1.0,0.0,1.0,1.0,3420,342,342,342.0,342.0,0.501819992,0
8.0,17,64.0,1.994987778,0.0,0.0,0.0,0,0,0,0.0,0.0,1.0,1.0,0.0,1.0,1.0,3420,342,342,342.0,342.0,0.501256204,0
8.0,17,64.0,1.990290988,0.0,0.0,0.0,0,0,0,0.0,0.0,1.0,1.0,0.0,1.0,1.0,3420,342,342,342.0,342.0,0.50245738,0
8.0,17,64.0,3.318175051,0.0,0.0,0.0,0,0,0,0.0,0.0,1.0,1.0,0.0,1.0,1.0,3420,342,342,342.0,342.0,0.401594687,0
8.0,17,62.6,1.993739238,0.0,0.0,0.0,0,0,0,0.0,0.0,1.0,0.8,0.0,1.0,1.0,2916,90,342,291.6,291.6,0.501692295,0
6.4,17,55.8,5.450691001,0.0,0.0,0.0,0,0,0,0.0,0.0,0.8,0.5,0.2,0.8,0.8,2104,42,342,210.4,210.4,0.283895898,0
8.0,17,64.0,2.488500715,0.0,0.0,0.0,0,0,0,0.0,0.0,1.0,1.0,0.0,1.0,1.0,3420,342,342,342.0,342.0,0.502202296,0
8.0,17,64.0,2.488664758,0.0,0.0,0.0,0,0,0,0.0,0.0,1.0,1.0,0.0,1.0,1.0,3420,342,342,342.0,342.0,0.502230501,0
7.2,17,57.6,2.488238822,0.0,0.0,0.0,0,0,0,0.0,0.0,0.9,0.9,0.1,0.9,0.9,3120,42,342,312.0,312.0,0.401908588,0
8.0,17,64.0,2.489190698,0.0,0.0,0.0,0,0,0,0.0,0.0,1.0,1.0,0.0,1.0,1.0,3420,342,342,342.0,342.0,0.401764584,0
6.857142857,17,54.85714286,2.398813802,0.0,0.0,0.0,0,0,0,0.0,0.0,0.857142857,0.857142857,0.142857143,0.857142857,0.857142857,2094,42,342,299.1428571,299.1428571,0.430202859,0
8.0,17,64.0,1.991418529,0.0,0.0,0.0,0,0,0,0.0,0.0,1.0,1.0,0.0,1.0,1.0,3420,342,342,342.0,342.0,0.502220106,0
8.0,17,64.0,1.989992307,0.0,0.0,0.0,0,0,0,0.0,0.0,1.0,1.0,0.0,1.0,1.0,3420,342,342,342.0,342.0,0.502556109,0
8.0,17,64.0,2.489400782,0.0,0.0,0.0,0,0,0,0.0,0.0,1.0,1.0,0.0,1.0,1.0,3420,342,342,342.0,342.0,0.602422595,0
8.0,17,64.0,2.487476192,0.0,0.0,0.0,0,0,0,0.0,0.0,1.0,1.0,0.0,1.0,1.0,3420,342,342,342.0,342.0,0.5023453,0
7.2,17,57.6,2.489068683,0.0,0.0,0.0,0,0,0,0.0,0.0,0.9,0.9,0.1,0.9,0.9,3120,42,342,312.0,312.0,0.401757193,0
8.0,17,64.0,2.488189815,0.0,0.0,0.0,0,0,0,0.0,0.0,1.0,1.0,0.0,1.0,1.0,3420,342,342,342.0,342.0,0.401898885,0
8.0,17,64.0,1.992514503,0.0,0.0,0.0,0,0,0,0.0,0.0,1.0,1.0,0.0,1.0,1.0,3420,342,342,342.0,342.0,0.602249193,0
7.2,17,57.6,1.99119929,0.0,0.0,0.0,0,0,0,0.0,0.0,0.9,0.9,0.1,0.9,0.9,3120,42,342,312.0,312.0,0.602629089,0
8.0,17,64.0,3.316767305,0.0,0.0,0.0,0,0,0,0.0,0.0,1.0,1.0,0.0,1.0,1.0,3420,342,342,342.0,342.0,0.401775599,0
7.2,17,63.0,3.237510533,0.0,0.0,0.0,0,0,0,0.0,0.0,0.9,0.8,0.1,0.9,0.9,2915,42,342,291.5,291.5,0.308964801,0
8.0,17,64.0,3.316229188,0.0,0.0,0.0,0,0,0,0.0,0.0,1.0,1.0,0.0,1.0,1.0,3420,342,342,342.0,342.0,0.30179491,0
8.0,17,64.0,2.489829038,0.0,0.0,0.0,0,0,0,0.0,0.0,1.0,1.0,0.0,1.0,1.0,3420,342,342,342.0,342.0,0.401634502,0
7.2,17,57.6,1.88742204,0.0,0.0,0.0,0,0,0,0.0,0.0,0.9,0.9,0.1,0.9,0.9,3120,42,342,312.0,312.0,0.52994349,0
8.0,17,64.0,1.991723219,0.0,0.0,0.0,0,0,0,0.0,0.0,1.0,1.0,0.0,1.0,1.0,3420,342,342,342.0,342.0,0.502092004,0
8.0,17,64.0,2.489518397,0.0,0.0,0.0,0,0,0,0.0,0.0,1.0,1.0,0.0,1.0,1.0,3420,342,342,342.0,342.0,0.60218122,0
8.0,17,64.0,2.489454121,0.0,0.0,0.0,0,0,0,0.0,0.0,1.0,1.0,0.0,1.0,1.0,3420,342,342,342.0,342.0,0.502059197,0
8.0,17,64.0,1.6608297,0.0,0.0,0.0,0,0,0,0.0,0.0,1.0,1.0,0.0,1.0,1.0,3420,342,342,342.0,342.0,0.602322078,0
7.2,17,57.6,1.993142358,0.0,0.0,0.0,0,0,0,0.0,0.0,0.9,0.9,0.1,0.9,0.9,3120,42,342,312.0,312.0,0.602046323,0
7.2,17,57.6,1.697368367,0.0,0.0,0.0,0,0,0,0.0,0.0,0.9,0.9,0.1,0.9,0.9,3120,42,342,312.0,312.0,0.601765704,0
7.2,17,57.6,2.745144085,0.0,0.0,0.0,0,0,0,0.0,0.0,0.9,0.9,0.1,0.9,0.9,3120,42,342,312.0,312.0,0.464597106,0
8.0,17,64.0,2.488394711,0.0,0.0,0.0,0,0,0,0.0,0.0,1.0,1.0,0.0,1.0,1.0,3420,342,342,342.0,342.0,0.502255106,0
3.2,0,48.6,4.988422442,0.0,0.0,0.0,0,0,0,0.0,0.0,0.4,0.2,0.4,0.6,0.6,1212,42,342,121.2,121.2,0.202077985,0
8.0,17,64.0,1.992806746,0.0,0.0,0.0,0,0,0,0.0,0.0,1.0,1.0,0.0,1.0,1.0,3420,342,342,342.0,342.0,0.602256203,0
8.0,17,64.0,2.488643052,0.0,0.0,0.0,0,0,0,0.0,0.0,1.0,1.0,0.0,1.0,1.0,3420,342,342,342.0,342.0,0.401964808,0
8.0,17,64.0,2.487204633,0.0,0.0,0.0,0,0,0,0.0,0.0,1.0,1.0,0.0,1.0,1.0,3420,342,342,342.0,342.0,0.402266097,0
7.2,17,57.6,1.681116986,0.0,0.0,0.0,0,0,0,0.0,0.0,0.9,0.9,0.1,0.9,0.9,3120,42,342,312.0,312.0,0.686215496,0
6.4,17,51.2,3.089551231,0.0,0.0,0.0,0,0,0,0.0,0.0,0.8,0.8,0.2,0.8,0.8,2820,42,342,282.0,282.0,0.323890901,0
6.4,17,61.8,4.994572934,0.0,0.0,0.0,0,0,0,0.0,0.0,0.8,0.4,0.2,0.8,0.8,1899,42,342,189.9,189.9,0.200806212,0
7.2,17,64.0,2.499838035,0.0,0.0,0.0,0,0,0,0.0,0.0,0.9,0.9,0.0,1.0,1.0,3196,118,342,319.6,319.6,0.400143003,0
8.0,17,64.0,2.488058009,0.0,0.0,0.0,0,0,0,0.0,0.0,1.0,1.0,0.0,1.0,1.0,3420,342,342,342.0,342.0,0.502263403,0
8.0,17,64.0,1.66162945,0.0,0.0,0.0,0,0,0,0.0,0.0,1.0,1.0,0.0,1.0,1.0,3420,342,342,342.0,342.0,0.602220988,0
7.2,17,57.6,2.430066352,0.0,0.0,0.0,0,0,0,0.0,0.0,0.9,0.9,0.1,0.9,0.9,3120,42,342,312.0,312.0,0.411620092,0
8.0,17,64.0,2.489630704,0.0,0.0,0.0,0,0,0,0.0,0.0,1.0,1.0,0.0,1.0,1.0,3420,342,342,342.0,342.0,0.502122712,0
8.0,17,64.0,1.6933714,0.0,0.0,0.0,0,0,0,0.0,0.0,1.0,1.0,0.0,1.0,1.0,3420,342,342,342.0,342.0,0.667825794,0
7.2,17,57.6,3.148209182,0.0,0.0,0.0,0,0,0,0.0,0.0,0.9,0.9,0.1,0.9,0.9,3120,42,342,312.0,312.0,0.418003821,0
8.0,17,64.0,2.065784101,0.0,0.0,0.0,0,0,0,0.0,0.0,1.0,1.0,0.0,1.0,1.0,3420,342,342,342.0,342.0,0.484078288,0
8.0,17,64.0,2.488083395,0.0,0.0,0.0,0,0,0,0.0,0.0,1.0,1.0,0.0,1.0,1.0,3420,342,342,342.0,342.0,0.502254391,0
8.0,17,64.0,2.487739105,0.0,0.0,0.0,0,0,0,0.0,0.0,1.0,0.9,0.0,1.0,1.0,3168,90,342,316.8,316.8,0.502385116,0
8.0,17,64.0,1.99298306,0.0,0.0,0.0,0,0,0,0.0,0.0,1.0,1.0,0.0,1.0,1.0,3420,342,342,342.0,342.0,0.501776195,0
8.0,17,64.0,2.487333841,0.0,0.0,0.0,0,0,0,0.0,0.0,1.0,1.0,0.0,1.0,1.0,3420,342,342,342.0,342.0,0.402367711,0
7.2,17,57.6,3.032444004,0.0,0.0,0.0,0,0,0,0.0,0.0,0.9,0.9,0.1,0.9,0.9,3120,42,342,312.0,312.0,0.329909015,0
7.2,17,57.6,2.624193928,0.0,0.0,0.0,0,0,0,0.0,0.0,0.9,0.9,0.1,0.9,0.9,3120,42,342,312.0,312.0,0.501988101,0
7.2,17,57.6,3.142707073,0.0,0.0,0.0,0,0,0,0.0,0.0,0.9,0.9,0.1,0.9,0.9,3120,42,342,312.0,312.0,0.318254995,0
8.0,17,64.0,2.48749478,0.0,0.0,0.0,0,0,0,0.0,0.0,1.0,1.0,0.0,1.0,1.0,3420,342,342,342.0,342.0,0.402037096,0
8.0,17,64.0,2.483616955,0.0,0.0,0.0,0,0,0,0.0,0.0,1.0,1.0,0.0,1.0,1.0,3420,342,342,342.0,342.0,0.502950978,0
8.0,17,64.0,2.488851271,0.0,0.0,0.0,0,0,0,0.0,0.0,1.0,1.0,0.0,1.0,1.0,3420,342,342,342.0,342.0,0.502218795,0
7.2,17,57.6,2.624094764,0.0,0.0,0.0,0,0,0,0.0,0.0,0.9,0.9,0.1,0.9,0.9,3120,42,342,312.0,312.0,0.381564093,0
6.4,17,51.2,2.943026326,0.0,0.0,0.0,0,0,0,0.0,0.0,0.8,0.8,0.2,0.8,0.8,2820,42,342,282.0,282.0,0.540219808,0
8.0,17,64.0,2.487717562,0.0,0.0,0.0,0,0,0,0.0,0.0,1.0,1.0,0.0,1.0,1.0,3420,342,342,342.0,342.0,0.401974988,0
8.0,17,64.0,1.992186199,0.0,0.0,0.0,0,0,0,0.0,0.0,1.0,1.0,0.0,1.0,1.0,3420,342,342,342.0,342.0,0.602288413,0
6.4,17,51.2,2.169200251,0.0,0.0,0.0,0,0,0,0.0,0.0,0.8,0.8,0.2,0.8,0.8,2820,42,342,282.0,282.0,0.461029291,0
8.0,17,64.0,2.488435605,0.0,0.0,0.0,0,0,0,0.0,0.0,1.0,1.0,0.0,1.0,1.0,3420,342,342,342.0,342.0,0.502229285,0
8.0,17,64.0,1.99152046,0.0,0.0,0.0,0,0,0,0.0,0.0,1.0,1.0,0.0,1.0,1.0,3420,342,342,342.0,342.0,0.502300596,0
8.0,17,64.0,1.661015044,0.0,0.0,0.0,0,0,0,0.0,0.0,1.0,1.0,0.0,1.0,1.0,3420,342,342,342.0,342.0,0.602266097,0
7.2,17,57.6,1.75953616,0.0,0.0,0.0,0,0,0,0.0,0.0,0.9,0.9,0.1,0.9,0.9,3120,42,342,312.0,312.0,0.603186703,0
8.0,17,64.0,1.623254905,0.0,0.0,0.0,0,0,0,0.0,0.0,1.0,1.0,0.0,1.0,1.0,3420,342,342,342.0,342.0,0.628476501,0
8.0,17,64.0,1.99068329,0.0,0.0,0.0,0,0,0,0.0,0.0,1.0,1.0,0.0,1.0,1.0,3420,342,342,342.0,342.0,0.502340388,0
7.2,17,57.6,2.22304622,0.0,0.0,0.0,0,0,0,0.0,0.0,0.9,0.9,0.1,0.9,0.9,3120,42,342,312.0,312.0,0.449835992,0
8.0,17,64.0,2.489165881,0.0,0.0,0.0,0,0,0,0.0,0.0,1.0,1.0,0.0,1.0,1.0,3420,342,342,342.0,342.0,0.502100801,0
8.0,17,64.0,1.99194106,0.0,0.0,0.0,0,0,0,0.0,0.0,1.0,1.0,0.0,1.0,1.0,3420,342,342,342.0,342.0,0.502192593,0
7.2,17,55.6,5.086950964,0.0,0.0,0.0,0,0,0,0.0,0.0,0.9,0.6,0.1,0.9,0.9,2364,42,342,236.4,236.4,0.199587917,0
8.0,17,64.0,1.99322893,0.0,0.0,0.0,0,0,0,0.0,0.0,1.0,1.0,0.0,1.0,1.0,3420,342,342,342.0,342.0,0.58829062,0
8.0,17,64.0,2.47894014,0.0,0.0,0.0,0,0,0,0.0,0.0,1.0,1.0,0.0,1.0,1.0,3420,342,342,342.0,342.0,0.403398204,0
8.0,17,64.0,1.991451812,0.0,0.0,0.0,0,0,0,0.0,0.0,1.0,1.0,0.0,1.0,1.0,3420,342,342,342.0,342.0,0.602501011,0
8.0,17,64.0,3.389354642,0.0,0.0,0.0,0,0,0,0.0,0.0,1.0,1.0,0.0,1.0,1.0,3420,342,342,342.0,342.0,0.295120502,0
7.2,17,57.6,2.487144016,0.0,0.0,0.0,0,0,0,0.0,0.0,0.9,0.9,0.1,0.9,0.9,3120,42,342,312.0,312.0,0.502399707,0
8.0,17,64.0,2.488051072,0.0,0.0,0.0,0,0,0,0.0,0.0,1.0,1.0,0.0,1.0,1.0,3420,342,342,342.0,342.0,0.401963305,0
8.0,17,64.0,3.318583297,0.0,0.0,0.0,0,0,0,0.0,0.0,1.0,1.0,0.0,1.0,1.0,3420,342,342,342.0,342.0,0.501384592,0
8.0,17,64.0,2.488305692,0.0,0.0,0.0,0,0,0,0.0,0.0,1.0,1.0,0.0,1.0,1.0,3420,342,342,342.0,342.0,0.502387786,0
8.0,17,64.0,2.770579608,0.0,0.0,0.0,0,0,0,0.0,0.0,1.0,1.0,0.0,1.0,1.0,3420,342,342,342.0,342.0,0.461279106,0
8.0,17,64.0,3.318261942,0.0,0.0,0.0,0,0,0,0.0,0.0,1.0,1.0,0.0,1.0,1.0,3420,342,342,342.0,342.0,0.501603603,0
8.0,17,64.0,2.488503667,0.0,0.0,0.0,0,0,0,0.0,0.0,1.0,1.0,0.0,1.0,1.0,3420,342,342,342.0,342.0,0.502181005,0
8.0,17,64.0,1.992180333,0.0,0.0,0.0,0,0,0,0.0,0.0,1.0,1.0,0.0,1.0,1.0,3420,342,342,342.0,342.0,0.502170396,0
7.2,17,57.6,2.059799291,0.0,0.0,0.0,0,0,0,0.0,0.0,0.9,0.9,0.1,0.9,0.9,3120,42,342,312.0,312.0,0.48562479,0
8.0,17,64.0,1.991306304,0.0,0.0,0.0,0,0,0,0.0,0.0,1.0,1.0,0.0,1.0,1.0,3420,342,342,342.0,342.0,0.502189994,0
8.0,17,64.0,2.488954064,0.0,0.0,0.0,0,0,0,0.0,0.0,1.0,1.0,0.0,1.0,1.0,3420,342,342,342.0,342.0,0.401856995,0
8.0,17,64.0,2.378933186,0.0,0.0,0.0,0,0,0,0.0,0.0,1.0,1.0,0.0,1.0,1.0,3420,342,342,342.0,342.0,0.520698094,0
8.0,17,61.2,9.661547846,0.0,0.0,0.0,0,0,0,0.0,0.0,1.0,0.3,0.0,1.0,1.0,1656,90,342,165.6,165.6,0.108747292,0
7.2,17,57.6,2.72643519,0.0,0.0,0.0,0,0,0,0.0,0.0,0.9,0.9,0.1,0.9,0.9,3120,42,342,312.0,312.0,0.467110705,0
8.0,17,64.0,2.48875395,0.0,0.0,0.0,0,0,0,0.0,0.0,1.0,1.0,0.0,1.0,1.0,3420,342,342,342.0,342.0,0.401943803,0
8.0,17,64.0,2.484827595,0.0,0.0,0.0,0,0,0,0.0,0.0,1.0,1.0,0.0,1.0,1.0,3420,342,342,342.0,342.0,0.502857614,0
8.0,17,64.0,1.992032637,0.0,0.0,0.0,0,0,0,0.0,0.0,1.0,1.0,0.0,1.0,1.0,3420,342,342,342.0,342.0,0.602420092,0
8.0,17,64.0,2.019139808,0.0,0.0,0.0,0,0,0,0.0,0.0,1.0,1.0,0.0,1.0,1.0,3420,342,342,342.0,342.0,0.495375204,0
8.0,17,64.0,2.489264416,0.0,0.0,0.0,0,0,0,0.0,0.0,1.0,1.0,0.0,1.0,1.0,3420,342,342,342.0,342.0,0.401925611,0
8.0,17,64.0,2.487756516,0.0,0.0,0.0,0,0,0,0.0,0.0,1.0,1.0,0.0,1.0,1.0,3420,342,342,342.0,342.0,0.401968598,0
8.0,17,63.1,2.64366946,0.0,0.0,0.0,0,0,0,0.0,0.0,1.0,0.7,0.0,1.0,1.0,2664,90,342,266.4,266.4,0.378336716,0
7.2,17,57.6,2.289292303,0.0,0.0,0.0,0,0,0,0.0,0.0,0.9,0.9,0.1,0.9,0.9,3120,42,342,312.0,312.0,0.4369982,0
7.2,17,57.6,1.998190801,0.0,0.0,0.0,0,0,0,0.0,0.0,0.9,0.9,0.1,0.9,0.9,3120,42,342,312.0,312.0,0.500770593,0
6.4,17,51.2,2.942500661,0.0,0.0,0.0,0,0,0,0.0,0.0,0.8,0.8,0.2,0.8,0.8,2820,42,342,282.0,282.0,0.356085491,0
8.0,17,64.0,1.991766442,0.0,0.0,0.0,0,0,0,0.0,0.0,1.0,1.0,0.0,1.0,1.0,3420,342,342,342.0,342.0,0.502280498,0
8.0,17,64.0,1.991059774,0.0,0.0,0.0,0,0,0,0.0,0.0,1.0,1.0,0.0,1.0,1.0,3420,342,342,342.0,342.0,0.502260303,0
7.2,17,57.6,2.482274095,0.0,0.0,0.0,0,0,0,0.0,0.0,0.9,0.9,0.1,0.9,0.9,3120,42,342,312.0,312.0,0.402856398,0
8.0,17,64.0,2.488502634,0.0,0.0,0.0,0,0,0,0.0,0.0,1.0,1.0,0.0,1.0,1.0,3420,342,342,342.0,342.0,0.401848078,0
7.2,17,57.6,3.213204409,0.0,0.0,0.0,0,0,0,0.0,0.0,0.9,0.9,0.1,0.9,0.9,3120,42,342,312.0,312.0,0.311241722,0
8.0,17,64.0,1.989636802,0.0,0.0,0.0,0,0,0,0.0,0.0,1.0,1.0,0.0,1.0,1.0,3420,342,342,342.0,342.0,0.602934504,0
7.2,17,57.6,3.086442456,0.0,0.0,0.0,0,0,0,0.0,0.0,0.9,0.9,0.1,0.9,0.9,3120,42,342,312.0,312.0,0.424398708,0
7.2,17,57.6,1.661401652,0.0,0.0,0.0,0,0,0,0.0,0.0,0.9,0.9,0.1,0.9,0.9,3120,42,342,312.0,312.0,0.636154914,0
6.4,17,51.2,2.632690143,0.0,0.0,0.0,0,0,0,0.0,0.0,0.8,0.8,0.2,0.8,0.8,2820,42,342,282.0,282.0,0.379839611,0
6.4,17,64.0,3.208383969,0.0,0.0,0.0,0,0,0,0.0,0.0,0.8,0.8,0.0,1.0,1.0,2932,98,342,293.2,293.2,0.311780405,0
8.0,17,64.0,2.488849203,0.0,0.0,0.0,0,0,0,0.0,0.0,1.0,1.0,0.0,1.0,1.0,3420,342,342,342.0,342.0,0.402094913,0
7.2,17,57.6,1.661536901,0.0,0.0,0.0,0,0,0,0.0,0.0,0.9,0.9,0.1,0.9,0.9,3120,42,342,312.0,312.0,0.60209341,0
8.0,17,64.0,2.487789864,0.0,0.0,0.0,0,0,0,0.0,0.0,1.0,1.0,0.0,1.0,1.0,3420,342,342,342.0,342.0,0.502455902,0
8.0,17,64.0,1.992911565,0.0,0.0,0.0,0,0,0,0.0,0.0,1.0,1.0,0.0,1.0,1.0,3420,342,342,342.0,342.0,0.501893497,0
5.6,17,50.1,10.56856737,0.0,0.0,0.0,0,0,0,0.0,0.0,0.7,0.4,0.3,0.7,0.7,1795,42,342,179.5,179.5,0.094620705,0
7.2,17,57.6,2.48907533,0.0,0.0,0.0,0,0,0,0.0,0.0,0.9,0.9,0.1,0.9,0.9,3120,42,342,312.0,312.0,0.401846814,0
8.0,17,64.0,2.487816573,0.0,0.0,0.0,0,0,0,0.0,0.0,1.0,1.0,0.0,1.0,1.0,3420,342,342,342.0,342.0,0.402109504,0
8.0,17,64.0,1.992480049,0.0,0.0,0.0,0,0,0,0.0,0.0,1.0,1.0,0.0,1.0,1.0,3420,342,342,342.0,342.0,0.602310896,0
7.2,17,57.6,2.42869891,0.0,0.0,0.0,0,0,0,0.0,0.0,0.9,0.9,0.1,0.9,0.9,3120,42,342,312.0,312.0,0.411838889,0
7.2,17,57.6,3.076016394,0.0,0.0,0.0,0,0,0,0.0,0.0,0.9,0.9,0.1,0.9,0.9,3120,42,342,312.0,312.0,0.325118995,0
7.2,17,57.6,3.272008297,0.0,0.0,0.0,0,0,0,0.0,0.0,0.9,0.9,0.1,0.9,0.9,3120,42,342,312.0,312.0,0.404644108,0
8.0,17,64.0,3.318737433,0.0,0.0,0.0,0,0,0,0.0,0.0,1.0,1.0,0.0,1.0,1.0,3420,342,342,342.0,342.0,0.301552916,0
8.0,17,64.0,2.981631665,0.0,0.0,0.0,0,0,0,0.0,0.0,1.0,1.0,0.0,1.0,1.0,2052,342,342,342.0,342.0,0.335679015,0
8.0,17,64.0,2.489780707,0.0,0.0,0.0,0,0,0,0.0,0.0,1.0,1.0,0.0,1.0,1.0,3420,342,342,342.0,342.0,0.602046895,0
8.0,17,64.0,2.489066763,0.0,0.0,0.0,0,0,0,0.0,0.0,1.0,1.0,0.0,1.0,1.0,3420,342,342,342.0,342.0,0.4460778,0
8.0,17,64.0,1.993214343,0.0,0.0,0.0,0,0,0,0.0,0.0,1.0,1.0,0.0,1.0,1.0,3420,342,342,342.0,342.0,0.602041698,0
8.0,17,64.0,2.486659187,0.0,0.0,0.0,0,0,0,0.0,0.0,1.0,1.0,0.0,1.0,1.0,3420,342,342,342.0,342.0,0.502479792,0
8.0,17,64.0,2.488203543,0.0,0.0,0.0,0,0,0,0.0,0.0,1.0,1.0,0.0,1.0,1.0,3420,342,342,342.0,342.0,0.4867908,0
7.2,17,57.6,1.412621101,0.0,0.0,0.0,0,0,0,0.0,0.0,0.9,0.9,0.1,0.9,0.9,3120,42,342,312.0,312.0,0.808130097,0
7.2,17,57.6,3.313088151,0.0,0.0,0.0,0,0,0,0.0,0.0,0.9,0.9,0.1,0.9,0.9,3120,42,342,312.0,312.0,0.385438395,0
7.2,17,57.6,2.898426498,0.0,0.0,0.0,0,0,0,0.0,0.0,0.9,0.9,0.1,0.9,0.9,3120,42,342,312.0,312.0,0.522258496,0
7.2,17,57.6,2.477457597,0.0,0.0,0.0,0,0,0,0.0,0.0,0.9,0.9,0.1,0.9,0.9,3120,42,342,312.0,312.0,0.524237299,0
7.2,17,57.6,2.486457525,0.0,0.0,0.0,0,0,0,0.0,0.0,0.9,0.9,0.1,0.9,0.9,3120,42,342,312.0,312.0,0.402178597,0
8.0,17,64.0,2.488898236,0.0,0.0,0.0,0,0,0,0.0,0.0,1.0,1.0,0.0,1.0,1.0,3420,342,342,342.0,342.0,0.401814604,0
4.8,17,73.6,4.975064799,0.0,0.0,0.0,0,0,0,0.0,0.0,0.6,0.6,0.0,1.0,1.0,2444,98,342,244.4,244.4,0.250230598,0
8.0,17,64.0,inf,0.0,0.0,0.0,0,0,0,0.0,0.0,1.0,1.0,0.0,1.0,1.0,342,342,342,342.0,342.0,0.000617027,0
7.2,17,57.6,1.661358087,0.0,0.0,0.0,0,0,0,0.0,0.0,0.9,0.9,0.1,0.9,0.9,3120,42,342,312.0,312.0,0.601930809,0
6.4,17,51.2,2.534479628,0.0,0.0,0.0,0,0,0,0.0,0.0,0.8,0.8,0.2,0.8,0.8,2820,42,342,282.0,282.0,0.394615316,0
8.0,17,64.0,2.487566037,0.0,0.0,0.0,0,0,0,0.0,0.0,1.0,1.0,0.0,1.0,1.0,3420,342,342,342.0,342.0,0.402001691,0
7.2,17,57.6,2.633091595,0.0,0.0,0.0,0,0,0,0.0,0.0,0.9,0.9,0.1,0.9,0.9,3120,42,342,312.0,312.0,0.480140305,0
8.0,17,64.0,1.993382677,0.0,0.0,0.0,0,0,0,0.0,0.0,1.0,1.0,0.0,1.0,1.0,3420,342,342,342.0,342.0,0.501811504,0
8.0,17,64.0,2.488175498,0.0,0.0,0.0,0,0,0,0.0,0.0,1.0,1.0,0.0,1.0,1.0,3420,342,342,342.0,342.0,0.40191412,0
8.0,17,64.0,2.487572676,0.0,0.0,0.0,0,0,0,0.0,0.0,1.0,1.0,0.0,1.0,1.0,3420,342,342,342.0,342.0,0.502459002,0
7.2,17,57.6,2.68610117,0.0,0.0,0.0,0,0,0,0.0,0.0,0.9,0.9,0.1,0.9,0.9,3120,42,342,312.0,312.0,0.372286892,0
7.2,17,57.6,1.630606339,0.0,0.0,0.0,0,0,0,0.0,0.0,0.9,0.9,0.1,0.9,0.9,3120,42,342,312.0,312.0,0.69973681,0
8.0,17,64.0,1.991209121,0.0,0.0,0.0,0,0,0,0.0,0.0,1.0,1.0,0.0,1.0,1.0,3420,342,342,342.0,342.0,0.502515006,0
7.2,17,57.6,2.800970479,0.0,0.0,0.0,0,0,0,0.0,0.0,0.9,0.9,0.1,0.9,0.9,3120,42,342,312.0,312.0,0.457446504,0
8.0,17,64.0,1.991806168,0.0,0.0,0.0,0,0,0,0.0,0.0,1.0,1.0,0.0,1.0,1.0,3420,342,342,342.0,342.0,0.602438188,0
7.2,17,57.6,2.472532648,0.0,0.0,0.0,0,0,0,0.0,0.0,0.9,0.9,0.1,0.9,0.9,3120,42,342,312.0,312.0,0.404700708,0
7.2,17,57.6,2.272592013,0.0,0.0,0.0,0,0,0,0.0,0.0,0.9,0.9,0.1,0.9,0.9,3120,42,342,312.0,312.0,0.440034699,0
7.2,17,57.6,1.883832717,0.0,0.0,0.0,0,0,0,0.0,0.0,0.9,0.9,0.1,0.9,0.9,3120,42,342,312.0,312.0,0.574120784,0
7.2,17,57.6,2.487813474,0.0,0.0,0.0,0,0,0,0.0,0.0,0.9,0.9,0.1,0.9,0.9,3120,42,342,312.0,312.0,0.402030802,0
8.0,17,64.0,1.660000103,0.0,0.0,0.0,0,0,0,0.0,0.0,1.0,1.0,0.0,1.0,1.0,3420,342,342,342.0,342.0,0.602511215,0
8.0,17,64.0,2.488221994,0.0,0.0,0.0,0,0,0,0.0,0.0,1.0,1.0,0.0,1.0,1.0,3420,342,342,342.0,342.0,0.402078295,0
8.0,17,64.0,2.486276382,0.0,0.0,0.0,0,0,0,0.0,0.0,1.0,1.0,0.0,1.0,1.0,3420,342,342,342.0,342.0,0.402209496,0
8.0,17,63.0,4.011820334,0.0,0.0,0.0,0,0,0,0.0,0.0,1.0,0.6,0.0,1.0,1.0,2412,90,342,241.2,241.2,0.249263906,0
7.2,17,57.6,3.077000727,0.0,0.0,0.0,0,0,0,0.0,0.0,0.9,0.9,0.1,0.9,0.9,3120,42,342,312.0,312.0,0.425329304,0
8.0,17,64.0,1.991195414,0.0,0.0,0.0,0,0,0,0.0,0.0,1.0,1.0,0.0,1.0,1.0,3420,342,342,342.0,342.0,0.502296901,0
7.2,17,57.6,2.41094686,0.0,0.0,0.0,0,0,0,0.0,0.0,0.9,0.9,0.1,0.9,0.9,3120,42,342,312.0,312.0,0.414917111,0
8.0,17,64.0,2.485754029,0.0,0.0,0.0,0,0,0,0.0,0.0,1.0,1.0,0.0,1.0,1.0,3420,342,342,342.0,342.0,0.4023844,0
7.2,17,57.6,1.163654087,0.0,0.0,0.0,0,0,0,0.0,0.0,0.9,0.9,0.1,0.9,0.9,3120,42,342,312.0,312.0,0.959662318,0
7.2,17,57.6,2.594722949,0.0,0.0,0.0,0,0,0,0.0,0.0,0.9,0.9,0.1,0.9,0.9,3120,42,342,312.0,312.0,0.402117896,0
8.0,17,64.0,3.315265104,0.0,0.0,0.0,0,0,0,0.0,0.0,1.0,1.0,0.0,1.0,1.0,3420,342,342,342.0,342.0,0.402058792,0
7.2,17,57.6,3.317898655,0.0,0.0,0.0,0,0,0,0.0,0.0,0.9,0.9,0.1,0.9,0.9,3120,42,342,312.0,312.0,0.4017735,0
7.2,17,57.6,1.754432696,0.0,0.0,0.0,0,0,0,0.0,0.0,0.9,0.9,0.1,0.9,0.9,3120,42,342,312.0,312.0,0.570171213,0
8.0,17,64.0,1.66044888,0.0,0.0,0.0,0,0,0,0.0,0.0,1.0,1.0,0.0,1.0,1.0,3420,342,342,342.0,342.0,0.602459097,0
7.2,17,57.6,2.448979211,0.0,0.0,0.0,0,0,0,0.0,0.0,0.9,0.9,0.1,0.9,0.9,3120,42,342,312.0,312.0,0.514373803,0
5.6,17,50.2,3.516085259,0.0,0.0,0.0,0,0,0,0.0,0.0,0.7,0.4,0.3,0.7,0.7,1795,42,342,179.5,179.5,0.28443141,0
8.0,17,64.0,2.480508807,0.0,0.0,0.0,0,0,0,0.0,0.0,1.0,1.0,0.0,1.0,1.0,3420,342,342,342.0,342.0,0.403305888,0
8.0,17,64.0,1.991428174,0.0,0.0,0.0,0,0,0,0.0,0.0,1.0,1.0,0.0,1.0,1.0,3420,342,342,342.0,342.0,0.502269697,0
8.0,17,64.0,2.489403885,0.0,0.0,0.0,0,0,0,0.0,0.0,1.0,1.0,0.0,1.0,1.0,3420,342,342,342.0,342.0,0.401863408,0
8.0,17,64.0,2.546774771,0.0,0.0,0.0,0,0,0,0.0,0.0,1.0,1.0,0.0,1.0,1.0,3420,342,342,342.0,342.0,0.493053794,0
8.0,17,64.0,2.486602282,0.0,0.0,0.0,0,0,0,0.0,0.0,1.0,1.0,0.0,1.0,1.0,3420,342,342,342.0,342.0,0.402164698,0
8.0,17,64.0,2.488739773,0.0,0.0,0.0,0,0,0,0.0,0.0,1.0,1.0,0.0,1.0,1.0,3420,342,342,342.0,342.0,0.401810098,0
8.0,17,64.0,2.488283992,0.0,0.0,0.0,0,0,0,0.0,0.0,1.0,1.0,0.0,1.0,1.0,3420,342,342,342.0,342.0,0.502360797,0
8.0,17,64.0,2.486434678,0.0,0.0,0.0,0,0,0,0.0,0.0,1.0,1.0,0.0,1.0,1.0,3420,342,342,342.0,342.0,0.502524805,0
8.0,17,64.0,5.948834372,0.0,0.0,0.0,0,0,0,0.0,0.0,1.0,1.0,0.0,1.0,1.0,2052,342,342,342.0,342.0,0.335376859,0
7.2,17,57.6,3.416812988,0.0,0.0,0.0,0,0,0,0.0,0.0,0.9,0.9,0.1,0.9,0.9,3120,42,342,312.0,312.0,0.392989111,0
8.0,17,64.0,2.488110553,0.0,0.0,0.0,0,0,0,0.0,0.0,1.0,1.0,0.0,1.0,1.0,3420,342,342,342.0,342.0,0.401994801,0
7.2,17,57.6,3.135775363,0.0,0.0,0.0,0,0,0,0.0,0.0,0.9,0.9,0.1,0.9,0.9,3120,42,342,312.0,312.0,0.318918085,0
8.0,17,64.0,2.488162656,0.0,0.0,0.0,0,0,0,0.0,0.0,1.0,1.0,0.0,1.0,1.0,3420,342,342,342.0,342.0,0.502231193,0
8.0,17,64.0,1.993321068,0.0,0.0,0.0,0,0,0,0.0,0.0,1.0,1.0,0.0,1.0,1.0,2052,342,342,342.0,342.0,0.501825333,0
7.2,17,57.6,2.48545766,0.0,0.0,0.0,0,0,0,0.0,0.0,0.9,0.9,0.1,0.9,0.9,3120,42,342,312.0,312.0,0.430138993,0
7.2,17,57.6,2.489752183,0.0,0.0,0.0,0,0,0,0.0,0.0,0.9,0.9,0.1,0.9,0.9,3120,42,342,312.0,312.0,0.401749206,0
8.0,17,64.0,2.487599232,0.0,0.0,0.0,0,0,0,0.0,0.0,1.0,1.0,0.0,1.0,1.0,3420,342,342,342.0,342.0,0.402172303,0
8.0,17,64.0,1.991553084,0.0,0.0,0.0,0,0,0,0.0,0.0,1.0,1.0,0.0,1.0,1.0,3420,342,342,342.0,342.0,0.502142096,0
8.0,17,64.0,2.486466664,0.0,0.0,0.0,0,0,0,0.0,0.0,1.0,1.0,0.0,1.0,1.0,3420,342,342,342.0,342.0,0.493305802,0
8.0,17,64.0,2.487675511,0.0,0.0,0.0,0,0,0,0.0,0.0,1.0,1.0,0.0,1.0,1.0,3420,342,342,342.0,342.0,0.402003694,0
7.2,17,57.6,3.832044718,0.0,0.0,0.0,0,0,0,0.0,0.0,0.9,0.9,0.1,0.9,0.9,3120,42,342,312.0,312.0,0.261038899,0
8.0,17,64.0,2.487683479,0.0,0.0,0.0,0,0,0,0.0,0.0,1.0,1.0,0.0,1.0,1.0,3420,342,342,342.0,342.0,0.402072096,0
8.0,17,64.0,1.991197305,0.0,0.0,0.0,0,0,0,0.0,0.0,1.0,1.0,0.0,1.0,1.0,3420,342,342,342.0,342.0,0.502506804,0
8.0,17,64.0,3.314595975,0.0,0.0,0.0,0,0,0,0.0,0.0,1.0,1.0,0.0,1.0,1.0,3420,342,342,342.0,342.0,0.402096701,0
8.0,17,64.0,1.848655049,0.0,0.0,0.0,0,0,0,0.0,0.0,1.0,1.0,0.0,1.0,1.0,3420,342,342,342.0,342.0,0.541016698,0
8.0,17,64.0,2.488008419,0.0,0.0,0.0,0,0,0,0.0,0.0,1.0,1.0,0.0,1.0,1.0,3420,342,342,342.0,342.0,0.4019279,0
7.2,17,57.6,2.350386127,0.0,0.0,0.0,0,0,0,0.0,0.0,0.9,0.9,0.1,0.9,0.9,3120,42,342,312.0,312.0,0.425545096,0
7.2,17,57.6,2.813199078,0.0,0.0,0.0,0,0,0,0.0,0.0,0.9,0.9,0.1,0.9,0.9,3120,42,342,312.0,312.0,0.3554672,0
8.0,17,64.0,2400.860904,0.0,0.0,0.0,0,0,0,0.0,0.0,1.0,1.0,0.0,1.0,1.0,684,342,342,342.0,342.0,0.502398491,0
7.2,17,57.6,2.485199941,0.0,0.0,0.0,0,0,0,0.0,0.0,0.9,0.9,0.1,0.9,0.9,3120,42,342,312.0,312.0,0.48087101,0
8.0,17,64.0,2.489266927,0.0,0.0,0.0,0,0,0,0.0,0.0,1.0,1.0,0.0,1.0,1.0,3420,342,342,342.0,342.0,0.60228951,0
8.0,17,64.0,1.992796047,0.0,0.0,0.0,0,0,0,0.0,0.0,1.0,1.0,0.0,1.0,1.0,3420,342,342,342.0,342.0,0.501911402,0
8.0,17,64.0,2.488239412,0.0,0.0,0.0,0,0,0,0.0,0.0,1.0,1.0,0.0,1.0,1.0,3420,342,342,342.0,342.0,0.401897979,0
7.2,17,57.6,1.782648429,0.0,0.0,0.0,0,0,0,0.0,0.0,0.9,0.9,0.1,0.9,0.9,3120,42,342,312.0,312.0,0.561067605,0
8.0,17,64.0,1.990791855,0.0,0.0,0.0,0,0,0,0.0,0.0,1.0,1.0,0.0,1.0,1.0,3420,342,342,342.0,342.0,0.502435184,0
8.0,17,64.0,1.992215533,0.0,0.0,0.0,0,0,0,0.0,0.0,1.0,1.0,0.0,1.0,1.0,3420,342,342,342.0,342.0,0.502015901,0
8.0,17,64.0,1.99079932,0.0,0.0,0.0,0,0,0,0.0,0.0,1.0,1.0,0.0,1.0,1.0,3420,342,342,342.0,342.0,0.502402806,0
7.2,17,57.6,2.426742734,0.0,0.0,0.0,0,0,0,0.0,0.0,0.9,0.9,0.1,0.9,0.9,3120,42,342,312.0,312.0,0.4120996,0
8.0,17,64.0,3.702502451,0.0,0.0,0.0,0,0,0,0.0,0.0,1.0,1.0,0.0,1.0,1.0,3420,342,342,342.0,342.0,0.370566702,0
7.2,17,57.6,1.715574867,0.0,0.0,0.0,0,0,0,0.0,0.0,0.9,0.9,0.1,0.9,0.9,3120,42,342,312.0,312.0,0.602914405,0
8.0,17,64.0,2.489071046,0.0,0.0,0.0,0,0,0,0.0,0.0,1.0,1.0,0.0,1.0,1.0,3420,342,342,342.0,342.0,0.502048397,0
8.0,17,64.0,1.99192195,0.0,0.0,0.0,0,0,0,0.0,0.0,1.0,1.0,0.0,1.0,1.0,3420,342,342,342.0,342.0,0.602416706,0
8.0,17,64.0,2.488130921,0.0,0.0,0.0,0,0,0,0.0,0.0,1.0,1.0,0.0,1.0,1.0,3420,342,342,342.0,342.0,0.402003908,0
8.0,17,64.0,2.48685631,0.0,0.0,0.0,0,0,0,0.0,0.0,1.0,1.0,0.0,1.0,1.0,3420,342,342,342.0,342.0,0.402114606,0
8.0,17,64.0,2.488479602,0.0,0.0,0.0,0,0,0,0.0,0.0,1.0,1.0,0.0,1.0,1.0,3420,342,342,342.0,342.0,0.502322006,0
4.8,17,50.1,5.163326689,0.0,0.0,0.0,0,0,0,0.0,0.0,0.6,0.5,0.3,0.7,0.7,2138,42,342,213.8,213.8,0.193934798,0
7.2,17,57.6,2.247046519,0.0,0.0,0.0,0,0,0,0.0,0.0,0.9,0.9,0.1,0.9,0.9,3120,42,342,312.0,312.0,0.545362711,0
8.0,17,64.0,3.318274018,0.0,0.0,0.0,0,0,0,0.0,0.0,1.0,1.0,0.0,1.0,1.0,3420,342,342,342.0,342.0,0.301456404,0
8.0,17,64.0,1.992086282,0.0,0.0,0.0,0,0,0,0.0,0.0,1.0,1.0,0.0,1.0,1.0,3420,342,342,342.0,342.0,0.602380705,0
8.0,17,64.0,2.487962078,0.0,0.0,0.0,0,0,0,0.0,0.0,1.0,1.0,0.0,1.0,1.0,3420,342,342,342.0,342.0,0.401935697,0
8.0,17,64.0,1.662321653,0.0,0.0,0.0,0,0,0,0.0,0.0,1.0,1.0,0.0,1.0,1.0,3420,342,342,342.0,342.0,0.601737094,0
8.0,17,64.0,1.991389597,0.0,0.0,0.0,0,0,0,0.0,0.0,1.0,1.0,0.0,1.0,1.0,3420,342,342,342.0,342.0,0.502271008,0
8.0,17,64.0,3.307135214,0.0,0.0,0.0,0,0,0,0.0,0.0,1.0,1.0,0.0,1.0,1.0,3420,342,342,342.0,342.0,0.402693105,0
8.0,17,64.0,2.485488001,0.0,0.0,0.0,0,0,0,0.0,0.0,1.0,1.0,0.0,1.0,1.0,3420,342,342,342.0,342.0,0.402360392,0
7.2,17,57.6,2.751008909,0.0,0.0,0.0,0,0,0,0.0,0.0,0.9,0.9,0.1,0.9,0.9,3120,42,342,312.0,312.0,0.363535309,0
7.2,17,57.6,3.323678143,0.0,0.0,0.0,0,0,0,0.0,0.0,0.9,0.9,0.1,0.9,0.9,3120,42,342,312.0,312.0,0.3009763,0
7.2,17,57.6,1.99173069,0.0,0.0,0.0,0,0,0,0.0,0.0,0.9,0.9,0.1,0.9,0.9,3120,42,342,312.0,312.0,0.502079892,0
8.0,17,64.0,1.991581927,0.0,0.0,0.0,0,0,0,0.0,0.0,1.0,1.0,0.0,1.0,1.0,3420,342,342,342.0,342.0,0.602459407,0
7.2,17,57.6,1.99194929,0.0,0.0,0.0,0,0,0,0.0,0.0,0.9,0.9,0.1,0.9,0.9,3120,42,342,312.0,312.0,0.502268004,0
8.0,17,64.0,2.488482112,0.0,0.0,0.0,0,0,0,0.0,0.0,1.0,1.0,0.0,1.0,1.0,3420,342,342,342.0,342.0,0.401884389,0
6.4,17,51.2,3.89208045,0.0,0.0,0.0,0,0,0,0.0,0.0,0.8,0.8,0.2,0.8,0.8,2820,42,342,282.0,282.0,0.457374191,0
8.0,17,64.0,2.487177348,0.0,0.0,0.0,0,0,0,0.0,0.0,1.0,1.0,0.0,1.0,1.0,3420,342,342,342.0,342.0,0.50240941,0
8.0,17,64.0,1.991858098,0.0,0.0,0.0,0,0,0,0.0,0.0,1.0,1.0,0.0,1.0,1.0,3420,342,342,342.0,342.0,0.60245409,0
8.0,17,64.0,2.487570758,0.0,0.0,0.0,0,0,0,0.0,0.0,1.0,1.0,0.0,1.0,1.0,3420,342,342,342.0,342.0,0.502409911,0
8.0,17,64.0,1.991086333,0.0,0.0,0.0,0,0,0,0.0,0.0,1.0,1.0,0.0,1.0,1.0,3420,342,342,342.0,342.0,0.502238393,0
8.0,17,64.0,1.992257264,0.0,0.0,0.0,0,0,0,0.0,0.0,1.0,1.0,0.0,1.0,1.0,3420,342,342,342.0,342.0,0.602502203,0
7.2,17,57.6,2.584289864,0.0,0.0,0.0,0,0,0,0.0,0.0,0.9,0.9,0.1,0.9,0.9,3120,42,342,312.0,312.0,0.487276697,0
8.0,17,64.0,2.488343484,0.0,0.0,0.0,0,0,0,0.0,0.0,1.0,1.0,0.0,1.0,1.0,3420,342,342,342.0,342.0,0.402073693,0
8.0,17,64.0,1.989844275,0.0,0.0,0.0,0,0,0,0.0,0.0,1.0,1.0,0.0,1.0,1.0,3420,342,342,342.0,342.0,0.502700186,0
8.0,17,64.0,3.316710128,0.0,0.0,0.0,0,0,0,0.0,0.0,1.0,1.0,0.0,1.0,1.0,3420,342,342,342.0,342.0,0.401815701,0
7.2,17,57.6,2.269549966,0.0,0.0,0.0,0,0,0,0.0,0.0,0.9,0.9,0.1,0.9,0.9,3120,42,342,312.0,312.0,0.440735793,0
8.0,17,64.0,3.30034201,0.0,0.0,0.0,0,0,0,0.0,0.0,1.0,1.0,0.0,1.0,1.0,3420,342,342,342.0,342.0,0.302999306,0
8.0,17,64.0,1.661413563,0.0,0.0,0.0,0,0,0,0.0,0.0,1.0,1.0,0.0,1.0,1.0,3420,342,342,342.0,342.0,0.601898599,0
8.0,17,64.0,2.487265843,0.0,0.0,0.0,0,0,0,0.0,0.0,1.0,1.0,0.0,1.0,1.0,3420,342,342,342.0,342.0,0.502510595,0
8.0,17,64.0,2.486993003,0.0,0.0,0.0,0,0,0,0.0,0.0,1.0,1.0,0.0,1.0,1.0,3420,342,342,342.0,342.0,0.402137995,0
5.6,17,44.8,4.111350111,0.0,0.0,0.0,0,0,0,0.0,0.0,0.7,0.7,0.3,0.7,0.7,2520,42,342,252.0,252.0,0.243392897,0
8.0,17,64.0,1.991353953,0.0,0.0,0.0,0,0,0,0.0,0.0,1.0,1.0,0.0,1.0,1.0,3420,342,342,342.0,342.0,0.502232003,0
8.0,17,64.0,1.990656647,0.0,0.0,0.0,0,0,0,0.0,0.0,1.0,1.0,0.0,1.0,1.0,3420,342,342,342.0,342.0,0.502347112,0
8.0,17,64.0,3.316970849,0.0,0.0,0.0,0,0,0,0.0,0.0,1.0,1.0,0.0,1.0,1.0,3420,342,342,342.0,342.0,0.3015903,0
8.0,17,64.0,1.992728541,0.0,0.0,0.0,0,0,0,0.0,0.0,1.0,1.0,0.0,1.0,1.0,3420,342,342,342.0,342.0,0.501851702,0
8.0,17,64.0,2.488250483,0.0,0.0,0.0,0,0,0,0.0,0.0,1.0,1.0,0.0,1.0,1.0,3420,342,342,342.0,342.0,0.401951885,0
8.0,17,64.0,1.991198156,0.0,0.0,0.0,0,0,0,0.0,0.0,1.0,1.0,0.0,1.0,1.0,3420,342,342,342.0,342.0,0.502930689,0
8.0,17,64.0,2.488292554,0.0,0.0,0.0,0,0,0,0.0,0.0,1.0,1.0,0.0,1.0,1.0,3420,342,342,342.0,342.0,0.401967812,0
6.4,17,51.2,2.793279035,0.0,0.0,0.0,0,0,0,0.0,0.0,0.8,0.8,0.2,0.8,0.8,2820,42,342,282.0,282.0,0.526131797,0
7.2,17,57.6,2.651905756,0.0,0.0,0.0,0,0,0,0.0,0.0,0.9,0.9,0.1,0.9,0.9,3120,42,342,312.0,312.0,0.402199411,0
8.0,17,64.0,2.489984682,0.0,0.0,0.0,0,0,0,0.0,0.0,1.0,1.0,0.0,1.0,1.0,3420,342,342,342.0,342.0,0.602236795,0
7.2,17,57.6,1.834698475,0.0,0.0,0.0,0,0,0,0.0,0.0,0.9,0.9,0.1,0.9,0.9,3120,42,342,312.0,312.0,0.545195699,0
8.0,17,64.0,30283.78339,0.0,0.0,0.0,0,0,0,0.0,0.0,1.0,1.0,0.0,1.0,1.0,684,342,342,342.0,342.0,0.50265646,0
8.0,17,64.0,3.315787443,0.0,0.0,0.0,0,0,0,0.0,0.0,1.0,1.0,0.0,1.0,1.0,3420,342,342,342.0,342.0,0.402001595,0
8.0,17,64.0,3.315873948,0.0,0.0,0.0,0,0,0,0.0,0.0,1.0,1.0,0.0,1.0,1.0,3420,342,342,342.0,342.0,0.402079916,0
8.0,17,64.0,2.488065389,0.0,0.0,0.0,0,0,0,0.0,0.0,1.0,1.0,0.0,1.0,1.0,3420,342,342,342.0,342.0,0.401932693,0
8.0,17,64.0,2.488306726,0.0,0.0,0.0,0,0,0,0.0,0.0,1.0,1.0,0.0,1.0,1.0,3420,342,342,342.0,342.0,0.401879716,0
8.0,17,64.0,1.991260358,0.0,0.0,0.0,0,0,0,0.0,0.0,1.0,1.0,0.0,1.0,1.0,3420,342,342,342.0,342.0,0.602540803,0
6.4,17,51.2,2.412169797,0.0,0.0,0.0,0,0,0,0.0,0.0,0.8,0.8,0.2,0.8,0.8,2820,42,342,282.0,282.0,0.414778399,0
8.0,17,64.0,2.48969824,0.0,0.0,0.0,0,0,0,0.0,0.0,1.0,1.0,0.0,1.0,1.0,3420,342,342,342.0,342.0,0.501879406,0
7.2,17,57.6,2.631043638,0.0,0.0,0.0,0,0,0,0.0,0.0,0.9,0.9,0.1,0.9,0.9,3120,42,342,312.0,312.0,0.380079317,0
8.0,17,64.0,3.313717139,0.0,0.0,0.0,0,0,0,0.0,0.0,1.0,1.0,0.0,1.0,1.0,3420,342,342,342.0,342.0,0.402136397,0
7.2,17,57.6,2.555960758,0.0,0.0,0.0,0,0,0,0.0,0.0,0.9,0.9,0.1,0.9,0.9,3120,42,342,312.0,312.0,0.591623998,0
8.0,17,64.0,2.334385308,0.0,0.0,0.0,0,0,0,0.0,0.0,1.0,1.0,0.0,1.0,1.0,3420,342,342,342.0,342.0,0.528701901,0
8.0,17,64.0,1.991442356,0.0,0.0,0.0,0,0,0,0.0,0.0,1.0,1.0,0.0,1.0,1.0,3420,342,342,342.0,342.0,0.502232313,0
7.2,17,57.6,1.709874072,0.0,0.0,0.0,0,0,0,0.0,0.0,0.9,0.9,0.1,0.9,0.9,3120,42,342,312.0,312.0,0.584920502,0
7.2,17,57.6,2.498501544,0.0,0.0,0.0,0,0,0,0.0,0.0,0.9,0.9,0.1,0.9,0.9,3120,42,342,312.0,312.0,0.400358105,0
8.0,17,64.0,3.315708282,0.0,0.0,0.0,0,0,0,0.0,0.0,1.0,1.0,0.0,1.0,1.0,3420,342,342,342.0,342.0,0.301596403,0
7.2,17,57.6,2.22629787,0.0,0.0,0.0,0,0,0,0.0,0.0,0.9,0.9,0.1,0.9,0.9,3120,42,342,312.0,312.0,0.449176192,0
8.0,17,64.0,3.315478423,0.0,0.0,0.0,0,0,0,0.0,0.0,1.0,1.0,0.0,1.0,1.0,3420,342,342,342.0,342.0,0.402022505,0
8.0,17,64.0,2.48667334,0.0,0.0,0.0,0,0,0,0.0,0.0,1.0,1.0,0.0,1.0,1.0,3420,342,342,342.0,342.0,0.50259099,0
8.0,17,64.0,2.487613691,0.0,0.0,0.0,0,0,0,0.0,0.0,1.0,1.0,0.0,1.0,1.0,3420,342,342,342.0,342.0,0.502363682,0
8.0,17,64.0,1.992477967,0.0,0.0,0.0,0,0,0,0.0,0.0,1.0,1.0,0.0,1.0,1.0,3420,342,342,342.0,342.0,0.501887703,0
8.0,17,64.0,2.490016908,0.0,0.0,0.0,0,0,0,0.0,0.0,1.0,1.0,0.0,1.0,1.0,3420,342,342,342.0,342.0,0.501940417,0
8.0,17,64.0,1.660450195,0.0,0.0,0.0,0,0,0,0.0,0.0,1.0,1.0,0.0,1.0,1.0,3420,342,342,342.0,342.0,0.602260208,0
6.4,17,51.2,2.535893687,0.0,0.0,0.0,0,0,0,0.0,0.0,0.8,0.8,0.2,0.8,0.8,2820,42,342,282.0,282.0,0.494674301,0
8.0,17,64.0,2.489479388,0.0,0.0,0.0,0,0,0,0.0,0.0,1.0,1.0,0.0,1.0,1.0,3420,342,342,342.0,342.0,0.602021003,0
7.2,17,57.6,2.202262926,0.0,0.0,0.0,0,0,0,0.0,0.0,0.9,0.9,0.1,0.9,0.9,3120,42,342,312.0,312.0,0.554456186,0
8.0,17,64.0,3.316584766,0.0,0.0,0.0,0,0,0,0.0,0.0,1.0,1.0,0.0,1.0,1.0,3420,342,342,342.0,342.0,0.401859999,0
8.0,17,64.0,3.315291571,0.0,0.0,0.0,0,0,0,0.0,0.0,1.0,1.0,0.0,1.0,1.0,3420,342,342,342.0,342.0,0.40183301,0
8.0,17,64.0,2.488791164,0.0,0.0,0.0,0,0,0,0.0,0.0,1.0,1.0,0.0,1.0,1.0,3420,342,342,342.0,342.0,0.502167106,0
7.2,17,57.6,2.906028859,0.0,0.0,0.0,0,0,0,0.0,0.0,0.9,0.9,0.1,0.9,0.9,3120,42,342,312.0,312.0,0.345423985,0
7.2,17,57.6,3.317013607,0.0,0.0,0.0,0,0,0,0.0,0.0,0.9,0.9,0.1,0.9,0.9,3120,42,342,312.0,312.0,0.301567721,0
8.0,17,64.0,1.992596667,0.0,0.0,0.0,0,0,0,0.0,0.0,1.0,1.0,0.0,1.0,1.0,3420,342,342,342.0,342.0,0.602383018,0
7.2,17,57.6,2.487627707,0.0,0.0,0.0,0,0,0,0.0,0.0,0.9,0.9,0.1,0.9,0.9,3120,42,342,312.0,312.0,0.402077603,0
7.2,17,57.6,3.374079998,0.0,0.0,0.0,0,0,0,0.0,0.0,0.9,0.9,0.1,0.9,0.9,3120,42,342,312.0,312.0,0.396723199,0
7.2,17,57.6,1.645801736,0.0,0.0,0.0,0,0,0,0.0,0.0,0.9,0.9,0.1,0.9,0.9,3120,42,342,312.0,312.0,0.629777884,0
8.0,17,64.0,1.659425767,0.0,0.0,0.0,0,0,0,0.0,0.0,1.0,1.0,0.0,1.0,1.0,3420,342,342,342.0,342.0,0.624665689,0
8.0,17,64.0,1.992668992,0.0,0.0,0.0,0,0,0,0.0,0.0,1.0,1.0,0.0,1.0,1.0,3420,342,342,342.0,342.0,0.501924086,0
32.0,6,80.2,381.0267172,0.0,0.0,1.0,10,0,0,0.0,1.0,0.0,0.0,0.0,1.0,1.0,7660,66,2866,766.0,766.0,0.002673483,0
8.0,17,64.0,2.489238415,0.0,0.0,0.0,0,0,0,0.0,0.0,1.0,1.0,0.0,1.0,1.0,3420,342,342,342.0,342.0,0.401732206,0
8.0,17,64.0,2.561517931,0.0,0.0,0.0,0,0,0,0.0,0.0,1.0,1.0,0.0,1.0,1.0,3420,342,342,342.0,342.0,0.390459609,0
6.4,17,51.2,1.542516,0.0,0.0,0.0,0,0,0,0.0,0.0,0.8,0.8,0.2,0.8,0.8,2820,42,342,282.0,282.0,0.825634694,0
7.2,17,57.6,3.050559763,0.0,0.0,0.0,0,0,0,0.0,0.0,0.9,0.9,0.1,0.9,0.9,3120,42,342,312.0,312.0,0.327873802,0
3.2,1,64.0,9.942068066,0.0,0.0,0.0,0,0,0,0.0,0.0,0.4,0.4,0.0,1.0,1.0,1956,98,342,195.6,195.6,0.100727105,0
7.2,17,57.6,3.059696375,0.0,0.0,0.0,0,0,0,0.0,0.0,0.9,0.9,0.1,0.9,0.9,3120,42,342,312.0,312.0,0.32684741,0
8.0,17,64.0,1.984544387,0.0,0.0,0.0,0,0,0,0.0,0.0,1.0,1.0,0.0,1.0,1.0,3420,342,342,342.0,342.0,0.504138398,0
8.0,17,64.0,1.990502565,0.0,0.0,0.0,0,0,0,0.0,0.0,1.0,1.0,0.0,1.0,1.0,3420,342,342,342.0,342.0,0.602906394,0
8.0,17,64.0,2.488905177,0.0,0.0,0.0,0,0,0,0.0,0.0,1.0,1.0,0.0,1.0,1.0,3420,342,342,342.0,342.0,0.401797795,0
7.2,17,57.6,1.979169267,0.0,0.0,0.0,0,0,0,0.0,0.0,0.9,0.9,0.1,0.9,0.9,3120,42,342,312.0,312.0,0.605613685,0
8.0,17,64.0,1.991553462,0.0,0.0,0.0,0,0,0,0.0,0.0,1.0,1.0,0.0,1.0,1.0,3420,342,342,342.0,342.0,0.502121496,0
8.0,17,64.0,3.314957492,0.0,0.0,0.0,0,0,0,0.0,0.0,1.0,1.0,0.0,1.0,1.0,3420,342,342,342.0,342.0,0.501958895,0
8.0,17,64.0,3.315236542,0.0,0.0,0.0,0,0,0,0.0,0.0,1.0,1.0,0.0,1.0,1.0,3420,342,342,342.0,342.0,0.40196619,0
8.0,17,64.0,2.488088856,0.0,0.0,0.0,0,0,0,0.0,0.0,1.0,1.0,0.0,1.0,1.0,3420,342,342,342.0,342.0,0.401931596,0
8.0,17,64.0,2.486756196,0.0,0.0,0.0,0,0,0,0.0,0.0,1.0,1.0,0.0,1.0,1.0,3420,342,342,342.0,342.0,0.402172184,0
8.0,17,64.0,1.993597281,0.0,0.0,0.0,0,0,0,0.0,0.0,1.0,1.0,0.0,1.0,1.0,3420,342,342,342.0,342.0,0.602256608,0
8.0,17,64.0,1.991100606,0.0,0.0,0.0,0,0,0,0.0,0.0,1.0,1.0,0.0,1.0,1.0,3420,342,342,342.0,342.0,0.502273011,0
8.0,17,64.0,1.99177032,0.0,0.0,0.0,0,0,0,0.0,0.0,1.0,1.0,0.0,1.0,1.0,3420,342,342,342.0,342.0,0.502894402,0
8.0,17,64.0,1.855302388,0.0,0.0,0.0,0,0,0,0.0,0.0,1.0,1.0,0.0,1.0,1.0,3420,342,342,342.0,342.0,0.639216495,0
7.2,17,57.6,1.988394949,0.0,0.0,0.0,0,0,0,0.0,0.0,0.9,0.9,0.1,0.9,0.9,3120,42,342,312.0,312.0,0.603261805,0
8.0,17,64.0,3.318406072,0.0,0.0,0.0,0,0,0,0.0,0.0,1.0,1.0,0.0,1.0,1.0,3420,342,342,342.0,342.0,0.50190711,0
8.0,17,64.0,2.487684659,0.0,0.0,0.0,0,0,0,0.0,0.0,1.0,1.0,0.0,1.0,1.0,3420,342,342,342.0,342.0,0.502084517,0
8.0,17,64.0,2.488532901,0.0,0.0,0.0,0,0,0,0.0,0.0,1.0,1.0,0.0,1.0,1.0,3420,342,342,342.0,342.0,0.402070904,0
8.0,17,64.0,2.487984363,0.0,0.0,0.0,0,0,0,0.0,0.0,1.0,1.0,0.0,1.0,1.0,3420,342,342,342.0,342.0,0.502163601,0
8.0,17,64.0,1.74859014,0.0,0.0,0.0,0,0,0,0.0,0.0,1.0,1.0,0.0,1.0,1.0,3420,342,342,342.0,342.0,0.672259808,0
8.0,17,64.0,2.488768127,0.0,0.0,0.0,0,0,0,0.0,0.0,1.0,1.0,0.0,1.0,1.0,3420,342,342,342.0,342.0,0.402017999,0
8.0,17,64.0,2.488482702,0.0,0.0,0.0,0,0,0,0.0,0.0,1.0,1.0,0.0,1.0,1.0,3420,342,342,342.0,342.0,0.502172518,0
6.4,17,51.2,2.963006919,0.0,0.0,0.0,0,0,0,0.0,0.0,0.8,0.8,0.2,0.8,0.8,2820,42,342,282.0,282.0,0.538068199,0
7.2,17,57.6,2.477041486,0.0,0.0,0.0,0,0,0,0.0,0.0,0.9,0.9,0.1,0.9,0.9,3120,42,342,312.0,312.0,0.543804908,0
8.0,17,64.0,1.993230256,0.0,0.0,0.0,0,0,0,0.0,0.0,1.0,1.0,0.0,1.0,1.0,3420,342,342,342.0,342.0,0.602039599,0
8.0,17,64.0,2.344798346,0.0,0.0,0.0,0,0,0,0.0,0.0,1.0,1.0,0.0,1.0,1.0,3420,342,342,342.0,342.0,0.526616406,0
7.2,17,57.6,3.313337571,0.0,0.0,0.0,0,0,0,0.0,0.0,0.9,0.9,0.1,0.9,0.9,3120,42,342,312.0,312.0,0.487126899,0
8.0,17,64.0,2.487304193,0.0,0.0,0.0,0,0,0,0.0,0.0,1.0,1.0,0.0,1.0,1.0,3420,342,342,342.0,342.0,0.502394414,0
8.0,17,64.0,3.316094161,0.0,0.0,0.0,0,0,0,0.0,0.0,1.0,1.0,0.0,1.0,1.0,3420,342,342,342.0,342.0,0.502020001,0
8.0,17,64.0,3.316527334,0.0,0.0,0.0,0,0,0,0.0,0.0,1.0,1.0,0.0,1.0,1.0,3420,342,342,342.0,342.0,0.401880097,0
7.2,17,57.6,3.573959669,0.0,0.0,0.0,0,0,0,0.0,0.0,0.9,0.9,0.1,0.9,0.9,3120,42,342,312.0,312.0,0.379900694,0
8.0,17,64.0,2.488307464,0.0,0.0,0.0,0,0,0,0.0,0.0,1.0,1.0,0.0,1.0,1.0,3420,342,342,342.0,342.0,0.502281308,0
7.2,17,57.6,3.00829876,0.0,0.0,0.0,0,0,0,0.0,0.0,0.9,0.9,0.1,0.9,0.9,3120,42,342,312.0,312.0,0.332634902,0
7.2,17,57.6,1.882020664,0.0,0.0,0.0,0,0,0,0.0,0.0,0.9,0.9,0.1,0.9,0.9,3120,42,342,312.0,312.0,0.631678605,0
8.0,17,64.0,2.488575572,0.0,0.0,0.0,0,0,0,0.0,0.0,1.0,1.0,0.0,1.0,1.0,3420,342,342,342.0,342.0,0.401995611,0
7.2,17,57.6,3.468943708,0.0,0.0,0.0,0,0,0,0.0,0.0,0.9,0.9,0.1,0.9,0.9,3120,42,342,312.0,312.0,0.388709188,0
6.4,17,51.2,3.326632434,0.0,0.0,0.0,0,0,0,0.0,0.0,0.8,0.8,0.2,0.8,0.8,2820,42,342,282.0,282.0,0.300687695,0
8.0,17,64.0,2.022409508,0.0,0.0,0.0,0,0,0,0.0,0.0,1.0,1.0,0.0,1.0,1.0,3420,342,342,342.0,342.0,0.49459691,0
6.4,17,51.2,3.652394248,0.0,0.0,0.0,0,0,0,0.0,0.0,0.8,0.8,0.2,0.8,0.8,2820,42,342,282.0,282.0,0.374107409,0
6.4,17,51.2,2.957151137,0.0,0.0,0.0,0,0,0,0.0,0.0,0.8,0.8,0.2,0.8,0.8,2820,42,342,282.0,282.0,0.438479996,0
8.0,17,64.0,2.27513008,0.0,0.0,0.0,0,0,0,0.0,0.0,1.0,1.0,0.0,1.0,1.0,3420,342,342,342.0,342.0,0.539916301,0
8.0,17,64.0,2.489098964,0.0,0.0,0.0,0,0,0,0.0,0.0,1.0,1.0,0.0,1.0,1.0,3420,342,342,342.0,342.0,0.402334905,0
7.2,17,57.6,2.481965484,0.0,0.0,0.0,0,0,0,0.0,0.0,0.9,0.9,0.1,0.9,0.9,3120,42,342,312.0,312.0,0.503243804,0
7.2,17,57.6,2.142401556,0.0,0.0,0.0,0,0,0,0.0,0.0,0.9,0.9,0.1,0.9,0.9,3120,42,342,312.0,312.0,0.502267814,0
7.2,17,57.6,2.491041601,0.0,0.0,0.0,0,0,0,0.0,0.0,0.9,0.9,0.1,0.9,0.9,3120,42,342,312.0,312.0,0.501792479,0
8.0,17,64.0,2.488933534,0.0,0.0,0.0,0,0,0,0.0,0.0,1.0,1.0,0.0,1.0,1.0,3420,342,342,342.0,342.0,0.502128911,0
8.0,17,64.0,3.317912828,0.0,0.0,0.0,0,0,0,0.0,0.0,1.0,1.0,0.0,1.0,1.0,3420,342,342,342.0,342.0,0.30161891,0
7.2,17,57.6,2.489442892,0.0,0.0,0.0,0,0,0,0.0,0.0,0.9,0.9,0.1,0.9,0.9,3120,42,342,312.0,312.0,0.401813912,0
8.0,17,64.0,2.37640219,0.0,0.0,0.0,0,0,0,0.0,0.0,1.0,1.0,0.0,1.0,1.0,3420,342,342,342.0,342.0,0.507000303,0
17.6,6,64.0,3430.642892,0.8,0.0,0.0,0,8,0,0.8,0.8,0.2,0.2,0.0,1.0,1.0,1116,54,342,111.6,111.6,0.000314403,1
20.0,6,64.0,3901.67814,1.0,0.0,0.0,0,10,0,1.0,1.0,0.0,0.0,0.0,1.0,1.0,540,54,54,54.0,54.0,0.0002841,1
20.0,6,64.0,4904.471469,1.0,0.0,0.0,0,10,0,1.0,1.0,0.0,0.0,0.0,1.0,1.0,540,54,54,54.0,54.0,0.000227809,1
20.0,6,64.0,6506.832144,1.0,0.0,0.0,0,10,0,1.0,1.0,0.0,0.0,0.0,1.0,1.0,540,54,54,54.0,54.0,0.000185895,1
20.0,6,64.0,7363.595506,1.0,0.0,0.0,0,10,0,1.0,1.0,0.0,0.0,0.0,1.0,1.0,540,54,54,54.0,54.0,0.000154901,1
20.0,6,64.0,6034.969784,1.0,0.0,0.0,0,10,0,1.0,1.0,0.0,0.0,0.0,1.0,1.0,540,54,54,54.0,54.0,0.000184703,1
20.0,6,64.0,6226.698337,1.0,0.0,0.0,0,10,0,1.0,1.0,0.0,0.0,0.0,1.0,1.0,540,54,54,54.0,54.0,0.000177503,1
20.0,6,64.0,5590.169266,1.0,0.0,0.0,0,10,0,1.0,1.0,0.0,0.0,0.0,1.0,1.0,540,54,54,54.0,54.0,0.000195885,1
20.0,6,64.0,6006.44995,1.0,0.0,0.0,0,10,0,1.0,1.0,0.0,0.0,0.0,1.0,1.0,540,54,54,54.0,54.0,0.000193191,1
20.0,6,64.0,7435.390888,1.0,0.0,0.0,0,10,0,1.0,1.0,0.0,0.0,0.0,1.0,1.0,540,54,54,54.0,54.0,0.000151801,1
20.0,6,64.0,6595.854694,1.0,0.0,0.0,0,10,0,1.0,1.0,0.0,0.0,0.0,1.0,1.0,540,54,54,54.0,54.0,0.000164413,1
20.0,6,64.0,4432.787994,1.0,0.0,0.0,0,10,0,1.0,1.0,0.0,0.0,0.0,1.0,1.0,540,54,54,54.0,54.0,0.000251698,1
20.0,6,64.0,5662.621844,1.0,0.0,0.0,0,10,0,1.0,1.0,0.0,0.0,0.0,1.0,1.0,540,54,54,54.0,54.0,0.000198388,1
9.6,17,107.1,34.7043969,0.1,0.0,0.3,3,1,0,0.3,0.3,0.4,0.4,0.1,0.9,0.9,1756,42,342,175.6,175.6,0.028859091,1
18.0,6,62.8,44.15693632,0.9,0.0,0.0,0,9,0,0.9,0.9,0.0,0.0,0.0,1.0,1.0,588,54,102,58.8,58.8,0.025120997,1
20.0,6,62.3,754.262696,0.9,0.1,0.1,1,9,1,1.0,1.0,0.0,0.0,0.0,1.0,1.0,540,54,54,54.0,54.0,0.001355195,1
20.0,6,64.0,5102.559611,1.0,0.0,0.0,0,10,0,1.0,1.0,0.0,0.0,0.0,1.0,1.0,540,54,54,54.0,54.0,0.000214791,1
20.0,6,64.0,3795.063337,1.0,0.0,0.0,0,10,0,1.0,1.0,0.0,0.0,0.0,1.0,1.0,540,54,54,54.0,54.0,0.000288105,1
18.0,6,81.6,6471.69264,0.9,0.0,0.0,0,9,0,0.9,0.9,0.0,0.0,0.0,1.0,1.0,572,54,86,57.2,57.2,0.000177407,1
20.0,6,64.0,7341.683879,1.0,0.0,0.0,0,10,0,1.0,1.0,0.0,0.0,0.0,1.0,1.0,540,54,54,54.0,54.0,0.000151396,1
20.0,6,64.0,1266.013885,1.0,0.0,0.0,0,10,0,1.0,1.0,0.0,0.0,0.0,1.0,1.0,540,54,54,54.0,54.0,0.000807381,1
20.0,6,64.0,3765.084381,1.0,0.0,0.0,0,10,0,1.0,1.0,0.0,0.0,0.0,1.0,1.0,540,54,54,54.0,54.0,0.000281,1
20.0,6,64.0,3974.513409,1.0,0.0,0.0,0,10,0,1.0,1.0,0.0,0.0,0.0,1.0,1.0,540,54,54,54.0,54.0,0.000273585,1
7.2,17,57.6,1.706771812,0.0,0.0,0.0,0,0,0,0.0,0.0,0.9,0.9,0.1,0.9,0.9,3120,42,342,312.0,312.0,0.586162996,1
20.0,6,64.0,7634.335639,1.0,0.0,0.0,0,10,0,1.0,1.0,0.0,0.0,0.0,1.0,1.0,540,54,54,54.0,54.0,0.000146389,1
20.0,6,64.0,7353.267882,1.0,0.0,0.0,0,10,0,1.0,1.0,0.0,0.0,0.0,1.0,1.0,540,54,54,54.0,54.0,0.000148892,1
20.0,6,64.0,8052.03302,1.0,0.0,0.0,0,10,0,1.0,1.0,0.0,0.0,0.0,1.0,1.0,540,54,54,54.0,54.0,0.00013659,1
20.0,6,64.0,5241.569608,1.0,0.0,0.0,0,10,0,1.0,1.0,0.0,0.0,0.0,1.0,1.0,540,54,54,54.0,54.0,0.000214887,1
8.0,17,64.0,2.486966459,0.0,0.0,0.0,0,0,0,0.0,0.0,1.0,1.0,0.0,1.0,1.0,3420,342,342,342.0,342.0,0.402096295,1
20.0,6,64.0,973.4274044,1.0,0.0,0.0,0,10,0,1.0,1.0,0.0,0.0,0.0,1.0,1.0,540,54,54,54.0,54.0,0.00109098,1
20.0,6,64.0,6034.969784,1.0,0.0,0.0,0,10,0,1.0,1.0,0.0,0.0,0.0,1.0,1.0,540,54,54,54.0,54.0,0.00018909,1
20.0,6,64.0,4224.721998,1.0,0.0,0.0,0,10,0,1.0,1.0,0.0,0.0,0.0,1.0,1.0,540,54,54,54.0,54.0,0.000263596,1
20.0,6,64.0,5927.507066,1.0,0.0,0.0,0,10,0,1.0,1.0,0.0,0.0,0.0,1.0,1.0,540,54,54,54.0,54.0,0.000184202,1
20.0,6,64.0,7401.277572,1.0,0.0,0.0,0,10,0,1.0,1.0,0.0,0.0,0.0,1.0,1.0,540,54,54,54.0,54.0,0.000145411,1
18.0,6,62.5,47.74044919,0.9,0.0,0.0,0,9,0,0.9,0.9,0.0,0.0,0.0,1.0,1.0,572,54,86,57.2,57.2,0.024203706,1
20.0,6,64.0,2705.653464,1.0,0.0,0.0,0,10,0,1.0,1.0,0.0,0.0,0.0,1.0,1.0,540,54,54,54.0,54.0,0.000402689,1
18.0,6,62.4,3608.624279,0.9,0.0,0.0,0,9,0,0.9,0.9,0.0,0.0,0.0,1.0,1.0,572,54,86,57.2,57.2,0.000294113,1
20.0,6,64.0,4140.886563,1.0,0.0,0.0,0,10,0,1.0,1.0,0.0,0.0,0.0,1.0,1.0,540,54,54,54.0,54.0,0.000269389,1
20.0,6,64.0,5203.205558,1.0,0.0,0.0,0,10,0,1.0,1.0,0.0,0.0,0.0,1.0,1.0,540,54,54,54.0,54.0,0.000213194,1
18.0,6,62.4,274.5825914,0.9,0.0,0.0,0,9,0,0.9,0.9,0.0,0.0,0.0,1.0,1.0,572,54,86,57.2,57.2,0.003661394,1
20.0,6,64.0,5099.457751,1.0,0.0,0.0,0,10,0,1.0,1.0,0.0,0.0,0.0,1.0,1.0,540,54,54,54.0,54.0,0.000219607,1
20.0,6,64.0,3818.210287,1.0,0.0,0.0,0,10,0,1.0,1.0,0.0,0.0,0.0,1.0,1.0,540,54,54,54.0,54.0,0.000284791,1
20.0,6,64.0,5476.307612,1.0,0.0,0.0,0,10,0,1.0,1.0,0.0,0.0,0.0,1.0,1.0,540,54,54,54.0,54.0,0.000209498,1
34.4,6,96.8,339.6610115,0.3,0.0,0.9,9,3,0,1.0,1.0,0.0,0.0,0.0,1.0,1.0,684,66,74,68.4,68.4,0.00296061,1
20.0,6,64.0,5241.569608,1.0,0.0,0.0,0,10,0,1.0,1.0,0.0,0.0,0.0,1.0,1.0,540,54,54,54.0,54.0,0.000212789,1
20.0,6,64.0,5919.977417,1.0,0.0,0.0,0,10,0,1.0,1.0,0.0,0.0,0.0,1.0,1.0,540,54,54,54.0,54.0,0.000190496,1
20.0,6,62.9,3736.906629,0.8,0.1,0.1,1,8,1,1.0,1.0,0.0,0.0,0.0,1.0,1.0,540,54,54,54.0,54.0,0.000279188,1
20.0,6,64.0,5279.838872,1.0,0.0,0.0,0,10,0,1.0,1.0,0.0,0.0,0.0,1.0,1.0,540,54,54,54.0,54.0,0.000205183,1
20.0,6,64.0,4616.735278,1.0,0.0,0.0,0,10,0,1.0,1.0,0.0,0.0,0.0,1.0,1.0,540,54,54,54.0,54.0,0.000239205,1
20.0,6,64.0,4040.366053,1.0,0.0,0.0,0,10,0,1.0,1.0,0.0,0.0,0.0,1.0,1.0,540,54,54,54.0,54.0,0.000267887,1
20.4,6,60.8,2956.858654,0.7,0.0,0.2,2,7,0,0.9,0.9,0.0,0.0,0.0,1.0,1.0,592,54,78,59.2,59.2,0.000340009,1
20.0,6,64.0,6667.149897,1.0,0.0,0.0,0,10,0,1.0,1.0,0.0,0.0,0.0,1.0,1.0,540,54,54,54.0,54.0,0.000165486,1
20.0,6,64.0,4468.204964,1.0,0.0,0.0,0,10,0,1.0,1.0,0.0,0.0,0.0,1.0,1.0,540,54,54,54.0,54.0,0.000253391,1
20.0,6,64.0,703.7777069,1.0,0.0,0.0,0,10,0,1.0,1.0,0.0,0.0,0.0,1.0,1.0,540,54,54,54.0,54.0,0.001440501,1
20.0,6,64.0,5002.748092,1.0,0.0,0.0,0,10,0,1.0,1.0,0.0,0.0,0.0,1.0,1.0,540,54,54,54.0,54.0,0.000224996,1
8.0,17,64.0,2.156713193,0.0,0.0,0.0,0,0,0,0.0,0.0,1.0,1.0,0.0,1.0,1.0,3420,342,342,342.0,342.0,0.463885808,1
20.0,6,64.0,6977.714191,1.0,0.0,0.0,0,10,0,1.0,1.0,0.0,0.0,0.0,1.0,1.0,540,54,54,54.0,54.0,0.000165606,1
20.0,6,64.0,5653.462731,1.0,0.0,0.0,0,10,0,1.0,1.0,0.0,0.0,0.0,1.0,1.0,540,54,54,54.0,54.0,0.000194383,1
18.0,6,80.1,300.1097604,0.8,0.1,0.1,1,8,1,0.9,0.9,0.0,0.0,0.0,1.0,1.0,556,54,70,55.6,55.6,0.003355813,1
20.0,6,64.0,4198.082274,1.0,0.0,0.0,0,10,0,1.0,1.0,0.0,0.0,0.0,1.0,1.0,540,54,54,54.0,54.0,0.000266218,1
20.0,6,64.0,4859.017609,1.0,0.0,0.0,0,10,0,1.0,1.0,0.0,0.0,0.0,1.0,1.0,540,54,54,54.0,54.0,0.000225091,1
20.0,6,64.0,5945.150957,1.0,0.0,0.0,0,10,0,1.0,1.0,0.0,0.0,0.0,1.0,1.0,540,54,54,54.0,54.0,0.000181794,1
20.0,6,64.0,6223.002967,1.0,0.0,0.0,0,10,0,1.0,1.0,0.0,0.0,0.0,1.0,1.0,540,54,54,54.0,54.0,0.000179195,1
18.0,6,57.6,44.30147323,0.9,0.0,0.0,0,9,0,0.9,0.9,0.0,0.0,0.1,0.9,0.9,528,42,54,52.8,52.8,0.025092411,1
20.0,6,64.0,4914.240187,1.0,0.0,0.0,0,10,0,1.0,1.0,0.0,0.0,0.0,1.0,1.0,540,54,54,54.0,54.0,0.000234008,1
18.0,6,81.3,782.052506,0.9,0.0,0.0,0,9,0,0.9,0.9,0.0,0.0,0.0,1.0,1.0,556,54,70,55.6,55.6,0.001293707,1
20.0,6,64.0,5810.09004,1.0,0.0,0.0,0,10,0,1.0,1.0,0.0,0.0,0.0,1.0,1.0,540,54,54,54.0,54.0,0.000195217,1
20.0,6,64.0,5454.940825,1.0,0.0,0.0,0,10,0,1.0,1.0,0.0,0.0,0.0,1.0,1.0,540,54,54,54.0,54.0,0.000204802,1
20.0,6,64.0,5434.444157,1.0,0.0,0.0,0,10,0,1.0,1.0,0.0,0.0,0.0,1.0,1.0,540,54,54,54.0,54.0,0.000212812,1
20.0,6,64.0,4800.622639,1.0,0.0,0.0,0,10,0,1.0,1.0,0.0,0.0,0.0,1.0,1.0,540,54,54,54.0,54.0,0.000229788,1
13.2,1,54.7,184.3382718,0.2,0.1,0.3,3,2,1,0.5,0.5,0.0,0.0,0.0,1.0,1.0,703,54,86,70.3,70.3,0.005444694,1
20.0,6,64.0,6165.3741,1.0,0.0,0.0,0,10,0,1.0,1.0,0.0,0.0,0.0,1.0,1.0,540,54,54,54.0,54.0,0.000193501,1
20.0,6,64.0,7473.813257,1.0,0.0,0.0,0,10,0,1.0,1.0,0.0,0.0,0.0,1.0,1.0,540,54,54,54.0,54.0,0.000149798,1
18.0,6,62.9,2037.454581,0.9,0.0,0.0,0,9,0,0.9,0.9,0.0,0.0,0.0,1.0,1.0,572,54,86,57.2,57.2,0.000525403,1
20.0,6,64.0,2935.13226,1.0,0.0,0.0,0,10,0,1.0,1.0,0.0,0.0,0.0,1.0,1.0,540,54,54,54.0,54.0,0.000397801,1
20.0,6,64.0,4053.25087,1.0,0.0,0.0,0,10,0,1.0,1.0,0.0,0.0,0.0,1.0,1.0,540,54,54,54.0,54.0,0.000250101,1
20.0,6,64.0,8481.908999,1.0,0.0,0.0,0,10,0,1.0,1.0,0.0,0.0,0.0,1.0,1.0,540,54,54,54.0,54.0,0.000130105,1
26.8,6,97.2,344.7080385,0.5,0.0,0.5,5,5,0,0.9,0.9,0.0,0.0,0.0,1.0,1.0,644,54,74,64.4,64.4,0.003779697,1
7.2,17,57.6,2.488048121,0.0,0.0,0.0,0,0,0,0.0,0.0,0.9,0.9,0.1,0.9,0.9,3120,42,342,312.0,312.0,0.4021662,1
20.0,6,64.0,4631.519435,1.0,0.0,0.0,0,10,0,1.0,1.0,0.0,0.0,0.0,1.0,1.0,540,54,54,54.0,54.0,0.000237703,1
20.0,6,64.0,5202.560159,1.0,0.0,0.0,0,10,0,1.0,1.0,0.0,0.0,0.0,1.0,1.0,540,54,54,54.0,54.0,0.000216198,1
20.0,6,64.0,4821.593287,1.0,0.0,0.0,0,10,0,1.0,1.0,0.0,0.0,0.0,1.0,1.0,540,54,54,54.0,54.0,0.000231004,1
20.0,6,64.0,6329.11423,1.0,0.0,0.0,0,10,0,1.0,1.0,0.0,0.0,0.0,1.0,1.0,540,54,54,54.0,54.0,0.000184703,1
20.0,6,64.0,5704.983678,1.0,0.0,0.0,0,10,0,1.0,1.0,0.0,0.0,0.0,1.0,1.0,540,54,54,54.0,54.0,0.000196791,1
20.0,6,64.0,5007.526266,1.0,0.0,0.0,0,10,0,1.0,1.0,0.0,0.0,0.0,1.0,1.0,540,54,54,54.0,54.0,0.000212479,1
20.0,6,64.0,6329.11423,1.0,0.0,0.0,0,10,0,1.0,1.0,0.0,0.0,0.0,1.0,1.0,540,54,54,54.0,54.0,0.0001755,1
20.0,6,64.0,6219.311981,1.0,0.0,0.0,0,10,0,1.0,1.0,0.0,0.0,0.0,1.0,1.0,540,54,54,54.0,54.0,0.000175095,1
20.0,6,64.0,5889.222129,1.0,0.0,0.0,0,10,0,1.0,1.0,0.0,0.0,0.0,1.0,1.0,540,54,54,54.0,54.0,0.000192499,1
20.0,6,64.0,4739.326554,1.0,0.0,0.0,0,10,0,1.0,1.0,0.0,0.0,0.0,1.0,1.0,540,54,54,54.0,54.0,0.000231004,1
20.0,6,64.0,4194.723472,1.0,0.0,0.0,0,10,0,1.0,1.0,0.0,0.0,0.0,1.0,1.0,540,54,54,54.0,54.0,0.000269198,1
20.0,6,64.0,5330.838841,1.0,0.0,0.0,0,10,0,1.0,1.0,0.0,0.0,0.0,1.0,1.0,540,54,54,54.0,54.0,0.00020349,1
20.0,6,64.0,5393.909465,1.0,0.0,0.0,0,10,0,1.0,1.0,0.0,0.0,0.0,1.0,1.0,540,54,54,54.0,54.0,0.000202394,1
14.8,17,64.0,5.582450707,0.4,0.0,0.0,0,4,0,0.3,0.4,0.6,0.6,0.0,1.0,1.0,2288,54,342,228.8,228.8,0.185385704,1
16.0,6,61.7,2437.27352,0.8,0.0,0.0,0,8,0,0.8,0.8,0.0,0.0,0.0,1.0,1.0,588,54,86,58.8,58.8,0.000437808,1
20.0,6,64.0,6459.732019,1.0,0.0,0.0,0,10,0,1.0,1.0,0.0,0.0,0.0,1.0,1.0,540,54,54,54.0,54.0,0.000170708,1
20.0,6,64.0,3692.819158,1.0,0.0,0.0,0,10,0,1.0,1.0,0.0,0.0,0.0,1.0,1.0,540,54,54,54.0,54.0,0.000299287,1
20.0,6,64.0,4216.228388,1.0,0.0,0.0,0,10,0,1.0,1.0,0.0,0.0,0.0,1.0,1.0,540,54,54,54.0,54.0,0.000269389,1
20.0,6,64.0,5837.583855,1.0,0.0,0.0,0,10,0,1.0,1.0,0.0,0.0,0.0,1.0,1.0,540,54,54,54.0,54.0,0.000199103,1
20.0,6,64.0,14.40762305,1.0,0.0,0.0,0,10,0,1.0,1.0,0.0,0.0,0.0,1.0,1.0,540,54,54,54.0,54.0,0.069505787,1
18.0,6,61.0,4096.800156,0.8,0.1,0.1,1,8,1,0.9,0.9,0.0,0.0,0.0,1.0,1.0,556,54,70,55.6,55.6,0.000266099,1
20.0,6,64.0,5762.989832,1.0,0.0,0.0,0,10,0,1.0,1.0,0.0,0.0,0.0,1.0,1.0,540,54,54,54.0,54.0,0.000194001,1
20.0,6,64.0,5720.545554,1.0,0.0,0.0,0,10,0,1.0,1.0,0.0,0.0,0.0,1.0,1.0,540,54,54,54.0,54.0,0.000191092,1
14.0,6,64.0,75.46766227,0.5,0.0,0.0,0,5,0,0.1,0.5,0.5,0.5,0.0,1.0,1.0,1980,54,342,198.0,198.0,0.015949512,1
20.0,6,64.0,5913.300437,1.0,0.0,0.0,0,10,0,1.0,1.0,0.0,0.0,0.0,1.0,1.0,540,54,54,54.0,54.0,0.000185418,1
20.0,6,64.0,7806.260934,1.0,0.0,0.0,0,10,0,1.0,1.0,0.0,0.0,0.0,1.0,1.0,540,54,54,54.0,54.0,0.000146699,1
20.0,6,64.0,5854.695701,1.0,0.0,0.0,0,10,0,1.0,1.0,0.0,0.0,0.0,1.0,1.0,540,54,54,54.0,54.0,0.000189996,1
18.0,6,62.2,4332.511104,0.9,0.0,0.0,0,9,0,0.9,0.9,0.0,0.0,0.0,1.0,1.0,556,54,70,55.6,55.6,0.000246215,1
20.0,6,64.0,4353.647498,1.0,0.0,0.0,0,10,0,1.0,1.0,0.0,0.0,0.0,1.0,1.0,540,54,54,54.0,54.0,0.000250292,1
20.0,6,64.0,4901.605703,1.0,0.0,0.0,0,10,0,1.0,1.0,0.0,0.0,0.0,1.0,1.0,540,54,54,54.0,54.0,0.000224805,1
20.0,6,64.0,5138.818917,1.0,0.0,0.0,0,10,0,1.0,1.0,0.0,0.0,0.0,1.0,1.0,540,54,54,54.0,54.0,0.000208712,1
20.0,6,64.0,6410.368333,1.0,0.0,0.0,0,10,0,1.0,1.0,0.0,0.0,0.0,1.0,1.0,540,54,54,54.0,54.0,0.000174999,1
20.0,6,64.0,4608.618833,1.0,0.0,0.0,0,10,0,1.0,1.0,0.0,0.0,0.0,1.0,1.0,540,54,54,54.0,54.0,0.00024178,1
20.0,6,64.0,6200.005913,1.0,0.0,0.0,0,10,0,1.0,1.0,0.0,0.0,0.0,1.0,1.0,540,54,54,54.0,54.0,0.00017519,1
20.0,6,80.1,3337.819513,0.8,0.2,0.2,2,8,2,1.0,1.0,0.0,0.0,0.0,1.0,1.0,540,54,54,54.0,54.0,0.000316906,1
20.0,6,64.0,307.6446426,1.0,0.0,0.0,0,10,0,1.0,1.0,0.0,0.0,0.0,1.0,1.0,540,54,54,54.0,54.0,0.003267717,1
20.0,6,64.0,5537.034983,1.0,0.0,0.0,0,10,0,1.0,1.0,0.0,0.0,0.0,1.0,1.0,540,54,54,54.0,54.0,0.000219107,1
20.0,6,64.0,7167.300068,1.0,0.0,0.0,0,10,0,1.0,1.0,0.0,0.0,0.0,1.0,1.0,540,54,54,54.0,54.0,0.00015521,1
20.0,6,58.6,4006.403668,0.8,0.0,0.2,2,8,0,1.0,1.0,0.0,0.0,0.0,1.0,1.0,594,54,108,59.4,59.4,0.000283718,1
20.0,6,64.0,6127.544193,1.0,0.0,0.0,0,10,0,1.0,1.0,0.0,0.0,0.0,1.0,1.0,540,54,54,54.0,54.0,0.000180697,1
20.0,6,64.0,4173.852125,1.0,0.0,0.0,0,10,0,1.0,1.0,0.0,0.0,0.0,1.0,1.0,540,54,54,54.0,54.0,0.000261784,1
14.0,6,44.8,40.7978445,0.7,0.0,0.0,0,7,0,0.7,0.7,0.0,0.0,0.3,0.7,0.7,504,42,54,50.4,50.4,0.027551603,1
26.8,6,102.4,130.1152463,0.3,0.1,0.7,7,3,1,1.0,1.0,0.0,0.0,0.0,1.0,1.0,629,54,74,62.9,62.9,0.008561802,1
20.0,6,64.0,6353.080885,1.0,0.0,0.0,0,10,0,1.0,1.0,0.0,0.0,0.0,1.0,1.0,540,54,54,54.0,54.0,0.000186706,1
20.0,6,64.0,6639.708722,1.0,0.0,0.0,0,10,0,1.0,1.0,0.0,0.0,0.0,1.0,1.0,540,54,54,54.0,54.0,0.000160313,1
20.0,6,64.0,5902.482409,1.0,0.0,0.0,0,10,0,1.0,1.0,0.0,0.0,0.0,1.0,1.0,540,54,54,54.0,54.0,0.00018692,1
20.0,6,64.0,4347.780657,1.0,0.0,0.0,0,10,0,1.0,1.0,0.0,0.0,0.0,1.0,1.0,540,54,54,54.0,54.0,0.0002455,1
18.0,6,61.2,512.2188435,0.8,0.1,0.1,1,8,1,0.9,0.9,0.0,0.0,0.0,1.0,1.0,572,54,86,57.2,57.2,0.001968288,1
20.0,6,64.0,8285.863295,1.0,0.0,0.0,0,10,0,1.0,1.0,0.0,0.0,0.0,1.0,1.0,540,54,54,54.0,54.0,0.000134683,1
20.0,6,64.0,332.7017165,1.0,0.0,0.0,0,10,0,1.0,1.0,0.0,0.0,0.0,1.0,1.0,540,54,54,54.0,54.0,0.040855694,1
20.0,6,64.0,6060.257188,1.0,0.0,0.0,0,10,0,1.0,1.0,0.0,0.0,0.0,1.0,1.0,540,54,54,54.0,54.0,0.000178504,1
21.2,6,61.8,3896.96553,0.9,0.0,0.1,1,9,0,1.0,1.0,0.0,0.0,0.0,1.0,1.0,552,54,66,55.2,55.2,0.000273609,1
20.0,6,64.0,6353.080885,1.0,0.0,0.0,0,10,0,1.0,1.0,0.0,0.0,0.0,1.0,1.0,540,54,54,54.0,54.0,0.000172114,1
10.0,17,93.5,2.95956646,0.0,0.166666667,0.166666667,1,0,1,0.166666667,0.166666667,0.833333333,0.833333333,0.0,1.0,1.0,1764,54,342,294.0,294.0,0.338480473,1
16.8,6,62.5,2228.168296,0.8,0.0,0.0,0,8,0,0.8,0.8,0.1,0.1,0.0,1.0,1.0,844,54,342,84.4,84.4,0.000478506,1
20.0,6,64.0,5347.831187,1.0,0.0,0.0,0,10,0,1.0,1.0,0.0,0.0,0.0,1.0,1.0,540,54,54,54.0,54.0,0.000215197,1
19.2,6,56.5,265.5194156,0.2,0.2,0.5,5,2,2,0.7,0.7,0.0,0.0,0.0,1.0,1.0,692,54,86,69.2,69.2,0.004956412,1
20.0,6,64.0,6127.544193,1.0,0.0,0.0,0,10,0,1.0,1.0,0.0,0.0,0.0,1.0,1.0,540,54,54,54.0,54.0,0.000182796,1
20.0,6,64.0,7885.512314,1.0,0.0,0.0,0,10,0,1.0,1.0,0.0,0.0,0.0,1.0,1.0,540,54,54,54.0,54.0,0.0001369,1
21.2,6,62.6,4093.201913,0.9,0.0,0.1,1,9,0,1.0,1.0,0.0,0.0,0.0,1.0,1.0,552,54,66,55.2,55.2,0.000281906,1
8.8,17,76.5,2.609581572,0.0,0.2,0.2,2,0,2,0.0,0.2,0.6,0.6,0.0,1.0,1.0,2316,54,342,231.6,231.6,0.4018363,1
20.0,6,64.0,7634.335639,1.0,0.0,0.0,0,10,0,1.0,1.0,0.0,0.0,0.0,1.0,1.0,540,54,54,54.0,54.0,0.000143194,1
20.0,6,64.0,7693.147469,1.0,0.0,0.0,0,10,0,1.0,1.0,0.0,0.0,0.0,1.0,1.0,540,54,54,54.0,54.0,0.000156188,1
20.0,6,64.0,6281.719335,1.0,0.0,0.0,0,10,0,1.0,1.0,0.0,0.0,0.0,1.0,1.0,540,54,54,54.0,54.0,0.000175595,1
20.0,6,64.0,3144.62738,1.0,0.0,0.0,0,10,0,1.0,1.0,0.0,0.0,0.0,1.0,1.0,540,54,54,54.0,54.0,0.000319099,1
20.0,6,62.4,3355.711657,0.9,0.1,0.1,1,9,1,1.0,1.0,0.0,0.0,0.0,1.0,1.0,540,54,54,54.0,54.0,0.000320601,1
20.0,6,64.0,5282.498741,1.0,0.0,0.0,0,10,0,1.0,1.0,0.0,0.0,0.0,1.0,1.0,540,54,54,54.0,54.0,0.000211191,1
8.0,17,64.0,1.991123575,0.0,0.0,0.0,0,0,0,0.0,0.0,1.0,1.0,0.0,1.0,1.0,3420,342,342,342.0,342.0,0.602880216,1
20.0,6,64.0,3587.941831,1.0,0.0,0.0,0,10,0,1.0,1.0,0.0,0.0,0.0,1.0,1.0,540,54,54,54.0,54.0,0.000308609,1
20.0,6,64.0,7406.505386,1.0,0.0,0.0,0,10,0,1.0,1.0,0.0,0.0,0.0,1.0,1.0,540,54,54,54.0,54.0,0.000148916,1
26.8,6,56.4,52.59420879,0.2,0.2,0.5,5,2,2,0.9,0.9,0.0,0.0,0.0,1.0,1.0,674,54,86,67.4,67.4,0.043702292,1
20.0,6,64.0,4995.002977,1.0,0.0,0.0,0,10,0,1.0,1.0,0.0,0.0,0.0,1.0,1.0,540,54,54,54.0,54.0,0.000998807,1
20.0,6,64.0,5539.960375,1.0,0.0,0.0,0,10,0,1.0,1.0,0.0,0.0,0.0,1.0,1.0,540,54,54,54.0,54.0,0.000196195,1
20.0,6,64.0,4342.379128,1.0,0.0,0.0,0,10,0,1.0,1.0,0.0,0.0,0.0,1.0,1.0,540,54,54,54.0,54.0,0.000251389,1
20.0,6,64.0,3598.407687,1.0,0.0,0.0,0,10,0,1.0,1.0,0.0,0.0,0.0,1.0,1.0,540,54,54,54.0,54.0,0.000307083,1
20.0,6,64.0,6468.698334,1.0,0.0,0.0,0,10,0,1.0,1.0,0.0,0.0,0.0,1.0,1.0,540,54,54,54.0,54.0,0.000171113,1
16.4,6,64.0,912.0629743,0.7,0.0,0.0,0,7,0,0.7,0.7,0.3,0.3,0.0,1.0,1.0,1404,54,342,140.4,140.4,0.001129603,1
14.4,6,70.2,17.93693192,0.0,0.4,0.6,6,0,4,0.6,0.6,0.0,0.0,0.0,1.0,1.0,662,54,86,66.2,66.2,0.056074715,1
20.0,6,64.0,834.7205859,1.0,0.0,0.0,0,10,0,1.0,1.0,0.0,0.0,0.0,1.0,1.0,540,54,54,54.0,54.0,0.001215696,1
20.0,6,64.0,3661.548669,1.0,0.0,0.0,0,10,0,1.0,1.0,0.0,0.0,0.0,1.0,1.0,540,54,54,54.0,54.0,0.0003016,1
20.0,6,64.0,3583.037758,1.0,0.0,0.0,0,10,0,1.0,1.0,0.0,0.0,0.0,1.0,1.0,540,54,54,54.0,54.0,0.000314307,1
20.8,6,62.9,13.19362235,0.6,0.0,0.3,3,6,0,0.8,0.8,0.2,0.2,0.0,1.0,1.0,1151,54,342,115.1,115.1,0.076999092,1
20.0,6,62.6,1890.433137,0.9,0.1,0.1,1,9,1,1.0,1.0,0.0,0.0,0.0,1.0,1.0,540,54,54,54.0,54.0,0.000562382,1
32.8,6,76.0,420.2919986,0.1,0.0,1.0,10,1,0,1.0,1.0,0.0,0.0,0.0,1.0,1.0,705,66,97,70.5,70.5,0.002425504,1
20.0,6,62.3,3709.147506,0.9,0.1,0.1,1,9,1,1.0,1.0,0.0,0.0,0.0,1.0,1.0,540,54,54,54.0,54.0,0.000294423,1
20.0,6,64.0,5991.862857,1.0,0.0,0.0,0,10,0,1.0,1.0,0.0,0.0,0.0,1.0,1.0,540,54,54,54.0,54.0,0.000184608,1
20.0,6,64.0,7225.329888,1.0,0.0,0.0,0,10,0,1.0,1.0,0.0,0.0,0.0,1.0,1.0,540,54,54,54.0,54.0,0.000161695,1
20.0,6,64.0,7205.469851,1.0,0.0,0.0,0,10,0,1.0,1.0,0.0,0.0,0.0,1.0,1.0,540,54,54,54.0,54.0,0.000155997,1
20.0,6,64.0,6150.005865,1.0,0.0,0.0,0,10,0,1.0,1.0,0.0,0.0,0.0,1.0,1.0,540,54,54,54.0,54.0,0.000184894,1
20.0,6,64.0,4003.344469,1.0,0.0,0.0,0,10,0,1.0,1.0,0.0,0.0,0.0,1.0,1.0,540,54,54,54.0,54.0,0.0002738,1
8.0,17,64.0,1.991137469,0.0,0.0,0.0,0,0,0,0.0,0.0,1.0,1.0,0.0,1.0,1.0,3420,342,342,342.0,342.0,0.502435398,1
20.0,6,64.0,6484.700062,1.0,0.0,0.0,0,10,0,1.0,1.0,0.0,0.0,0.0,1.0,1.0,540,54,54,54.0,54.0,0.00017581,1
20.0,6,64.0,1068.939294,1.0,0.0,0.0,0,10,0,1.0,1.0,0.0,0.0,0.0,1.0,1.0,540,54,54,54.0,54.0,0.000958991,1
20.0,6,64.0,7200.521888,1.0,0.0,0.0,0,10,0,1.0,1.0,0.0,0.0,0.0,1.0,1.0,540,54,54,54.0,54.0,0.000156188,1
20.0,6,81.7,896.5444713,0.9,0.1,0.1,1,9,1,1.0,1.0,0.0,0.0,0.0,1.0,1.0,540,54,54,54.0,54.0,0.001142597,1
20.0,6,64.0,6165.3741,1.0,0.0,0.0,0,10,0,1.0,1.0,0.0,0.0,0.0,1.0,1.0,540,54,54,54.0,54.0,0.000177503,1
20.0,6,64.0,5384.90692,1.0,0.0,0.0,0,10,0,1.0,1.0,0.0,0.0,0.0,1.0,1.0,540,54,54,54.0,54.0,0.000204206,1
20.0,6,64.0,6142.800234,1.0,0.0,0.0,0,10,0,1.0,1.0,0.0,0.0,0.0,1.0,1.0,540,54,54,54.0,54.0,0.000188184,1
20.0,6,64.0,6653.401015,1.0,0.0,0.0,0,10,0,1.0,1.0,0.0,0.0,0.0,1.0,1.0,540,54,54,54.0,54.0,0.000163102,1
18.0,6,62.8,3776.610841,0.9,0.0,0.0,0,9,0,0.9,0.9,0.0,0.0,0.0,1.0,1.0,572,54,86,57.2,57.2,0.000292182,1
20.0,6,64.0,5688.734572,1.0,0.0,0.0,0,10,0,1.0,1.0,0.0,0.0,0.0,1.0,1.0,540,54,54,54.0,54.0,0.000190592,1
20.0,6,64.0,6657.625397,1.0,0.0,0.0,0,10,0,1.0,1.0,0.0,0.0,0.0,1.0,1.0,540,54,54,54.0,54.0,0.000169611,1
14.8,6,92.7,154.2210636,0.4,0.1,0.4,4,4,1,0.7,0.7,0.0,0.0,0.0,1.0,1.0,635,54,86,63.5,63.5,0.006511807,1
20.0,6,64.0,5271.875314,1.0,0.0,0.0,0,10,0,1.0,1.0,0.0,0.0,0.0,1.0,1.0,540,54,54,54.0,54.0,0.00020659,1
20.0,6,64.0,3793.690304,1.0,0.0,0.0,0,10,0,1.0,1.0,0.0,0.0,0.0,1.0,1.0,540,54,54,54.0,54.0,0.00029459,1
20.0,6,64.0,4859.580582,1.0,0.0,0.0,0,10,0,1.0,1.0,0.0,0.0,0.0,1.0,1.0,540,54,54,54.0,54.0,0.00022788,1
20.0,6,64.0,4800.622639,1.0,0.0,0.0,0,10,0,1.0,1.0,0.0,0.0,0.0,1.0,1.0,540,54,54,54.0,54.0,0.000232816,1
20.0,6,64.0,3423.362716,1.0,0.0,0.0,0,10,0,1.0,1.0,0.0,0.0,0.0,1.0,1.0,540,54,54,54.0,54.0,0.000319004,1
20.0,6,64.0,5015.310295,1.0,0.0,0.0,0,10,0,1.0,1.0,0.0,0.0,0.0,1.0,1.0,540,54,54,54.0,54.0,0.000218201,1
20.0,6,64.0,5945.993762,1.0,0.0,0.0,0,10,0,1.0,1.0,0.0,0.0,0.0,1.0,1.0,540,54,54,54.0,54.0,0.000189281,1
20.0,6,64.0,3759.347495,1.0,0.0,0.0,0,10,0,1.0,1.0,0.0,0.0,0.0,1.0,1.0,540,54,54,54.0,54.0,0.000288701,1
11.2,17,64.0,2.488993057,0.1,0.0,0.0,0,1,0,0.0,0.1,0.9,0.9,0.0,1.0,1.0,3152,74,342,315.2,315.2,0.401769805,1
20.0,6,64.0,36.51834884,1.0,0.0,0.0,0,10,0,0.1,1.0,0.0,0.0,0.0,1.0,1.0,540,54,54,54.0,54.0,0.030423498,1
20.0,6,64.0,7368.770204,1.0,0.0,0.0,0,10,0,1.0,1.0,0.0,0.0,0.0,1.0,1.0,540,54,54,54.0,54.0,0.000149393,1
20.0,6,64.0,6873.654539,1.0,0.0,0.0,0,10,0,1.0,1.0,0.0,0.0,0.0,1.0,1.0,540,54,54,54.0,54.0,0.000159502,1
14.0,17,59.9,4.067828697,0.0,0.1,0.3,3,0,1,0.1,0.3,0.7,0.7,0.0,1.0,1.0,2580,54,342,258.0,258.0,0.245831394,1
16.4,6,64.0,1587.849328,0.7,0.0,0.0,0,7,0,0.7,0.7,0.3,0.3,0.0,1.0,1.0,1404,54,342,140.4,140.4,0.000664687,1
20.0,6,62.4,546.9238092,0.9,0.1,0.1,1,9,1,1.0,1.0,0.0,0.0,0.0,1.0,1.0,540,54,54,54.0,54.0,0.001865792,1
18.0,6,62.8,4826.586881,0.9,0.0,0.0,0,9,0,0.9,0.9,0.0,0.0,0.0,1.0,1.0,572,54,86,57.2,57.2,0.000231385,1
20.0,6,64.0,6321.483044,1.0,0.0,0.0,0,10,0,1.0,1.0,0.0,0.0,0.0,1.0,1.0,540,54,54,54.0,54.0,0.000175405,1
20.0,6,64.0,4061.493173,1.0,0.0,0.0,0,10,0,1.0,1.0,0.0,0.0,0.0,1.0,1.0,540,54,54,54.0,54.0,0.000272703,1
18.0,6,62.5,37.94778351,0.9,0.0,0.0,0,9,0,0.9,0.9,0.0,0.0,0.0,1.0,1.0,574,54,88,57.4,57.4,0.029068303,1
20.0,6,64.0,3617.962564,1.0,0.0,0.0,0,10,0,1.0,1.0,0.0,0.0,0.0,1.0,1.0,540,54,54,54.0,54.0,0.000312901,1
20.0,6,64.0,3812.310489,0.9,0.0,0.1,1,9,0,1.0,1.0,0.0,0.0,0.0,1.0,1.0,540,54,54,54.0,54.0,0.000285912,1
21.2,6,76.7,1213.910627,0.7,0.0,0.3,3,7,0,0.8,0.8,0.0,0.0,0.0,1.0,1.0,624,54,74,62.4,62.4,0.000850081,1
20.0,6,64.0,4589.456177,1.0,0.0,0.0,0,10,0,1.0,1.0,0.0,0.0,0.0,1.0,1.0,540,54,54,54.0,54.0,0.000240993,1
20.0,6,64.0,5197.402726,1.0,0.0,0.0,0,10,0,1.0,1.0,0.0,0.0,0.0,1.0,1.0,540,54,54,54.0,54.0,0.000209308,1
20.0,6,64.0,7867.762146,1.0,0.0,0.0,0,10,0,1.0,1.0,0.0,0.0,0.0,1.0,1.0,540,54,54,54.0,54.0,0.000210094,1
20.0,6,64.0,5012.313576,1.0,0.0,0.0,0,10,0,1.0,1.0,0.0,0.0,0.0,1.0,1.0,540,54,54,54.0,54.0,0.000223017,1
20.0,6,64.0,4139.251949,1.0,0.0,0.0,0,10,0,1.0,1.0,0.0,0.0,0.0,1.0,1.0,540,54,54,54.0,54.0,0.00027411,1
20.0,6,81.9,3729.927968,0.9,0.1,0.1,1,9,1,1.0,1.0,0.0,0.0,0.0,1.0,1.0,540,54,54,54.0,54.0,0.000287819,1
18.8,6,73.0,95.94897733,0.0,0.3,0.7,7,0,3,0.7,0.7,0.0,0.0,0.0,1.0,1.0,666,54,86,66.6,66.6,0.010472608,1
20.0,6,64.0,6528.099611,1.0,0.0,0.0,0,10,0,1.0,1.0,0.0,0.0,0.0,1.0,1.0,540,54,54,54.0,54.0,0.000169086,1
8.0,17,64.0,2.487562201,0.0,0.0,0.0,0,0,0,0.0,0.0,1.0,1.0,0.0,1.0,1.0,3420,342,342,342.0,342.0,0.502326918,1
20.0,6,64.0,5681.79897,1.0,0.0,0.0,0,10,0,1.0,1.0,0.0,0.0,0.0,1.0,1.0,540,54,54,54.0,54.0,0.000208592,1
20.0,6,64.0,4705.827443,1.0,0.0,0.0,0,10,0,1.0,1.0,0.0,0.0,0.0,1.0,1.0,540,54,54,54.0,54.0,0.000229192,1
20.0,6,64.0,599.6317264,1.0,0.0,0.0,0,10,0,1.0,1.0,0.0,0.0,0.0,1.0,1.0,540,54,54,54.0,54.0,0.001690102,1
13.6,6,51.2,17.8330389,0.6,0.0,0.0,0,6,0,0.6,0.6,0.2,0.2,0.2,0.8,0.8,1092,42,342,109.2,109.2,0.05872159,1
20.0,6,64.0,7112.60641,1.0,0.0,0.0,0,10,0,1.0,1.0,0.0,0.0,0.0,1.0,1.0,540,54,54,54.0,54.0,0.000155902,1
20.0,6,64.0,6671.391761,1.0,0.0,0.0,0,10,0,1.0,1.0,0.0,0.0,0.0,1.0,1.0,540,54,54,54.0,54.0,0.00016799,1
20.0,6,64.0,3891.181,1.0,0.0,0.0,0,10,0,1.0,1.0,0.0,0.0,0.0,1.0,1.0,540,54,54,54.0,54.0,0.000277901,1
20.0,6,64.0,8243.522013,1.0,0.0,0.0,0,10,0,1.0,1.0,0.0,0.0,0.0,1.0,1.0,540,54,54,54.0,54.0,0.000134897,1
20.0,6,81.7,3598.407687,0.9,0.1,0.1,1,9,1,1.0,1.0,0.0,0.0,0.0,1.0,1.0,540,54,54,54.0,54.0,0.000303411,1
20.0,6,64.0,5319.345593,1.0,0.0,0.0,0,10,0,1.0,1.0,0.0,0.0,0.0,1.0,1.0,540,54,54,54.0,54.0,0.000201678,1
20.0,6,64.0,8488.775552,1.0,0.0,0.0,0,10,0,1.0,1.0,0.0,0.0,0.0,1.0,1.0,540,54,54,54.0,54.0,0.000129604,1
20.0,6,64.0,4209.035625,1.0,0.0,0.0,0,10,0,1.0,1.0,0.0,0.0,0.0,1.0,1.0,540,54,54,54.0,54.0,0.000269079,1
20.0,6,64.0,6579.300392,1.0,0.0,0.0,0,10,0,1.0,1.0,0.0,0.0,0.0,1.0,1.0,540,54,54,54.0,54.0,0.000187898,1
20.0,6,64.0,5194.827842,1.0,0.0,0.0,0,10,0,1.0,1.0,0.0,0.0,0.0,1.0,1.0,540,54,54,54.0,54.0,0.000212312,1
20.0,6,64.0,6897.391876,1.0,0.0,0.0,0,10,0,1.0,1.0,0.0,0.0,0.0,1.0,1.0,540,54,54,54.0,54.0,0.0001616,1
20.0,6,60.3,541.9137445,0.8,0.2,0.1,1,8,2,1.0,1.0,0.0,0.0,0.0,1.0,1.0,540,54,54,54.0,54.0,0.00188961,1
18.0,6,63.0,4761.925522,0.9,0.0,0.0,0,9,0,0.9,0.9,0.0,0.0,0.0,1.0,1.0,572,54,86,57.2,57.2,0.000225401,1
20.0,6,64.0,6684.149801,1.0,0.0,0.0,0,10,0,1.0,1.0,0.0,0.0,0.0,1.0,1.0,540,54,54,54.0,54.0,0.000166106,1
30.4,6,103.1,197.8510611,0.2,0.0,0.8,8,2,0,0.9,0.9,0.0,0.0,0.0,1.0,1.0,680,66,74,68.0,68.0,0.005101991,1
20.0,6,64.0,6915.587799,1.0,0.0,0.0,0,10,0,1.0,1.0,0.0,0.0,0.0,1.0,1.0,540,54,54,54.0,54.0,0.000160217,1
20.0,6,64.0,3993.814512,1.0,0.0,0.0,0,10,0,1.0,1.0,0.0,0.0,0.0,1.0,1.0,540,54,54,54.0,54.0,0.000274777,1
20.0,6,64.0,2585.405905,1.0,0.0,0.0,0,10,0,1.0,1.0,0.0,0.0,0.0,1.0,1.0,540,54,54,54.0,54.0,0.0004426,1
18.0,6,61.9,2828.828489,0.9,0.0,0.0,0,9,0,0.9,0.9,0.0,0.0,0.0,1.0,1.0,572,54,86,57.2,57.2,0.000379896,1
10.4,1,68.3,206.4278367,0.1,0.4,0.4,4,1,4,0.5,0.5,0.0,0.0,0.0,1.0,1.0,656,54,86,65.6,65.6,0.006235909,1
16.4,6,64.0,8.422222776,0.7,0.0,0.0,0,7,0,0.7,0.7,0.3,0.3,0.0,1.0,1.0,1404,54,342,140.4,140.4,0.118864083,1
18.0,6,62.3,5630.694053,0.9,0.0,0.0,0,9,0,0.9,0.9,0.0,0.0,0.0,1.0,1.0,572,54,86,57.2,57.2,0.000194979,1
20.0,6,64.0,5437.967069,1.0,0.0,0.0,0,10,0,1.0,1.0,0.0,0.0,0.0,1.0,1.0,540,54,54,54.0,54.0,0.00020411,1
23.2,6,62.4,4580.43464,0.9,0.0,0.2,2,9,0,1.0,1.0,0.0,0.0,0.0,1.0,1.0,572,54,74,57.2,57.2,0.000234318,1
20.0,6,64.0,6552.57616,1.0,0.0,0.0,0,10,0,1.0,1.0,0.0,0.0,0.0,1.0,1.0,540,54,54,54.0,54.0,0.000169206,1
20.0,6,60.8,5252.071124,0.8,0.1,0.2,2,8,1,1.0,1.0,0.0,0.0,0.0,1.0,1.0,540,54,54,54.0,54.0,0.000214219,1
20.0,6,64.0,7368.770204,1.0,0.0,0.0,0,10,0,1.0,1.0,0.0,0.0,0.0,1.0,1.0,540,54,54,54.0,54.0,0.000153804,1
20.0,6,64.0,41.17819618,1.0,0.0,0.0,0,10,0,1.0,1.0,0.0,0.0,0.0,1.0,1.0,540,54,54,54.0,54.0,0.026855612,1
20.0,6,64.0,4987.874896,1.0,0.0,0.0,0,10,0,1.0,1.0,0.0,0.0,0.0,1.0,1.0,540,54,54,54.0,54.0,0.00022409,1
20.0,6,64.0,5491.364231,1.0,0.0,0.0,0,10,0,1.0,1.0,0.0,0.0,0.0,1.0,1.0,540,54,54,54.0,54.0,0.000199199,1
20.0,6,64.0,5341.701477,1.0,0.0,0.0,0,10,0,1.0,1.0,0.0,0.0,0.0,1.0,1.0,540,54,54,54.0,54.0,0.000211716,1
20.0,6,64.0,7236.549344,1.0,0.0,0.0,0,10,0,1.0,1.0,0.0,0.0,0.0,1.0,1.0,540,54,54,54.0,54.0,0.000164199,1
20.0,6,64.0,4128.658333,1.0,0.0,0.0,0,10,0,1.0,1.0,0.0,0.0,0.0,1.0,1.0,540,54,54,54.0,54.0,0.000262809,1
20.0,6,64.0,2026.723363,1.0,0.0,0.0,0,10,0,1.0,1.0,0.0,0.0,0.0,1.0,1.0,540,54,54,54.0,54.0,0.000517702,1
20.0,6,62.7,6269.512706,0.9,0.1,0.1,1,9,1,1.0,1.0,0.0,0.0,0.0,1.0,1.0,540,54,54,54.0,54.0,0.000175691,1
20.0,6,64.0,5941.782122,1.0,0.0,0.0,0,10,0,1.0,1.0,0.0,0.0,0.0,1.0,1.0,540,54,54,54.0,54.0,0.00019989,1
20.0,6,64.0,6548.483997,1.0,0.0,0.0,0,10,0,1.0,1.0,0.0,0.0,0.0,1.0,1.0,540,54,54,54.0,54.0,0.00016892,1
20.0,6,64.0,5518.821053,1.0,0.0,0.0,0,10,0,1.0,1.0,0.0,0.0,0.0,1.0,1.0,540,54,54,54.0,54.0,0.000202489,1
20.0,6,64.0,6850.080026,1.0,0.0,0.0,0,10,0,1.0,1.0,0.0,0.0,0.0,1.0,1.0,540,54,54,54.0,54.0,0.000162506,1
20.0,6,64.0,4149.489513,1.0,0.0,0.0,0,10,0,1.0,1.0,0.0,0.0,0.0,1.0,1.0,540,54,54,54.0,54.0,0.00026238,1
20.0,6,64.0,3631.117652,1.0,0.0,0.0,0,10,0,1.0,1.0,0.0,0.0,0.0,1.0,1.0,540,54,54,54.0,54.0,0.000292587,1
31.2,6,102.2,137.3947339,0.2,0.2,0.9,9,2,2,1.0,1.0,0.0,0.0,0.0,1.0,1.0,652,54,74,65.2,65.2,0.007329011,1
20.0,6,62.2,4004.873484,0.9,0.1,0.1,1,9,1,1.0,1.0,0.0,0.0,0.0,1.0,1.0,540,54,54,54.0,54.0,0.000266886,1
20.0,6,64.0,6812.25272,1.0,0.0,0.0,0,10,0,1.0,1.0,0.0,0.0,0.0,1.0,1.0,540,54,54,54.0,54.0,0.000156593,1
18.0,6,82.0,43.02631349,0.9,0.0,0.0,0,9,0,0.9,0.9,0.0,0.0,0.0,1.0,1.0,596,54,110,59.6,59.6,0.028195906,1
26.0,6,71.8,312.0413644,0.2,0.1,0.8,8,2,1,0.8,0.8,0.0,0.0,0.0,1.0,1.0,704,54,86,70.4,70.4,0.003931999,1
22.4,6,62.7,805.1569309,0.8,0.0,0.2,2,8,0,1.0,1.0,0.0,0.0,0.0,1.0,1.0,564,54,66,56.4,56.4,0.001272392,1
20.0,6,64.0,6531.149175,1.0,0.0,0.0,0,10,0,1.0,1.0,0.0,0.0,0.0,1.0,1.0,540,54,54,54.0,54.0,0.000174403,1
17.6,6,62.6,57.30463664,0.7,0.1,0.1,1,7,1,0.8,0.8,0.2,0.2,0.0,1.0,1.0,1116,54,342,111.6,111.6,0.019417286,1
20.0,6,64.0,5009.918777,1.0,0.0,0.0,0,10,0,1.0,1.0,0.0,0.0,0.0,1.0,1.0,540,54,54,54.0,54.0,0.000230217,1
20.0,6,64.0,4995.002977,1.0,0.0,0.0,0,10,0,1.0,1.0,0.0,0.0,0.0,1.0,1.0,540,54,54,54.0,54.0,0.000218821,1
20.0,6,64.0,6006.44995,1.0,0.0,0.0,0,10,0,1.0,1.0,0.0,0.0,0.0,1.0,1.0,540,54,54,54.0,54.0,0.000195193,1
20.0,6,64.0,5593.151087,1.0,0.0,0.0,0,10,0,1.0,1.0,0.0,0.0,0.0,1.0,1.0,540,54,54,54.0,54.0,0.000198793,1
20.0,6,64.0,3943.126821,1.0,0.0,0.0,0,10,0,1.0,1.0,0.0,0.0,0.0,1.0,1.0,540,54,54,54.0,54.0,0.000288105,1
18.8,6,64.0,5671.810683,0.9,0.0,0.0,0,9,0,0.9,0.9,0.1,0.1,0.0,1.0,1.0,828,54,342,82.8,82.8,0.000210094,1
20.0,6,64.0,5210.962853,1.0,0.0,0.0,0,10,0,1.0,1.0,0.0,0.0,0.0,1.0,1.0,540,54,54,54.0,54.0,0.000222301,1
21.2,6,61.8,3845.868329,0.9,0.0,0.1,1,9,0,1.0,1.0,0.0,0.0,0.0,1.0,1.0,552,54,66,55.2,55.2,0.000283003,1
20.0,6,64.0,5047.904682,1.0,0.0,0.0,0,10,0,1.0,1.0,0.0,0.0,0.0,1.0,1.0,540,54,54,54.0,54.0,0.000217915,1
20.0,6,64.0,4598.009209,1.0,0.0,0.0,0,10,0,1.0,1.0,0.0,0.0,0.0,1.0,1.0,540,54,54,54.0,54.0,0.000246191,1
20.0,6,64.0,5740.117695,1.0,0.0,0.0,0,10,0,1.0,1.0,0.0,0.0,0.0,1.0,1.0,540,54,54,54.0,54.0,0.000196791,1
8.0,17,64.0,2.486968966,0.0,0.0,0.0,0,0,0,0.0,0.0,1.0,1.0,0.0,1.0,1.0,3420,342,342,342.0,342.0,0.402096391,1
20.0,6,64.0,6707.66672,1.0,0.0,0.0,0,10,0,1.0,1.0,0.0,0.0,0.0,1.0,1.0,540,54,54,54.0,54.0,0.000166488,1
20.0,6,64.0,5727.57613,1.0,0.0,0.0,0,10,0,1.0,1.0,0.0,0.0,0.0,1.0,1.0,540,54,54,54.0,54.0,0.000190091,1
20.0,6,64.0,6333.893084,1.0,0.0,0.0,0,10,0,1.0,1.0,0.0,0.0,0.0,1.0,1.0,540,54,54,54.0,54.0,0.000177288,1
20.0,6,64.0,4784.195278,1.0,0.0,0.0,0,10,0,1.0,1.0,0.0,0.0,0.0,1.0,1.0,540,54,54,54.0,54.0,0.000234914,1
20.0,6,64.0,5452.813313,1.0,0.0,0.0,0,10,0,1.0,1.0,0.0,0.0,0.0,1.0,1.0,540,54,54,54.0,54.0,0.000204492,1
20.0,6,62.7,3623.275743,0.9,0.1,0.1,1,9,1,1.0,1.0,0.0,0.0,0.0,1.0,1.0,540,54,54,54.0,54.0,0.000294995,1
20.0,6,62.6,3365.944948,0.9,0.1,0.1,1,9,1,1.0,1.0,0.0,0.0,0.0,1.0,1.0,540,54,54,54.0,54.0,0.000311995,1
23.2,6,62.2,4054.818252,0.9,0.0,0.2,2,9,0,1.0,1.0,0.0,0.0,0.0,1.0,1.0,572,54,74,57.2,57.2,0.000260305,1
20.0,6,64.0,4909.06367,1.0,0.0,0.0,0,10,0,1.0,1.0,0.0,0.0,0.0,1.0,1.0,540,54,54,54.0,54.0,0.00022459,1
21.2,6,69.3,4780.378391,0.9,0.0,0.1,1,9,0,1.0,1.0,0.0,0.0,0.0,1.0,1.0,552,54,66,55.2,55.2,0.000223398,1
16.0,6,94.0,163.6207737,0.6,0.1,0.2,2,6,1,0.7,0.7,0.0,0.0,0.0,1.0,1.0,624,54,86,62.4,62.4,0.006127596,1
20.0,6,64.0,4122.166093,1.0,0.0,0.0,0,10,0,1.0,1.0,0.0,0.0,0.0,1.0,1.0,540,54,54,54.0,54.0,0.000267601,1
20.0,6,64.0,4233.677198,1.0,0.0,0.0,0,10,0,1.0,1.0,0.0,0.0,0.0,1.0,1.0,540,54,54,54.0,54.0,0.000255299,1
20.0,6,64.0,6013.339068,1.0,0.0,0.0,0,10,0,1.0,1.0,0.0,0.0,0.0,1.0,1.0,540,54,54,54.0,54.0,0.000181794,1
20.0,6,64.0,5313.280973,1.0,0.0,0.0,0,10,0,1.0,1.0,0.0,0.0,0.0,1.0,1.0,540,54,54,54.0,54.0,0.000202918,1
16.0,6,51.2,6.609922739,0.8,0.0,0.0,0,8,0,0.8,0.8,0.0,0.0,0.2,0.8,0.8,516,42,54,51.6,51.6,0.154292893,1
20.0,6,64.0,6925.865258,1.0,0.0,0.0,0,10,0,1.0,1.0,0.0,0.0,0.0,1.0,1.0,540,54,54,54.0,54.0,0.000166082,1
20.0,6,64.0,5574.56672,1.0,0.0,0.0,0,10,0,1.0,1.0,0.0,0.0,0.0,1.0,1.0,540,54,54,54.0,54.0,0.000197601,1
18.4,6,77.7,503.1192573,0.5,0.1,0.3,3,5,1,0.8,0.8,0.0,0.0,0.0,1.0,1.0,596,54,70,59.6,59.6,0.0020082,1
17.6,6,64.0,25.34635085,0.8,0.0,0.0,0,8,0,0.8,0.8,0.2,0.2,0.0,1.0,1.0,1116,54,342,111.6,111.6,0.042699409,1
20.0,6,64.0,6743.254019,1.0,0.0,0.0,0,10,0,1.0,1.0,0.0,0.0,0.0,1.0,1.0,540,54,54,54.0,54.0,0.000163794,1
20.0,6,64.0,5491.364231,1.0,0.0,0.0,0,10,0,1.0,1.0,0.0,0.0,0.0,1.0,1.0,540,54,54,54.0,54.0,0.000205016,1
20.0,6,64.0,5373.179605,1.0,0.0,0.0,0,10,0,1.0,1.0,0.0,0.0,0.0,1.0,1.0,540,54,54,54.0,54.0,0.0002105,1
20.0,6,64.0,3508.996905,1.0,0.0,0.0,0,10,0,1.0,1.0,0.0,0.0,0.0,1.0,1.0,540,54,54,54.0,54.0,0.000314403,1
20.0,6,64.0,4163.080893,1.0,0.0,0.0,0,10,0,1.0,1.0,0.0,0.0,0.0,1.0,1.0,540,54,54,54.0,54.0,0.000265598,1
20.0,6,64.0,4369.066667,1.0,0.0,0.0,0,10,0,1.0,1.0,0.0,0.0,0.0,1.0,1.0,540,54,54,54.0,54.0,0.000254989,1
20.0,6,64.0,4191.370041,1.0,0.0,0.0,0,10,0,1.0,1.0,0.0,0.0,0.0,1.0,1.0,540,54,54,54.0,54.0,0.000256991,1
20.0,6,64.0,4492.613539,1.0,0.0,0.0,0,10,0,1.0,1.0,0.0,0.0,0.0,1.0,1.0,540,54,54,54.0,54.0,0.000247288,1
20.0,6,62.2,3554.796169,0.9,0.1,0.1,1,9,1,1.0,1.0,0.0,0.0,0.0,1.0,1.0,540,54,54,54.0,54.0,0.000328112,1
20.0,6,64.0,5205.142715,1.0,0.0,0.0,0,10,0,1.0,1.0,0.0,0.0,0.0,1.0,1.0,540,54,54,54.0,54.0,0.000209308,1
20.0,6,64.0,5141.338563,1.0,0.0,0.0,0,10,0,1.0,1.0,0.0,0.0,0.0,1.0,1.0,540,54,54,54.0,54.0,0.000219703,1
20.0,6,64.0,5834.335791,1.0,0.0,0.0,0,10,0,1.0,1.0,0.0,0.0,0.0,1.0,1.0,540,54,54,54.0,54.0,0.000194693,1
20.0,6,64.0,5555.369536,1.0,0.0,0.0,0,10,0,1.0,1.0,0.0,0.0,0.0,1.0,1.0,540,54,54,54.0,54.0,0.000195503,1
18.0,6,62.7,3916.981696,0.9,0.0,0.0,0,9,0,0.9,0.9,0.0,0.0,0.0,1.0,1.0,572,54,86,57.2,57.2,0.000279284,1
20.0,6,64.0,5007.526266,1.0,0.0,0.0,0,10,0,1.0,1.0,0.0,0.0,0.0,1.0,1.0,540,54,54,54.0,54.0,0.000216913,1
7.2,17,57.6,2.593460452,0.0,0.0,0.0,0,0,0,0.0,0.0,0.9,0.9,0.1,0.9,0.9,3120,42,342,312.0,312.0,0.485902691,1
20.0,6,62.2,38.03077604,0.9,0.1,0.1,1,9,1,1.0,1.0,0.0,0.0,0.0,1.0,1.0,540,54,54,54.0,54.0,0.034087515,1
20.0,6,64.0,6316.722892,1.0,0.0,0.0,0,10,0,1.0,1.0,0.0,0.0,0.0,1.0,1.0,540,54,54,54.0,54.0,0.000178719,1
20.0,6,64.0,6309.12154,1.0,0.0,0.0,0,10,0,1.0,1.0,0.0,0.0,0.0,1.0,1.0,540,54,54,54.0,54.0,0.00018189,1
16.4,6,64.0,8.656352444,0.7,0.0,0.0,0,7,0,0.7,0.7,0.3,0.3,0.0,1.0,1.0,1404,54,342,140.4,140.4,0.180360484,1
18.0,6,81.7,3356.785914,0.9,0.0,0.0,0,9,0,0.9,0.9,0.0,0.0,0.0,1.0,1.0,556,54,70,55.6,55.6,0.000322294,1
20.0,6,64.0,5559.051027,1.0,0.0,0.0,0,10,0,1.0,1.0,0.0,0.0,0.0,1.0,1.0,540,54,54,54.0,54.0,0.000193381,1
20.0,6,64.0,7096.961083,1.0,0.0,0.0,0,10,0,1.0,1.0,0.0,0.0,0.0,1.0,1.0,540,54,54,54.0,54.0,0.000154614,1
20.0,6,62.8,2598.057483,0.9,0.0,0.1,1,9,0,1.0,1.0,0.0,0.0,0.0,1.0,1.0,540,54,54,54.0,54.0,0.000405002,1
20.0,6,64.0,8103.369397,1.0,0.0,0.0,0,10,0,1.0,1.0,0.0,0.0,0.0,1.0,1.0,540,54,54,54.0,54.0,0.00013442,1
20.0,6,64.0,5914.134236,1.0,0.0,0.0,0,10,0,1.0,1.0,0.0,0.0,0.0,1.0,1.0,540,54,54,54.0,54.0,0.000186181,1
20.0,6,64.0,2856.182499,1.0,0.0,0.0,0,10,0,1.0,1.0,0.0,0.0,0.0,1.0,1.0,540,54,54,54.0,54.0,0.000367498,1
20.0,6,64.0,7003.346135,1.0,0.0,0.0,0,10,0,1.0,1.0,0.0,0.0,0.0,1.0,1.0,540,54,54,54.0,54.0,0.0001688,1
20.0,6,64.0,6341.554279,1.0,0.0,0.0,0,10,0,1.0,1.0,0.0,0.0,0.0,1.0,1.0,540,54,54,54.0,54.0,0.000174189,1
28.0,6,50.0,76.71772885,0.1,0.0,1.0,10,1,0,1.0,1.0,0.0,0.0,0.0,1.0,1.0,693,56,84,69.3,69.3,0.013075304,1
20.0,6,64.0,6107.913208,1.0,0.0,0.0,0,10,0,1.0,1.0,0.0,0.0,0.0,1.0,1.0,540,54,54,54.0,54.0,0.000190401,1
20.0,6,64.0,7831.038088,1.0,0.0,0.0,0,10,0,1.0,1.0,0.0,0.0,0.0,1.0,1.0,540,54,54,54.0,54.0,0.000145817,1
20.0,6,64.0,5350.56002,1.0,0.0,0.0,0,10,0,1.0,1.0,0.0,0.0,0.0,1.0,1.0,540,54,54,54.0,54.0,0.000212097,1
20.0,6,64.0,6078.701449,1.0,0.0,0.0,0,10,0,1.0,1.0,0.0,0.0,0.0,1.0,1.0,540,54,54,54.0,54.0,0.000185108,1
20.0,6,64.0,4809.981651,1.0,0.0,0.0,0,10,0,1.0,1.0,0.0,0.0,0.0,1.0,1.0,540,54,54,54.0,54.0,0.000229096,1
20.0,6,64.0,3953.906486,1.0,0.0,0.0,0,10,0,1.0,1.0,0.0,0.0,0.0,1.0,1.0,540,54,54,54.0,54.0,0.000278616,1
20.0,6,64.0,3651.030641,1.0,0.0,0.0,0,10,0,1.0,1.0,0.0,0.0,0.0,1.0,1.0,540,54,54,54.0,54.0,0.000313306,1
20.8,6,64.0,22.38824836,0.9,0.0,0.0,0,9,0,0.9,0.9,0.1,0.1,0.0,1.0,1.0,848,54,342,84.8,84.8,0.053137708,1
20.0,6,62.5,35.69796637,0.9,0.1,0.1,1,9,1,1.0,1.0,0.0,0.0,0.0,1.0,1.0,540,54,54,54.0,54.0,0.030752611,1
20.0,6,64.0,5804.461666,1.0,0.0,0.0,0,10,0,1.0,1.0,0.0,0.0,0.0,1.0,1.0,540,54,54,54.0,54.0,0.000199795,1
20.0,6,64.0,4161.428713,1.0,0.0,0.0,0,10,0,1.0,1.0,0.0,0.0,0.0,1.0,1.0,540,54,54,54.0,54.0,0.000269794,1
20.0,6,68.8,795.4755628,0.9,0.1,0.1,1,9,1,1.0,1.0,0.0,0.0,0.0,1.0,1.0,540,54,54,54.0,54.0,0.0012707,1
20.0,6,64.0,4856.767022,1.0,0.0,0.0,0,10,0,1.0,1.0,0.0,0.0,0.0,1.0,1.0,540,54,54,54.0,54.0,0.00022049,1
20.0,6,64.0,6924.721809,1.0,0.0,0.0,0,10,0,1.0,1.0,0.0,0.0,0.0,1.0,1.0,540,54,54,54.0,54.0,0.000156307,1
20.0,6,64.0,6779.220947,1.0,0.0,0.0,0,10,0,1.0,1.0,0.0,0.0,0.0,1.0,1.0,540,54,54,54.0,54.0,0.000164318,1
20.0,6,64.0,5652.700809,1.0,0.0,0.0,0,10,0,1.0,1.0,0.0,0.0,0.0,1.0,1.0,540,54,54,54.0,54.0,0.000197911,1
20.0,6,62.0,4239.239943,0.9,0.1,0.0,0,9,1,1.0,1.0,0.0,0.0,0.0,1.0,1.0,540,54,54,54.0,54.0,0.00024631,1
15.2,6,129.7,173.2682282,0.2,0.2,0.4,4,2,2,0.6,0.6,0.0,0.0,0.0,1.0,1.0,716,54,110,71.6,71.6,0.005844402,1
20.0,6,64.0,6821.115629,1.0,0.0,0.0,0,10,0,1.0,1.0,0.0,0.0,0.0,1.0,1.0,540,54,54,54.0,54.0,0.000164294,1
20.0,6,64.0,6826.666667,1.0,0.0,0.0,0,10,0,1.0,1.0,0.0,0.0,0.0,1.0,1.0,540,54,54,54.0,54.0,0.000167799,1
20.0,6,64.0,5513.017876,1.0,0.0,0.0,0,10,0,1.0,1.0,0.0,0.0,0.0,1.0,1.0,540,54,54,54.0,54.0,0.000195003,1
20.0,6,64.0,3702.272045,1.0,0.0,0.0,0,10,0,1.0,1.0,0.0,0.0,0.0,1.0,1.0,540,54,54,54.0,54.0,0.000308609,1
20.0,6,62.3,40.13853202,0.9,0.1,0.1,1,9,1,0.2,1.0,0.0,0.0,0.0,1.0,1.0,540,54,54,54.0,54.0,0.027473712,1
20.0,6,64.0,7751.43966,1.0,0.0,0.0,0,10,0,1.0,1.0,0.0,0.0,0.0,1.0,1.0,540,54,54,54.0,54.0,0.000145698,1
20.0,6,64.0,5353.29164,1.0,0.0,0.0,0,10,0,1.0,1.0,0.0,0.0,0.0,1.0,1.0,540,54,54,54.0,54.0,0.000206995,1
20.0,6,64.0,6595.854694,1.0,0.0,0.0,0,10,0,1.0,1.0,0.0,0.0,0.0,1.0,1.0,540,54,54,54.0,54.0,0.000168014,1
20.0,6,64.0,5602.115667,1.0,0.0,0.0,0,10,0,1.0,1.0,0.0,0.0,0.0,1.0,1.0,540,54,54,54.0,54.0,0.000212502,1
20.0,6,64.0,5800.448071,1.0,0.0,0.0,0,10,0,1.0,1.0,0.0,0.0,0.0,1.0,1.0,540,54,54,54.0,54.0,0.000188208,1
20.0,6,62.7,3156.459964,0.9,0.1,0.1,1,9,1,1.0,1.0,0.0,0.0,0.0,1.0,1.0,540,54,54,54.0,54.0,0.001152802,1
20.0,6,64.0,6954.574697,1.0,0.0,0.0,0,10,0,1.0,1.0,0.0,0.0,0.0,1.0,1.0,540,54,54,54.0,54.0,0.000159597,1
20.0,6,62.6,3492.633858,0.9,0.1,0.1,1,9,1,1.0,1.0,0.0,0.0,0.0,1.0,1.0,540,54,54,54.0,54.0,0.000319004,1
20.0,6,64.0,753.6392712,1.0,0.0,0.0,0,10,0,1.0,1.0,0.0,0.0,0.0,1.0,1.0,540,54,54,54.0,54.0,0.001378298,1
20.0,6,64.0,6887.198686,1.0,0.0,0.0,0,10,0,1.0,1.0,0.0,0.0,0.0,1.0,1.0,540,54,54,54.0,54.0,0.000167513,1
6.4,17,51.2,2.631397537,0.0,0.0,0.0,0,0,0,0.0,0.0,0.8,0.8,0.2,0.8,0.8,2820,42,342,282.0,282.0,0.384017897,1
20.0,6,64.0,3354.638087,1.0,0.0,0.0,0,10,0,1.0,1.0,0.0,0.0,0.0,1.0,1.0,540,54,54,54.0,54.0,0.000329089,1
20.0,6,64.0,4205.237618,1.0,0.0,0.0,0,10,0,1.0,1.0,0.0,0.0,0.0,1.0,1.0,540,54,54,54.0,54.0,0.000278807,1
20.0,6,98.4,13622.29295,0.0,0.0,1.0,10,0,0,1.0,1.0,0.0,0.0,0.0,1.0,1.0,580,54,85,58.0,58.0,7.72e-05,1
20.0,6,64.0,3571.444142,1.0,0.0,0.0,0,10,0,1.0,1.0,0.0,0.0,0.0,1.0,1.0,540,54,54,54.0,54.0,0.000306702,1
20.0,6,64.0,273.634958,1.0,0.0,0.0,0,10,0,1.0,1.0,0.0,0.0,0.0,1.0,1.0,540,54,54,54.0,54.0,0.003752208,1
20.0,6,64.0,3877.511325,1.0,0.0,0.0,0,10,0,1.0,1.0,0.0,0.0,0.0,1.0,1.0,540,54,54,54.0,54.0,0.000288987,1
20.0,6,64.0,6146.400938,1.0,0.0,0.0,0,10,0,1.0,1.0,0.0,0.0,0.0,1.0,1.0,540,54,54,54.0,54.0,0.000181389,1
20.0,6,64.0,2445.658309,1.0,0.0,0.0,0,10,0,1.0,1.0,0.0,0.0,0.0,1.0,1.0,540,54,54,54.0,54.0,0.00044148,1
20.0,6,64.0,6693.750399,1.0,0.0,0.0,0,10,0,1.0,1.0,0.0,0.0,0.0,1.0,1.0,540,54,54,54.0,54.0,0.000165606,1
20.0,6,64.0,5691.8225,1.0,0.0,0.0,0,10,0,1.0,1.0,0.0,0.0,0.0,1.0,1.0,540,54,54,54.0,54.0,0.000195408,1
20.0,6,64.0,6891.725271,1.0,0.0,0.0,0,10,0,1.0,1.0,0.0,0.0,0.0,1.0,1.0,540,54,54,54.0,54.0,0.000163913,1
20.0,6,64.0,4878.232147,1.0,0.0,0.0,0,10,0,1.0,1.0,0.0,0.0,0.0,1.0,1.0,540,54,54,54.0,54.0,0.000221705,1
20.0,6,64.0,6447.815527,1.0,0.0,0.0,0,10,0,1.0,1.0,0.0,0.0,0.0,1.0,1.0,540,54,54,54.0,54.0,0.000170183,1
20.0,6,64.0,311.9137354,1.0,0.0,0.0,0,10,0,1.0,1.0,0.0,0.0,0.0,1.0,1.0,540,54,54,54.0,54.0,0.003439808,1
20.0,6,61.3,2018.918893,0.7,0.2,0.2,2,7,2,1.0,1.0,0.0,0.0,0.0,1.0,1.0,540,54,54,54.0,54.0,0.000524116,1
20.0,6,64.0,6488.712871,1.0,0.0,0.0,0,10,0,1.0,1.0,0.0,0.0,0.0,1.0,1.0,540,54,54,54.0,54.0,0.0001755,1
20.0,6,64.0,6357.896013,1.0,0.0,0.0,0,10,0,1.0,1.0,0.0,0.0,0.0,1.0,1.0,540,54,54,54.0,54.0,0.000177693,1
20.0,6,64.0,5509.397084,1.0,0.0,0.0,0,10,0,1.0,1.0,0.0,0.0,0.0,1.0,1.0,540,54,54,54.0,54.0,0.000277686,1
20.0,6,64.0,5167.9448,1.0,0.0,0.0,0,10,0,1.0,1.0,0.0,0.0,0.0,1.0,1.0,540,54,54,54.0,54.0,0.00021112,1
20.0,6,64.0,7540.99964,1.0,0.0,0.0,0,10,0,1.0,1.0,0.0,0.0,0.0,1.0,1.0,540,54,54,54.0,54.0,0.000146508,1
20.0,6,64.0,5694.140646,1.0,0.0,0.0,0,10,0,1.0,1.0,0.0,0.0,0.0,1.0,1.0,540,54,54,54.0,54.0,0.000193214,1
20.0,6,64.0,6123.965542,1.0,0.0,0.0,0,10,0,1.0,1.0,0.0,0.0,0.0,1.0,1.0,540,54,54,54.0,54.0,0.000175595,1
20.0,6,64.0,4754.907607,1.0,0.0,0.0,0,10,0,1.0,1.0,0.0,0.0,0.0,1.0,1.0,540,54,54,54.0,54.0,0.000223207,1
20.0,6,64.0,5704.207806,1.0,0.0,0.0,0,10,0,1.0,1.0,0.0,0.0,0.0,1.0,1.0,540,54,54,54.0,54.0,0.000205898,1
20.0,6,64.0,6621.888222,1.0,0.0,0.0,0,10,0,1.0,1.0,0.0,0.0,0.0,1.0,1.0,540,54,54,54.0,54.0,0.000167608,1
20.0,6,64.0,4840.512406,1.0,0.0,0.0,0,10,0,1.0,1.0,0.0,0.0,0.0,1.0,1.0,540,54,54,54.0,54.0,0.000228095,1
20.0,6,64.0,6297.753754,1.0,0.0,0.0,0,10,0,1.0,1.0,0.0,0.0,0.0,1.0,1.0,540,54,54,54.0,54.0,0.000177693,1
20.0,6,64.0,5935.055894,1.0,0.0,0.0,0,10,0,1.0,1.0,0.0,0.0,0.0,1.0,1.0,540,54,54,54.0,54.0,0.000180078,1
20.0,6,64.0,6751.938184,1.0,0.0,0.0,0,10,0,1.0,1.0,0.0,0.0,0.0,1.0,1.0,540,54,54,54.0,54.0,0.000162506,1
12.8,17,51.2,3.345000643,0.2,0.0,0.0,0,2,0,0.0,0.2,0.6,0.6,0.2,0.8,0.8,2284,42,342,228.4,228.4,0.301353121,1
20.0,6,64.0,6583.431173,1.0,0.0,0.0,0,10,0,1.0,1.0,0.0,0.0,0.0,1.0,1.0,540,54,54,54.0,54.0,0.0001647,1
18.0,6,59.4,2883.47587,0.7,0.2,0.2,2,7,2,0.9,0.9,0.0,0.0,0.0,1.0,1.0,572,54,86,57.2,57.2,0.000350213,1
20.0,6,64.0,4904.471469,1.0,0.0,0.0,0,10,0,1.0,1.0,0.0,0.0,0.0,1.0,1.0,540,54,54,54.0,54.0,0.000225401,1
21.2,6,69.3,3209.353432,0.9,0.0,0.1,1,9,0,1.0,1.0,0.0,0.0,0.0,1.0,1.0,552,54,66,55.2,55.2,0.000335479,1
20.0,6,64.0,3735.575347,1.0,0.0,0.0,0,10,0,1.0,1.0,0.0,0.0,0.0,1.0,1.0,540,54,54,54.0,54.0,0.000300598,1
20.0,6,64.0,1497.270553,1.0,0.0,0.0,0,10,0,1.0,1.0,0.0,0.0,0.0,1.0,1.0,540,54,54,54.0,54.0,0.000691795,1
18.4,6,67.3,1613.690366,0.8,0.0,0.2,2,8,0,0.9,0.9,0.0,0.0,0.0,1.0,1.0,576,54,86,57.6,57.6,0.000636196,1
20.0,6,64.0,4454.4435,1.0,0.0,0.0,0,10,0,1.0,1.0,0.0,0.0,0.0,1.0,1.0,540,54,54,54.0,54.0,0.0002527,1
18.0,6,81.6,4004.873484,0.9,0.0,0.0,0,9,0,0.9,0.9,0.0,0.0,0.0,1.0,1.0,572,54,86,57.2,57.2,0.000261092,1
20.0,6,64.0,5701.106429,1.0,0.0,0.0,0,10,0,1.0,1.0,0.0,0.0,0.0,1.0,1.0,540,54,54,54.0,54.0,0.000204515,1
26.8,6,65.9,65.54706107,0.2,0.2,0.8,8,2,2,0.9,0.9,0.0,0.0,0.0,1.0,1.0,652,54,74,65.2,65.2,0.016233611,1
18.0,6,62.8,456.2696082,0.9,0.0,0.0,0,9,0,0.9,0.9,0.0,0.0,0.0,1.0,1.0,572,54,86,57.2,57.2,0.002213287,1
20.0,6,64.0,5362.188699,1.0,0.0,0.0,0,10,0,1.0,1.0,0.0,0.0,0.0,1.0,1.0,540,54,54,54.0,54.0,0.000212288,1
20.0,6,64.0,4907.340587,1.0,0.0,0.0,0,10,0,1.0,1.0,0.0,0.0,0.0,1.0,1.0,540,54,54,54.0,54.0,0.000226498,1
20.0,6,64.0,7087.367354,1.0,0.0,0.0,0,10,0,1.0,1.0,0.0,0.0,0.0,1.0,1.0,540,54,54,54.0,54.0,0.000153089,1
20.0,6,62.4,4233.677198,0.9,0.1,0.1,1,9,1,1.0,1.0,0.0,0.0,0.0,1.0,1.0,540,54,54,54.0,54.0,0.000256681,1
20.0,6,64.0,7788.865367,1.0,0.0,0.0,0,10,0,1.0,1.0,0.0,0.0,0.0,1.0,1.0,540,54,54,54.0,54.0,0.0001472,1
20.0,6,64.0,6139.203747,1.0,0.0,0.0,0,10,0,1.0,1.0,0.0,0.0,0.0,1.0,1.0,540,54,54,54.0,54.0,0.000177193,1
20.0,6,64.0,4468.204964,1.0,0.0,0.0,0,10,0,1.0,1.0,0.0,0.0,0.0,1.0,1.0,540,54,54,54.0,54.0,0.000238609,1
20.0,6,64.0,5332.872219,1.0,0.0,0.0,0,10,0,1.0,1.0,0.0,0.0,0.0,1.0,1.0,540,54,54,54.0,54.0,0.000206995,1
20.0,6,64.0,3524.921422,1.0,0.0,0.0,0,10,0,1.0,1.0,0.0,0.0,0.0,1.0,1.0,540,54,54,54.0,54.0,0.00030899,1
20.0,6,64.0,6262.024485,1.0,0.0,0.0,0,10,0,1.0,1.0,0.0,0.0,0.0,1.0,1.0,540,54,54,54.0,54.0,0.000177097,1
26.0,6,64.0,5587.190622,0.9,0.0,0.1,1,9,0,1.0,1.0,0.0,0.0,0.0,1.0,1.0,600,54,74,60.0,60.0,0.000196695,1
20.0,6,64.0,4982.542172,1.0,0.0,0.0,0,10,0,1.0,1.0,0.0,0.0,0.0,1.0,1.0,540,54,54,54.0,54.0,0.000219202,1
20.0,6,64.0,3935.357478,1.0,0.0,0.0,0,10,0,1.0,1.0,0.0,0.0,0.0,1.0,1.0,540,54,54,54.0,54.0,0.000277305,1
20.0,6,64.0,5640.537924,1.0,0.0,0.0,0,10,0,1.0,1.0,0.0,0.0,0.0,1.0,1.0,540,54,54,54.0,54.0,0.000189781,1
20.0,6,64.0,4557.539933,1.0,0.0,0.0,0,10,0,1.0,1.0,0.0,0.0,0.0,1.0,1.0,540,54,54,54.0,54.0,0.000237417,1
20.0,6,64.0,6034.969784,1.0,0.0,0.0,0,10,0,1.0,1.0,0.0,0.0,0.0,1.0,1.0,540,54,54,54.0,54.0,0.000202012,1
20.0,6,64.0,4055.210287,1.0,0.0,0.0,0,10,0,1.0,1.0,0.0,0.0,0.0,1.0,1.0,540,54,54,54.0,54.0,0.000266385,1
20.0,6,64.0,6935.026455,1.0,0.0,0.0,0,10,0,1.0,1.0,0.0,0.0,0.0,1.0,1.0,540,54,54,54.0,54.0,0.000158,1
20.0,6,64.0,4589.456177,1.0,0.0,0.0,0,10,0,1.0,1.0,0.0,0.0,0.0,1.0,1.0,540,54,54,54.0,54.0,0.000237393,1
20.0,6,62.2,48.34280564,0.9,0.1,0.1,1,9,1,1.0,1.0,0.0,0.0,0.0,1.0,1.0,540,54,54,54.0,54.0,0.02327981,1
20.0,6,64.0,6123.965542,1.0,0.0,0.0,0,10,0,1.0,1.0,0.0,0.0,0.0,1.0,1.0,540,54,54,54.0,54.0,0.000178695,1
20.0,6,64.0,5141.338563,1.0,0.0,0.0,0,10,0,1.0,1.0,0.0,0.0,0.0,1.0,1.0,540,54,54,54.0,54.0,0.000213909,1
20.0,6,64.0,4030.659235,1.0,0.0,0.0,0,10,0,1.0,1.0,0.0,0.0,0.0,1.0,1.0,540,54,54,54.0,54.0,0.000282693,1
20.0,6,64.0,5205.788755,1.0,0.0,0.0,0,10,0,1.0,1.0,0.0,0.0,0.0,1.0,1.0,540,54,54,54.0,54.0,0.000211501,1
20.0,6,64.0,4084.830541,1.0,0.0,0.0,0,10,0,1.0,1.0,0.0,0.0,0.0,1.0,1.0,540,54,54,54.0,54.0,0.000281096,1
20.0,6,64.0,6398.633105,1.0,0.0,0.0,0,10,0,1.0,1.0,0.0,0.0,0.0,1.0,1.0,540,54,54,54.0,54.0,0.000172305,1
20.0,6,64.0,6451.782803,1.0,0.0,0.0,0,10,0,1.0,1.0,0.0,0.0,0.0,1.0,1.0,540,54,54,54.0,54.0,0.000175405,1
20.0,6,64.0,3965.120061,1.0,0.0,0.0,0,10,0,1.0,1.0,0.0,0.0,0.0,1.0,1.0,540,54,54,54.0,54.0,0.000272989,1
20.0,6,62.3,806.3798208,0.9,0.1,0.1,1,9,1,1.0,1.0,0.0,0.0,0.0,1.0,1.0,540,54,54,54.0,54.0,0.001268005,1
20.0,6,64.0,228.4205596,1.0,0.0,0.0,0,10,0,1.0,1.0,0.0,0.0,0.0,1.0,1.0,540,54,54,54.0,54.0,0.004482698,1
7.6,17,49.7,3.319376449,0.0,0.0,0.1,1,0,0,0.1,0.1,0.7,0.7,0.2,0.8,0.8,2532,42,342,253.2,253.2,0.301291084,1
20.0,6,64.0,3114.505087,1.0,0.0,0.0,0,10,0,1.0,1.0,0.0,0.0,0.0,1.0,1.0,540,54,54,54.0,54.0,0.00034318,1
20.0,6,64.0,6265.766358,1.0,0.0,0.0,0,10,0,1.0,1.0,0.0,0.0,0.0,1.0,1.0,540,54,54,54.0,54.0,0.000181389,1
18.8,6,64.0,809.1332446,0.9,0.0,0.0,0,9,0,0.9,0.9,0.1,0.1,0.0,1.0,1.0,828,54,342,82.8,82.8,0.001268601,1
8.0,17,64.0,2.552205368,0.0,0.0,0.0,0,0,0,0.0,0.0,1.0,1.0,0.0,1.0,1.0,3420,342,342,342.0,342.0,0.392047882,1
20.0,6,64.0,5542.88886,1.0,0.0,0.0,0,10,0,1.0,1.0,0.0,0.0,0.0,1.0,1.0,540,54,54,54.0,54.0,0.000195193,1
20.4,6,62.5,1902.178685,0.9,0.1,0.1,1,9,1,1.0,1.0,0.0,0.0,0.0,1.0,1.0,544,54,58,54.4,54.4,0.00054512,1
21.6,6,59.5,240.8650759,0.1,0.4,0.7,7,1,4,0.8,0.8,0.0,0.0,0.0,1.0,1.0,660,54,86,66.0,66.0,0.004195595,1
20.0,6,64.0,5342.381862,1.0,0.0,0.0,0,10,0,1.0,1.0,0.0,0.0,0.0,1.0,1.0,540,54,54,54.0,54.0,0.000208998,1
20.0,6,64.0,4960.151372,1.0,0.0,0.0,0,10,0,1.0,1.0,0.0,0.0,0.0,1.0,1.0,540,54,54,54.0,54.0,0.000221801,1
20.0,6,64.0,6237.810827,1.0,0.0,0.0,0,10,0,1.0,1.0,0.0,0.0,0.0,1.0,1.0,540,54,54,54.0,54.0,0.000178814,1
20.0,6,64.0,4019.457595,1.0,0.0,0.0,0,10,0,1.0,1.0,0.0,0.0,0.0,1.0,1.0,540,54,54,54.0,54.0,0.000284195,1
20.0,6,64.0,5684.879371,1.0,0.0,0.0,0,10,0,1.0,1.0,0.0,0.0,0.0,1.0,1.0,540,54,54,54.0,54.0,0.000190115,1
20.0,6,64.0,5081.541071,1.0,0.0,0.0,0,10,0,1.0,1.0,0.0,0.0,0.0,1.0,1.0,540,54,54,54.0,54.0,0.000220203,1
18.8,6,64.0,14.64532017,0.7,0.0,0.1,1,7,0,0.8,0.8,0.2,0.2,0.0,1.0,1.0,1128,54,342,112.8,112.8,0.068358397,1
20.0,6,64.0,3996.859158,1.0,0.0,0.0,0,10,0,1.0,1.0,0.0,0.0,0.0,1.0,1.0,540,54,54,54.0,54.0,0.000276709,1
20.0,6,64.0,274.3778211,1.0,0.0,0.0,0,10,0,0.9,1.0,0.0,0.0,0.0,1.0,1.0,540,54,54,54.0,54.0,0.003708005,1
20.0,6,64.0,6165.3741,1.0,0.0,0.0,0,10,0,1.0,1.0,0.0,0.0,0.0,1.0,1.0,540,54,54,54.0,54.0,0.000251412,1
20.0,6,64.0,7658.031769,1.0,0.0,0.0,0,10,0,1.0,1.0,0.0,0.0,0.0,1.0,1.0,540,54,54,54.0,54.0,0.000145292,1
20.0,6,64.0,6502.796899,1.0,0.0,0.0,0,10,0,1.0,1.0,0.0,0.0,0.0,1.0,1.0,540,54,54,54.0,54.0,0.000173783,1
20.0,6,64.0,5655.74973,1.0,0.0,0.0,0,10,0,1.0,1.0,0.0,0.0,0.0,1.0,1.0,540,54,54,54.0,54.0,0.000191116,1
20.0,6,64.0,4212.417395,1.0,0.0,0.0,0,10,0,1.0,1.0,0.0,0.0,0.0,1.0,1.0,540,54,54,54.0,54.0,0.000259185,1
20.0,6,64.0,3556.303205,1.0,0.0,0.0,0,10,0,1.0,1.0,0.0,0.0,0.0,1.0,1.0,540,54,54,54.0,54.0,0.00030129,1
20.0,6,64.0,7200.521888,1.0,0.0,0.0,0,10,0,1.0,1.0,0.0,0.0,0.0,1.0,1.0,540,54,54,54.0,54.0,0.000155997,1
22.0,6,60.8,1421.268002,0.8,0.2,0.2,2,8,2,1.0,1.0,0.0,0.0,0.0,1.0,1.0,560,54,74,56.0,56.0,0.000732493,1
20.0,6,64.0,4938.542329,1.0,0.0,0.0,0,10,0,1.0,1.0,0.0,0.0,0.0,1.0,1.0,540,54,54,54.0,54.0,0.000216389,1
20.0,6,62.8,28.8967996,0.9,0.0,0.0,0,9,0,0.8,0.9,0.0,0.0,0.0,1.0,1.0,608,54,102,60.8,60.8,0.037144804,1
20.0,6,64.0,7542.355691,1.0,0.0,0.0,0,10,0,1.0,1.0,0.0,0.0,0.0,1.0,1.0,540,54,54,54.0,54.0,0.00015378,1
20.0,6,64.0,5071.096603,1.0,0.0,0.0,0,10,0,1.0,1.0,0.0,0.0,0.0,1.0,1.0,540,54,54,54.0,54.0,0.000211501,1
20.0,6,64.0,3231.110084,1.0,0.0,0.0,0,10,0,1.0,1.0,0.0,0.0,0.0,1.0,1.0,540,54,54,54.0,54.0,0.000336003,1
20.0,6,64.0,5627.672078,1.0,0.0,0.0,0,10,0,1.0,1.0,0.0,0.0,0.0,1.0,1.0,540,54,54,54.0,54.0,0.000190997,1
18.0,6,62.6,4019.072442,0.9,0.0,0.0,0,9,0,0.9,0.9,0.0,0.0,0.0,1.0,1.0,572,54,86,57.2,57.2,0.000264311,1
9.714285714,17,64.0,4.108051354,0.142857143,0.0,0.0,0,1,0,0.142857143,0.142857143,0.857142857,0.857142857,0.0,1.0,1.0,2106,54,342,300.8571429,300.8571429,0.253318139,1
20.0,6,64.0,6397.657108,1.0,0.0,0.0,0,10,0,1.0,1.0,0.0,0.0,0.0,1.0,1.0,540,54,54,54.0,54.0,0.000910091,1
20.0,6,64.0,6807.829898,1.0,0.0,0.0,0,10,0,1.0,1.0,0.0,0.0,0.0,1.0,1.0,540,54,54,54.0,54.0,0.0001616,1
20.0,6,64.0,5416.897843,1.0,0.0,0.0,0,10,0,1.0,1.0,0.0,0.0,0.0,1.0,1.0,540,54,54,54.0,54.0,0.000205708,1
18.0,6,81.3,3476.999088,0.9,0.0,0.0,0,9,0,0.9,0.9,0.0,0.0,0.0,1.0,1.0,572,54,86,57.2,57.2,0.000294089,1
20.0,6,64.0,5233.067998,1.0,0.0,0.0,0,10,0,1.0,1.0,0.0,0.0,0.0,1.0,1.0,540,54,54,54.0,54.0,0.000214195,1
20.0,6,64.0,7564.119026,1.0,0.0,0.0,0,10,0,1.0,1.0,0.0,0.0,0.0,1.0,1.0,540,54,54,54.0,54.0,0.000144815,1
20.0,6,64.0,4172.191386,1.0,0.0,0.0,0,10,0,1.0,1.0,0.0,0.0,0.0,1.0,1.0,540,54,54,54.0,54.0,0.000258994,1
20.0,6,64.0,4957.806147,1.0,0.0,0.0,0,10,0,1.0,1.0,0.0,0.0,0.0,1.0,1.0,540,54,54,54.0,54.0,0.000218391,1
30.4,6,79.1,141.3708677,0.2,0.0,0.8,8,2,0,0.9,0.9,0.0,0.0,0.0,1.0,1.0,720,66,110,72.0,72.0,0.007193184,1
20.0,6,81.3,4327.147426,0.9,0.1,0.1,1,9,1,1.0,1.0,0.0,0.0,0.0,1.0,1.0,540,54,54,54.0,54.0,0.000248098,1
20.0,6,64.0,7107.785121,1.0,0.0,0.0,0,10,0,1.0,1.0,0.0,0.0,0.0,1.0,1.0,540,54,54,54.0,54.0,0.000154495,1
20.0,6,64.0,7138.025868,1.0,0.0,0.0,0,10,0,1.0,1.0,0.0,0.0,0.0,1.0,1.0,540,54,54,54.0,54.0,0.000155306,1
26.4,6,59.6,1999.954225,0.5,0.3,0.5,5,5,3,1.0,1.0,0.0,0.0,0.0,1.0,1.0,604,54,74,60.4,60.4,0.000504398,1
20.0,6,64.0,5479.16917,1.0,0.0,0.0,0,10,0,1.0,1.0,0.0,0.0,0.0,1.0,1.0,540,54,54,54.0,54.0,0.000202107,1
20.0,6,64.0,7071.832743,1.0,0.0,0.0,0,10,0,1.0,1.0,0.0,0.0,0.0,1.0,1.0,540,54,54,54.0,54.0,0.000158405,1
20.0,6,64.0,5973.941034,1.0,0.0,0.0,0,10,0,1.0,1.0,0.0,0.0,0.0,1.0,1.0,540,54,54,54.0,54.0,0.000178599,1
20.0,6,64.0,5857.96648,1.0,0.0,0.0,0,10,0,1.0,1.0,0.0,0.0,0.0,1.0,1.0,540,54,54,54.0,54.0,0.000193906,1
20.0,6,62.4,3898.414351,0.9,0.1,0.1,1,9,1,1.0,1.0,0.0,0.0,0.0,1.0,1.0,540,54,54,54.0,54.0,0.000283217,1
20.0,6,62.6,3536.214484,0.9,0.1,0.1,1,9,1,1.0,1.0,0.0,0.0,0.0,1.0,1.0,540,54,54,54.0,54.0,0.000298691,1
20.0,6,64.0,4224.721998,1.0,0.0,0.0,0,10,0,1.0,1.0,0.0,0.0,0.0,1.0,1.0,540,54,54,54.0,54.0,0.000252008,1
7.2,17,57.6,2.763645449,0.0,0.0,0.0,0,0,0,0.0,0.0,0.9,0.9,0.1,0.9,0.9,3120,42,342,312.0,312.0,0.399665213,1
20.0,6,64.0,6146.400938,1.0,0.0,0.0,0,10,0,1.0,1.0,0.0,0.0,0.0,1.0,1.0,540,54,54,54.0,54.0,0.000178695,1
20.0,6,64.0,6536.238118,1.0,0.0,0.0,0,10,0,1.0,1.0,0.0,0.0,0.0,1.0,1.0,540,54,54,54.0,54.0,0.0001688,1
18.8,6,64.0,22.09447151,0.9,0.0,0.0,0,9,0,0.9,0.9,0.1,0.1,0.0,1.0,1.0,828,54,342,82.8,82.8,0.047838497,1
20.0,6,64.0,6405.473427,1.0,0.0,0.0,0,10,0,1.0,1.0,0.0,0.0,0.0,1.0,1.0,540,54,54,54.0,54.0,0.000172114,1
20.0,6,64.0,5973.941034,1.0,0.0,0.0,0,10,0,1.0,1.0,0.0,0.0,0.0,1.0,1.0,540,54,54,54.0,54.0,0.00017879,1
20.0,6,64.0,6031.498418,1.0,0.0,0.0,0,10,0,1.0,1.0,0.0,0.0,0.0,1.0,1.0,540,54,54,54.0,54.0,0.000182009,1
20.0,6,61.0,6968.43994,0.8,0.2,0.2,2,8,2,1.0,1.0,0.0,0.0,0.0,1.0,1.0,540,54,54,54.0,54.0,0.000159097,1
22.4,6,77.7,824.9358823,0.7,0.0,0.3,3,7,0,0.9,0.9,0.0,0.0,0.0,1.0,1.0,600,54,74,60.0,60.0,0.001590896,1
20.0,6,64.0,8763.694108,1.0,0.0,0.0,0,10,0,1.0,1.0,0.0,0.0,0.0,1.0,1.0,540,54,54,54.0,54.0,0.000125313,1
20.0,6,64.0,6711.960314,1.0,0.0,0.0,0,10,0,1.0,1.0,0.0,0.0,0.0,1.0,1.0,540,54,54,54.0,54.0,0.000163603,1
18.0,6,62.6,4198.082274,0.9,0.0,0.0,0,9,0,0.9,0.9,0.0,0.0,0.0,1.0,1.0,572,54,86,57.2,57.2,0.000259614,1
20.0,6,64.0,4410.878115,1.0,0.0,0.0,0,10,0,1.0,1.0,0.0,0.0,0.0,1.0,1.0,540,54,54,54.0,54.0,0.000254107,1
20.0,6,64.0,7587.380608,1.0,0.0,0.0,0,10,0,1.0,1.0,0.0,0.0,0.0,1.0,1.0,540,54,54,54.0,54.0,0.000146985,1
20.0,6,64.0,228.7382135,1.0,0.0,0.0,0,10,0,1.0,1.0,0.0,0.0,0.0,1.0,1.0,540,54,54,54.0,54.0,0.005018401,1
20.0,6,64.0,3930.563209,1.0,0.0,0.0,0,10,0,1.0,1.0,0.0,0.0,0.0,1.0,1.0,540,54,54,54.0,54.0,0.000279307,1
20.0,6,64.0,5362.188699,1.0,0.0,0.0,0,10,0,1.0,1.0,0.0,0.0,0.0,1.0,1.0,540,54,54,54.0,54.0,0.000207686,1
20.0,6,64.0,5899.161744,1.0,0.0,0.0,0,10,0,1.0,1.0,0.0,0.0,0.0,1.0,1.0,540,54,54,54.0,54.0,0.000191402,1
20.0,6,64.0,7205.469851,1.0,0.0,0.0,0,10,0,1.0,1.0,0.0,0.0,0.0,1.0,1.0,540,54,54,54.0,54.0,0.000159883,1
20.0,6,64.0,5868.621799,1.0,0.0,0.0,0,10,0,1.0,1.0,0.0,0.0,0.0,1.0,1.0,540,54,54,54.0,54.0,0.000197506,1
8.0,17,64.0,3.317147659,0.0,0.0,0.0,0,0,0,0.0,0.0,1.0,1.0,0.0,1.0,1.0,3420,342,342,342.0,342.0,0.401882815,1
20.0,6,64.0,6214.704401,1.0,0.0,0.0,0,10,0,1.0,1.0,0.0,0.0,0.0,1.0,1.0,540,54,54,54.0,54.0,0.000174212,1
20.0,6,64.0,5580.500266,1.0,0.0,0.0,0,10,0,1.0,1.0,0.0,0.0,0.0,1.0,1.0,540,54,54,54.0,54.0,0.000205398,1
20.0,6,64.0,4697.395005,1.0,0.0,0.0,0,10,0,1.0,1.0,0.0,0.0,0.0,1.0,1.0,540,54,54,54.0,54.0,0.000238991,1
20.0,6,64.0,5271.875314,1.0,0.0,0.0,0,10,0,1.0,1.0,0.0,0.0,0.0,1.0,1.0,540,54,54,54.0,54.0,0.000205278,1
20.0,6,64.0,5155.240905,1.0,0.0,0.0,0,10,0,1.0,1.0,0.0,0.0,0.0,1.0,1.0,540,54,54,54.0,54.0,0.000210285,1
20.0,6,64.0,6973.073982,1.0,0.0,0.0,0,10,0,1.0,1.0,0.0,0.0,0.0,1.0,1.0,540,54,54,54.0,54.0,0.000154591,1
20.0,6,64.0,5327.453321,1.0,0.0,0.0,0,10,0,1.0,1.0,0.0,0.0,0.0,1.0,1.0,540,54,54,54.0,54.0,0.000207496,1
20.0,6,64.0,6930.442829,1.0,0.0,0.0,0,10,0,1.0,1.0,0.0,0.0,0.0,1.0,1.0,540,54,54,54.0,54.0,0.000157499,1
20.0,6,64.0,5662.621844,1.0,0.0,0.0,0,10,0,1.0,1.0,0.0,0.0,0.0,1.0,1.0,540,54,54,54.0,54.0,0.000194001,1
20.0,6,79.8,970.0055504,0.8,0.2,0.2,2,8,2,1.0,1.0,0.0,0.0,0.0,1.0,1.0,540,54,54,54.0,54.0,0.001048613,1
20.0,6,64.0,5009.918777,1.0,0.0,0.0,0,10,0,1.0,1.0,0.0,0.0,0.0,1.0,1.0,540,54,54,54.0,54.0,0.000221014,1
20.0,6,64.0,5576.79032,1.0,0.0,0.0,0,10,0,1.0,1.0,0.0,0.0,0.0,1.0,1.0,540,54,54,54.0,54.0,0.000203514,1
20.0,6,64.0,7861.863168,1.0,0.0,0.0,0,10,0,1.0,1.0,0.0,0.0,0.0,1.0,1.0,540,54,54,54.0,54.0,0.000139284,1
16.4,6,64.0,15.31208245,0.7,0.0,0.0,0,7,0,0.7,0.7,0.3,0.3,0.0,1.0,1.0,1404,54,342,140.4,140.4,0.066410708,1
29.2,6,87.4,210.9259148,0.4,0.1,0.9,9,4,1,1.0,1.0,0.0,0.0,0.0,1.0,1.0,632,54,74,63.2,63.2,0.004850793,1
20.0,6,64.0,5717.42639,1.0,0.0,0.0,0,10,0,1.0,1.0,0.0,0.0,0.0,1.0,1.0,540,54,54,54.0,54.0,0.000193501,1
20.0,6,64.0,3689.895311,1.0,0.0,0.0,0,10,0,1.0,1.0,0.0,0.0,0.0,1.0,1.0,540,54,54,54.0,54.0,0.000294018,1
20.0,6,64.0,6751.938184,1.0,0.0,0.0,0,10,0,1.0,1.0,0.0,0.0,0.0,1.0,1.0,540,54,54,54.0,54.0,0.000176692,1
17.6,6,64.0,10.73307967,0.8,0.0,0.0,0,8,0,0.8,0.8,0.2,0.2,0.0,1.0,1.0,1116,54,342,111.6,111.6,0.096485901,1
18.0,6,62.9,2715.287111,0.9,0.0,0.0,0,9,0,0.9,0.9,0.0,0.0,0.0,1.0,1.0,572,54,86,57.2,57.2,0.000397682,1
13.2,6,81.6,60.86499225,0.5,0.0,0.0,0,5,0,0.5,0.5,0.4,0.4,0.0,1.0,1.0,1708,54,342,170.8,170.8,0.017694306,1
20.0,6,64.0,3716.048551,1.0,0.0,0.0,0,10,0,1.0,1.0,0.0,0.0,0.0,1.0,1.0,540,54,54,54.0,54.0,0.000292706,1
20.0,6,64.0,5336.264631,1.0,0.0,0.0,0,10,0,1.0,1.0,0.0,0.0,0.0,1.0,1.0,540,54,54,54.0,54.0,0.000221801,1
20.0,6,64.0,37.07629437,1.0,0.0,0.0,0,10,0,1.0,1.0,0.0,0.0,0.0,1.0,1.0,540,54,54,54.0,54.0,0.029695415,1
20.0,6,64.0,5479.16917,1.0,0.0,0.0,0,10,0,1.0,1.0,0.0,0.0,0.0,1.0,1.0,540,54,54,54.0,54.0,0.000269508,1
18.0,6,63.1,3420.013046,0.9,0.0,0.0,0,9,0,0.9,0.9,0.0,0.0,0.0,1.0,1.0,572,54,86,57.2,57.2,0.000317097,1
20.0,6,64.0,6297.753754,1.0,0.0,0.0,0,10,0,1.0,1.0,0.0,0.0,0.0,1.0,1.0,540,54,54,54.0,54.0,0.000176501,1
20.0,6,64.0,154.5164986,1.0,0.0,0.0,0,10,0,1.0,1.0,0.0,0.0,0.0,1.0,1.0,540,54,54,54.0,54.0,0.007451296,1
20.0,6,64.0,6246.171258,1.0,0.0,0.0,0,10,0,1.0,1.0,0.0,0.0,0.0,1.0,1.0,540,54,54,54.0,54.0,0.000176787,1
20.0,6,64.0,6016.789557,1.0,0.0,0.0,0,10,0,1.0,1.0,0.0,0.0,0.0,1.0,1.0,540,54,54,54.0,54.0,0.0001863,1
20.0,6,62.7,3388.788883,0.9,0.1,0.1,1,9,1,1.0,1.0,0.0,0.0,0.0,1.0,1.0,540,54,54,54.0,54.0,0.000299811,1
20.0,6,64.0,5671.810683,1.0,0.0,0.0,0,10,0,1.0,1.0,0.0,0.0,0.0,1.0,1.0,540,54,54,54.0,54.0,0.000196815,1
20.0,6,64.0,3494.088637,1.0,0.0,0.0,0,10,0,1.0,1.0,0.0,0.0,0.0,1.0,1.0,540,54,54,54.0,54.0,0.000314188,1
20.0,6,64.0,810.2273649,1.0,0.0,0.0,0,10,0,1.0,1.0,0.0,0.0,0.0,1.0,1.0,540,54,54,54.0,54.0,0.001249003,1
20.0,6,64.0,5714.310627,1.0,0.0,0.0,0,10,0,1.0,1.0,0.0,0.0,0.0,1.0,1.0,540,54,54,54.0,54.0,0.000208402,1
20.0,6,64.0,4786.92536,1.0,0.0,0.0,0,10,0,1.0,1.0,0.0,0.0,0.0,1.0,1.0,540,54,54,54.0,54.0,0.0002321,1
22.0,6,64.0,3460.075895,1.0,0.0,0.0,0,10,0,1.0,1.0,0.0,0.0,0.0,1.0,1.0,560,54,74,56.0,56.0,0.000315094,1
18.0,6,58.9,700.5802669,0.7,0.2,0.2,2,7,2,0.9,0.9,0.0,0.0,0.0,1.0,1.0,572,54,86,57.2,57.2,0.001447988,1
20.0,6,64.0,3580.590746,1.0,0.0,0.0,0,10,0,1.0,1.0,0.0,0.0,0.0,1.0,1.0,540,54,54,54.0,54.0,0.000353503,1
29.2,6,98.7,240.5528759,0.3,0.2,0.8,8,3,2,1.0,1.0,0.0,0.0,0.0,1.0,1.0,634,54,74,63.4,63.4,0.004251409,1
20.0,6,64.0,4572.44522,1.0,0.0,0.0,0,10,0,1.0,1.0,0.0,0.0,0.0,1.0,1.0,540,54,54,54.0,54.0,0.00024879,1
20.0,6,64.0,5506.503873,1.0,0.0,0.0,0,10,0,1.0,1.0,0.0,0.0,0.0,1.0,1.0,540,54,54,54.0,54.0,0.000197196,1
20.0,6,64.0,6464.710234,1.0,0.0,0.0,0,10,0,1.0,1.0,0.0,0.0,0.0,1.0,1.0,540,54,54,54.0,54.0,0.000174189,1
20.0,6,64.0,5959.511225,1.0,0.0,0.0,0,10,0,1.0,1.0,0.0,0.0,0.0,1.0,1.0,540,54,54,54.0,54.0,0.0001858,1
28.8,6,63.2,318.6531536,0.3,0.1,0.8,8,3,1,1.0,1.0,0.0,0.0,0.0,1.0,1.0,634,54,74,63.4,63.4,0.003240299,1
20.0,6,64.0,4351.389148,1.0,0.0,0.0,0,10,0,1.0,1.0,0.0,0.0,0.0,1.0,1.0,540,54,54,54.0,54.0,0.00025301,1
20.0,6,64.0,7987.629023,1.0,0.0,0.0,0,10,0,1.0,1.0,0.0,0.0,0.0,1.0,1.0,540,54,54,54.0,54.0,0.000144601,1
16.4,6,62.0,5.789214705,0.6,0.1,0.1,1,6,1,0.7,0.7,0.3,0.3,0.0,1.0,1.0,1404,54,342,140.4,140.4,0.190752912,1
20.0,6,64.0,4926.361287,1.0,0.0,0.0,0,10,0,1.0,1.0,0.0,0.0,0.0,1.0,1.0,540,54,54,54.0,54.0,0.000229192,1
20.0,6,64.0,4319.571576,1.0,0.0,0.0,0,10,0,1.0,1.0,0.0,0.0,0.0,1.0,1.0,540,54,54,54.0,54.0,0.000264597,1
20.0,6,64.0,5440.788689,1.0,0.0,0.0,0,10,0,1.0,1.0,0.0,0.0,0.0,1.0,1.0,540,54,54,54.0,54.0,0.000345302,1
7.2,17,57.6,2.900967431,0.0,0.0,0.0,0,0,0,0.0,0.0,0.9,0.9,0.1,0.9,0.9,3120,42,342,312.0,312.0,0.445060587,1
20.0,6,64.0,255.1140144,1.0,0.0,0.0,0,10,0,1.0,1.0,0.0,0.0,0.0,1.0,1.0,540,54,54,54.0,54.0,0.004068112,1
20.0,6,64.0,6293.029257,1.0,0.0,0.0,0,10,0,1.0,1.0,0.0,0.0,0.0,1.0,1.0,540,54,54,54.0,54.0,0.000173807,1
20.0,6,64.0,569.7389225,1.0,0.0,0.0,0,10,0,1.0,1.0,0.0,0.0,0.0,1.0,1.0,540,54,54,54.0,54.0,0.001776791,1
20.0,6,64.0,5723.668122,1.0,0.0,0.0,0,10,0,1.0,1.0,0.0,0.0,0.0,1.0,1.0,540,54,54,54.0,54.0,0.000199199,1
20.0,6,64.0,6108.802796,1.0,0.0,0.0,0,10,0,1.0,1.0,0.0,0.0,0.0,1.0,1.0,540,54,54,54.0,54.0,0.000175905,1
16.8,6,57.6,9.259249693,0.8,0.0,0.0,0,8,0,0.8,0.8,0.1,0.1,0.1,0.9,0.9,816,42,342,81.6,81.6,0.108164692,1
20.0,6,64.0,5285.827347,1.0,0.0,0.0,0,10,0,1.0,1.0,0.0,0.0,0.0,1.0,1.0,540,54,54,54.0,54.0,0.000207996,1
20.0,6,64.0,3336.757359,1.0,0.0,0.0,0,10,0,1.0,1.0,0.0,0.0,0.0,1.0,1.0,540,54,54,54.0,54.0,0.000342178,1
18.0,6,62.9,4214.110318,0.9,0.0,0.0,0,9,0,0.9,0.9,0.0,0.0,0.0,1.0,1.0,572,54,86,57.2,57.2,0.000253296,1
23.2,6,69.5,4116.906164,0.9,0.0,0.2,2,9,0,1.0,1.0,0.0,0.0,0.0,1.0,1.0,572,54,74,57.2,57.2,0.000252891,1
20.0,6,61.8,3789.2348,0.9,0.1,0.1,1,9,1,1.0,1.0,0.0,0.0,0.0,1.0,1.0,540,54,54,54.0,54.0,0.000313306,1
20.0,6,64.0,5235.027459,1.0,0.0,0.0,0,10,0,1.0,1.0,0.0,0.0,0.0,1.0,1.0,540,54,54,54.0,54.0,0.00021081,1
20.0,6,64.0,43.32851252,1.0,0.0,0.0,0,10,0,1.0,1.0,0.0,0.0,0.0,1.0,1.0,540,54,54,54.0,54.0,0.041919208,1
20.0,6,64.0,7348.114926,1.0,0.0,0.0,0,10,0,1.0,1.0,0.0,0.0,0.0,1.0,1.0,540,54,54,54.0,54.0,0.000148296,1
20.0,6,64.0,6373.353594,1.0,0.0,0.0,0,10,0,1.0,1.0,0.0,0.0,0.0,1.0,1.0,540,54,54,54.0,54.0,0.000174618,1
20.0,6,62.2,9.954933102,0.9,0.1,0.1,1,9,1,1.0,1.0,0.0,0.0,0.0,1.0,1.0,540,54,54,54.0,54.0,0.100476313,1
18.0,6,61.1,5889.222129,0.8,0.1,0.1,1,8,1,0.9,0.9,0.0,0.0,0.0,1.0,1.0,572,54,86,57.2,57.2,0.000192499,1
22.8,6,67.5,511.2448654,0.7,0.1,0.3,3,7,1,1.0,1.0,0.0,0.0,0.0,1.0,1.0,568,54,66,56.8,56.8,0.00200479,1
20.0,6,64.0,6427.067116,1.0,0.0,0.0,0,10,0,1.0,1.0,0.0,0.0,0.0,1.0,1.0,540,54,54,54.0,54.0,0.000170803,1
20.0,6,64.0,2965.639539,1.0,0.0,0.0,0,10,0,1.0,1.0,0.0,0.0,0.0,1.0,1.0,540,54,54,54.0,54.0,0.000363398,1
20.0,6,64.0,6265.766358,1.0,0.0,0.0,0,10,0,1.0,1.0,0.0,0.0,0.0,1.0,1.0,540,54,54,54.0,54.0,0.000193405,1
14.0,6,49.5,31.12161779,0.7,0.0,0.0,0,7,0,0.7,0.7,0.0,0.0,0.2,0.8,0.8,532,42,70,53.2,53.2,0.03467052,1
20.0,6,64.0,6807.829898,1.0,0.0,0.0,0,10,0,1.0,1.0,0.0,0.0,0.0,1.0,1.0,540,54,54,54.0,54.0,0.000160289,1
20.0,6,64.0,61.97092867,1.0,0.0,0.0,0,10,0,1.0,1.0,0.0,0.0,0.0,1.0,1.0,540,54,54,54.0,54.0,0.08349278,1
20.0,6,64.0,6552.57616,1.0,0.0,0.0,0,10,0,1.0,1.0,0.0,0.0,0.0,1.0,1.0,540,54,54,54.0,54.0,0.000166416,1
20.4,6,69.5,4460.601936,0.9,0.1,0.1,1,9,1,1.0,1.0,0.0,0.0,0.0,1.0,1.0,544,54,58,54.4,54.4,0.000242901,1
20.0,6,64.0,5740.903367,1.0,0.0,0.0,0,10,0,1.0,1.0,0.0,0.0,0.0,1.0,1.0,540,54,54,54.0,54.0,0.00018878,1
24.4,6,73.9,1934.999077,0.8,0.0,0.3,3,8,0,1.0,1.0,0.0,0.0,0.0,1.0,1.0,584,54,74,58.4,58.4,0.000580406,1
20.0,6,64.0,7751.43966,1.0,0.0,0.0,0,10,0,1.0,1.0,0.0,0.0,0.0,1.0,1.0,540,54,54,54.0,54.0,0.00014441,1
20.0,6,64.0,5633.719275,1.0,0.0,0.0,0,10,0,1.0,1.0,0.0,0.0,0.0,1.0,1.0,540,54,54,54.0,54.0,0.000194001,1
20.0,6,64.0,5333.550356,1.0,0.0,0.0,0,10,0,1.0,1.0,0.0,0.0,0.0,1.0,1.0,540,54,54,54.0,54.0,0.000207901,1
20.0,6,64.0,6057.631427,1.0,0.0,0.0,0,10,0,1.0,1.0,0.0,0.0,0.0,1.0,1.0,540,54,54,54.0,54.0,0.000188589,1
22.4,6,81.4,3877.152893,0.8,0.0,0.2,2,8,0,1.0,1.0,0.0,0.0,0.0,1.0,1.0,588,54,90,58.8,58.8,0.000271106,1
16.0,6,61.5,2120.906149,0.8,0.0,0.0,0,8,0,0.8,0.8,0.0,0.0,0.0,1.0,1.0,588,54,86,58.8,58.8,0.0005162,1
20.0,6,64.0,6974.233455,1.0,0.0,0.0,0,10,0,1.0,1.0,0.0,0.0,0.0,1.0,1.0,540,54,54,54.0,54.0,0.000167203,1
20.0,6,64.0,477.3740639,1.0,0.0,0.0,0,10,0,1.0,1.0,0.0,0.0,0.0,1.0,1.0,540,54,54,54.0,54.0,0.002118897,1
20.0,6,64.0,5461.333333,1.0,0.0,0.0,0,10,0,1.0,1.0,0.0,0.0,0.0,1.0,1.0,540,54,54,54.0,54.0,0.000197411,1
18.8,6,62.3,44.89237955,0.8,0.1,0.1,1,8,1,0.0,0.9,0.1,0.1,0.0,1.0,1.0,828,54,342,82.8,82.8,0.025035596,1
20.0,6,64.0,6863.531337,1.0,0.0,0.0,0,10,0,1.0,1.0,0.0,0.0,0.0,1.0,1.0,540,54,54,54.0,54.0,0.000161982,1
20.0,6,64.0,4668.637578,1.0,0.0,0.0,0,10,0,1.0,1.0,0.0,0.0,0.0,1.0,1.0,540,54,54,54.0,54.0,0.000238705,1
20.0,6,64.0,4192.626949,1.0,0.0,0.0,0,10,0,1.0,1.0,0.0,0.0,0.0,1.0,1.0,540,54,54,54.0,54.0,0.000258207,1
20.0,6,64.0,5736.977158,1.0,0.0,0.0,0,10,0,1.0,1.0,0.0,0.0,0.0,1.0,1.0,540,54,54,54.0,54.0,0.000191402,1
20.0,6,64.0,4468.204964,1.0,0.0,0.0,0,10,0,1.0,1.0,0.0,0.0,0.0,1.0,1.0,540,54,54,54.0,54.0,0.000240612,1
20.0,6,64.0,3160.503353,1.0,0.0,0.0,0,10,0,1.0,1.0,0.0,0.0,0.0,1.0,1.0,540,54,54,54.0,54.0,0.000359607,1
23.2,6,63.4,5793.237569,0.9,0.0,0.2,2,9,0,1.0,1.0,0.0,0.0,0.0,1.0,1.0,572,54,74,57.2,57.2,0.00018611,1
20.0,6,64.0,5422.500323,1.0,0.0,0.0,0,10,0,1.0,1.0,0.0,0.0,0.0,1.0,1.0,540,54,54,54.0,54.0,0.000204611,1
20.0,6,64.0,3735.575347,1.0,0.0,0.0,0,10,0,1.0,1.0,0.0,0.0,0.0,1.0,1.0,540,54,54,54.0,54.0,0.000308108,1
20.0,6,64.0,5800.448071,1.0,0.0,0.0,0,10,0,1.0,1.0,0.0,0.0,0.0,1.0,1.0,540,54,54,54.0,54.0,0.000189209,1
20.0,6,64.0,5157.142506,1.0,0.0,0.0,0,10,0,1.0,1.0,0.0,0.0,0.0,1.0,1.0,540,54,54,54.0,54.0,0.000219107,1
20.0,6,64.0,6289.254761,1.0,0.0,0.0,0,10,0,1.0,1.0,0.0,0.0,0.0,1.0,1.0,540,54,54,54.0,54.0,0.0001719,1
20.0,6,64.0,7256.581315,1.0,0.0,0.0,0,10,0,1.0,1.0,0.0,0.0,0.0,1.0,1.0,540,54,54,54.0,54.0,0.000157595,1
20.0,6,64.0,4029.110471,1.0,0.0,0.0,0,10,0,1.0,1.0,0.0,0.0,0.0,1.0,1.0,540,54,54,54.0,54.0,0.000274396,1
20.0,6,64.0,6068.148148,1.0,0.0,0.0,0,10,0,1.0,1.0,0.0,0.0,0.0,1.0,1.0,540,54,54,54.0,54.0,0.000179195,1
20.0,6,64.0,4828.253712,1.0,0.0,0.0,0,10,0,1.0,1.0,0.0,0.0,0.0,1.0,1.0,540,54,54,54.0,54.0,0.000237513,1
20.0,6,64.0,4137.618625,1.0,0.0,0.0,0,10,0,1.0,1.0,0.0,0.0,0.0,1.0,1.0,540,54,54,54.0,54.0,0.000267696,1
20.0,6,64.0,4541.255955,1.0,0.0,0.0,0,10,0,1.0,1.0,0.0,0.0,0.0,1.0,1.0,540,54,54,54.0,54.0,0.000238514,1
20.0,6,64.0,5507.226891,1.0,0.0,0.0,0,10,0,1.0,1.0,0.0,0.0,0.0,1.0,1.0,540,54,54,54.0,54.0,0.000199389,1
16.8,6,90.9,3.121715375,0.0,0.4,0.3,3,0,4,0.6,0.6,0.3,0.3,0.1,0.9,0.9,1431,42,342,143.1,143.1,0.320388007,1
20.0,6,64.0,3497.876741,1.0,0.0,0.0,0,10,0,1.0,1.0,0.0,0.0,0.0,1.0,1.0,540,54,54,54.0,54.0,0.000314593,1
20.0,6,64.0,6618.753353,1.0,0.0,0.0,0,10,0,1.0,1.0,0.0,0.0,0.0,1.0,1.0,540,54,54,54.0,54.0,0.000151896,1
21.2,6,64.0,4110.048016,0.9,0.0,0.1,1,9,0,1.0,1.0,0.0,0.0,0.0,1.0,1.0,552,54,66,55.2,55.2,0.000278997,1
20.0,6,64.0,3546.080487,1.0,0.0,0.0,0,10,0,1.0,1.0,0.0,0.0,0.0,1.0,1.0,540,54,54,54.0,54.0,0.000310612,1
20.0,6,64.0,3463.790569,1.0,0.0,0.0,0,10,0,1.0,1.0,0.0,0.0,0.0,1.0,1.0,540,54,54,54.0,54.0,0.000321317,1
20.0,6,64.0,6397.657108,1.0,0.0,0.0,0,10,0,1.0,1.0,0.0,0.0,0.0,1.0,1.0,540,54,54,54.0,54.0,0.000185299,1
20.0,6,64.0,5661.857451,1.0,0.0,0.0,0,10,0,1.0,1.0,0.0,0.0,0.0,1.0,1.0,540,54,54,54.0,54.0,0.000203013,1
20.0,6,64.0,5285.827347,1.0,0.0,0.0,0,10,0,1.0,1.0,0.0,0.0,0.0,1.0,1.0,540,54,54,54.0,54.0,0.000207782,1
20.0,6,64.0,3885.053724,1.0,0.0,0.0,0,10,0,1.0,1.0,0.0,0.0,0.0,1.0,1.0,540,54,54,54.0,54.0,0.000282598,1
20.0,6,64.0,7817.901212,1.0,0.0,0.0,0,10,0,1.0,1.0,0.0,0.0,0.0,1.0,1.0,540,54,54,54.0,54.0,0.000142312,1
20.0,6,64.0,6939.616148,1.0,0.0,0.0,0,10,0,1.0,1.0,0.0,0.0,0.0,1.0,1.0,540,54,54,54.0,54.0,0.000160599,1
20.0,6,81.9,5685.649993,0.9,0.1,0.1,1,9,1,1.0,1.0,0.0,0.0,0.0,1.0,1.0,540,54,54,54.0,54.0,0.000227785,1
20.0,6,64.0,5379.381814,1.0,0.0,0.0,0,10,0,1.0,1.0,0.0,0.0,0.0,1.0,1.0,540,54,54,54.0,54.0,0.000204396,1
18.8,6,64.0,35.16433987,0.9,0.0,0.0,0,9,0,0.9,0.9,0.1,0.1,0.0,1.0,1.0,828,54,342,82.8,82.8,0.031157613,1
20.0,6,62.6,5573.825914,0.9,0.1,0.1,1,9,1,1.0,1.0,0.0,0.0,0.0,1.0,1.0,540,54,54,54.0,54.0,0.000199008,1
20.0,6,64.0,4074.909162,1.0,0.0,0.0,0,10,0,1.0,1.0,0.0,0.0,0.0,1.0,1.0,540,54,54,54.0,54.0,0.000273895,1
20.0,6,64.0,8203.215333,1.0,0.0,0.0,0,10,0,1.0,1.0,0.0,0.0,0.0,1.0,1.0,540,54,54,54.0,54.0,0.000140786,1
20.0,6,64.0,4887.326963,1.0,0.0,0.0,0,10,0,1.0,1.0,0.0,0.0,0.0,1.0,1.0,540,54,54,54.0,54.0,0.00022552,1
20.0,6,64.0,4714.29021,1.0,0.0,0.0,0,10,0,1.0,1.0,0.0,0.0,0.0,1.0,1.0,540,54,54,54.0,54.0,0.00023241,1
20.0,6,64.0,5658.801943,1.0,0.0,0.0,0,10,0,1.0,1.0,0.0,0.0,0.0,1.0,1.0,540,54,54,54.0,54.0,0.000197411,1
20.0,6,64.0,4184.261772,1.0,0.0,0.0,0,10,0,1.0,1.0,0.0,0.0,0.0,1.0,1.0,540,54,54,54.0,54.0,0.000257993,1
20.0,6,62.2,2846.490668,0.9,0.1,0.1,1,9,1,1.0,1.0,0.0,0.0,0.0,1.0,1.0,540,54,54,54.0,54.0,0.000379205,1
20.0,6,64.0,5574.56672,1.0,0.0,0.0,0,10,0,1.0,1.0,0.0,0.0,0.0,1.0,1.0,540,54,54,54.0,54.0,0.000199389,1
20.0,6,64.0,7037.422819,1.0,0.0,0.0,0,10,0,1.0,1.0,0.0,0.0,0.0,1.0,1.0,540,54,54,54.0,54.0,0.00015409,1
20.0,6,64.0,4918.85071,1.0,0.0,0.0,0,10,0,1.0,1.0,0.0,0.0,0.0,1.0,1.0,540,54,54,54.0,54.0,0.000222397,1
20.0,6,64.0,5512.293337,1.0,0.0,0.0,0,10,0,1.0,1.0,0.0,0.0,0.0,1.0,1.0,540,54,54,54.0,54.0,0.000194502,1
18.0,6,82.2,4199.763693,0.9,0.0,0.0,0,9,0,0.9,0.9,0.0,0.0,0.0,1.0,1.0,556,54,70,55.6,55.6,0.000262308,1
21.2,6,62.0,3904.583876,0.9,0.0,0.1,1,9,0,1.0,1.0,0.0,0.0,0.0,1.0,1.0,552,54,66,55.2,55.2,0.00027082,1
20.0,6,64.0,6312.919928,1.0,0.0,0.0,0,10,0,1.0,1.0,0.0,0.0,0.0,1.0,1.0,540,54,54,54.0,54.0,0.000168395,1
14.4,1,107.9,218.7415709,0.1,0.2,0.5,5,1,2,0.5,0.5,0.0,0.0,0.0,1.0,1.0,712,54,86,71.2,71.2,0.004807091,1
20.0,6,64.0,6434.955508,1.0,0.0,0.0,0,10,0,1.0,1.0,0.0,0.0,0.0,1.0,1.0,540,54,54,54.0,54.0,0.000178814,1
20.0,6,64.0,6034.969784,1.0,0.0,0.0,0,10,0,1.0,1.0,0.0,0.0,0.0,1.0,1.0,540,54,54,54.0,54.0,0.000182891,1
20.0,6,64.0,4805.022339,1.0,0.0,0.0,0,10,0,1.0,1.0,0.0,0.0,0.0,1.0,1.0,540,54,54,54.0,54.0,0.000227118,1
20.0,6,62.7,3990.394824,0.9,0.1,0.1,1,9,1,1.0,1.0,0.0,0.0,0.0,1.0,1.0,540,54,54,54.0,54.0,0.000268793,1
20.0,6,64.0,6484.700062,1.0,0.0,0.0,0,10,0,1.0,1.0,0.0,0.0,0.0,1.0,1.0,540,54,54,54.0,54.0,0.00016799,1
20.0,6,64.0,8190.400312,1.0,0.0,0.0,0,10,0,1.0,1.0,0.0,0.0,0.0,1.0,1.0,540,54,54,54.0,54.0,0.000139809,1
20.0,6,64.0,935.018057,1.0,0.0,0.0,0,10,0,1.0,1.0,0.0,0.0,0.0,1.0,1.0,540,54,54,54.0,54.0,0.001091194,1
20.0,6,64.0,3487.986694,1.0,0.0,0.0,0,10,0,1.0,1.0,0.0,0.0,0.0,1.0,1.0,540,54,54,54.0,54.0,0.000316882,1
20.0,6,64.0,5027.935747,1.0,0.0,0.0,0,10,0,1.0,1.0,0.0,0.0,0.0,1.0,1.0,540,54,54,54.0,54.0,0.000212383,1
20.0,6,64.0,6150.005865,1.0,0.0,0.0,0,10,0,1.0,1.0,0.0,0.0,0.0,1.0,1.0,540,54,54,54.0,54.0,0.000174308,1
20.0,6,64.0,6766.097758,1.0,0.0,0.0,0,10,0,1.0,1.0,0.0,0.0,0.0,1.0,1.0,540,54,54,54.0,54.0,0.000162411,1
20.0,6,64.0,5330.838841,1.0,0.0,0.0,0,10,0,1.0,1.0,0.0,0.0,0.0,1.0,1.0,540,54,54,54.0,54.0,0.000202489,1
20.0,6,64.0,3113.349169,1.0,0.0,0.0,0,10,0,1.0,1.0,0.0,0.0,0.0,1.0,1.0,540,54,54,54.0,54.0,0.000357699,1
20.0,6,64.0,5681.79897,1.0,0.0,0.0,0,10,0,1.0,1.0,0.0,0.0,0.0,1.0,1.0,540,54,54,54.0,54.0,0.000191402,1
17.6,6,64.0,15.516265,0.8,0.0,0.0,0,8,0,0.8,0.8,0.2,0.2,0.0,1.0,1.0,1116,54,342,111.6,111.6,0.067365909,1
20.0,6,64.0,5865.339113,1.0,0.0,0.0,0,10,0,1.0,1.0,0.0,0.0,0.0,1.0,1.0,540,54,54,54.0,54.0,0.000187206,1
20.0,6,64.0,6715.184118,1.0,0.0,0.0,0,10,0,1.0,1.0,0.0,0.0,0.0,1.0,1.0,540,54,54,54.0,54.0,0.000173211,1
20.0,6,64.0,427.2403537,1.0,0.0,0.0,0,10,0,1.0,1.0,0.0,0.0,0.0,1.0,1.0,540,54,54,54.0,54.0,0.002369308,1
20.0,6,64.0,6442.863287,1.0,0.0,0.0,0,10,0,1.0,1.0,0.0,0.0,0.0,1.0,1.0,540,54,54,54.0,54.0,0.000171709,1
20.0,6,64.0,6422.146685,1.0,0.0,0.0,0,10,0,1.0,1.0,0.0,0.0,0.0,1.0,1.0,540,54,54,54.0,54.0,0.000186896,1
20.0,6,64.0,6410.368333,1.0,0.0,0.0,0,10,0,1.0,1.0,0.0,0.0,0.0,1.0,1.0,540,54,54,54.0,54.0,0.000170398,1
20.0,6,64.0,6618.753353,1.0,0.0,0.0,0,10,0,1.0,1.0,0.0,0.0,0.0,1.0,1.0,540,54,54,54.0,54.0,0.000166678,1
20.0,6,64.0,5073.55026,1.0,0.0,0.0,0,10,0,1.0,1.0,0.0,0.0,0.0,1.0,1.0,540,54,54,54.0,54.0,0.000448585,1
20.0,6,64.0,3648.48991,1.0,0.0,0.0,0,10,0,1.0,1.0,0.0,0.0,0.0,1.0,1.0,540,54,54,54.0,54.0,0.000304794,1
20.0,6,64.0,4821.593287,1.0,0.0,0.0,0,10,0,1.0,1.0,0.0,0.0,0.0,1.0,1.0,540,54,54,54.0,54.0,0.000230312,1
20.0,6,64.0,6544.396942,1.0,0.0,0.0,0,10,0,1.0,1.0,0.0,0.0,0.0,1.0,1.0,540,54,54,54.0,54.0,0.000170302,1
20.0,6,64.0,6218.389918,1.0,0.0,0.0,0,10,0,1.0,1.0,0.0,0.0,0.0,1.0,1.0,540,54,54,54.0,54.0,0.000178814,1
20.0,6,64.0,5373.179605,1.0,0.0,0.0,0,10,0,1.0,1.0,0.0,0.0,0.0,1.0,1.0,540,54,54,54.0,54.0,0.000202608,1
20.0,6,61.0,467.5559321,0.8,0.2,0.2,2,8,2,1.0,1.0,0.0,0.0,0.0,1.0,1.0,540,54,54,54.0,54.0,0.0021842,1
20.0,6,64.0,6793.495303,1.0,0.0,0.0,0,10,0,1.0,1.0,0.0,0.0,0.0,1.0,1.0,540,54,54,54.0,54.0,0.000160098,1
20.0,6,64.0,6020.244007,1.0,0.0,0.0,0,10,0,1.0,1.0,0.0,0.0,0.0,1.0,1.0,540,54,54,54.0,54.0,0.000177503,1
20.0,6,64.0,5640.537924,1.0,0.0,0.0,0,10,0,1.0,1.0,0.0,0.0,0.0,1.0,1.0,540,54,54,54.0,54.0,0.000200605,1
20.0,6,64.0,4975.449585,1.0,0.0,0.0,0,10,0,1.0,1.0,0.0,0.0,0.0,1.0,1.0,540,54,54,54.0,54.0,0.000221801,1
20.0,6,68.6,2993.152073,0.9,0.1,0.1,1,9,1,1.0,1.0,0.0,0.0,0.0,1.0,1.0,540,54,54,54.0,54.0,0.000366688,1
20.0,6,64.0,33.69213851,1.0,0.0,0.0,0,10,0,0.1,1.0,0.0,0.0,0.0,1.0,1.0,540,54,54,54.0,54.0,0.033150101,1
20.0,6,62.9,825.2929834,0.9,0.1,0.1,1,9,1,1.0,1.0,0.0,0.0,0.0,1.0,1.0,540,54,54,54.0,54.0,0.001261806,1
30.8,6,75.3,388.5017738,0.3,0.1,0.8,8,3,1,1.0,1.0,0.0,0.0,0.0,1.0,1.0,648,54,74,64.8,64.8,0.003679991,1
20.0,6,64.0,5485.618624,1.0,0.0,0.0,0,10,0,1.0,1.0,0.0,0.0,0.0,1.0,1.0,540,54,54,54.0,54.0,0.000202298,1
20.0,6,64.0,22.33818109,1.0,0.0,0.0,0,10,0,1.0,1.0,0.0,0.0,0.0,1.0,1.0,540,54,54,54.0,54.0,0.04750309,1
20.0,6,64.0,4409.486964,1.0,0.0,0.0,0,10,0,1.0,1.0,0.0,0.0,0.0,1.0,1.0,540,54,54,54.0,54.0,0.000246787,1
20.0,6,64.0,4831.034324,1.0,0.0,0.0,0,10,0,1.0,1.0,0.0,0.0,0.0,1.0,1.0,540,54,54,54.0,54.0,0.000225496,1
18.0,6,61.9,3658.993283,0.9,0.0,0.0,0,9,0,0.9,0.9,0.0,0.0,0.0,1.0,1.0,556,54,70,55.6,55.6,0.000300407,1
20.0,6,64.0,1106.209516,1.0,0.0,0.0,0,10,0,1.0,1.0,0.0,0.0,0.0,1.0,1.0,540,54,54,54.0,54.0,0.000920701,1
20.0,6,64.0,5088.939578,1.0,0.0,0.0,0,10,0,1.0,1.0,0.0,0.0,0.0,1.0,1.0,540,54,54,54.0,54.0,0.000218606,1
20.0,6,61.8,6716.259408,0.8,0.0,0.2,2,8,0,1.0,1.0,0.0,0.0,0.0,1.0,1.0,549,54,63,54.9,54.9,0.000164199,1
20.0,6,64.0,6963.812054,1.0,0.0,0.0,0,10,0,1.0,1.0,0.0,0.0,0.0,1.0,1.0,540,54,54,54.0,54.0,0.000159693,1
20.0,6,64.0,7558.666426,1.0,0.0,0.0,0,10,0,1.0,1.0,0.0,0.0,0.0,1.0,1.0,540,54,54,54.0,54.0,0.000160789,1
20.0,6,64.0,6882.678044,1.0,0.0,0.0,0,10,0,1.0,1.0,0.0,0.0,0.0,1.0,1.0,540,54,54,54.0,54.0,0.000159311,1
20.0,6,64.0,3431.484906,1.0,0.0,0.0,0,10,0,1.0,1.0,0.0,0.0,0.0,1.0,1.0,540,54,54,54.0,54.0,0.000318122,1
24.0,6,136.9,377.0160899,0.4,0.4,0.7,7,4,4,0.9,0.9,0.0,0.0,0.0,1.0,1.0,616,54,74,61.6,61.6,0.002701807,1
20.0,6,64.0,3612.664944,1.0,0.0,0.0,0,10,0,1.0,1.0,0.0,0.0,0.0,1.0,1.0,540,54,54,54.0,54.0,0.000311708,1
18.0,6,81.6,42.24773063,0.9,0.0,0.0,0,9,0,0.9,0.9,0.0,0.0,0.0,1.0,1.0,556,54,70,55.6,55.6,0.026097488,1
20.0,6,64.0,5186.477062,1.0,0.0,0.0,0,10,0,1.0,1.0,0.0,0.0,0.0,1.0,1.0,540,54,54,54.0,54.0,0.000210404,1
20.0,6,64.0,5336.264631,1.0,0.0,0.0,0,10,0,1.0,1.0,0.0,0.0,0.0,1.0,1.0,540,54,54,54.0,54.0,0.000208592,1
20.0,6,64.0,7046.88172,1.0,0.0,0.0,0,10,0,1.0,1.0,0.0,0.0,0.0,1.0,1.0,540,54,54,54.0,54.0,0.000158906,1
20.0,6,64.0,907.4455334,0.9,0.0,0.1,1,9,0,1.0,1.0,0.0,0.0,0.0,1.0,1.0,540,54,54,54.0,54.0,0.001156688,1
20.0,6,64.0,7838.355448,1.0,0.0,0.0,0,10,0,1.0,1.0,0.0,0.0,0.0,1.0,1.0,540,54,54,54.0,54.0,0.00014379,1
20.0,6,64.0,7219.111876,1.0,0.0,0.0,0,10,0,1.0,1.0,0.0,0.0,0.0,1.0,1.0,540,54,54,54.0,54.0,0.00015161,1
20.0,6,64.0,6329.11423,1.0,0.0,0.0,0,10,0,1.0,1.0,0.0,0.0,0.0,1.0,1.0,540,54,54,54.0,54.0,0.00018909,1
20.0,6,64.0,5727.57613,1.0,0.0,0.0,0,10,0,1.0,1.0,0.0,0.0,0.0,1.0,1.0,540,54,54,54.0,54.0,0.00019331,1
20.0,6,64.0,5104.422539,1.0,0.0,0.0,0,10,0,1.0,1.0,0.0,0.0,0.0,1.0,1.0,540,54,54,54.0,54.0,0.000215507,1
7.2,17,57.6,2.079277903,0.0,0.0,0.0,0,0,0,0.0,0.0,0.9,0.9,0.1,0.9,0.9,3120,42,342,312.0,312.0,0.554208302,1
20.0,6,64.0,6661.855146,1.0,0.0,0.0,0,10,0,1.0,1.0,0.0,0.0,0.0,1.0,1.0,540,54,54,54.0,54.0,0.000165701,1
35.2,6,58.2,256.7726374,0.4,0.2,0.8,8,4,2,1.0,1.0,0.0,0.0,0.0,1.0,1.0,712,66,86,71.2,71.2,0.005598497,1
20.0,6,64.0,6083.1095,1.0,0.0,0.0,0,10,0,1.0,1.0,0.0,0.0,0.0,1.0,1.0,540,54,54,54.0,54.0,0.000182581,1
20.0,6,64.0,5665.68148,1.0,0.0,0.0,0,10,0,1.0,1.0,0.0,0.0,0.0,1.0,1.0,540,54,54,54.0,54.0,0.000191903,1
18.0,6,62.5,1924.963973,0.9,0.0,0.0,0,9,0,0.9,0.9,0.0,0.0,0.0,1.0,1.0,572,54,86,57.2,57.2,0.000537181,1
20.0,6,64.0,4012.920015,1.0,0.0,0.0,0,10,0,1.0,1.0,0.0,0.0,0.0,1.0,1.0,540,54,54,54.0,54.0,0.000282907,1
22.4,6,62.3,453.6197182,0.8,0.0,0.2,2,8,0,1.0,1.0,0.0,0.0,0.0,1.0,1.0,564,54,66,56.4,56.4,0.002220798,1
20.0,6,64.0,3597.173242,1.0,0.0,0.0,0,10,0,1.0,1.0,0.0,0.0,0.0,1.0,1.0,540,54,54,54.0,54.0,0.000305605,1
20.0,6,64.0,6384.996194,1.0,0.0,0.0,0,10,0,1.0,1.0,0.0,0.0,0.0,1.0,1.0,540,54,54,54.0,54.0,0.000174117,1
20.0,6,81.0,4045.432099,0.9,0.1,0.1,1,9,1,1.0,1.0,0.0,0.0,0.0,1.0,1.0,540,54,54,54.0,54.0,0.000279403,1
20.0,6,64.0,5032.762179,1.0,0.0,0.0,0,10,0,1.0,1.0,0.0,0.0,0.0,1.0,1.0,540,54,54,54.0,54.0,0.000215697,1
8.0,17,64.0,1.991830289,0.0,0.0,0.0,0,0,0,0.0,0.0,1.0,1.0,0.0,1.0,1.0,3420,342,342,342.0,342.0,0.602396894,1
20.0,6,64.0,5871.908162,1.0,0.0,0.0,0,10,0,1.0,1.0,0.0,0.0,0.0,1.0,1.0,540,54,54,54.0,54.0,0.000285006,1
20.0,6,64.0,5399.46447,1.0,0.0,0.0,0,10,0,1.0,1.0,0.0,0.0,0.0,1.0,1.0,540,54,54,54.0,54.0,0.000207019,1
20.0,6,62.7,2219.208466,0.9,0.1,0.1,1,9,1,1.0,1.0,0.0,0.0,0.0,1.0,1.0,540,54,54,54.0,54.0,0.000490713,1
20.0,6,64.0,4608.618833,1.0,0.0,0.0,0,10,0,1.0,1.0,0.0,0.0,0.0,1.0,1.0,540,54,54,54.0,54.0,0.000236201,1
20.0,6,64.0,5249.441802,1.0,0.0,0.0,0,10,0,1.0,1.0,0.0,0.0,0.0,1.0,1.0,540,54,54,54.0,54.0,0.000217795,1
20.0,6,64.0,4644.854928,1.0,0.0,0.0,0,10,0,1.0,1.0,0.0,0.0,0.0,1.0,1.0,540,54,54,54.0,54.0,0.000239396,1
23.2,6,62.0,3479.595155,0.9,0.0,0.2,2,9,0,1.0,1.0,0.0,0.0,0.0,1.0,1.0,572,54,74,57.2,57.2,0.000296688,1
20.0,6,64.0,6882.678044,1.0,0.0,0.0,0,10,0,1.0,1.0,0.0,0.0,0.0,1.0,1.0,540,54,54,54.0,54.0,0.000157881,1
17.6,6,64.0,123.1434838,0.8,0.0,0.0,0,8,0,0.8,0.8,0.2,0.2,0.0,1.0,1.0,1116,54,342,111.6,111.6,0.008327293,1
18.8,6,61.1,50.79110433,0.7,0.2,0.2,2,7,2,0.0,0.9,0.1,0.1,0.0,1.0,1.0,828,54,342,82.8,82.8,0.024260497,1
18.0,6,80.2,2964.801018,0.8,0.1,0.1,1,8,1,0.9,0.9,0.0,0.0,0.0,1.0,1.0,556,54,70,55.6,55.6,0.001123691,1
20.0,6,64.0,991.8660581,1.0,0.0,0.0,0,10,0,1.0,1.0,0.0,0.0,0.0,1.0,1.0,540,54,54,54.0,54.0,0.001029587,1
20.0,6,64.0,4198.082274,1.0,0.0,0.0,0,10,0,1.0,1.0,0.0,0.0,0.0,1.0,1.0,540,54,54,54.0,54.0,0.000266004,1
20.0,6,64.0,6535.219695,1.0,0.0,0.0,0,10,0,1.0,1.0,0.0,0.0,0.0,1.0,1.0,540,54,54,54.0,54.0,0.000173903,1
20.0,6,62.6,3090.181979,0.9,0.1,0.1,1,9,1,1.0,1.0,0.0,0.0,0.0,1.0,1.0,540,54,54,54.0,54.0,0.000346398,1
20.0,6,64.0,37.63175768,1.0,0.0,0.0,0,10,0,1.0,1.0,0.0,0.0,0.0,1.0,1.0,540,54,54,54.0,54.0,0.029436684,1
23.2,6,62.7,3127.043913,0.9,0.0,0.2,2,9,0,1.0,1.0,0.0,0.0,0.0,1.0,1.0,572,54,74,57.2,57.2,0.000454497,1
20.0,6,64.0,3791.975409,1.0,0.0,0.0,0,10,0,1.0,1.0,0.0,0.0,0.0,1.0,1.0,540,54,54,54.0,54.0,0.000286317,1
20.0,6,64.0,4145.798162,1.0,0.0,0.0,0,10,0,1.0,1.0,0.0,0.0,0.0,1.0,1.0,540,54,54,54.0,54.0,0.000261307,1
20.0,6,62.3,2614.413763,0.9,0.1,0.1,1,9,1,1.0,1.0,0.0,0.0,0.0,1.0,1.0,540,54,54,54.0,54.0,0.000405002,1
20.0,6,64.0,3463.790569,1.0,0.0,0.0,0,10,0,1.0,1.0,0.0,0.0,0.0,1.0,1.0,540,54,54,54.0,54.0,0.000348711,1
20.0,6,64.0,4063.46057,1.0,0.0,0.0,0,10,0,1.0,1.0,0.0,0.0,0.0,1.0,1.0,540,54,54,54.0,54.0,0.000272989,1
20.0,6,64.0,5402.942162,1.0,0.0,0.0,0,10,0,1.0,1.0,0.0,0.0,0.0,1.0,1.0,540,54,54,54.0,54.0,0.000202394,1
20.0,6,64.0,5086.471016,1.0,0.0,0.0,0,10,0,1.0,1.0,0.0,0.0,0.0,1.0,1.0,540,54,54,54.0,54.0,0.000219893,1
20.0,6,64.0,6270.449993,1.0,0.0,0.0,0,10,0,1.0,1.0,0.0,0.0,0.0,1.0,1.0,540,54,54,54.0,54.0,0.00017128,1
24.4,6,62.3,3513.70026,0.8,0.0,0.2,2,8,0,1.0,1.0,0.0,0.0,0.0,1.0,1.0,584,54,74,58.4,58.4,0.005789113,1
20.0,6,64.0,6207.346456,1.0,0.0,0.0,0,10,0,1.0,1.0,0.0,0.0,0.0,1.0,1.0,540,54,54,54.0,54.0,0.000178695,1
20.0,6,64.0,6670.330789,1.0,0.0,0.0,0,10,0,1.0,1.0,0.0,0.0,0.0,1.0,1.0,540,54,54,54.0,54.0,0.000174522,1
20.0,6,64.0,5455.650364,1.0,0.0,0.0,0,10,0,1.0,1.0,0.0,0.0,0.0,1.0,1.0,540,54,54,54.0,54.0,0.000204396,1
20.0,6,64.0,5875.198207,1.0,0.0,0.0,0,10,0,1.0,1.0,0.0,0.0,0.0,1.0,1.0,540,54,54,54.0,54.0,0.000193191,1
20.0,6,64.0,5671.810683,1.0,0.0,0.0,0,10,0,1.0,1.0,0.0,0.0,0.0,1.0,1.0,540,54,54,54.0,54.0,0.000192904,1
19.2,6,57.5,1310.269595,0.5,0.1,0.4,4,5,1,0.9,0.9,0.0,0.0,0.0,1.0,1.0,1120,54,590,112.0,112.0,0.000792384,1
7.2,17,57.6,2.276351884,0.0,0.0,0.0,0,0,0,0.0,0.0,0.9,0.9,0.1,0.9,0.9,3120,42,342,312.0,312.0,0.502577996,1
20.0,6,64.0,5257.996741,1.0,0.0,0.0,0,10,0,1.0,1.0,0.0,0.0,0.0,1.0,1.0,540,54,54,54.0,54.0,0.00021019,1
20.0,6,64.0,4256.880138,1.0,0.0,0.0,0,10,0,1.0,1.0,0.0,0.0,0.0,1.0,1.0,540,54,54,54.0,54.0,0.000250506,1
20.0,6,64.0,5000.362423,1.0,0.0,0.0,0,10,0,1.0,1.0,0.0,0.0,0.0,1.0,1.0,540,54,54,54.0,54.0,0.00021348,1
20.0,6,62.1,5854.695701,0.9,0.1,0.1,1,9,1,1.0,1.0,0.0,0.0,0.0,1.0,1.0,540,54,54,54.0,54.0,0.000191402,1
20.0,6,64.0,2891.028398,1.0,0.0,0.0,0,10,0,1.0,1.0,0.0,0.0,0.0,1.0,1.0,540,54,54,54.0,54.0,0.000375009,1
20.0,6,64.0,35.74774185,1.0,0.0,0.0,0,10,0,0.3,1.0,0.0,0.0,0.0,1.0,1.0,540,54,54,54.0,54.0,0.030606103,1
20.0,6,64.0,4759.763958,1.0,0.0,0.0,0,10,0,1.0,1.0,0.0,0.0,0.0,1.0,1.0,540,54,54,54.0,54.0,0.000223684,1
20.0,6,64.0,5639.779481,1.0,0.0,0.0,0,10,0,1.0,1.0,0.0,0.0,0.0,1.0,1.0,540,54,54,54.0,54.0,0.000196004,1
20.0,6,64.0,68.05499172,1.0,0.0,0.0,0,10,0,1.0,1.0,0.0,0.0,0.0,1.0,1.0,540,54,54,54.0,54.0,0.017940497,1
20.0,6,64.0,5007.526266,1.0,0.0,0.0,0,10,0,1.0,1.0,0.0,0.0,0.0,1.0,1.0,540,54,54,54.0,54.0,0.00021801,1
20.0,6,64.0,5708.089276,1.0,0.0,0.0,0,10,0,1.0,1.0,0.0,0.0,0.0,1.0,1.0,540,54,54,54.0,54.0,0.000201988,1
18.0,6,62.6,806.8451831,0.9,0.0,0.0,0,9,0,0.9,0.9,0.0,0.0,0.0,1.0,1.0,572,54,86,57.2,57.2,0.001255798,1
20.0,6,64.0,6154.517975,1.0,0.0,0.0,0,10,0,1.0,1.0,0.0,0.0,0.0,1.0,1.0,540,54,54,54.0,54.0,0.000179887,1
8.0,17,64.0,1.993361646,0.0,0.0,0.0,0,0,0,0.0,0.0,1.0,1.0,0.0,1.0,1.0,3420,342,342,342.0,342.0,0.5018049,1
18.4,6,96.5,368.2702912,0.2,0.2,0.7,7,2,2,0.7,0.7,0.0,0.0,0.0,1.0,1.0,664,54,86,66.4,66.4,0.003219199,1
28.4,6,56.2,76.01668114,0.1,0.1,0.8,8,1,1,0.9,0.9,0.0,0.0,0.0,1.0,1.0,691,54,86,69.1,69.1,0.014234686,1
20.4,6,61.0,3411.66748,0.7,0.0,0.2,2,7,0,0.9,0.9,0.0,0.0,0.0,1.0,1.0,593,54,79,59.3,59.3,0.0003057,1
20.0,6,64.0,6057.631427,1.0,0.0,0.0,0,10,0,1.0,1.0,0.0,0.0,0.0,1.0,1.0,540,54,54,54.0,54.0,0.000180793,1
20.0,6,64.0,2761.59073,1.0,0.0,0.0,0,10,0,1.0,1.0,0.0,0.0,0.0,1.0,1.0,540,54,54,54.0,54.0,0.000388622,1
20.0,6,64.0,5045.475761,1.0,0.0,0.0,0,10,0,1.0,1.0,0.0,0.0,0.0,1.0,1.0,540,54,54,54.0,54.0,0.000215793,1
18.0,6,62.6,3633.634237,0.9,0.0,0.0,0,9,0,0.9,0.9,0.0,0.0,0.0,1.0,1.0,572,54,86,57.2,57.2,0.000294304,1
20.0,6,64.0,4079.665402,1.0,0.0,0.0,0,10,0,1.0,1.0,0.0,0.0,0.0,1.0,1.0,540,54,54,54.0,54.0,0.000402212,1
20.0,6,64.0,6747.593308,1.0,0.0,0.0,0,10,0,1.0,1.0,0.0,0.0,0.0,1.0,1.0,540,54,54,54.0,54.0,0.000162101,1
15.6,6,62.5,32.45267661,0.7,0.0,0.0,0,7,0,0.6,0.7,0.2,0.2,0.0,1.0,1.0,1132,54,342,113.2,113.2,0.034900999,1
20.0,6,63.1,3569.924249,0.9,0.0,0.1,1,9,0,1.0,1.0,0.0,0.0,0.0,1.0,1.0,540,54,54,54.0,54.0,0.000302005,1
20.0,6,64.0,173.7865655,1.0,0.0,0.0,0,10,0,1.0,1.0,0.0,0.0,0.0,1.0,1.0,540,54,54,54.0,54.0,0.005802488,1
20.0,6,64.0,5500.726557,1.0,0.0,0.0,0,10,0,1.0,1.0,0.0,0.0,0.0,1.0,1.0,540,54,54,54.0,54.0,0.000218606,1
20.0,6,64.0,7183.257407,1.0,0.0,0.0,0,10,0,1.0,1.0,0.0,0.0,0.0,1.0,1.0,540,54,54,54.0,54.0,0.000166893,1
20.0,6,64.0,6447.815527,1.0,0.0,0.0,0,10,0,1.0,1.0,0.0,0.0,0.0,1.0,1.0,540,54,54,54.0,54.0,0.000173187,1
20.0,6,64.0,600.9634204,1.0,0.0,0.0,0,10,0,1.0,1.0,0.0,0.0,0.0,1.0,1.0,540,54,54,54.0,54.0,0.001718402,1
20.0,6,64.0,5770.125189,1.0,0.0,0.0,0,10,0,1.0,1.0,0.0,0.0,0.0,1.0,1.0,540,54,54,54.0,54.0,0.00018661,1
16.0,6,76.8,1388.520542,0.6,0.2,0.2,2,6,2,0.8,0.8,0.0,0.0,0.0,1.0,1.0,588,54,86,58.8,58.8,0.00072329,1
20.0,6,64.0,6484.700062,1.0,0.0,0.0,0,10,0,1.0,1.0,0.0,0.0,0.0,1.0,1.0,540,54,54,54.0,54.0,0.000172806,1
18.0,6,81.3,5455.650364,0.9,0.0,0.0,0,9,0,0.9,0.9,0.0,0.0,0.0,1.0,1.0,556,54,70,55.6,55.6,0.000200415,1
20.0,6,64.0,5977.346444,1.0,0.0,0.0,0,10,0,1.0,1.0,0.0,0.0,0.0,1.0,1.0,540,54,54,54.0,54.0,0.000186205,1
18.0,6,62.6,5896.673696,0.9,0.0,0.0,0,9,0,0.9,0.9,0.0,0.0,0.0,1.0,1.0,572,54,86,57.2,57.2,0.000185299,1
20.0,6,64.0,5058.253739,1.0,0.0,0.0,0,10,0,1.0,1.0,0.0,0.0,0.0,1.0,1.0,540,54,54,54.0,54.0,0.000227189,1
20.0,6,62.7,5324.748001,0.9,0.1,0.1,1,9,1,1.0,1.0,0.0,0.0,0.0,1.0,1.0,540,54,54,54.0,54.0,0.000211,1
20.0,6,64.0,3665.388447,1.0,0.0,0.0,0,10,0,1.0,1.0,0.0,0.0,0.0,1.0,1.0,540,54,54,54.0,54.0,0.000295901,1
20.0,6,64.0,4081.650448,1.0,0.0,0.0,0,10,0,1.0,1.0,0.0,0.0,0.0,1.0,1.0,540,54,54,54.0,54.0,0.000272799,1
20.0,6,64.0,6605.20315,1.0,0.0,0.0,0,10,0,1.0,1.0,0.0,0.0,0.0,1.0,1.0,540,54,54,54.0,54.0,0.000170183,1
20.0,6,64.0,5640.537924,1.0,0.0,0.0,0,10,0,1.0,1.0,0.0,0.0,0.0,1.0,1.0,540,54,54,54.0,54.0,0.000199103,1
17.6,6,64.0,56.37929737,0.8,0.0,0.0,0,8,0,0.8,0.8,0.2,0.2,0.0,1.0,1.0,1116,54,342,111.6,111.6,0.020190907,1
20.0,6,64.0,5787.641783,1.0,0.0,0.0,0,10,0,1.0,1.0,0.0,0.0,0.0,1.0,1.0,540,54,54,54.0,54.0,0.000188994,1
20.0,6,64.0,4495.984564,1.0,0.0,0.0,0,10,0,1.0,1.0,0.0,0.0,0.0,1.0,1.0,540,54,54,54.0,54.0,0.000248218,1
20.0,6,64.0,5740.117695,1.0,0.0,0.0,0,10,0,1.0,1.0,0.0,0.0,0.0,1.0,1.0,540,54,54,54.0,54.0,0.00018971,1
8.4,1,91.7,213.5657912,0.2,0.2,0.2,2,2,2,0.4,0.4,0.0,0.0,0.0,1.0,1.0,736,54,86,73.6,73.6,0.004702497,1
20.0,6,64.0,5854.695701,1.0,0.0,0.0,0,10,0,1.0,1.0,0.0,0.0,0.0,1.0,1.0,540,54,54,54.0,54.0,0.000182891,1
20.0,6,64.0,5970.539502,1.0,0.0,0.0,0,10,0,1.0,1.0,0.0,0.0,0.0,1.0,1.0,540,54,54,54.0,54.0,0.000181603,1
20.0,6,64.0,4803.371507,1.0,0.0,0.0,0,10,0,1.0,1.0,0.0,0.0,0.0,1.0,1.0,540,54,54,54.0,54.0,0.000226784,1
20.0,6,64.0,4376.360601,1.0,0.0,0.0,0,10,0,1.0,1.0,0.0,0.0,0.0,1.0,1.0,540,54,54,54.0,54.0,0.000258994,1
12.4,6,58.1,48.2317902,0.1,0.1,0.2,2,1,1,0.4,0.4,0.3,0.3,0.0,1.0,1.0,1520,54,342,152.0,152.0,0.020736313,1
20.0,6,64.0,7390.844053,1.0,0.0,0.0,0,10,0,1.0,1.0,0.0,0.0,0.0,1.0,1.0,540,54,54,54.0,54.0,0.000153017,1
20.0,6,64.0,4935.63662,1.0,0.0,0.0,0,10,0,1.0,1.0,0.0,0.0,0.0,1.0,1.0,540,54,54,54.0,54.0,0.00022049,1
20.0,6,64.0,7158.736986,1.0,0.0,0.0,0,10,0,1.0,1.0,0.0,0.0,0.0,1.0,1.0,540,54,54,54.0,54.0,0.000160789,1
20.0,6,64.0,6649.181991,1.0,0.0,0.0,0,10,0,1.0,1.0,0.0,0.0,0.0,1.0,1.0,540,54,54,54.0,54.0,0.000166798,1
20.0,6,64.0,3671.163239,1.0,0.0,0.0,0,10,0,1.0,1.0,0.0,0.0,0.0,1.0,1.0,540,54,54,54.0,54.0,0.000298786,1
20.0,6,64.0,7289.370872,1.0,0.0,0.0,0,10,0,1.0,1.0,0.0,0.0,0.0,1.0,1.0,540,54,54,54.0,54.0,0.000159001,1
20.0,6,64.0,272.0553152,1.0,0.0,0.0,0,10,0,0.9,1.0,0.0,0.0,0.0,1.0,1.0,540,54,54,54.0,54.0,0.003760004,1
20.0,6,64.0,5491.364231,1.0,0.0,0.0,0,10,0,1.0,1.0,0.0,0.0,0.0,1.0,1.0,540,54,54,54.0,54.0,0.000202608,1
20.0,6,64.0,5858.784746,1.0,0.0,0.0,0,10,0,1.0,1.0,0.0,0.0,0.0,1.0,1.0,540,54,54,54.0,54.0,0.000192189,1
20.0,6,64.0,4614.703488,1.0,0.0,0.0,0,10,0,1.0,1.0,0.0,0.0,0.0,1.0,1.0,540,54,54,54.0,54.0,0.000237012,1
20.0,6,64.0,3434.013427,1.0,0.0,0.0,0,10,0,1.0,1.0,0.0,0.0,0.0,1.0,1.0,540,54,54,54.0,54.0,0.00030911,1
20.0,6,64.0,6027.164823,1.0,0.0,0.0,0,10,0,1.0,1.0,0.0,0.0,0.0,1.0,1.0,540,54,54,54.0,54.0,0.000209308,1
20.0,6,62.5,2091.609236,0.9,0.1,0.1,1,9,1,1.0,1.0,0.0,0.0,0.0,1.0,1.0,540,54,54,54.0,54.0,0.000503492,1
20.0,6,64.0,4084.830541,1.0,0.0,0.0,0,10,0,1.0,1.0,0.0,0.0,0.0,1.0,1.0,540,54,54,54.0,54.0,0.000272417,1
20.0,6,64.0,4140.886563,1.0,0.0,0.0,0,10,0,1.0,1.0,0.0,0.0,0.0,1.0,1.0,540,54,54,54.0,54.0,0.000261688,1
24.4,6,75.0,1941.807407,0.8,0.0,0.3,3,8,0,1.0,1.0,0.0,0.0,0.0,1.0,1.0,584,54,74,58.4,58.4,0.000531387,1
20.0,6,64.0,7277.987159,1.0,0.0,0.0,0,10,0,1.0,1.0,0.0,0.0,0.0,1.0,1.0,540,54,54,54.0,54.0,0.000149608,1
18.0,6,62.1,2456.400586,0.9,0.0,0.0,0,9,0,0.9,0.9,0.0,0.0,0.0,1.0,1.0,556,54,70,55.6,55.6,0.000438309,1
20.0,6,64.0,4950.199457,1.0,0.0,0.0,0,10,0,1.0,1.0,0.0,0.0,0.0,1.0,1.0,540,54,54,54.0,54.0,0.0002141,1
17.6,6,64.0,49.17362871,0.8,0.0,0.0,0,8,0,0.6,0.8,0.2,0.2,0.0,1.0,1.0,1116,54,342,111.6,111.6,0.0205616,1
20.0,6,64.0,4422.505272,1.0,0.0,0.0,0,10,0,1.0,1.0,0.0,0.0,0.0,1.0,1.0,540,54,54,54.0,54.0,0.000237417,1
20.0,6,64.0,5405.030928,1.0,0.0,0.0,0,10,0,1.0,1.0,0.0,0.0,0.0,1.0,1.0,540,54,54,54.0,54.0,0.0002069,1
20.0,6,64.0,5984.168926,1.0,0.0,0.0,0,10,0,1.0,1.0,0.0,0.0,0.0,1.0,1.0,540,54,54,54.0,54.0,0.000185895,1
20.4,6,81.6,6472.691358,1.0,0.0,0.1,1,10,0,1.0,1.0,0.0,0.0,0.0,1.0,1.0,544,54,58,54.4,54.4,0.000174284,1
18.0,6,82.1,3280.901126,0.8,0.0,0.1,1,8,0,0.9,0.9,0.0,0.0,0.0,1.0,1.0,572,54,86,57.2,57.2,0.0003371,1
20.0,6,64.0,6097.258322,1.0,0.0,0.0,0,10,0,1.0,1.0,0.0,0.0,0.0,1.0,1.0,540,54,54,54.0,54.0,0.000177789,1
22.4,6,61.4,3217.477754,0.8,0.0,0.2,2,8,0,1.0,1.0,0.0,0.0,0.0,1.0,1.0,613,54,115,61.3,61.3,0.000335193,1
20.0,6,64.0,7037.422819,1.0,0.0,0.0,0,10,0,1.0,1.0,0.0,0.0,0.0,1.0,1.0,540,54,54,54.0,54.0,0.000158882,1
20.0,6,64.0,4448.302047,1.0,0.0,0.0,0,10,0,1.0,1.0,0.0,0.0,0.0,1.0,1.0,540,54,54,54.0,54.0,0.000252414,1
20.0,6,64.0,5924.158192,1.0,0.0,0.0,0,10,0,1.0,1.0,0.0,0.0,0.0,1.0,1.0,540,54,54,54.0,54.0,0.000190902,1
21.2,6,84.8,120.9555779,0.6,0.2,0.1,1,6,2,0.9,0.9,0.0,0.0,0.0,1.0,1.0,590,54,74,59.0,59.0,0.010095716,1
33.6,6,76.9,210.9609243,0.2,0.0,0.9,9,2,0,1.0,1.0,0.0,0.0,0.0,1.0,1.0,751,66,120,75.1,75.1,0.004794598,1
20.0,6,64.0,2290.467453,1.0,0.0,0.0,0,10,0,1.0,1.0,0.0,0.0,0.0,1.0,1.0,540,54,54,54.0,54.0,0.000467491,1
20.0,6,64.0,3830.064834,1.0,0.0,0.0,0,10,0,1.0,1.0,0.0,0.0,0.0,1.0,1.0,540,54,54,54.0,54.0,0.000289702,1
20.0,6,64.0,4707.940285,1.0,0.0,0.0,0,10,0,1.0,1.0,0.0,0.0,0.0,1.0,1.0,540,54,54,54.0,54.0,0.000237203,1
18.0,6,81.7,4547.656945,0.9,0.0,0.0,0,9,0,0.9,0.9,0.0,0.0,0.0,1.0,1.0,556,54,70,55.6,55.6,0.000241184,1
20.0,6,64.0,780.4663106,1.0,0.0,0.0,0,10,0,1.0,1.0,0.0,0.0,0.0,1.0,1.0,540,54,54,54.0,54.0,0.001349497,1
20.0,6,64.0,5806.872491,1.0,0.0,0.0,0,10,0,1.0,1.0,0.0,0.0,0.0,1.0,1.0,540,54,54,54.0,54.0,0.000185895,1
20.0,6,64.0,5614.864793,1.0,0.0,0.0,0,10,0,1.0,1.0,0.0,0.0,0.0,1.0,1.0,540,54,54,54.0,54.0,0.000191593,1
20.0,6,64.0,7215.386203,1.0,0.0,0.0,0,10,0,1.0,1.0,0.0,0.0,0.0,1.0,1.0,540,54,54,54.0,54.0,0.000157499,1
20.0,6,64.0,7999.816899,1.0,0.0,0.0,0,10,0,1.0,1.0,0.0,0.0,0.0,1.0,1.0,540,54,54,54.0,54.0,0.000143409,1
20.0,6,64.0,5539.960375,1.0,0.0,0.0,0,10,0,1.0,1.0,0.0,0.0,0.0,1.0,1.0,540,54,54,54.0,54.0,0.000193691,1
20.0,6,64.0,3054.401398,1.0,0.0,0.0,0,10,0,1.0,1.0,0.0,0.0,0.0,1.0,1.0,540,54,54,54.0,54.0,0.00036478,1
20.0,6,64.0,7096.961083,1.0,0.0,0.0,0,10,0,1.0,1.0,0.0,0.0,0.0,1.0,1.0,540,54,54,54.0,54.0,0.000160098,1
20.0,6,62.7,4332.958678,0.9,0.1,0.1,1,9,1,1.0,1.0,0.0,0.0,0.0,1.0,1.0,540,54,54,54.0,54.0,0.000257993,1
20.0,6,64.0,790.9602474,1.0,0.0,0.0,0,10,0,1.0,1.0,0.0,0.0,0.0,1.0,1.0,540,54,54,54.0,54.0,0.001288986,1
20.0,6,64.0,6887.198686,1.0,0.0,0.0,0,10,0,1.0,1.0,0.0,0.0,0.0,1.0,1.0,540,54,54,54.0,54.0,0.000166702,1
18.0,6,62.5,2392.370522,0.9,0.0,0.0,0,9,0,0.9,0.9,0.0,0.0,0.0,1.0,1.0,572,54,86,57.2,57.2,0.000420904,1
20.0,6,62.1,642.9628721,0.9,0.1,0.1,1,9,1,1.0,1.0,0.0,0.0,0.0,1.0,1.0,540,54,54,54.0,54.0,0.001575184,1
20.0,6,64.0,7542.355691,1.0,0.0,0.0,0,10,0,1.0,1.0,0.0,0.0,0.0,1.0,1.0,540,54,54,54.0,54.0,0.0001472,1
20.0,6,64.0,3498.752085,1.0,0.0,0.0,0,10,0,1.0,1.0,0.0,0.0,0.0,1.0,1.0,540,54,54,54.0,54.0,0.000551105,1
20.0,6,64.0,289.7799518,1.0,0.0,0.0,0,10,0,0.8,1.0,0.0,0.0,0.0,1.0,1.0,540,54,54,54.0,54.0,0.003855801,1
20.0,6,64.0,3305.725095,1.0,0.0,0.0,0,10,0,1.0,1.0,0.0,0.0,0.0,1.0,1.0,540,54,54,54.0,54.0,0.000335002,1
20.0,6,64.0,7230.312015,1.0,0.0,0.0,0,10,0,1.0,1.0,0.0,0.0,0.0,1.0,1.0,540,54,54,54.0,54.0,0.000153494,1
20.0,6,64.0,3962.123559,1.0,0.0,0.0,0,10,0,1.0,1.0,0.0,0.0,0.0,1.0,1.0,540,54,54,54.0,54.0,0.000292087,1
21.2,6,69.4,2054.218827,0.9,0.0,0.1,1,9,0,1.0,1.0,0.0,0.0,0.0,1.0,1.0,552,54,66,55.2,55.2,0.000526309,1
16.4,6,84.9,268.413124,0.2,0.4,0.6,6,2,4,0.7,0.7,0.0,0.0,0.0,1.0,1.0,644,54,86,64.4,64.4,0.003776002,1
20.0,6,64.0,19.21344202,1.0,0.0,0.0,0,10,0,0.7,1.0,0.0,0.0,0.0,1.0,1.0,540,54,54,54.0,54.0,0.052212214,1
18.0,6,62.7,7468.490028,0.9,0.0,0.0,0,9,0,0.9,0.9,0.0,0.0,0.0,1.0,1.0,572,54,86,57.2,57.2,0.000152802,1
20.0,6,64.0,6905.340797,1.0,0.0,0.0,0,10,0,1.0,1.0,0.0,0.0,0.0,1.0,1.0,540,54,54,54.0,54.0,0.000163817,1
24.4,6,63.0,3587.941831,0.7,0.1,0.3,3,7,1,1.0,1.0,0.0,0.0,0.0,1.0,1.0,584,54,74,58.4,58.4,0.000296998,1
20.0,6,62.4,2525.928335,0.9,0.1,0.1,1,9,1,1.0,1.0,0.0,0.0,0.0,1.0,1.0,540,54,54,54.0,54.0,0.000453997,1
20.0,6,64.0,1670.571554,1.0,0.0,0.0,0,10,0,1.0,1.0,0.0,0.0,0.0,1.0,1.0,540,54,54,54.0,54.0,0.000621891,1
20.0,6,64.0,2677.329248,1.0,0.0,0.0,0,10,0,1.0,1.0,0.0,0.0,0.0,1.0,1.0,540,54,54,54.0,54.0,0.000403595,1
20.0,6,64.0,5467.740842,1.0,0.0,0.0,0,10,0,1.0,1.0,0.0,0.0,0.0,1.0,1.0,540,54,54,54.0,54.0,0.00020268,1
20.0,6,64.0,5341.701477,1.0,0.0,0.0,0,10,0,1.0,1.0,0.0,0.0,0.0,1.0,1.0,540,54,54,54.0,54.0,0.000204015,1
20.0,6,64.0,6123.965542,1.0,0.0,0.0,0,10,0,1.0,1.0,0.0,0.0,0.0,1.0,1.0,540,54,54,54.0,54.0,0.000180507,1
20.0,6,64.0,8150.610183,1.0,0.0,0.0,0,10,0,1.0,1.0,0.0,0.0,0.0,1.0,1.0,540,54,54,54.0,54.0,0.00013299,1
21.2,6,67.8,3912.597015,0.9,0.0,0.1,1,9,0,1.0,1.0,0.0,0.0,0.0,1.0,1.0,601,54,115,60.1,60.1,0.000279188,1
16.0,6,79.9,4801.172161,0.8,0.0,0.0,0,8,0,0.8,0.8,0.0,0.0,0.0,1.0,1.0,588,54,86,58.8,58.8,0.000230789,1
20.0,6,64.0,4601.540318,0.6,0.0,0.4,4,6,0,1.0,1.0,0.0,0.0,0.0,1.0,1.0,543,54,57,54.3,54.3,0.00024631,1
16.8,6,81.6,11.61579057,0.8,0.0,0.0,0,8,0,0.8,0.8,0.1,0.1,0.0,1.0,1.0,844,54,342,84.4,84.4,0.087545896,1
20.0,6,64.0,5714.310627,1.0,0.0,0.0,0,10,0,1.0,1.0,0.0,0.0,0.0,1.0,1.0,540,54,54,54.0,54.0,0.000194216,1
20.0,6,64.0,5721.325876,1.0,0.0,0.0,0,10,0,1.0,1.0,0.0,0.0,0.0,1.0,1.0,540,54,54,54.0,54.0,0.000191092,1
20.0,6,64.0,7727.162859,1.0,0.0,0.0,0,10,0,1.0,1.0,0.0,0.0,0.0,1.0,1.0,540,54,54,54.0,54.0,0.000152516,1
20.0,6,80.6,3995.336255,0.8,0.2,0.2,2,8,2,1.0,1.0,0.0,0.0,0.0,1.0,1.0,540,54,54,54.0,54.0,0.000273299,1
20.0,6,64.0,4347.780657,1.0,0.0,0.0,0,10,0,1.0,1.0,0.0,0.0,0.0,1.0,1.0,540,54,54,54.0,54.0,0.000253105,1
20.0,6,64.0,6998.671784,1.0,0.0,0.0,0,10,0,1.0,1.0,0.0,0.0,0.0,1.0,1.0,540,54,54,54.0,54.0,0.000153899,1
20.0,6,64.0,5341.701477,1.0,0.0,0.0,0,10,0,1.0,1.0,0.0,0.0,0.0,1.0,1.0,540,54,54,54.0,54.0,0.000205493,1
18.0,6,82.1,2334.318789,0.9,0.0,0.0,0,9,0,0.9,0.9,0.0,0.0,0.0,1.0,1.0,596,54,110,59.6,59.6,0.000452209,1
16.0,6,80.1,2383.262685,0.8,0.0,0.0,0,8,0,0.8,0.8,0.0,0.0,0.0,1.0,1.0,588,54,86,58.8,58.8,0.000450301,1
20.0,6,64.0,6226.698337,1.0,0.0,0.0,0,10,0,1.0,1.0,0.0,0.0,0.0,1.0,1.0,540,54,54,54.0,54.0,0.000186515,1
20.0,6,64.0,6112.363742,1.0,0.0,0.0,0,10,0,1.0,1.0,0.0,0.0,0.0,1.0,1.0,540,54,54,54.0,54.0,0.000189614,1
24.0,6,97.5,117.1878082,0.7,0.2,0.2,2,7,2,1.0,1.0,0.0,0.0,0.0,1.0,1.0,580,54,74,58.0,58.0,0.009469795,1
20.0,6,62.5,3676.311684,0.9,0.1,0.1,1,9,1,1.0,1.0,0.0,0.0,0.0,1.0,1.0,540,54,54,54.0,54.0,0.000295115,1
20.0,6,64.0,6802.309439,1.0,0.0,0.0,0,10,0,1.0,1.0,0.0,0.0,0.0,1.0,1.0,540,54,54,54.0,54.0,0.000157309,1
20.0,6,64.0,6321.483044,1.0,0.0,0.0,0,10,0,1.0,1.0,0.0,0.0,0.0,1.0,1.0,540,54,54,54.0,54.0,0.000177789,1
20.0,6,64.0,8395.324259,1.0,0.0,0.0,0,10,0,1.0,1.0,0.0,0.0,0.0,1.0,1.0,540,54,54,54.0,54.0,0.000132608,1
20.0,6,64.0,3585.488118,1.0,0.0,0.0,0,10,0,1.0,1.0,0.0,0.0,0.0,1.0,1.0,540,54,54,54.0,54.0,0.000306606,1
20.0,6,64.0,6361.753375,1.0,0.0,0.0,0,10,0,1.0,1.0,0.0,0.0,0.0,1.0,1.0,540,54,54,54.0,54.0,0.00017848,1
20.0,6,64.0,6793.495303,1.0,0.0,0.0,0,10,0,1.0,1.0,0.0,0.0,0.0,1.0,1.0,540,54,54,54.0,54.0,0.000162005,1
20.0,6,62.6,6365.61542,0.9,0.1,0.1,1,9,1,1.0,1.0,0.0,0.0,0.0,1.0,1.0,540,54,54,54.0,54.0,0.000173187,1
20.0,6,58.8,430.2556317,0.9,0.0,0.1,1,9,0,1.0,1.0,0.0,0.0,0.0,1.0,1.0,540,54,54,54.0,54.0,0.002325392,1
18.0,6,75.3,747.7810661,0.8,0.1,0.1,1,8,1,0.9,0.9,0.0,0.0,0.0,1.0,1.0,572,54,86,57.2,57.2,0.001371598,1
20.0,6,64.0,5671.810683,1.0,0.0,0.0,0,10,0,1.0,1.0,0.0,0.0,0.0,1.0,1.0,540,54,54,54.0,54.0,0.000197601,1
32.8,6,57.3,43.7642453,0.1,0.0,0.9,9,1,0,1.0,1.0,0.0,0.0,0.0,1.0,1.0,675,66,74,67.5,67.5,0.02733531,1
20.0,6,64.0,7423.546903,1.0,0.0,0.0,0,10,0,1.0,1.0,0.0,0.0,0.0,1.0,1.0,540,54,54,54.0,54.0,0.000150609,1
20.0,6,64.0,3769.1445,1.0,0.0,0.0,0,10,0,1.0,1.0,0.0,0.0,0.0,1.0,1.0,540,54,54,54.0,54.0,0.000268197,1
20.0,6,64.0,4748.447866,1.0,0.0,0.0,0,10,0,1.0,1.0,0.0,0.0,0.0,1.0,1.0,540,54,54,54.0,54.0,0.000230694,1
20.0,6,64.0,3796.437364,1.0,0.0,0.0,0,10,0,1.0,1.0,0.0,0.0,0.0,1.0,1.0,540,54,54,54.0,54.0,0.00028441,1
26.4,6,61.2,673.6755541,0.8,0.0,0.4,4,8,0,1.0,1.0,0.0,0.0,0.0,1.0,1.0,604,54,74,60.4,60.4,0.001511693,1
20.0,6,64.0,3204.939253,1.0,0.0,0.0,0,10,0,1.0,1.0,0.0,0.0,0.0,1.0,1.0,540,54,54,54.0,54.0,0.000343513,1
20.0,6,64.0,5288.493254,1.0,0.0,0.0,0,10,0,1.0,1.0,0.0,0.0,0.0,1.0,1.0,540,54,54,54.0,54.0,0.000212789,1
21.2,6,86.5,573.823296,0.7,0.2,0.3,3,7,2,1.0,1.0,0.0,0.0,0.0,1.0,1.0,552,54,66,55.2,55.2,0.001769614,1
20.0,6,64.0,5494.961352,1.0,0.0,0.0,0,10,0,1.0,1.0,0.0,0.0,0.0,1.0,1.0,540,54,54,54.0,54.0,0.000199485,1
20.0,6,64.0,4456.336592,1.0,0.0,0.0,0,10,0,1.0,1.0,0.0,0.0,0.0,1.0,1.0,540,54,54,54.0,54.0,0.000244117,1
20.0,6,64.0,5552.427853,1.0,0.0,0.0,0,10,0,1.0,1.0,0.0,0.0,0.0,1.0,1.0,540,54,54,54.0,54.0,0.000201392,1
20.0,6,64.0,6689.480064,1.0,0.0,0.0,0,10,0,1.0,1.0,0.0,0.0,0.0,1.0,1.0,540,54,54,54.0,54.0,0.000164104,1
20.0,6,64.0,5088.939578,1.0,0.0,0.0,0,10,0,1.0,1.0,0.0,0.0,0.0,1.0,1.0,540,54,54,54.0,54.0,0.000221515,1
20.0,6,62.5,746.2112155,0.9,0.1,0.1,1,9,1,1.0,1.0,0.0,0.0,0.0,1.0,1.0,540,54,54,54.0,54.0,0.00137589,1
20.0,6,64.0,4595.490303,1.0,0.0,0.0,0,10,0,1.0,1.0,0.0,0.0,0.0,1.0,1.0,540,54,54,54.0,54.0,0.000243807,1
20.0,6,64.0,5737.76197,1.0,0.0,0.0,0,10,0,1.0,1.0,0.0,0.0,0.0,1.0,1.0,540,54,54,54.0,54.0,0.000187802,1
20.0,6,64.0,7451.241784,1.0,0.0,0.0,0,10,0,1.0,1.0,0.0,0.0,0.0,1.0,1.0,540,54,54,54.0,54.0,0.000155401,1
20.0,6,64.0,3935.726752,1.0,0.0,0.0,0,10,0,1.0,1.0,0.0,0.0,0.0,1.0,1.0,540,54,54,54.0,54.0,0.000278687,1
20.0,6,64.0,4692.665026,1.0,0.0,0.0,0,10,0,1.0,1.0,0.0,0.0,0.0,1.0,1.0,540,54,54,54.0,54.0,0.000235891,1
20.0,6,64.0,2214.40473,1.0,0.0,0.0,0,10,0,1.0,1.0,0.0,0.0,0.0,1.0,1.0,540,54,54,54.0,54.0,0.000513387,1
20.0,6,64.0,4448.302047,1.0,0.0,0.0,0,10,0,1.0,1.0,0.0,0.0,0.0,1.0,1.0,540,54,54,54.0,54.0,0.000242114,1
20.0,6,64.0,3892.625522,1.0,0.0,0.0,0,10,0,1.0,1.0,0.0,0.0,0.0,1.0,1.0,540,54,54,54.0,54.0,0.000285602,1
20.0,6,64.0,5605.11025,1.0,0.0,0.0,0,10,0,1.0,1.0,0.0,0.0,0.0,1.0,1.0,540,54,54,54.0,54.0,0.000197315,1
20.0,6,64.0,5461.333333,1.0,0.0,0.0,0,10,0,1.0,1.0,0.0,0.0,0.0,1.0,1.0,540,54,54,54.0,54.0,0.00020299,1
20.0,6,64.0,5443.613238,1.0,0.0,0.0,0,10,0,1.0,1.0,0.0,0.0,0.0,1.0,1.0,540,54,54,54.0,54.0,0.000204301,1
20.0,6,62.5,4539.290043,0.9,0.1,0.1,1,9,1,1.0,1.0,0.0,0.0,0.0,1.0,1.0,540,54,54,54.0,54.0,0.000235796,1
20.0,6,64.0,5353.29164,1.0,0.0,0.0,0,10,0,1.0,1.0,0.0,0.0,0.0,1.0,1.0,540,54,54,54.0,54.0,0.000206089,1
20.0,6,64.0,3453.238926,1.0,0.0,0.0,0,10,0,1.0,1.0,0.0,0.0,0.0,1.0,1.0,540,54,54,54.0,54.0,0.001711679,1
20.0,6,64.0,7092.160974,1.0,0.0,0.0,0,10,0,1.0,1.0,0.0,0.0,0.0,1.0,1.0,540,54,54,54.0,54.0,0.000159216,1
23.2,6,62.5,2082.884243,0.9,0.0,0.2,2,9,0,1.0,1.0,0.0,0.0,0.0,1.0,1.0,572,54,74,57.2,57.2,0.000545311,1
20.0,6,64.0,6815.573611,1.0,0.0,0.0,0,10,0,1.0,1.0,0.0,0.0,0.0,1.0,1.0,540,54,54,54.0,54.0,0.000167012,1
20.0,6,64.0,5057.643796,1.0,0.0,0.0,0,10,0,1.0,1.0,0.0,0.0,0.0,1.0,1.0,540,54,54,54.0,54.0,0.00021472,1
31.2,6,87.3,138.8428614,0.2,0.0,1.0,10,2,0,1.0,1.0,0.0,0.0,0.0,1.0,1.0,674,55,78,67.4,67.4,0.00726378,1
20.0,6,64.0,7026.811861,1.0,0.0,0.0,0,10,0,1.0,1.0,0.0,0.0,0.0,1.0,1.0,540,54,54,54.0,54.0,0.000162005,1
20.0,6,64.0,3074.101437,0.9,0.0,0.1,1,9,0,1.0,1.0,0.0,0.0,0.0,1.0,1.0,542,54,56,54.2,54.2,0.000336695,1
20.0,6,64.0,742.3941094,1.0,0.0,0.0,0,10,0,1.0,1.0,0.0,0.0,0.0,1.0,1.0,540,54,54,54.0,54.0,0.001372409,1
20.0,6,64.0,5178.792444,1.0,0.0,0.0,0,10,0,1.0,1.0,0.0,0.0,0.0,1.0,1.0,540,54,54,54.0,54.0,0.00021441,1
20.0,6,64.0,6078.701449,1.0,0.0,0.0,0,10,0,1.0,1.0,0.0,0.0,0.0,1.0,1.0,540,54,54,54.0,54.0,0.000182605,1
20.0,6,64.0,1919.326408,1.0,0.0,0.0,0,10,0,1.0,1.0,0.0,0.0,0.0,1.0,1.0,540,54,54,54.0,54.0,0.000541806,1
20.0,6,64.0,4390.102575,1.0,0.0,0.0,0,10,0,1.0,1.0,0.0,0.0,0.0,1.0,1.0,540,54,54,54.0,54.0,0.000254297,1
20.0,6,64.0,6982.360579,1.0,0.0,0.0,0,10,0,1.0,1.0,0.0,0.0,0.0,1.0,1.0,540,54,54,54.0,54.0,0.000167108,1
25.6,6,103.8,559.4717817,0.2,0.4,0.9,9,2,4,0.9,0.9,0.0,0.0,0.0,1.0,1.0,632,54,74,63.2,63.2,0.002155614,1
20.0,6,64.0,4359.530194,1.0,0.0,0.0,0,10,0,1.0,1.0,0.0,0.0,0.0,1.0,1.0,540,54,54,54.0,54.0,0.000252295,1
20.0,6,64.0,759.7550991,1.0,0.0,0.0,0,10,0,1.0,1.0,0.0,0.0,0.0,1.0,1.0,540,54,54,54.0,54.0,0.001345515,1
20.0,6,64.0,5488.489924,1.0,0.0,0.0,0,10,0,1.0,1.0,0.0,0.0,0.0,1.0,1.0,540,54,54,54.0,54.0,0.000198197,1
20.0,6,81.6,3805.047628,0.9,0.1,0.1,1,9,1,1.0,1.0,0.0,0.0,0.0,1.0,1.0,540,54,54,54.0,54.0,0.000287414,1
20.0,6,64.0,4737.185453,1.0,0.0,0.0,0,10,0,1.0,1.0,0.0,0.0,0.0,1.0,1.0,540,54,54,54.0,54.0,0.000225902,1
15.6,6,81.6,11.50714892,0.7,0.0,0.0,0,7,0,0.7,0.7,0.2,0.2,0.0,1.0,1.0,1132,54,342,113.2,113.2,0.089524007,1
20.0,6,64.0,4288.215929,1.0,0.0,0.0,0,10,0,1.0,1.0,0.0,0.0,0.0,1.0,1.0,540,54,54,54.0,54.0,0.000253892,1
20.0,6,64.0,5624.653346,1.0,0.0,0.0,0,10,0,1.0,1.0,0.0,0.0,0.0,1.0,1.0,540,54,54,54.0,54.0,0.00019691,1
20.0,6,64.0,3855.058824,1.0,0.0,0.0,0,10,0,1.0,1.0,0.0,0.0,0.0,1.0,1.0,540,54,54,54.0,54.0,0.000295901,1
20.0,6,64.0,6297.753754,1.0,0.0,0.0,0,10,0,1.0,1.0,0.0,0.0,0.0,1.0,1.0,540,54,54,54.0,54.0,0.000174999,1
20.0,6,64.0,4376.360601,1.0,0.0,0.0,0,10,0,1.0,1.0,0.0,0.0,0.0,1.0,1.0,540,54,54,54.0,54.0,0.000252485,1
20.0,6,64.0,4887.326963,1.0,0.0,0.0,0,10,0,1.0,1.0,0.0,0.0,0.0,1.0,1.0,540,54,54,54.0,54.0,0.000220108,1
20.0,6,64.0,5384.90692,1.0,0.0,0.0,0,10,0,1.0,1.0,0.0,0.0,0.0,1.0,1.0,540,54,54,54.0,54.0,0.0012326,1
20.0,6,64.0,6536.238118,1.0,0.0,0.0,0,10,0,1.0,1.0,0.0,0.0,0.0,1.0,1.0,540,54,54,54.0,54.0,0.000172997,1
20.0,6,64.0,5985.022831,1.0,0.0,0.0,0,10,0,1.0,1.0,0.0,0.0,0.0,1.0,1.0,540,54,54,54.0,54.0,0.000192499,1
23.2,6,79.8,359.8932583,0.7,0.1,0.2,2,7,1,0.9,0.9,0.0,0.0,0.0,1.0,1.0,608,54,74,60.8,60.8,0.003551507,1
20.0,6,64.0,3736.906629,1.0,0.0,0.0,0,10,0,1.0,1.0,0.0,0.0,0.0,1.0,1.0,540,54,54,54.0,54.0,0.000285721,1
20.0,6,69.5,3762.045026,0.9,0.1,0.1,1,9,1,1.0,1.0,0.0,0.0,0.0,1.0,1.0,540,54,54,54.0,54.0,0.000290298,1
20.0,6,64.0,6173.54136,1.0,0.0,0.0,0,10,0,1.0,1.0,0.0,0.0,0.0,1.0,1.0,540,54,54,54.0,54.0,0.000190091,1
20.0,6,64.0,6635.50704,1.0,0.0,0.0,0,10,0,1.0,1.0,0.0,0.0,0.0,1.0,1.0,540,54,54,54.0,54.0,0.0001688,1
17.6,6,64.0,4380.016708,0.8,0.0,0.0,0,8,0,0.8,0.8,0.2,0.2,0.0,1.0,1.0,1116,54,342,111.6,111.6,0.000254393,1
20.0,6,64.0,3716.048551,1.0,0.0,0.0,0,10,0,1.0,1.0,0.0,0.0,0.0,1.0,1.0,540,54,54,54.0,54.0,0.000296402,1
20.0,6,64.0,6123.965542,1.0,0.0,0.0,0,10,0,1.0,1.0,0.0,0.0,0.0,1.0,1.0,540,54,54,54.0,54.0,0.000179505,1
20.0,6,64.0,5800.448071,1.0,0.0,0.0,0,10,0,1.0,1.0,0.0,0.0,0.0,1.0,1.0,540,54,54,54.0,54.0,0.00019021,1
18.0,6,62.2,4038.809822,0.9,0.0,0.0,0,9,0,0.9,0.9,0.0,0.0,0.0,1.0,1.0,572,54,86,57.2,57.2,0.000266695,1
20.0,6,64.0,3669.557305,1.0,0.0,0.0,0,10,0,1.0,1.0,0.0,0.0,0.0,1.0,1.0,540,54,54,54.0,54.0,0.000285816,1
20.0,6,62.6,6337.721366,0.9,0.1,0.1,1,9,1,1.0,1.0,0.0,0.0,0.0,1.0,1.0,540,54,54,54.0,54.0,0.000175381,1
20.0,6,81.5,7757.174034,0.9,0.1,0.1,1,9,1,1.0,1.0,0.0,0.0,0.0,1.0,1.0,540,54,54,54.0,54.0,0.000142503,1
18.0,6,79.6,1258.832498,0.8,0.1,0.1,1,8,1,0.9,0.9,0.0,0.0,0.0,1.0,1.0,572,54,86,57.2,57.2,0.000820804,1
20.0,6,64.0,5561.262265,1.0,0.0,0.0,0,10,0,1.0,1.0,0.0,0.0,0.0,1.0,1.0,540,54,54,54.0,54.0,0.000200605,1
20.0,6,64.0,6325.296335,1.0,0.0,0.0,0,10,0,1.0,1.0,0.0,0.0,0.0,1.0,1.0,540,54,54,54.0,54.0,0.000194502,1
20.0,6,64.0,4606.088293,1.0,0.0,0.0,0,10,0,1.0,1.0,0.0,0.0,0.0,1.0,1.0,540,54,54,54.0,54.0,0.000242686,1
20.0,6,64.0,5797.241189,1.0,0.0,0.0,0,10,0,1.0,1.0,0.0,0.0,0.0,1.0,1.0,540,54,54,54.0,54.0,0.000187993,1
20.0,6,64.0,5238.296491,1.0,0.0,0.0,0,10,0,1.0,1.0,0.0,0.0,0.0,1.0,1.0,540,54,54,54.0,54.0,0.00020721,1
20.0,6,64.0,7106.58082,1.0,0.0,0.0,0,10,0,1.0,1.0,0.0,0.0,0.0,1.0,1.0,540,54,54,54.0,54.0,0.000156212,1
28.4,6,96.1,213.5103464,0.2,0.0,0.9,9,2,0,1.0,1.0,0.0,0.0,0.0,1.0,1.0,662,54,85,66.2,66.2,0.004696512,1
20.0,6,64.0,5583.471778,1.0,0.0,0.0,0,10,0,1.0,1.0,0.0,0.0,0.0,1.0,1.0,540,54,54,54.0,54.0,0.000207996,1
20.0,6,64.0,5617.873024,1.0,0.0,0.0,0,10,0,1.0,1.0,0.0,0.0,0.0,1.0,1.0,540,54,54,54.0,54.0,0.000195694,1
20.0,6,64.0,5167.9448,1.0,0.0,0.0,0,10,0,1.0,1.0,0.0,0.0,0.0,1.0,1.0,540,54,54,54.0,54.0,0.000237823,1
20.0,6,64.0,6253.621589,1.0,0.0,0.0,0,10,0,1.0,1.0,0.0,0.0,0.0,1.0,1.0,540,54,54,54.0,54.0,0.000181603,1
20.0,6,64.0,2884.467368,1.0,0.0,0.0,0,10,0,1.0,1.0,0.0,0.0,0.0,1.0,1.0,540,54,54,54.0,54.0,0.000385404,1
20.0,6,64.0,7787.419235,1.0,0.0,0.0,0,10,0,1.0,1.0,0.0,0.0,0.0,1.0,1.0,540,54,54,54.0,54.0,0.000140214,1
20.0,6,64.0,3614.221456,1.0,0.0,0.0,0,10,0,1.0,1.0,0.0,0.0,0.0,1.0,1.0,540,54,54,54.0,54.0,0.000304294,1
20.0,6,64.0,3918.445441,1.0,0.0,0.0,0,10,0,1.0,1.0,0.0,0.0,0.0,1.0,1.0,540,54,54,54.0,54.0,0.000800109,1
10.8,17,57.6,2.898368414,0.3,0.0,0.0,0,3,0,0.3,0.3,0.6,0.6,0.1,0.9,0.9,2256,42,342,225.6,225.6,0.345129395,1
20.0,6,64.0,5112.51097,1.0,0.0,0.0,0,10,0,1.0,1.0,0.0,0.0,0.0,1.0,1.0,540,54,54,54.0,54.0,0.000209308,1
20.0,6,62.6,1679.266525,0.9,0.1,0.1,1,9,1,1.0,1.0,0.0,0.0,0.0,1.0,1.0,540,54,54,54.0,54.0,0.000612903,1
19.2,6,59.4,35.88190456,0.6,0.1,0.1,1,6,1,0.8,0.8,0.0,0.0,0.0,1.0,1.0,636,54,86,63.6,63.6,0.084218788,1
23.2,6,62.1,4137.210495,0.9,0.0,0.2,2,9,0,1.0,1.0,0.0,0.0,0.0,1.0,1.0,572,54,74,57.2,57.2,0.000262809,1
20.0,6,64.0,5361.50326,1.0,0.0,0.0,0,10,0,1.0,1.0,0.0,0.0,0.0,1.0,1.0,540,54,54,54.0,54.0,0.000211811,1
20.0,6,64.0,5698.008423,1.0,0.0,0.0,0,10,0,1.0,1.0,0.0,0.0,0.0,1.0,1.0,540,54,54,54.0,54.0,0.000197196,1
20.0,6,64.0,3698.028566,1.0,0.0,0.0,0,10,0,1.0,1.0,0.0,0.0,0.0,1.0,1.0,540,54,54,54.0,54.0,0.000289702,1
20.0,6,64.0,3222.669228,1.0,0.0,0.0,0,10,0,1.0,1.0,0.0,0.0,0.0,1.0,1.0,540,54,54,54.0,54.0,0.000336909,1
20.0,6,64.0,4068.190107,1.0,0.0,0.0,0,10,0,1.0,1.0,0.0,0.0,0.0,1.0,1.0,540,54,54,54.0,54.0,0.000266814,1
20.0,6,64.0,6242.452746,1.0,0.0,0.0,0,10,0,1.0,1.0,0.0,0.0,0.0,1.0,1.0,540,54,54,54.0,54.0,0.000178194,1
20.0,6,64.0,2638.59084,1.0,0.0,0.0,0,10,0,1.0,1.0,0.0,0.0,0.0,1.0,1.0,540,54,54,54.0,54.0,0.000403786,1
20.0,6,62.1,1346.788684,0.9,0.1,0.1,1,9,1,1.0,1.0,0.0,0.0,0.0,1.0,1.0,540,54,54,54.0,54.0,0.000760698,1
20.0,6,64.0,6863.531337,1.0,0.0,0.0,0,10,0,1.0,1.0,0.0,0.0,0.0,1.0,1.0,540,54,54,54.0,54.0,0.000161099,1
32.0,6,85.6,285.0301387,0.3,0.0,0.7,7,3,0,0.9,0.9,0.1,0.1,0.0,1.0,1.0,960,66,342,96.0,96.0,0.003626299,1
20.0,6,64.0,8582.574176,1.0,0.0,0.0,0,10,0,1.0,1.0,0.0,0.0,0.0,1.0,1.0,540,54,54,54.0,54.0,0.00013032,1
20.0,6,64.0,5733.840055,1.0,0.0,0.0,0,10,0,1.0,1.0,0.0,0.0,0.0,1.0,1.0,540,54,54,54.0,54.0,0.000191808,1
25.2,6,62.6,597.9817796,0.6,0.1,0.4,4,6,1,1.0,1.0,0.0,0.0,0.0,1.0,1.0,601,54,74,60.1,60.1,0.001685596,1
20.0,6,64.0,7519.368949,1.0,0.0,0.0,0,10,0,1.0,1.0,0.0,0.0,0.0,1.0,1.0,540,54,54,54.0,54.0,0.000144601,1
20.0,6,64.0,5727.57613,1.0,0.0,0.0,0,10,0,1.0,1.0,0.0,0.0,0.0,1.0,1.0,540,54,54,54.0,54.0,0.00019989,1
20.0,6,64.0,5296.507135,1.0,0.0,0.0,0,10,0,1.0,1.0,0.0,0.0,0.0,1.0,1.0,540,54,54,54.0,54.0,0.000206184,1
20.0,6,64.0,5227.198405,1.0,0.0,0.0,0,10,0,1.0,1.0,0.0,0.0,0.0,1.0,1.0,540,54,54,54.0,54.0,0.000212002,1
20.0,6,64.0,5675.648173,1.0,0.0,0.0,0,10,0,1.0,1.0,0.0,0.0,0.0,1.0,1.0,540,54,54,54.0,54.0,0.000195789,1
20.0,6,64.0,5322.045426,1.0,0.0,0.0,0,10,0,1.0,1.0,0.0,0.0,0.0,1.0,1.0,540,54,54,54.0,54.0,0.000206709,1
20.0,6,64.0,5197.402726,1.0,0.0,0.0,0,10,0,1.0,1.0,0.0,0.0,0.0,1.0,1.0,540,54,54,54.0,54.0,0.000248504,1
20.0,6,64.0,6733.510997,1.0,0.0,0.0,0,10,0,1.0,1.0,0.0,0.0,0.0,1.0,1.0,540,54,54,54.0,54.0,0.000163317,1
18.0,6,77.4,1666.655011,0.6,0.3,0.3,3,6,3,0.9,0.9,0.0,0.0,0.0,1.0,1.0,556,54,70,55.6,55.6,0.000626516,1
20.0,6,64.0,5634.476088,1.0,0.0,0.0,0,10,0,1.0,1.0,0.0,0.0,0.0,1.0,1.0,540,54,54,54.0,54.0,0.00019598,1
20.0,6,64.0,7686.098589,1.0,0.0,0.0,0,10,0,1.0,1.0,0.0,0.0,0.0,1.0,1.0,540,54,54,54.0,54.0,0.000157905,1
20.0,6,64.0,3977.905918,1.0,0.0,0.0,0,10,0,1.0,1.0,0.0,0.0,0.0,1.0,1.0,540,54,54,54.0,54.0,0.000282001,1
20.0,6,64.0,4260.772044,1.0,0.0,0.0,0,10,0,1.0,1.0,0.0,0.0,0.0,1.0,1.0,540,54,54,54.0,54.0,0.000256801,1
18.8,6,64.0,42.53832127,0.9,0.0,0.0,0,9,0,0.8,0.9,0.1,0.1,0.0,1.0,1.0,828,54,342,82.8,82.8,0.0238662,1
20.0,6,64.0,3400.327523,1.0,0.0,0.0,0,10,0,1.0,1.0,0.0,0.0,0.0,1.0,1.0,540,54,54,54.0,54.0,0.000324392,1
20.0,6,64.0,3281.928013,1.0,0.0,0.0,0,10,0,1.0,1.0,0.0,0.0,0.0,1.0,1.0,540,54,54,54.0,54.0,0.000324607,1
20.0,6,62.8,4757.604356,0.9,0.1,0.1,1,9,1,1.0,1.0,0.0,0.0,0.0,1.0,1.0,540,54,54,54.0,54.0,0.000235701,1
20.0,6,64.0,3317.75352,1.0,0.0,0.0,0,10,0,1.0,1.0,0.0,0.0,0.0,1.0,1.0,540,54,54,54.0,54.0,0.000331903,1
20.0,6,64.0,6360.788596,1.0,0.0,0.0,0,10,0,1.0,1.0,0.0,0.0,0.0,1.0,1.0,540,54,54,54.0,54.0,0.000167608,1
20.0,6,64.0,4187.603834,1.0,0.0,0.0,0,10,0,1.0,1.0,0.0,0.0,0.0,1.0,1.0,540,54,54,54.0,54.0,0.000265384,1
18.0,6,79.8,2212.419032,0.8,0.1,0.1,1,8,1,0.9,0.9,0.0,0.0,0.0,1.0,1.0,556,54,70,55.6,55.6,0.000474501,1
20.0,6,62.8,768.9339469,0.9,0.1,0.1,1,9,1,1.0,1.0,0.0,0.0,0.0,1.0,1.0,540,54,54,54.0,54.0,0.001335096,1
20.0,6,64.0,6844.490862,1.0,0.0,0.0,0,10,0,1.0,1.0,0.0,0.0,0.0,1.0,1.0,540,54,54,54.0,54.0,0.000164604,1
20.0,6,64.0,3234.099776,1.0,0.0,0.0,0,10,0,1.0,1.0,0.0,0.0,0.0,1.0,1.0,540,54,54,54.0,54.0,0.00033412,1
20.0,6,64.0,6854.557934,1.0,0.0,0.0,0,10,0,1.0,1.0,0.0,0.0,0.0,1.0,1.0,540,54,54,54.0,54.0,0.000162888,1
20.0,6,64.0,7294.441739,1.0,0.0,0.0,0,10,0,1.0,1.0,0.0,0.0,0.0,1.0,1.0,540,54,54,54.0,54.0,0.000155377,1
20.0,6,64.0,3736.906629,1.0,0.0,0.0,0,10,0,1.0,1.0,0.0,0.0,0.0,1.0,1.0,540,54,54,54.0,54.0,0.000293493,1
20.0,6,64.0,6595.854694,1.0,0.0,0.0,0,10,0,1.0,1.0,0.0,0.0,0.0,1.0,1.0,540,54,54,54.0,54.0,0.000164318,1
21.6,6,110.2,362.7631659,0.2,0.2,0.6,6,2,2,0.7,0.7,0.0,0.0,0.0,1.0,1.0,682,54,86,68.2,68.2,0.003279209,1
20.0,6,64.0,3256.194395,1.0,0.0,0.0,0,10,0,1.0,1.0,0.0,0.0,0.0,1.0,1.0,540,54,54,54.0,54.0,0.000335813,1
20.0,6,64.0,4586.946632,1.0,0.0,0.0,0,10,0,1.0,1.0,0.0,0.0,0.0,1.0,1.0,540,54,54,54.0,54.0,0.000249815,1
20.0,6,64.0,6406.45181,1.0,0.0,0.0,0,10,0,1.0,1.0,0.0,0.0,0.0,1.0,1.0,540,54,54,54.0,54.0,0.000179195,1
20.0,6,64.0,7133.170068,1.0,0.0,0.0,0,10,0,1.0,1.0,0.0,0.0,0.0,1.0,1.0,540,54,54,54.0,54.0,0.00015378,1
20.0,6,64.0,6325.296335,1.0,0.0,0.0,0,10,0,1.0,1.0,0.0,0.0,0.0,1.0,1.0,540,54,54,54.0,54.0,0.000171685,1
20.0,6,64.0,441.738178,1.0,0.0,0.0,0,10,0,1.0,1.0,0.0,0.0,0.0,1.0,1.0,540,54,54,54.0,54.0,0.002379799,1
20.0,6,64.0,3584.262519,1.0,0.0,0.0,0,10,0,1.0,1.0,0.0,0.0,0.0,1.0,1.0,540,54,54,54.0,54.0,0.000309205,1
20.0,6,64.0,3824.128373,1.0,0.0,0.0,0,10,0,1.0,1.0,0.0,0.0,0.0,1.0,1.0,540,54,54,54.0,54.0,0.000285792,1
20.0,6,64.0,4464.400213,1.0,0.0,0.0,0,10,0,1.0,1.0,0.0,0.0,0.0,1.0,1.0,540,54,54,54.0,54.0,0.00024581,1
20.0,6,64.0,3729.927968,1.0,0.0,0.0,0,10,0,1.0,1.0,0.0,0.0,0.0,1.0,1.0,540,54,54,54.0,54.0,0.000282598,1
20.0,6,64.0,7331.417584,1.0,0.0,0.0,0,10,0,1.0,1.0,0.0,0.0,0.0,1.0,1.0,540,54,54,54.0,54.0,0.000153518,1
32.4,6,77.7,155.784829,0.4,0.0,0.8,8,4,0,1.0,1.0,0.0,0.0,0.0,1.0,1.0,664,54,74,66.4,66.4,0.006511307,1
20.0,6,64.0,6667.149897,1.0,0.0,0.0,0,10,0,1.0,1.0,0.0,0.0,0.0,1.0,1.0,540,54,54,54.0,54.0,0.0001683,1
18.0,6,62.9,7955.811836,0.9,0.0,0.0,0,9,0,0.9,0.9,0.0,0.0,0.0,1.0,1.0,572,54,86,57.2,57.2,0.000140786,1
20.0,6,64.0,6716.259408,1.0,0.0,0.0,0,10,0,1.0,1.0,0.0,0.0,0.0,1.0,1.0,540,54,54,54.0,54.0,0.000170088,1
20.0,6,64.0,5858.784746,1.0,0.0,0.0,0,10,0,1.0,1.0,0.0,0.0,0.0,1.0,1.0,540,54,54,54.0,54.0,0.0001894,1
20.0,6,64.0,7519.368949,1.0,0.0,0.0,0,10,0,1.0,1.0,0.0,0.0,0.0,1.0,1.0,540,54,54,54.0,54.0,0.00015769,1
12.0,17,51.2,2.576875198,0.3,0.0,0.0,0,3,0,0.2,0.3,0.5,0.5,0.2,0.8,0.8,1976,42,342,197.6,197.6,0.478174019,1
20.0,6,64.0,6583.431173,1.0,0.0,0.0,0,10,0,1.0,1.0,0.0,0.0,0.0,1.0,1.0,540,54,54,54.0,54.0,0.000175905,1
20.0,6,64.0,6020.244007,1.0,0.0,0.0,0,10,0,1.0,1.0,0.0,0.0,0.0,1.0,1.0,540,54,54,54.0,54.0,0.000182605,1
20.0,6,64.0,6042.794986,1.0,0.0,0.0,0,10,0,1.0,1.0,0.0,0.0,0.0,1.0,1.0,540,54,54,54.0,54.0,0.000193691,1
16.0,6,79.6,3258.217976,0.8,0.0,0.0,0,8,0,0.8,0.8,0.0,0.0,0.0,1.0,1.0,572,54,70,57.2,57.2,0.000327921,1
20.0,6,64.0,7831.038088,1.0,0.0,0.0,0,10,0,1.0,1.0,0.0,0.0,0.0,1.0,1.0,540,54,54,54.0,54.0,0.000136209,1
20.0,6,64.0,2273.828472,1.0,0.0,0.0,0,10,0,1.0,1.0,0.0,0.0,0.0,1.0,1.0,540,54,54,54.0,54.0,0.000460196,1
20.0,6,64.0,5219.392733,1.0,0.0,0.0,0,10,0,1.0,1.0,0.0,0.0,0.0,1.0,1.0,540,54,54,54.0,54.0,0.000208211,1
19.6,6,81.7,18.63210958,0.7,0.1,0.1,1,7,1,0.7,0.8,0.2,0.2,0.0,1.0,1.0,1136,54,342,113.6,113.6,0.060926795,1
14.4,6,66.5,138.0222847,0.0,0.4,0.6,6,0,4,0.6,0.6,0.0,0.0,0.0,1.0,1.0,694,54,86,69.4,69.4,0.00901401,1
20.0,6,64.0,6345.391831,1.0,0.0,0.0,0,10,0,1.0,1.0,0.0,0.0,0.0,1.0,1.0,540,54,54,54.0,54.0,0.000191808,1
20.0,6,64.0,5590.169266,1.0,0.0,0.0,0,10,0,1.0,1.0,0.0,0.0,0.0,1.0,1.0,540,54,54,54.0,54.0,0.000199294,1
20.0,6,64.0,85423.70672,1.0,0.0,0.0,0,10,0,1.0,1.0,0.0,0.0,0.0,1.0,1.0,540,54,54,54.0,54.0,1.3e-05,1
20.0,6,64.0,2679.552801,1.0,0.0,0.0,0,10,0,1.0,1.0,0.0,0.0,0.0,1.0,1.0,540,54,54,54.0,54.0,0.000392699,1
20.0,6,64.0,6434.955508,1.0,0.0,0.0,0,10,0,1.0,1.0,0.0,0.0,0.0,1.0,1.0,540,54,54,54.0,54.0,0.000171304,1
20.0,6,64.0,3910.77296,1.0,0.0,0.0,0,10,0,1.0,1.0,0.0,0.0,0.0,1.0,1.0,540,54,54,54.0,54.0,0.000280619,1
20.0,6,64.0,5159.680157,1.0,0.0,0.0,0,10,0,1.0,1.0,0.0,0.0,0.0,1.0,1.0,540,54,54,54.0,54.0,0.000210714,1
22.4,6,62.7,277.7169796,0.8,0.0,0.2,2,8,0,1.0,1.0,0.0,0.0,0.0,1.0,1.0,568,54,68,56.8,56.8,0.003656101,1
20.0,6,64.0,3974.513409,1.0,0.0,0.0,0,10,0,1.0,1.0,0.0,0.0,0.0,1.0,1.0,540,54,54,54.0,54.0,0.001699591,1
20.0,6,64.0,4051.684699,1.0,0.0,0.0,0,10,0,1.0,1.0,0.0,0.0,0.0,1.0,1.0,540,54,54,54.0,54.0,0.000272012,1
20.0,6,64.0,7283.042195,1.0,0.0,0.0,0,10,0,1.0,1.0,0.0,0.0,0.0,1.0,1.0,540,54,54,54.0,54.0,0.000152898,1
20.0,6,64.0,7184.487838,1.0,0.0,0.0,0,10,0,1.0,1.0,0.0,0.0,0.0,1.0,1.0,540,54,54,54.0,54.0,0.000152802,1
24.4,6,62.5,766.0549386,0.7,0.0,0.2,2,7,0,0.9,0.9,0.0,0.0,0.0,1.0,1.0,620,54,74,62.0,62.0,0.001321507,1
20.0,6,64.0,6361.753375,1.0,0.0,0.0,0,10,0,1.0,1.0,0.0,0.0,0.0,1.0,1.0,540,54,54,54.0,54.0,0.000173593,1
20.0,6,64.0,5423.201448,1.0,0.0,0.0,0,10,0,1.0,1.0,0.0,0.0,0.0,1.0,1.0,540,54,54,54.0,54.0,0.000200582,1
20.0,6,64.0,4955.463138,1.0,0.0,0.0,0,10,0,1.0,1.0,0.0,0.0,0.0,1.0,1.0,540,54,54,54.0,54.0,0.0002285,1
20.0,6,64.0,6544.396942,1.0,0.0,0.0,0,10,0,1.0,1.0,0.0,0.0,0.0,1.0,1.0,540,54,54,54.0,54.0,0.000163913,1
20.0,6,64.0,3496.710296,1.0,0.0,0.0,0,10,0,1.0,1.0,0.0,0.0,0.0,1.0,1.0,540,54,54,54.0,54.0,0.00031929,1
28.8,6,152.3,174.9624154,0.4,0.2,0.8,8,4,2,1.0,1.0,0.0,0.0,0.0,1.0,1.0,642,54,74,64.2,64.2,0.005763793,1
24.4,6,59.3,865.5723631,0.7,0.1,0.4,4,7,1,1.0,1.0,0.0,0.0,0.0,1.0,1.0,584,54,74,58.4,58.4,0.001181006,1
20.0,6,64.0,4710.055025,1.0,0.0,0.0,0,10,0,1.0,1.0,0.0,0.0,0.0,1.0,1.0,540,54,54,54.0,54.0,0.000232601,1
20.0,6,64.0,4612.673485,1.0,0.0,0.0,0,10,0,1.0,1.0,0.0,0.0,0.0,1.0,1.0,540,54,54,54.0,54.0,0.000240493,1
20.0,6,64.0,7961.852696,1.0,0.0,0.0,0,10,0,1.0,1.0,0.0,0.0,0.0,1.0,1.0,540,54,54,54.0,54.0,0.000139785,1
20.0,6,64.0,5416.897843,1.0,0.0,0.0,0,10,0,1.0,1.0,0.0,0.0,0.0,1.0,1.0,540,54,54,54.0,54.0,0.000203395,1
20.0,6,64.0,4090.008776,1.0,0.0,0.0,0,10,0,1.0,1.0,0.0,0.0,0.0,1.0,1.0,540,54,54,54.0,54.0,0.000270295,1
20.0,6,64.0,3444.730618,1.0,0.0,0.0,0,10,0,1.0,1.0,0.0,0.0,0.0,1.0,1.0,540,54,54,54.0,54.0,0.000320697,1
20.0,6,64.0,6549.506558,1.0,0.0,0.0,0,10,0,1.0,1.0,0.0,0.0,0.0,1.0,1.0,540,54,54,54.0,54.0,0.000166392,1
18.0,6,81.3,2567.522037,0.9,0.0,0.0,0,9,0,0.9,0.9,0.0,0.0,0.0,1.0,1.0,556,54,70,55.6,55.6,0.000411987,1
20.0,6,64.0,4653.099623,1.0,0.0,0.0,0,10,0,1.0,1.0,0.0,0.0,0.0,1.0,1.0,540,54,54,54.0,54.0,0.000235415,1
20.0,6,61.2,77.78046876,0.6,0.3,0.4,4,6,3,0.5,0.9,0.0,0.0,0.0,1.0,1.0,592,54,86,59.2,59.2,0.015530086,1
20.0,6,64.0,7133.170068,1.0,0.0,0.0,0,10,0,1.0,1.0,0.0,0.0,0.0,1.0,1.0,540,54,54,54.0,54.0,0.000155997,1
18.0,6,86.8,807.6841903,0.8,0.1,0.1,1,8,1,0.9,0.9,0.0,0.0,0.0,1.0,1.0,556,54,70,55.6,55.6,0.001254487,1
20.0,6,64.0,4440.296422,1.0,0.0,0.0,0,10,0,1.0,1.0,0.0,0.0,0.0,1.0,1.0,540,54,54,54.0,54.0,0.000273395,1
20.0,6,64.0,389.349275,1.0,0.0,0.0,0,10,0,0.6,1.0,0.0,0.0,0.0,1.0,1.0,540,54,54,54.0,54.0,0.002610588,1
20.0,6,64.0,6378.199513,1.0,0.0,0.0,0,10,0,1.0,1.0,0.0,0.0,0.0,1.0,1.0,540,54,54,54.0,54.0,0.000174785,1
20.0,6,64.0,5848.165086,1.0,0.0,0.0,0,10,0,1.0,1.0,0.0,0.0,0.0,1.0,1.0,540,54,54,54.0,54.0,0.000193596,1
20.0,6,64.0,5024.923925,1.0,0.0,0.0,0,10,0,1.0,1.0,0.0,0.0,0.0,1.0,1.0,540,54,54,54.0,54.0,0.000216699,1
20.0,6,64.0,3822.734233,1.0,0.0,0.0,0,10,0,1.0,1.0,0.0,0.0,0.0,1.0,1.0,540,54,54,54.0,54.0,0.00028801,1
20.0,6,64.0,7163.627669,1.0,0.0,0.0,0,10,0,1.0,1.0,0.0,0.0,0.0,1.0,1.0,540,54,54,54.0,54.0,0.000154209,1
20.0,6,64.0,6793.495303,1.0,0.0,0.0,0,10,0,1.0,1.0,0.0,0.0,0.0,1.0,1.0,540,54,54,54.0,54.0,0.000174594,1
20.0,6,64.0,731.3137935,1.0,0.0,0.0,0,10,0,1.0,1.0,0.0,0.0,0.0,1.0,1.0,540,54,54,54.0,54.0,0.001398301,1
20.0,6,64.0,5005.136038,1.0,0.0,0.0,0,10,0,1.0,1.0,0.0,0.0,0.0,1.0,1.0,540,54,54,54.0,54.0,0.000236487,1
18.0,6,62.3,5327.453321,0.9,0.0,0.0,0,9,0,0.9,0.9,0.0,0.0,0.0,1.0,1.0,572,54,86,57.2,57.2,0.000209308,1
20.0,6,64.0,6698.02619,1.0,0.0,0.0,0,10,0,1.0,1.0,0.0,0.0,0.0,1.0,1.0,540,54,54,54.0,54.0,0.000162792,1
20.0,6,64.0,456.8908835,1.0,0.0,0.0,0,10,0,1.0,1.0,0.0,0.0,0.0,1.0,1.0,540,54,54,54.0,54.0,0.002212501,1
20.0,6,64.0,4102.008802,1.0,0.0,0.0,0,10,0,1.0,1.0,0.0,0.0,0.0,1.0,1.0,540,54,54,54.0,54.0,0.000258589,1
18.0,6,62.4,2853.073941,0.9,0.0,0.0,0,9,0,0.9,0.9,0.0,0.0,0.0,1.0,1.0,572,54,86,57.2,57.2,0.000380993,1
20.0,6,64.0,3516.351442,1.0,0.0,0.0,0,10,0,1.0,1.0,0.0,0.0,0.0,1.0,1.0,540,54,54,54.0,54.0,0.000313091,1
20.0,6,64.0,5681.79897,1.0,0.0,0.0,0,10,0,1.0,1.0,0.0,0.0,0.0,1.0,1.0,540,54,54,54.0,54.0,0.000195122,1
27.6,6,71.2,405.7132355,0.2,0.5,0.9,9,2,5,1.0,1.0,0.0,0.0,0.0,1.0,1.0,616,54,74,61.6,61.6,0.003624892,1
20.0,6,64.0,6497.759876,1.0,0.0,0.0,0,10,0,1.0,1.0,0.0,0.0,0.0,1.0,1.0,540,54,54,54.0,54.0,0.000174093,1
20.0,6,64.0,3382.77603,1.0,0.0,0.0,0,10,0,1.0,1.0,0.0,0.0,0.0,1.0,1.0,540,54,54,54.0,54.0,0.000313807,1
20.0,6,64.0,5125.631187,1.0,0.0,0.0,0,10,0,1.0,1.0,0.0,0.0,0.0,1.0,1.0,540,54,54,54.0,54.0,0.000215602,1
20.0,6,64.0,3926.148086,1.0,0.0,0.0,0,10,0,1.0,1.0,0.0,0.0,0.0,1.0,1.0,540,54,54,54.0,54.0,0.000270605,1
20.0,6,64.0,879.9731454,1.0,0.0,0.0,0,10,0,1.0,1.0,0.0,0.0,0.0,1.0,1.0,540,54,54,54.0,54.0,0.001157808,1
20.0,6,64.0,4466.301778,1.0,0.0,0.0,0,10,0,1.0,1.0,0.0,0.0,0.0,1.0,1.0,540,54,54,54.0,54.0,0.001146293,1
20.0,6,64.0,4024.085196,1.0,0.0,0.0,0,10,0,1.0,1.0,0.0,0.0,0.0,1.0,1.0,540,54,54,54.0,54.0,0.00027411,1
20.0,6,64.0,4159.777844,1.0,0.0,0.0,0,10,0,1.0,1.0,0.0,0.0,0.0,1.0,1.0,540,54,54,54.0,54.0,0.000265288,1
20.0,6,64.0,4171.776407,1.0,0.0,0.0,0,10,0,1.0,1.0,0.0,0.0,0.0,1.0,1.0,540,54,54,54.0,54.0,0.000263309,1
20.4,6,68.8,4187.603834,0.9,0.1,0.1,1,9,1,1.0,1.0,0.0,0.0,0.0,1.0,1.0,544,54,58,54.4,54.4,0.000262403,1
20.0,6,64.0,6850.080026,1.0,0.0,0.0,0,10,0,1.0,1.0,0.0,0.0,0.0,1.0,1.0,540,54,54,54.0,54.0,0.000160289,1
20.0,6,64.0,4189.695335,1.0,0.0,0.0,0,10,0,1.0,1.0,0.0,0.0,0.0,1.0,1.0,540,54,54,54.0,54.0,0.000265789,1
20.0,6,80.3,392.6331851,0.8,0.1,0.2,2,8,1,1.0,1.0,0.0,0.0,0.0,1.0,1.0,557,54,71,55.7,55.7,0.00256691,1
20.0,6,64.0,5864.519016,1.0,0.0,0.0,0,10,0,1.0,1.0,0.0,0.0,0.0,1.0,1.0,540,54,54,54.0,54.0,0.000188518,1
20.0,6,64.0,5753.503429,1.0,0.0,0.0,0,10,0,1.0,1.0,0.0,0.0,0.0,1.0,1.0,540,54,54,54.0,54.0,0.000191402,1
20.0,6,64.0,6716.259408,1.0,0.0,0.0,0,10,0,1.0,1.0,0.0,0.0,0.0,1.0,1.0,540,54,54,54.0,54.0,0.000166488,1
20.0,6,64.0,5482.033721,1.0,0.0,0.0,0,10,0,1.0,1.0,0.0,0.0,0.0,1.0,1.0,540,54,54,54.0,54.0,0.000201511,1
20.0,6,64.0,3976.020476,1.0,0.0,0.0,0,10,0,1.0,1.0,0.0,0.0,0.0,1.0,1.0,540,54,54,54.0,54.0,0.000272894,1
20.0,6,64.0,5240.914657,1.0,0.0,0.0,0,10,0,1.0,1.0,0.0,0.0,0.0,1.0,1.0,540,54,54,54.0,54.0,0.000206399,1
20.0,6,64.0,5342.381862,1.0,0.0,0.0,0,10,0,1.0,1.0,0.0,0.0,0.0,1.0,1.0,540,54,54,54.0,54.0,0.000209785,1
20.0,6,64.0,6053.260211,1.0,0.0,0.0,0,10,0,1.0,1.0,0.0,0.0,0.0,1.0,1.0,540,54,54,54.0,54.0,0.000182295,1
20.0,6,64.0,7051.620713,1.0,0.0,0.0,0,10,0,1.0,1.0,0.0,0.0,0.0,1.0,1.0,540,54,54,54.0,54.0,0.000158906,1
20.0,6,64.0,5605.859396,1.0,0.0,0.0,0,10,0,1.0,1.0,0.0,0.0,0.0,1.0,1.0,540,54,54,54.0,54.0,0.000191593,1
20.0,6,64.0,5955.28042,1.0,0.0,0.0,0,10,0,1.0,1.0,0.0,0.0,0.0,1.0,1.0,540,54,54,54.0,54.0,0.000183415,1
20.0,6,64.0,5659.565511,1.0,0.0,0.0,0,10,0,1.0,1.0,0.0,0.0,0.0,1.0,1.0,540,54,54,54.0,54.0,0.00018909,1
20.0,6,64.0,73973.61552,1.0,0.0,0.0,0,10,0,1.0,1.0,0.0,0.0,0.0,1.0,1.0,540,54,54,54.0,54.0,1.49e-05,1
24.0,6,63.0,3518.711409,0.9,0.1,0.1,1,9,1,1.0,1.0,0.0,0.0,0.0,1.0,1.0,580,54,74,58.0,58.0,0.000296712,1
20.0,6,64.0,3230.114748,1.0,0.0,0.0,0,10,0,1.0,1.0,0.0,0.0,0.0,1.0,1.0,540,54,54,54.0,54.0,0.000335193,1
20.0,6,64.0,7987.629023,1.0,0.0,0.0,0,10,0,1.0,1.0,0.0,0.0,0.0,1.0,1.0,540,54,54,54.0,54.0,0.000149393,1
20.0,6,64.0,3750.942586,1.0,0.0,0.0,0,10,0,1.0,1.0,0.0,0.0,0.0,1.0,1.0,540,54,54,54.0,54.0,0.000283504,1
20.0,6,61.8,2084.229775,0.9,0.1,0.1,1,9,1,1.0,1.0,0.0,0.0,0.0,1.0,1.0,540,54,54,54.0,54.0,0.000749302,1
20.0,6,64.0,3461.503673,1.0,0.0,0.0,0,10,0,1.0,1.0,0.0,0.0,0.0,1.0,1.0,540,54,54,54.0,54.0,0.000316882,1
21.6,6,78.4,26.65238192,0.7,0.1,0.3,3,7,1,0.9,0.9,0.1,0.1,0.0,1.0,1.0,856,54,342,85.6,85.6,0.048005486,1
20.0,6,64.0,2891.825703,1.0,0.0,0.0,0,10,0,1.0,1.0,0.0,0.0,0.0,1.0,1.0,540,54,54,54.0,54.0,0.000381899,1
20.0,6,64.0,6802.309439,1.0,0.0,0.0,0,10,0,1.0,1.0,0.0,0.0,0.0,1.0,1.0,540,54,54,54.0,54.0,0.000162292,1
20.0,6,64.0,3070.275968,1.0,0.0,0.0,0,10,0,1.0,1.0,0.0,0.0,0.0,1.0,1.0,540,54,54,54.0,54.0,0.000388694,1
19.2,6,62.6,2315.376208,0.8,0.0,0.1,1,8,0,0.9,0.9,0.0,0.0,0.0,1.0,1.0,568,54,70,56.8,56.8,0.000448203,1
20.0,6,64.0,5088.939578,1.0,0.0,0.0,0,10,0,1.0,1.0,0.0,0.0,0.0,1.0,1.0,540,54,54,54.0,54.0,0.000221801,1
20.0,6,64.0,5834.335791,1.0,0.0,0.0,0,10,0,1.0,1.0,0.0,0.0,0.0,1.0,1.0,540,54,54,54.0,54.0,0.000186086,1
20.0,6,64.0,3460.075895,1.0,0.0,0.0,0,10,0,1.0,1.0,0.0,0.0,0.0,1.0,1.0,540,54,54,54.0,54.0,0.000310707,1
20.0,6,64.0,4687.944562,1.0,0.0,0.0,0,10,0,1.0,1.0,0.0,0.0,0.0,1.0,1.0,540,54,54,54.0,54.0,0.000238299,1
20.0,6,64.0,4351.840631,1.0,0.0,0.0,0,10,0,1.0,1.0,0.0,0.0,0.0,1.0,1.0,540,54,54,54.0,54.0,0.0002635,1
20.4,6,81.8,4253.42663,0.9,0.0,0.2,2,9,0,1.0,1.0,0.0,0.0,0.0,1.0,1.0,544,54,58,54.4,54.4,0.000250983,1
20.0,6,62.3,2518.194044,0.9,0.1,0.1,1,9,1,1.0,1.0,0.0,0.0,0.0,1.0,1.0,540,54,54,54.0,54.0,0.000441599,1
20.0,6,64.0,4025.630099,1.0,0.0,0.0,0,10,0,1.0,1.0,0.0,0.0,0.0,1.0,1.0,540,54,54,54.0,54.0,0.00026691,1
32.0,6,98.3,235.0448032,0.3,0.3,0.7,7,3,3,1.0,1.0,0.0,0.0,0.0,1.0,1.0,660,54,74,66.0,66.0,0.004787707,1
20.0,6,64.0,3410.557814,1.0,0.0,0.0,0,10,0,1.0,1.0,0.0,0.0,0.0,1.0,1.0,540,54,54,54.0,54.0,0.000326395,1
20.0,6,64.0,4391.941361,1.0,0.0,0.0,0,10,0,1.0,1.0,0.0,0.0,0.0,1.0,1.0,540,54,54,54.0,54.0,0.000255179,1
22.4,6,69.4,2603.379058,0.8,0.0,0.2,2,8,0,1.0,1.0,0.0,0.0,0.0,1.0,1.0,564,54,66,56.4,56.4,0.000416803,1
20.0,6,64.0,7587.380608,1.0,0.0,0.0,0,10,0,1.0,1.0,0.0,0.0,0.0,1.0,1.0,540,54,54,54.0,54.0,0.000150514,1
20.0,6,64.0,5623.899169,1.0,0.0,0.0,0,10,0,1.0,1.0,0.0,0.0,0.0,1.0,1.0,540,54,54,54.0,54.0,0.000200295,1
20.0,6,64.0,5567.906545,1.0,0.0,0.0,0,10,0,1.0,1.0,0.0,0.0,0.0,1.0,1.0,540,54,54,54.0,54.0,0.000200486,1
20.0,6,64.0,6056.756679,1.0,0.0,0.0,0,10,0,1.0,1.0,0.0,0.0,0.0,1.0,1.0,540,54,54,54.0,54.0,0.000190711,1
20.0,6,64.0,5408.515796,1.0,0.0,0.0,0,10,0,1.0,1.0,0.0,0.0,0.0,1.0,1.0,540,54,54,54.0,54.0,0.000200891,1
20.0,6,64.0,4328.933843,1.0,0.0,0.0,0,10,0,1.0,1.0,0.0,0.0,0.0,1.0,1.0,540,54,54,54.0,54.0,0.00025351,1
20.0,6,64.0,5426.007762,1.0,0.0,0.0,0,10,0,1.0,1.0,0.0,0.0,0.0,1.0,1.0,540,54,54,54.0,54.0,0.000199604,1
20.0,6,64.0,3639.309328,1.0,0.0,0.0,0,10,0,1.0,1.0,0.0,0.0,0.0,1.0,1.0,540,54,54,54.0,54.0,0.000309396,1
20.0,6,64.0,6662.913423,1.0,0.0,0.0,0,10,0,1.0,1.0,0.0,0.0,0.0,1.0,1.0,540,54,54,54.0,54.0,0.000174785,1
18.0,6,81.8,436.3793749,0.9,0.0,0.0,0,9,0,0.9,0.9,0.0,0.0,0.0,1.0,1.0,556,54,70,55.6,55.6,0.002315998,1
18.0,6,62.8,2742.629961,0.9,0.0,0.0,0,9,0,0.9,0.9,0.0,0.0,0.0,1.0,1.0,572,54,86,57.2,57.2,0.000393105,1
17.6,6,106.3,111.2715716,0.0,0.4,0.7,7,0,4,0.7,0.7,0.0,0.0,0.0,1.0,1.0,666,54,110,66.6,66.6,0.011302304,1
20.0,6,64.0,5814.116995,1.0,0.0,0.0,0,10,0,1.0,1.0,0.0,0.0,0.0,1.0,1.0,540,54,54,54.0,54.0,0.000197601,1
21.2,6,94.2,171.2883676,0.2,0.1,0.7,7,2,1,0.8,0.8,0.0,0.0,0.0,1.0,1.0,677,54,86,67.7,67.7,0.005885005,1
20.0,6,64.0,3714.732088,1.0,0.0,0.0,0,10,0,1.0,1.0,0.0,0.0,0.0,1.0,1.0,540,54,54,54.0,54.0,0.000293207,1
20.4,6,129.1,3275.5205,0.2,0.1,0.8,8,2,1,1.0,1.0,0.0,0.0,0.0,1.0,1.0,559,54,66,55.9,55.9,0.000316882,1
20.0,6,64.0,3429.240455,1.0,0.0,0.0,0,10,0,1.0,1.0,0.0,0.0,0.0,1.0,1.0,540,54,54,54.0,54.0,0.000331497,1
20.0,6,64.0,5546.553822,1.0,0.0,0.0,0,10,0,1.0,1.0,0.0,0.0,0.0,1.0,1.0,540,54,54,54.0,54.0,0.000213599,1
22.0,6,64.0,6667.149897,1.0,0.0,0.0,0,10,0,1.0,1.0,0.0,0.0,0.0,1.0,1.0,560,54,74,56.0,56.0,0.00016799,1
18.0,6,63.0,3896.96553,0.9,0.0,0.0,0,9,0,0.9,0.9,0.0,0.0,0.0,1.0,1.0,572,54,86,57.2,57.2,0.000276399,1
20.0,6,64.0,6605.20315,1.0,0.0,0.0,0,10,0,1.0,1.0,0.0,0.0,0.0,1.0,1.0,540,54,54,54.0,54.0,0.000186992,1
21.2,6,67.8,1234.562901,0.9,0.0,0.1,1,9,0,1.0,1.0,0.0,0.0,0.0,1.0,1.0,552,54,66,55.2,55.2,0.002192688,1
20.0,6,69.4,3498.752085,0.9,0.1,0.1,1,9,1,1.0,1.0,0.0,0.0,0.0,1.0,1.0,540,54,54,54.0,54.0,0.000304604,1
20.0,6,64.0,6009.892535,1.0,0.0,0.0,0,10,0,1.0,1.0,0.0,0.0,0.0,1.0,1.0,540,54,54,54.0,54.0,0.000175881,1
16.8,6,56.8,35.72651859,0.2,0.3,0.5,5,2,3,0.4,0.6,0.2,0.2,0.1,0.9,0.9,1168,42,342,116.8,116.8,0.028302503,1
30.0,6,94.3,74.44298709,0.2,0.0,0.9,9,2,0,1.0,1.0,0.0,0.0,0.0,1.0,1.0,668,54,74,66.8,66.8,0.01348021,1
20.0,6,64.0,5797.241189,1.0,0.0,0.0,0,10,0,1.0,1.0,0.0,0.0,0.0,1.0,1.0,540,54,54,54.0,54.0,0.000186396,1
20.0,6,64.0,6265.766358,1.0,0.0,0.0,0,10,0,1.0,1.0,0.0,0.0,0.0,1.0,1.0,540,54,54,54.0,54.0,0.000174785,1
18.8,6,64.0,45.74923948,0.9,0.0,0.0,0,9,0,0.9,0.9,0.1,0.1,0.0,1.0,1.0,828,54,342,82.8,82.8,0.021976495,1
20.0,6,64.0,5146.385276,1.0,0.0,0.0,0,10,0,1.0,1.0,0.0,0.0,0.0,1.0,1.0,540,54,54,54.0,54.0,0.000213099,1
21.2,6,68.5,447.7697473,0.8,0.0,0.2,2,8,0,0.9,0.9,0.0,0.0,0.0,1.0,1.0,604,54,86,60.4,60.4,0.002266908,1
20.0,6,64.0,6199.089565,1.0,0.0,0.0,0,10,0,1.0,1.0,0.0,0.0,0.0,1.0,1.0,540,54,54,54.0,54.0,0.000177121,1
20.0,6,64.0,6082.227378,1.0,0.0,0.0,0,10,0,1.0,1.0,0.0,0.0,0.0,1.0,1.0,540,54,54,54.0,54.0,0.000182319,1
20.0,6,64.0,6289.254761,1.0,0.0,0.0,0,10,0,1.0,1.0,0.0,0.0,0.0,1.0,1.0,540,54,54,54.0,54.0,0.000176287,1
20.0,6,64.0,2791.735889,1.0,0.0,0.0,0,10,0,1.0,1.0,0.0,0.0,0.0,1.0,1.0,540,54,54,54.0,54.0,0.000390005,1
20.0,6,64.0,64.27559574,1.0,0.0,0.0,0,10,0,0.9,1.0,0.0,0.0,0.0,1.0,1.0,540,54,54,54.0,54.0,0.015900397,1
15.6,1,71.0,93.53746245,0.1,0.1,0.3,3,1,1,0.5,0.5,0.0,0.0,0.0,1.0,1.0,720,54,91,72.0,72.0,0.010763693,1
20.0,6,81.1,2510.657249,0.8,0.1,0.1,1,8,1,1.0,1.0,0.0,0.0,0.0,1.0,1.0,558,54,72,55.8,55.8,0.000431705,1
20.0,6,64.0,3022.05058,1.0,0.0,0.0,0,10,0,1.0,1.0,0.0,0.0,0.0,1.0,1.0,540,54,54,54.0,54.0,0.00040729,1
20.0,6,64.0,3471.243896,1.0,0.0,0.0,0,10,0,1.0,1.0,0.0,0.0,0.0,1.0,1.0,540,54,54,54.0,54.0,0.000315285,1
20.4,6,62.2,2795.643538,1.0,0.0,0.1,1,10,0,0.9,1.0,0.0,0.0,0.0,1.0,1.0,544,54,58,54.4,54.4,0.000385499,1
20.0,6,64.0,2044.107413,1.0,0.0,0.0,0,10,0,1.0,1.0,0.0,0.0,0.0,1.0,1.0,540,54,54,54.0,54.0,0.000532413,1
20.0,6,64.0,716.4361847,1.0,0.0,0.0,0,10,0,1.0,1.0,0.0,0.0,0.0,1.0,1.0,540,54,54,54.0,54.0,0.002083206,1
20.0,6,64.0,5405.727542,1.0,0.0,0.0,0,10,0,1.0,1.0,0.0,0.0,0.0,1.0,1.0,540,54,54,54.0,54.0,0.000203991,1
20.0,6,64.0,5146.385276,1.0,0.0,0.0,0,10,0,1.0,1.0,0.0,0.0,0.0,1.0,1.0,540,54,54,54.0,54.0,0.000215006,1
20.0,6,64.0,3327.756268,1.0,0.0,0.0,0,10,0,1.0,1.0,0.0,0.0,0.0,1.0,1.0,540,54,54,54.0,54.0,0.000334883,1
20.0,6,64.0,4430.446815,1.0,0.0,0.0,0,10,0,1.0,1.0,0.0,0.0,0.0,1.0,1.0,540,54,54,54.0,54.0,0.000243211,1
20.0,6,64.0,7158.736986,1.0,0.0,0.0,0,10,0,1.0,1.0,0.0,0.0,0.0,1.0,1.0,540,54,54,54.0,54.0,0.000163698,1
20.0,6,64.0,6720.564012,1.0,0.0,0.0,0,10,0,1.0,1.0,0.0,0.0,0.0,1.0,1.0,540,54,54,54.0,54.0,0.000166607,1
20.0,6,64.0,4063.066938,1.0,0.0,0.0,0,10,0,1.0,1.0,0.0,0.0,0.0,1.0,1.0,540,54,54,54.0,54.0,0.000264215,1
20.0,6,64.0,4292.16537,1.0,0.0,0.0,0,10,0,1.0,1.0,0.0,0.0,0.0,1.0,1.0,540,54,54,54.0,54.0,0.000254679,1
20.0,6,64.0,5767.744774,1.0,0.0,0.0,0,10,0,1.0,1.0,0.0,0.0,0.0,1.0,1.0,540,54,54,54.0,54.0,0.000192595,1
20.0,6,64.0,6806.725089,1.0,0.0,0.0,0,10,0,1.0,1.0,0.0,0.0,0.0,1.0,1.0,540,54,54,54.0,54.0,0.000172615,1
20.0,6,64.0,6422.146685,1.0,0.0,0.0,0,10,0,1.0,1.0,0.0,0.0,0.0,1.0,1.0,540,54,54,54.0,54.0,0.000169611,1
20.0,6,64.0,4982.542172,1.0,0.0,0.0,0,10,0,1.0,1.0,0.0,0.0,0.0,1.0,1.0,540,54,54,54.0,54.0,0.00022049,1
18.0,6,62.2,5756.662092,0.9,0.0,0.0,0,9,0,0.9,0.9,0.0,0.0,0.0,1.0,1.0,572,54,86,57.2,57.2,0.000188398,1
19.6,6,68.8,9.965112754,0.7,0.0,0.2,2,7,0,0.8,0.8,0.2,0.2,0.0,1.0,1.0,1136,54,342,113.6,113.6,0.114314294,1
20.0,6,64.0,6505.822863,1.0,0.0,0.0,0,10,0,1.0,1.0,0.0,0.0,0.0,1.0,1.0,540,54,54,54.0,54.0,0.000165296,1
20.0,6,64.0,5920.8131,1.0,0.0,0.0,0,10,0,1.0,1.0,0.0,0.0,0.0,1.0,1.0,540,54,54,54.0,54.0,0.000194383,1
20.0,6,64.0,6514.917676,1.0,0.0,0.0,0,10,0,1.0,1.0,0.0,0.0,0.0,1.0,1.0,540,54,54,54.0,54.0,0.000173903,1
18.0,6,62.3,2288.842565,0.9,0.0,0.0,0,9,0,0.9,0.9,0.0,0.0,0.0,1.0,1.0,556,54,70,55.6,55.6,0.0004632,1
20.0,6,64.0,7794.655269,1.0,0.0,0.0,0,10,0,1.0,1.0,0.0,0.0,0.0,1.0,1.0,540,54,54,54.0,54.0,0.000145197,1
20.0,6,64.0,5216.147245,1.0,0.0,0.0,0,10,0,1.0,1.0,0.0,0.0,0.0,1.0,1.0,540,54,54,54.0,54.0,0.001241398,1
20.0,6,64.0,3273.475377,1.0,0.0,0.0,0,10,0,1.0,1.0,0.0,0.0,0.0,1.0,1.0,540,54,54,54.0,54.0,0.000335503,1
20.0,6,64.0,6670.330789,1.0,0.0,0.0,0,10,0,1.0,1.0,0.0,0.0,0.0,1.0,1.0,540,54,54,54.0,54.0,0.000164914,1
20.0,6,64.0,7621.8499,1.0,0.0,0.0,0,10,0,1.0,1.0,0.0,0.0,0.0,1.0,1.0,540,54,54,54.0,54.0,0.000143909,1
20.0,6,64.0,2881.890889,1.0,0.0,0.0,0,10,0,1.0,1.0,0.0,0.0,0.0,1.0,1.0,540,54,54,54.0,54.0,0.000376201,1
27.6,6,81.4,120.2298936,0.2,0.0,0.9,9,2,0,0.9,0.9,0.0,0.0,0.0,1.0,1.0,840,54,235,84.0,84.0,0.00831778,1
20.0,6,64.0,5561.999735,1.0,0.0,0.0,0,10,0,1.0,1.0,0.0,0.0,0.0,1.0,1.0,540,54,54,54.0,54.0,0.000200891,1
20.0,6,64.0,8.91507908,1.0,0.0,0.0,0,10,0,0.9,1.0,0.0,0.0,0.0,1.0,1.0,540,54,54,54.0,54.0,0.113784289,1
20.0,6,64.0,5361.50326,1.0,0.0,0.0,0,10,0,1.0,1.0,0.0,0.0,0.0,1.0,1.0,540,54,54,54.0,54.0,0.000215507,1
20.0,6,64.0,6988.177274,1.0,0.0,0.0,0,10,0,1.0,1.0,0.0,0.0,0.0,1.0,1.0,540,54,54,54.0,54.0,0.000162888,1
20.0,6,64.0,6293.029257,1.0,0.0,0.0,0,10,0,1.0,1.0,0.0,0.0,0.0,1.0,1.0,540,54,54,54.0,54.0,0.000319219,1
20.0,6,64.0,6218.389918,1.0,0.0,0.0,0,10,0,1.0,1.0,0.0,0.0,0.0,1.0,1.0,540,54,54,54.0,54.0,0.000195408,1
20.0,6,64.0,5265.918393,1.0,0.0,0.0,0,10,0,1.0,1.0,0.0,0.0,0.0,1.0,1.0,540,54,54,54.0,54.0,0.000209808,1
26.8,6,75.2,242.5013876,0.3,0.1,0.6,6,3,1,0.8,0.8,0.0,0.0,0.0,1.0,1.0,696,54,86,69.6,69.6,0.004211402,1
20.0,6,64.0,5227.198405,1.0,0.0,0.0,0,10,0,1.0,1.0,0.0,0.0,0.0,1.0,1.0,540,54,54,54.0,54.0,0.000310206,1
28.0,6,91.7,294.2400752,0.1,0.5,0.9,9,1,5,1.0,1.0,0.0,0.0,0.0,1.0,1.0,658,54,86,65.8,65.8,0.003467798,1
20.0,6,64.0,5844.90524,1.0,0.0,0.0,0,10,0,1.0,1.0,0.0,0.0,0.0,1.0,1.0,540,54,54,54.0,54.0,0.000182986,1
23.2,6,63.0,118.0888671,0.8,0.1,0.1,1,8,1,1.0,1.0,0.0,0.0,0.0,1.0,1.0,578,54,74,57.8,57.8,0.037414694,1
18.0,6,60.7,2435.433748,0.8,0.1,0.1,1,8,1,0.9,0.9,0.0,0.0,0.0,1.0,1.0,572,54,86,57.2,57.2,0.000431705,1
20.0,6,64.0,4694.766062,1.0,0.0,0.0,0,10,0,1.0,1.0,0.0,0.0,0.0,1.0,1.0,540,54,54,54.0,54.0,0.000234509,1
20.0,6,64.0,6447.815527,1.0,0.0,0.0,0,10,0,1.0,1.0,0.0,0.0,0.0,1.0,1.0,540,54,54,54.0,54.0,0.000176907,1
20.0,6,64.0,6900.796315,1.0,0.0,0.0,0,10,0,1.0,1.0,0.0,0.0,0.0,1.0,1.0,540,54,54,54.0,54.0,0.000159717,1
20.0,6,64.0,4710.055025,1.0,0.0,0.0,0,10,0,1.0,1.0,0.0,0.0,0.0,1.0,1.0,540,54,54,54.0,54.0,0.000235796,1
20.0,6,64.0,3780.695872,1.0,0.0,0.0,0,10,0,1.0,1.0,0.0,0.0,0.0,1.0,1.0,540,54,54,54.0,54.0,0.000287199,1
20.0,6,64.0,5165.399015,1.0,0.0,0.0,0,10,0,1.0,1.0,0.0,0.0,0.0,1.0,1.0,540,54,54,54.0,54.0,0.000208807,1
20.0,6,64.0,5279.838872,1.0,0.0,0.0,0,10,0,1.0,1.0,0.0,0.0,0.0,1.0,1.0,540,54,54,54.0,54.0,0.0002105,1
24.4,6,69.4,3635.208875,0.8,0.0,0.2,2,8,0,1.0,1.0,0.0,0.0,0.0,1.0,1.0,584,54,74,58.4,58.4,0.001826096,1
20.0,6,62.3,2318.063446,0.9,0.1,0.1,1,9,1,1.0,1.0,0.0,0.0,0.0,1.0,1.0,540,54,54,54.0,54.0,0.000459981,1
20.0,6,64.0,4757.604356,1.0,0.0,0.0,0,10,0,1.0,1.0,0.0,0.0,0.0,1.0,1.0,540,54,54,54.0,54.0,0.000232291,1
20.0,6,64.0,5055.814851,1.0,0.0,0.0,0,10,0,1.0,1.0,0.0,0.0,0.0,1.0,1.0,540,54,54,54.0,54.0,0.000216198,1
20.0,6,64.0,7133.170068,1.0,0.0,0.0,0,10,0,1.0,1.0,0.0,0.0,0.0,1.0,1.0,540,54,54,54.0,54.0,0.000162387,1
20.0,6,64.0,7800.453785,1.0,0.0,0.0,0,10,0,1.0,1.0,0.0,0.0,0.0,1.0,1.0,540,54,54,54.0,54.0,0.000139499,1
20.4,6,86.6,141.0836484,0.2,0.7,0.7,7,2,7,0.9,0.9,0.0,0.0,0.0,1.0,1.0,580,54,74,58.0,58.0,0.007159615,1
21.2,6,62.2,2016.977158,0.9,0.0,0.1,1,9,0,1.0,1.0,0.0,0.0,0.0,1.0,1.0,553,54,67,55.3,55.3,0.000518894,1
20.0,6,64.0,6246.171258,1.0,0.0,0.0,0,10,0,1.0,1.0,0.0,0.0,0.0,1.0,1.0,540,54,54,54.0,54.0,0.000173497,1
20.0,6,64.0,4251.701977,1.0,0.0,0.0,0,10,0,1.0,1.0,0.0,0.0,0.0,1.0,1.0,540,54,54,54.0,54.0,0.000261307,1
20.0,6,64.0,6548.483997,1.0,0.0,0.0,0,10,0,1.0,1.0,0.0,0.0,0.0,1.0,1.0,540,54,54,54.0,54.0,0.000173306,1
20.0,6,64.0,6305.327721,1.0,0.0,0.0,0,10,0,1.0,1.0,0.0,0.0,0.0,1.0,1.0,540,54,54,54.0,54.0,0.000176191,1
20.0,6,64.0,5461.333333,1.0,0.0,0.0,0,10,0,1.0,1.0,0.0,0.0,0.0,1.0,1.0,540,54,54,54.0,54.0,0.00020411,1
20.0,6,64.0,2367.389513,1.0,0.0,0.0,0,10,0,1.0,1.0,0.0,0.0,0.0,1.0,1.0,540,54,54,54.0,54.0,0.000443506,1
20.0,6,64.0,5099.457751,1.0,0.0,0.0,0,10,0,1.0,1.0,0.0,0.0,0.0,1.0,1.0,540,54,54,54.0,54.0,0.000215507,1
16.8,6,62.4,314.6325802,0.8,0.0,0.0,0,8,0,0.8,0.8,0.1,0.1,0.0,1.0,1.0,844,54,342,84.4,84.4,0.003210211,1
20.0,6,64.0,6666.090273,1.0,0.0,0.0,0,10,0,1.0,1.0,0.0,0.0,0.0,1.0,1.0,540,54,54,54.0,54.0,0.000173807,1
20.0,6,64.0,6116.820767,1.0,0.0,0.0,0,10,0,1.0,1.0,0.0,0.0,0.0,1.0,1.0,540,54,54,54.0,54.0,0.000188088,1
20.0,6,64.0,6078.701449,1.0,0.0,0.0,0,10,0,1.0,1.0,0.0,0.0,0.0,1.0,1.0,540,54,54,54.0,54.0,0.000185704,1
10.4,17,62.2,3.317111718,0.1,0.0,0.0,0,1,0,0.0,0.1,0.8,0.8,0.0,1.0,1.0,2912,74,342,291.2,291.2,0.402023983,1
20.0,6,64.0,3434.013427,1.0,0.0,0.0,0,10,0,1.0,1.0,0.0,0.0,0.0,1.0,1.0,540,54,54,54.0,54.0,0.000321984,1
20.0,6,64.0,7922.750283,1.0,0.0,0.0,0,10,0,1.0,1.0,0.0,0.0,0.0,1.0,1.0,540,54,54,54.0,54.0,0.000141001,1
20.0,6,64.0,3946.465939,1.0,0.0,0.0,0,10,0,1.0,1.0,0.0,0.0,0.0,1.0,1.0,540,54,54,54.0,54.0,0.000291705,1
20.0,6,64.0,7385.638317,1.0,0.0,0.0,0,10,0,1.0,1.0,0.0,0.0,0.0,1.0,1.0,540,54,54,54.0,54.0,0.000151801,1
20.0,6,64.0,3779.333213,1.0,0.0,0.0,0,10,0,1.0,1.0,0.0,0.0,0.0,1.0,1.0,540,54,54,54.0,54.0,0.000294805,1
20.0,6,64.0,5025.526,1.0,0.0,0.0,0,10,0,1.0,1.0,0.0,0.0,0.0,1.0,1.0,540,54,54,54.0,54.0,0.00022099,1
20.0,6,64.0,5976.494728,1.0,0.0,0.0,0,10,0,1.0,1.0,0.0,0.0,0.0,1.0,1.0,540,54,54,54.0,54.0,0.0001899,1
20.0,6,64.0,5273.863951,1.0,0.0,0.0,0,10,0,1.0,1.0,0.0,0.0,0.0,1.0,1.0,540,54,54,54.0,54.0,0.0002074,1
20.0,6,64.0,3952.788616,1.0,0.0,0.0,0,10,0,1.0,1.0,0.0,0.0,0.0,1.0,1.0,540,54,54,54.0,54.0,0.000276995,1
20.0,6,64.0,6675.639026,1.0,0.0,0.0,0,10,0,1.0,1.0,0.0,0.0,0.0,1.0,1.0,540,54,54,54.0,54.0,0.000165582,1
20.0,6,64.0,7293.173361,1.0,0.0,0.0,0,10,0,1.0,1.0,0.0,0.0,0.0,1.0,1.0,540,54,54,54.0,54.0,0.000154805,1
20.0,6,64.0,4926.361287,1.0,0.0,0.0,0,10,0,1.0,1.0,0.0,0.0,0.0,1.0,1.0,540,54,54,54.0,54.0,0.000221682,1
20.0,6,64.0,6138.305283,1.0,0.0,0.0,0,10,0,1.0,1.0,0.0,0.0,0.0,1.0,1.0,540,54,54,54.0,54.0,0.000187397,1
20.0,6,64.0,5358.763255,1.0,0.0,0.0,0,10,0,1.0,1.0,0.0,0.0,0.0,1.0,1.0,540,54,54,54.0,54.0,0.000208998,1
20.0,6,64.0,6423.130168,1.0,0.0,0.0,0,10,0,1.0,1.0,0.0,0.0,0.0,1.0,1.0,540,54,54,54.0,54.0,0.000173807,1
20.0,6,64.0,6142.800234,1.0,0.0,0.0,0,10,0,1.0,1.0,0.0,0.0,0.0,1.0,1.0,540,54,54,54.0,54.0,0.000182295,1
20.0,6,64.0,4244.817326,1.0,0.0,0.0,0,10,0,1.0,1.0,0.0,0.0,0.0,1.0,1.0,540,54,54,54.0,54.0,0.000266194,1
20.0,6,62.2,6431.008893,0.9,0.1,0.1,1,9,1,1.0,1.0,0.0,0.0,0.0,1.0,1.0,540,54,54,54.0,54.0,0.000172114,1
20.0,6,64.0,5643.573735,1.0,0.0,0.0,0,10,0,1.0,1.0,0.0,0.0,0.0,1.0,1.0,540,54,54,54.0,54.0,0.000191283,1
20.0,6,98.6,1713.219508,0.8,0.0,0.2,2,8,0,1.0,1.0,0.0,0.0,0.0,1.0,1.0,546,54,57,54.6,54.6,0.000610685,1
20.0,6,64.0,6853.437908,1.0,0.0,0.0,0,10,0,1.0,1.0,0.0,0.0,0.0,1.0,1.0,540,54,54,54.0,54.0,0.000161791,1
20.0,6,64.0,5602.115667,1.0,0.0,0.0,0,10,0,1.0,1.0,0.0,0.0,0.0,1.0,1.0,540,54,54,54.0,54.0,0.000200009,1
18.8,6,98.9,1851.462876,0.8,0.0,0.2,2,8,0,0.9,0.9,0.0,0.0,0.0,1.0,1.0,580,54,86,58.0,58.0,0.000565815,1
20.0,6,64.0,4244.387776,1.0,0.0,0.0,0,10,0,1.0,1.0,0.0,0.0,0.0,1.0,1.0,540,54,54,54.0,54.0,0.000264287,1
20.0,6,64.0,7096.961083,1.0,0.0,0.0,0,10,0,1.0,1.0,0.0,0.0,0.0,1.0,1.0,540,54,54,54.0,54.0,0.000153208,1
20.0,6,64.0,6134.714056,1.0,0.0,0.0,0,10,0,1.0,1.0,0.0,0.0,0.0,1.0,1.0,540,54,54,54.0,54.0,0.000180197,1
20.0,6,64.0,6105.245997,1.0,0.0,0.0,0,10,0,1.0,1.0,0.0,0.0,0.0,1.0,1.0,540,54,54,54.0,54.0,0.000180697,1
20.0,6,64.0,3097.942241,1.0,0.0,0.0,0,10,0,1.0,1.0,0.0,0.0,0.0,1.0,1.0,540,54,54,54.0,54.0,0.000395989,1
20.0,6,64.0,4977.811536,1.0,0.0,0.0,0,10,0,1.0,1.0,0.0,0.0,0.0,1.0,1.0,540,54,54,54.0,54.0,0.00022409,1
24.0,6,64.0,4480.136723,1.0,0.0,0.0,0,10,0,1.0,1.0,0.0,0.0,0.0,1.0,1.0,580,54,74,58.0,58.0,0.000246811,1
20.0,6,64.0,3712.101956,1.0,0.0,0.0,0,10,0,1.0,1.0,0.0,0.0,0.0,1.0,1.0,540,54,54,54.0,54.0,0.000287986,1
20.0,6,64.0,6108.802796,1.0,0.0,0.0,0,10,0,1.0,1.0,0.0,0.0,0.0,1.0,1.0,540,54,54,54.0,54.0,0.000185704,1
20.0,6,64.0,5461.333333,1.0,0.0,0.0,0,10,0,1.0,1.0,0.0,0.0,0.0,1.0,1.0,540,54,54,54.0,54.0,0.0002038,1
20.0,6,64.0,3431.765668,1.0,0.0,0.0,0,10,0,1.0,1.0,0.0,0.0,0.0,1.0,1.0,540,54,54,54.0,54.0,0.000312495,1
20.0,6,64.0,5984.168926,1.0,0.0,0.0,0,10,0,1.0,1.0,0.0,0.0,0.0,1.0,1.0,540,54,54,54.0,54.0,0.000178003,1
24.4,6,57.7,103.3634809,0.1,0.0,0.9,9,1,0,0.9,0.9,0.0,0.0,0.0,1.0,1.0,668,54,86,66.8,66.8,0.011499,1
20.0,6,64.0,5131.274774,1.0,0.0,0.0,0,10,0,1.0,1.0,0.0,0.0,0.0,1.0,1.0,540,54,54,54.0,54.0,0.000218582,1
20.0,6,64.0,7489.828571,1.0,0.0,0.0,0,10,0,1.0,1.0,0.0,0.0,0.0,1.0,1.0,540,54,54,54.0,54.0,0.000149822,1
20.0,6,64.0,6821.115629,1.0,0.0,0.0,0,10,0,1.0,1.0,0.0,0.0,0.0,1.0,1.0,540,54,54,54.0,54.0,0.000172091,1
36.0,6,60.1,180.0215461,0.5,0.2,0.8,8,5,2,1.0,1.0,0.0,0.0,0.0,1.0,1.0,700,66,74,70.0,70.0,0.005614901,1
20.0,6,64.0,5316.648498,1.0,0.0,0.0,0,10,0,1.0,1.0,0.0,0.0,0.0,1.0,1.0,540,54,54,54.0,54.0,0.000206208,1
20.0,6,64.0,1617.049888,1.0,0.0,0.0,0,10,0,1.0,1.0,0.0,0.0,0.0,1.0,1.0,540,54,54,54.0,54.0,0.000643015,1
20.0,6,78.8,777.0539304,0.6,0.0,0.1,1,6,0,0.7,0.7,0.0,0.0,0.0,1.0,1.0,684,54,86,68.4,68.4,0.001306891,1
20.0,6,64.0,5396.685538,1.0,0.0,0.0,0,10,0,1.0,1.0,0.0,0.0,0.0,1.0,1.0,540,54,54,54.0,54.0,0.000198102,1
20.0,6,64.0,3607.693102,1.0,0.0,0.0,0,10,0,1.0,1.0,0.0,0.0,0.0,1.0,1.0,540,54,54,54.0,54.0,0.000311899,1
20.0,6,64.0,5814.116995,1.0,0.0,0.0,0,10,0,1.0,1.0,0.0,0.0,0.0,1.0,1.0,540,54,54,54.0,54.0,0.000193882,1
20.0,6,64.0,348.688481,1.0,0.0,0.0,0,10,0,1.0,1.0,0.0,0.0,0.0,1.0,1.0,540,54,54,54.0,54.0,0.0040066,1
20.0,6,64.0,4963.086025,1.0,0.0,0.0,0,10,0,1.0,1.0,0.0,0.0,0.0,1.0,1.0,540,54,54,54.0,54.0,0.000226593,1
20.0,6,64.0,6802.309439,1.0,0.0,0.0,0,10,0,1.0,1.0,0.0,0.0,0.0,1.0,1.0,540,54,54,54.0,54.0,0.000159597,1
20.0,6,64.0,5733.840055,1.0,0.0,0.0,0,10,0,1.0,1.0,0.0,0.0,0.0,1.0,1.0,540,54,54,54.0,54.0,0.000189805,1
20.0,6,64.0,3669.87838,1.0,0.0,0.0,0,10,0,1.0,1.0,0.0,0.0,0.0,1.0,1.0,540,54,54,54.0,54.0,0.000311589,1
20.0,6,64.0,6743.254019,1.0,0.0,0.0,0,10,0,1.0,1.0,0.0,0.0,0.0,1.0,1.0,540,54,54,54.0,54.0,0.000162792,1
22.4,6,62.7,1183.427572,0.8,0.0,0.2,2,8,0,1.0,1.0,0.0,0.0,0.0,1.0,1.0,571,54,73,57.1,57.1,0.000865698,1
20.0,6,64.0,5991.006999,1.0,0.0,0.0,0,10,0,1.0,1.0,0.0,0.0,0.0,1.0,1.0,540,54,54,54.0,54.0,0.000180006,1
20.0,6,64.0,7407.813493,1.0,0.0,0.0,0,10,0,1.0,1.0,0.0,0.0,0.0,1.0,1.0,540,54,54,54.0,54.0,0.000149798,1
20.0,6,62.7,996.9110831,0.9,0.1,0.1,1,9,1,1.0,1.0,0.0,0.0,0.0,1.0,1.0,540,54,54,54.0,54.0,0.0010144,1
20.0,6,64.0,3606.452279,1.0,0.0,0.0,0,10,0,1.0,1.0,0.0,0.0,0.0,1.0,1.0,540,54,54,54.0,54.0,0.00030818,1
20.0,6,64.0,2679.552801,1.0,0.0,0.0,0,10,0,1.0,1.0,0.0,0.0,0.0,1.0,1.0,540,54,54,54.0,54.0,0.000402212,1
20.0,6,64.0,30.00524374,1.0,0.0,0.0,0,10,0,1.0,1.0,0.0,0.0,0.0,1.0,1.0,540,54,54,54.0,54.0,0.036255097,1
20.0,6,64.0,5263.275191,1.0,0.0,0.0,0,10,0,1.0,1.0,0.0,0.0,0.0,1.0,1.0,540,54,54,54.0,54.0,0.000221109,1
20.0,6,64.0,5428.816982,1.0,0.0,0.0,0,10,0,1.0,1.0,0.0,0.0,0.0,1.0,1.0,540,54,54,54.0,54.0,0.000205708,1
20.0,6,64.0,6410.368333,1.0,0.0,0.0,0,10,0,1.0,1.0,0.0,0.0,0.0,1.0,1.0,540,54,54,54.0,54.0,0.000177908,1
20.0,6,64.0,6013.339068,1.0,0.0,0.0,0,10,0,1.0,1.0,0.0,0.0,0.0,1.0,1.0,540,54,54,54.0,54.0,0.0001899,1
20.0,6,64.0,6549.506558,1.0,0.0,0.0,0,10,0,1.0,1.0,0.0,0.0,0.0,1.0,1.0,540,54,54,54.0,54.0,0.000171804,1
20.0,6,64.0,5205.142715,1.0,0.0,0.0,0,10,0,1.0,1.0,0.0,0.0,0.0,1.0,1.0,540,54,54,54.0,54.0,0.000212598,1
20.0,6,64.0,4953.122343,1.0,0.0,0.0,0,10,0,1.0,1.0,0.0,0.0,0.0,1.0,1.0,540,54,54,54.0,54.0,0.000220585,1
20.0,6,64.0,7507.25613,1.0,0.0,0.0,0,10,0,1.0,1.0,0.0,0.0,0.0,1.0,1.0,540,54,54,54.0,54.0,0.000148892,1
20.0,6,64.0,4824.36623,1.0,0.0,0.0,0,10,0,1.0,1.0,0.0,0.0,0.0,1.0,1.0,540,54,54,54.0,54.0,0.000226593,1
20.0,6,64.0,5428.816982,1.0,0.0,0.0,0,10,0,1.0,1.0,0.0,0.0,0.0,1.0,1.0,540,54,54,54.0,54.0,0.000203013,1
20.0,6,64.0,6532.166329,1.0,0.0,0.0,0,10,0,1.0,1.0,0.0,0.0,0.0,1.0,1.0,540,54,54,54.0,54.0,0.000165105,1
20.0,6,64.0,5630.694053,1.0,0.0,0.0,0,10,0,1.0,1.0,0.0,0.0,0.0,1.0,1.0,540,54,54,54.0,54.0,0.000192499,1
20.0,6,64.0,2921.43484,1.0,0.0,0.0,0,10,0,1.0,1.0,0.0,0.0,0.0,1.0,1.0,540,54,54,54.0,54.0,0.000367904,1
20.0,6,64.0,3896.96553,1.0,0.0,0.0,0,10,0,1.0,1.0,0.0,0.0,0.0,1.0,1.0,540,54,54,54.0,54.0,0.000274992,1
20.0,6,64.0,3896.96553,1.0,0.0,0.0,0,10,0,1.0,1.0,0.0,0.0,0.0,1.0,1.0,540,54,54,54.0,54.0,0.00027082,1
20.0,6,64.0,3598.407687,1.0,0.0,0.0,0,10,0,1.0,1.0,0.0,0.0,0.0,1.0,1.0,540,54,54,54.0,54.0,0.00030942,1
20.0,6,64.0,5515.917938,1.0,0.0,0.0,0,10,0,1.0,1.0,0.0,0.0,0.0,1.0,1.0,540,54,54,54.0,54.0,0.000198698,1
18.0,6,62.3,3272.453772,0.9,0.0,0.0,0,9,0,0.9,0.9,0.0,0.0,0.0,1.0,1.0,572,54,86,57.2,57.2,0.000321198,1
20.0,6,64.0,6200.005913,1.0,0.0,0.0,0,10,0,1.0,1.0,0.0,0.0,0.0,1.0,1.0,540,54,54,54.0,54.0,0.000182009,1
20.0,6,64.0,5221.992032,1.0,0.0,0.0,0,10,0,1.0,1.0,0.0,0.0,0.0,1.0,1.0,540,54,54,54.0,54.0,0.000213003,1
18.0,6,62.5,2203.585163,0.9,0.0,0.0,0,9,0,0.9,0.9,0.0,0.0,0.0,1.0,1.0,572,54,86,57.2,57.2,0.000472307,1
20.0,6,64.0,5405.030928,1.0,0.0,0.0,0,10,0,1.0,1.0,0.0,0.0,0.0,1.0,1.0,540,54,54,54.0,54.0,0.000198221,1
20.0,6,64.0,6592.74442,1.0,0.0,0.0,0,10,0,1.0,1.0,0.0,0.0,0.0,1.0,1.0,540,54,54,54.0,54.0,0.000169182,1
20.0,6,64.0,6807.829898,1.0,0.0,0.0,0,10,0,1.0,1.0,0.0,0.0,0.0,1.0,1.0,540,54,54,54.0,54.0,0.000162101,1
20.0,6,64.0,6273.263536,1.0,0.0,0.0,0,10,0,1.0,1.0,0.0,0.0,0.0,1.0,1.0,540,54,54,54.0,54.0,0.000175595,1
20.0,6,64.0,6601.045011,1.0,0.0,0.0,0,10,0,1.0,1.0,0.0,0.0,0.0,1.0,1.0,540,54,54,54.0,54.0,0.000166202,1
20.0,6,64.0,4334.749897,1.0,0.0,0.0,0,10,0,1.0,1.0,0.0,0.0,0.0,1.0,1.0,540,54,54,54.0,54.0,0.000267792,1
20.0,6,62.7,2420.675247,0.9,0.1,0.1,1,9,1,1.0,1.0,0.0,0.0,0.0,1.0,1.0,540,54,54,54.0,54.0,0.000437999,1
20.0,6,64.0,5675.648173,1.0,0.0,0.0,0,10,0,1.0,1.0,0.0,0.0,0.0,1.0,1.0,540,54,54,54.0,54.0,0.000193882,1
20.0,6,64.0,5010.517262,1.0,0.0,0.0,0,10,0,1.0,1.0,0.0,0.0,0.0,1.0,1.0,540,54,54,54.0,54.0,0.000254297,1
20.0,6,62.5,3722.975324,0.9,0.1,0.1,1,9,1,1.0,1.0,0.0,0.0,0.0,1.0,1.0,540,54,54,54.0,54.0,0.000286293,1
20.0,6,64.0,6006.44995,1.0,0.0,0.0,0,10,0,1.0,1.0,0.0,0.0,0.0,1.0,1.0,540,54,54,54.0,54.0,0.000180793,1
20.0,6,63.0,3754.972247,0.9,0.1,0.1,1,9,1,1.0,1.0,0.0,0.0,0.0,1.0,1.0,540,54,54,54.0,54.0,0.000294018,1
20.0,6,64.0,5599.124282,1.0,0.0,0.0,0,10,0,1.0,1.0,0.0,0.0,0.0,1.0,1.0,540,54,54,54.0,54.0,0.000196004,1
20.0,6,64.0,6382.081558,1.0,0.0,0.0,0,10,0,1.0,1.0,0.0,0.0,0.0,1.0,1.0,540,54,54,54.0,54.0,0.000171804,1
20.0,6,64.0,4868.040854,1.0,0.0,0.0,0,10,0,1.0,1.0,0.0,0.0,0.0,1.0,1.0,540,54,54,54.0,54.0,0.000226212,1
20.0,6,64.0,5494.241551,1.0,0.0,0.0,0,10,0,1.0,1.0,0.0,0.0,0.0,1.0,1.0,540,54,54,54.0,54.0,0.0002002,1
20.0,6,64.0,5455.650364,1.0,0.0,0.0,0,10,0,1.0,1.0,0.0,0.0,0.0,1.0,1.0,540,54,54,54.0,54.0,0.000200486,1
20.0,6,64.0,6078.701449,1.0,0.0,0.0,0,10,0,1.0,1.0,0.0,0.0,0.0,1.0,1.0,540,54,54,54.0,54.0,0.000181222,1
24.8,6,130.4,373.5641889,0.3,0.4,0.7,7,3,4,0.9,0.9,0.0,0.0,0.0,1.0,1.0,671,54,110,67.1,67.1,0.002692318,1
20.0,6,64.0,6706.59418,1.0,0.0,0.0,0,10,0,1.0,1.0,0.0,0.0,0.0,1.0,1.0,540,54,54,54.0,54.0,0.000168204,1
20.0,6,64.0,3415.278886,1.0,0.0,0.0,0,10,0,1.0,1.0,0.0,0.0,0.0,1.0,1.0,540,54,54,54.0,54.0,0.000350285,1
20.0,6,64.0,6587.567143,1.0,0.0,0.0,0,10,0,1.0,1.0,0.0,0.0,0.0,1.0,1.0,540,54,54,54.0,54.0,0.000168109,1
20.0,6,64.0,7272.939136,1.0,0.0,0.0,0,10,0,1.0,1.0,0.0,0.0,0.0,1.0,1.0,540,54,54,54.0,54.0,0.000156093,1
20.0,6,64.0,5740.117695,0.9,0.0,0.1,1,9,0,1.0,1.0,0.0,0.0,0.0,1.0,1.0,540,54,54,54.0,54.0,0.0001899,1
20.4,6,69.4,3039.570983,0.9,0.1,0.1,1,9,1,1.0,1.0,0.0,0.0,0.0,1.0,1.0,544,54,58,54.4,54.4,0.000347781,1
20.0,6,64.0,3695.422026,1.0,0.0,0.0,0,10,0,1.0,1.0,0.0,0.0,0.0,1.0,1.0,540,54,54,54.0,54.0,0.000271297,1
20.0,6,64.0,5854.695701,1.0,0.0,0.0,0,10,0,1.0,1.0,0.0,0.0,0.0,1.0,1.0,540,54,54,54.0,54.0,0.000265694,1
20.0,6,64.0,33.51070723,1.0,0.0,0.0,0,10,0,1.0,1.0,0.0,0.0,0.0,1.0,1.0,540,54,54,54.0,54.0,0.04797349,1
20.0,6,64.0,4175.098547,1.0,0.0,0.0,0,10,0,1.0,1.0,0.0,0.0,0.0,1.0,1.0,540,54,54,54.0,54.0,0.001257205,1
20.0,6,62.5,5227.198405,0.9,0.1,0.1,1,9,1,1.0,1.0,0.0,0.0,0.0,1.0,1.0,540,54,54,54.0,54.0,0.00019989,1
20.0,6,64.0,7092.160974,1.0,0.0,0.0,0,10,0,1.0,1.0,0.0,0.0,0.0,1.0,1.0,540,54,54,54.0,54.0,0.000150394,1
16.0,6,95.7,597.5898671,0.6,0.2,0.2,2,6,2,0.8,0.8,0.0,0.0,0.0,1.0,1.0,588,54,86,58.8,58.8,0.0016886,1
20.0,6,64.0,5985.022831,1.0,0.0,0.0,0,10,0,1.0,1.0,0.0,0.0,0.0,1.0,1.0,540,54,54,54.0,54.0,0.000182891,1
20.0,6,64.0,4093.601405,1.0,0.0,0.0,0,10,0,1.0,1.0,0.0,0.0,0.0,1.0,1.0,540,54,54,54.0,54.0,0.000264597,1
20.0,6,64.0,5299.853424,1.0,0.0,0.0,0,10,0,1.0,1.0,0.0,0.0,0.0,1.0,1.0,540,54,54,54.0,54.0,0.000212884,1
20.0,6,64.0,5750.348231,1.0,0.0,0.0,0,10,0,1.0,1.0,0.0,0.0,0.0,1.0,1.0,540,54,54,54.0,54.0,0.000197506,1
20.0,6,64.0,4620.80423,1.0,0.0,0.0,0,10,0,1.0,1.0,0.0,0.0,0.0,1.0,1.0,540,54,54,54.0,54.0,0.000218606,1
20.0,6,64.0,2829.591851,1.0,0.0,0.0,0,10,0,1.0,1.0,0.0,0.0,0.0,1.0,1.0,540,54,54,54.0,54.0,0.000385714,1
21.2,6,64.0,2666.775178,0.9,0.0,0.1,1,9,0,1.0,1.0,0.0,0.0,0.0,1.0,1.0,552,54,66,55.2,55.2,0.000378704,1
20.0,6,64.0,4914.240187,1.0,0.0,0.0,0,10,0,1.0,1.0,0.0,0.0,0.0,1.0,1.0,540,54,54,54.0,54.0,0.000225997,1
20.0,6,64.0,6997.504171,1.0,0.0,0.0,0,10,0,1.0,1.0,0.0,0.0,0.0,1.0,1.0,540,54,54,54.0,54.0,0.000161886,1
20.0,6,64.0,1361.477586,1.0,0.0,0.0,0,10,0,1.0,1.0,0.0,0.0,0.0,1.0,1.0,540,54,54,54.0,54.0,0.000750613,1
20.0,6,64.0,5244.191048,1.0,0.0,0.0,0,10,0,1.0,1.0,0.0,0.0,0.0,1.0,1.0,540,54,54,54.0,54.0,0.00021019,1
20.0,6,64.0,8209.637894,1.0,0.0,0.0,0,10,0,1.0,1.0,0.0,0.0,0.0,1.0,1.0,540,54,54,54.0,54.0,0.0001369,1
20.0,6,64.0,5227.849931,1.0,0.0,0.0,0,10,0,1.0,1.0,0.0,0.0,0.0,1.0,1.0,540,54,54,54.0,54.0,0.000216389,1
20.0,6,64.0,7220.354622,1.0,0.0,0.0,0,10,0,1.0,1.0,0.0,0.0,0.0,1.0,1.0,540,54,54,54.0,54.0,0.000152802,1
20.0,6,64.0,6873.654539,1.0,0.0,0.0,0,10,0,1.0,1.0,0.0,0.0,0.0,1.0,1.0,540,54,54,54.0,54.0,0.000160193,1
20.0,6,64.0,7184.487838,1.0,0.0,0.0,0,10,0,1.0,1.0,0.0,0.0,0.0,1.0,1.0,540,54,54,54.0,54.0,0.000152683,1
21.2,6,69.4,2020.572309,0.9,0.0,0.1,1,9,0,1.0,1.0,0.0,0.0,0.0,1.0,1.0,552,54,66,55.2,55.2,0.000525808,1
20.0,6,64.0,4527.041554,1.0,0.0,0.0,0,10,0,1.0,1.0,0.0,0.0,0.0,1.0,1.0,540,54,54,54.0,54.0,0.000242591,1
21.2,6,68.8,3840.234389,0.9,0.0,0.1,1,9,0,1.0,1.0,0.0,0.0,0.0,1.0,1.0,552,54,66,55.2,55.2,0.000284505,1
20.0,6,64.0,3918.445441,1.0,0.0,0.0,0,10,0,1.0,1.0,0.0,0.0,0.0,1.0,1.0,540,54,54,54.0,54.0,0.001321197,1
20.0,6,64.0,6643.915729,1.0,0.0,0.0,0,10,0,1.0,1.0,0.0,0.0,0.0,1.0,1.0,540,54,54,54.0,54.0,0.000170016,1
21.2,6,86.6,3636.469568,0.8,0.0,0.2,2,8,0,0.9,0.9,0.0,0.0,0.0,1.0,1.0,588,54,74,58.8,58.8,0.000285602,1
20.0,6,64.0,7435.390888,1.0,0.0,0.0,0,10,0,1.0,1.0,0.0,0.0,0.0,1.0,1.0,540,54,54,54.0,54.0,0.000150609,1
20.0,6,62.3,3357.86086,0.9,0.1,0.1,1,9,1,1.0,1.0,0.0,0.0,0.0,1.0,1.0,540,54,54,54.0,54.0,0.000300503,1
20.0,6,64.0,5857.96648,1.0,0.0,0.0,0,10,0,1.0,1.0,0.0,0.0,0.0,1.0,1.0,540,54,54,54.0,54.0,0.00020709,1
20.0,6,64.0,4027.176188,1.0,0.0,0.0,0,10,0,1.0,1.0,0.0,0.0,0.0,1.0,1.0,540,54,54,54.0,54.0,0.00027132,1
20.0,6,64.0,3307.810726,1.0,0.0,0.0,0,10,0,1.0,1.0,0.0,0.0,0.0,1.0,1.0,540,54,54,54.0,54.0,0.000344014,1
20.0,6,64.0,5711.198257,1.0,0.0,0.0,0,10,0,1.0,1.0,0.0,0.0,0.0,1.0,1.0,540,54,54,54.0,54.0,0.000195694,1
20.0,6,64.0,6119.498103,1.0,0.0,0.0,0,10,0,1.0,1.0,0.0,0.0,0.0,1.0,1.0,540,54,54,54.0,54.0,0.000179911,1
20.0,6,64.0,5675.648173,1.0,0.0,0.0,0,10,0,1.0,1.0,0.0,0.0,0.0,1.0,1.0,540,54,54,54.0,54.0,0.000197792,1
20.0,6,64.0,7739.996309,1.0,0.0,0.0,0,10,0,1.0,1.0,0.0,0.0,0.0,1.0,1.0,540,54,54,54.0,54.0,0.0001436,1
20.0,6,64.0,718.4364776,1.0,0.0,0.0,0,10,0,1.0,1.0,0.0,0.0,0.0,1.0,1.0,540,54,54,54.0,54.0,0.001412511,1
21.2,6,58.7,112.1252804,0.2,0.0,0.8,8,2,0,0.9,0.9,0.0,0.0,0.0,1.0,1.0,604,54,86,60.4,60.4,0.008946705,1
20.0,6,64.0,4328.933843,1.0,0.0,0.0,0,10,0,1.0,1.0,0.0,0.0,0.0,1.0,1.0,540,54,54,54.0,54.0,0.000252891,1
20.0,6,64.0,3869.998155,1.0,0.0,0.0,0,10,0,1.0,1.0,0.0,0.0,0.0,1.0,1.0,540,54,54,54.0,54.0,0.00028379,1
20.0,6,64.0,7008.026734,1.0,0.0,0.0,0,10,0,1.0,1.0,0.0,0.0,0.0,1.0,1.0,540,54,54,54.0,54.0,0.000159693,1
20.0,6,64.0,6679.891703,1.0,0.0,0.0,0,10,0,1.0,1.0,0.0,0.0,0.0,1.0,1.0,540,54,54,54.0,54.0,0.000162506,1
18.0,6,62.6,3823.779743,0.9,0.0,0.0,0,9,0,0.9,0.9,0.0,0.0,0.0,1.0,1.0,572,54,86,57.2,57.2,0.000290418,1
20.0,6,64.0,3332.250735,1.0,0.0,0.0,0,10,0,1.0,1.0,0.0,0.0,0.0,1.0,1.0,540,54,54,54.0,54.0,0.000329494,1
20.0,6,64.0,3915.519044,1.0,0.0,0.0,0,10,0,1.0,1.0,0.0,0.0,0.0,1.0,1.0,540,54,54,54.0,54.0,0.000269699,1
27.6,6,55.5,144.6675887,0.2,0.3,0.8,8,2,3,1.0,1.0,0.0,0.0,0.0,1.0,1.0,626,54,76,62.6,62.6,0.006958294,1
20.0,6,64.0,5396.685538,1.0,0.0,0.0,0,10,0,1.0,1.0,0.0,0.0,0.0,1.0,1.0,540,54,54,54.0,54.0,0.000205398,1
18.8,6,104.9,133.869026,0.2,0.7,0.8,8,2,7,0.9,0.9,0.0,0.0,0.0,1.0,1.0,564,54,70,56.4,56.4,0.008644795,1
20.0,6,64.0,5149.544506,1.0,0.0,0.0,0,10,0,1.0,1.0,0.0,0.0,0.0,1.0,1.0,540,54,54,54.0,54.0,0.000212097,1
16.0,6,80.5,35.35978971,0.8,0.0,0.0,0,8,0,0.8,0.8,0.0,0.0,0.0,1.0,1.0,588,54,86,58.8,58.8,0.03102951,1
20.0,6,62.4,3398.949757,0.9,0.1,0.1,1,9,1,1.0,1.0,0.0,0.0,0.0,1.0,1.0,540,54,54,54.0,54.0,0.0003093,1
22.0,6,77.9,23.31942461,0.8,0.2,0.3,3,8,2,0.7,1.0,0.0,0.0,0.0,1.0,1.0,560,54,74,56.0,56.0,0.046074605,1
21.6,6,74.3,93.06302488,0.2,0.3,0.6,6,2,3,0.8,0.8,0.0,0.0,0.0,1.0,1.0,691,54,93,69.1,69.1,0.01077342,1
20.0,6,64.0,6226.698337,1.0,0.0,0.0,0,10,0,1.0,1.0,0.0,0.0,0.0,1.0,1.0,540,54,54,54.0,54.0,0.000161409,1
20.0,6,64.0,5868.621799,1.0,0.0,0.0,0,10,0,1.0,1.0,0.0,0.0,0.0,1.0,1.0,540,54,54,54.0,54.0,0.000183702,1
20.0,6,64.0,4878.232147,1.0,0.0,0.0,0,10,0,1.0,1.0,0.0,0.0,0.0,1.0,1.0,540,54,54,54.0,54.0,0.0002321,1
20.0,6,64.0,5637.505376,1.0,0.0,0.0,0,10,0,1.0,1.0,0.0,0.0,0.0,1.0,1.0,540,54,54,54.0,54.0,0.00020299,1
20.0,6,64.0,453.5951897,1.0,0.0,0.0,0,10,0,1.0,1.0,0.0,0.0,0.0,1.0,1.0,540,54,54,54.0,54.0,0.002233791,1
20.0,6,64.0,4032.209191,1.0,0.0,0.0,0,10,0,1.0,1.0,0.0,0.0,0.0,1.0,1.0,540,54,54,54.0,54.0,0.000278783,1
20.0,6,64.0,5257.996741,1.0,0.0,0.0,0,10,0,1.0,1.0,0.0,0.0,0.0,1.0,1.0,540,54,54,54.0,54.0,0.000204301,1
11.6,17,56.6,2.515264401,0.1,0.1,0.1,1,1,1,0.0,0.2,0.7,0.7,0.1,0.9,0.9,2564,42,342,256.4,256.4,0.402297902,1
20.0,6,64.0,309.4536628,1.0,0.0,0.0,0,10,0,1.0,1.0,0.0,0.0,0.0,1.0,1.0,540,54,54,54.0,54.0,0.003252816,1
14.0,6,70.5,202.2569741,0.1,0.5,0.4,4,1,5,0.5,0.6,0.0,0.0,0.0,1.0,1.0,656,54,86,65.6,65.6,0.004986906,1
20.0,6,64.0,6484.700062,1.0,0.0,0.0,0,10,0,1.0,1.0,0.0,0.0,0.0,1.0,1.0,540,54,54,54.0,54.0,0.000172305,1
20.0,6,64.0,2152.360035,1.0,0.0,0.0,0,10,0,1.0,1.0,0.0,0.0,0.0,1.0,1.0,540,54,54,54.0,54.0,0.000492692,1
20.0,6,64.0,4063.066938,1.0,0.0,0.0,0,10,0,1.0,1.0,0.0,0.0,0.0,1.0,1.0,540,54,54,54.0,54.0,0.00026691,1
20.0,6,64.0,5941.782122,1.0,0.0,0.0,0,10,0,1.0,1.0,0.0,0.0,0.0,1.0,1.0,540,54,54,54.0,54.0,0.000184584,1
16.0,6,111.9,132.3470814,0.0,0.7,0.8,8,0,7,0.7,0.8,0.0,0.0,0.0,1.0,1.0,612,54,110,61.2,61.2,0.00805099,1
20.0,6,64.0,4206.924774,1.0,0.0,0.0,0,10,0,1.0,1.0,0.0,0.0,0.0,1.0,1.0,540,54,54,54.0,54.0,0.000263381,1
20.0,6,61.2,4289.970339,0.8,0.2,0.2,2,8,2,1.0,1.0,0.0,0.0,0.0,1.0,1.0,540,54,54,54.0,54.0,0.000251889,1
20.0,6,64.0,6716.259408,1.0,0.0,0.0,0,10,0,1.0,1.0,0.0,0.0,0.0,1.0,1.0,540,54,54,54.0,54.0,0.000186396,1
20.0,6,64.0,5246.158849,1.0,0.0,0.0,0,10,0,1.0,1.0,0.0,0.0,0.0,1.0,1.0,540,54,54,54.0,54.0,0.000236702,1
20.0,6,64.0,4120.141454,1.0,0.0,0.0,0,10,0,1.0,1.0,0.0,0.0,0.0,1.0,1.0,540,54,54,54.0,54.0,0.000267315,1
20.0,6,61.7,3120.994122,0.9,0.1,0.1,1,9,1,1.0,1.0,0.0,0.0,0.0,1.0,1.0,540,54,54,54.0,54.0,0.000339007,1
20.0,6,64.0,5273.863951,1.0,0.0,0.0,0,10,0,1.0,1.0,0.0,0.0,0.0,1.0,1.0,540,54,54,54.0,54.0,0.000210404,1
20.0,6,64.0,5080.9255,1.0,0.0,0.0,0,10,0,1.0,1.0,0.0,0.0,0.0,1.0,1.0,540,54,54,54.0,54.0,0.000219703,1
20.0,6,64.0,4347.780657,1.0,0.0,0.0,0,10,0,1.0,1.0,0.0,0.0,0.0,1.0,1.0,540,54,54,54.0,54.0,0.000247002,1
20.0,6,62.2,2708.448922,0.9,0.1,0.1,1,9,1,1.0,1.0,0.0,0.0,0.0,1.0,1.0,540,54,54,54.0,54.0,0.000393605,1
20.0,6,64.0,6459.732019,1.0,0.0,0.0,0,10,0,1.0,1.0,0.0,0.0,0.0,1.0,1.0,540,54,54,54.0,54.0,0.000168204,1
20.0,6,64.0,3880.381164,1.0,0.0,0.0,0,10,0,1.0,1.0,0.0,0.0,0.0,1.0,1.0,540,54,54,54.0,54.0,0.000282502,1
20.0,6,64.0,3973.007483,1.0,0.0,0.0,0,10,0,1.0,1.0,0.0,0.0,0.0,1.0,1.0,540,54,54,54.0,54.0,0.000268698,1
20.4,6,108.1,44.42153981,0.0,0.1,0.8,8,0,1,0.8,0.8,0.1,0.1,0.0,1.0,1.0,1353,54,456,135.3,135.3,0.022512293,1
18.8,6,64.0,213.7431904,0.9,0.0,0.0,0,9,0,0.7,0.9,0.1,0.1,0.0,1.0,1.0,828,54,342,82.8,82.8,0.005243111,1
18.4,6,61.2,3615.467632,0.8,0.1,0.1,1,8,1,0.9,0.9,0.0,0.0,0.0,1.0,1.0,576,54,86,57.6,57.6,0.00029819,1
20.0,6,64.0,7363.595506,1.0,0.0,0.0,0,10,0,1.0,1.0,0.0,0.0,0.0,1.0,1.0,540,54,54,54.0,54.0,0.000148106,1
20.0,6,67.1,934.9346886,0.8,0.2,0.2,2,8,2,1.0,1.0,0.0,0.0,0.0,1.0,1.0,540,54,54,54.0,54.0,0.001091886,1
20.0,6,81.5,6112.363742,0.9,0.1,0.1,1,9,1,1.0,1.0,0.0,0.0,0.0,1.0,1.0,540,54,54,54.0,54.0,0.000180197,1
18.0,6,62.3,2271.611785,0.9,0.0,0.0,0,9,0,0.9,0.9,0.0,0.0,0.0,1.0,1.0,556,54,70,55.6,55.6,0.000483799,1
20.0,6,64.0,4152.776238,1.0,0.0,0.0,0,10,0,1.0,1.0,0.0,0.0,0.0,1.0,1.0,540,54,54,54.0,54.0,0.000257611,1
20.0,6,64.0,3254.173326,1.0,0.0,0.0,0,10,0,1.0,1.0,0.0,0.0,0.0,1.0,1.0,540,54,54,54.0,54.0,0.000344205,1
20.0,6,64.0,6816.681294,1.0,0.0,0.0,0,10,0,1.0,1.0,0.0,0.0,0.0,1.0,1.0,540,54,54,54.0,54.0,0.000167704,1
20.0,6,64.0,5122.501221,1.0,0.0,0.0,0,10,0,1.0,1.0,0.0,0.0,0.0,1.0,1.0,540,54,54,54.0,54.0,0.000210118,1
20.0,6,64.0,787.4704767,1.0,0.0,0.0,0,10,0,1.0,1.0,0.0,0.0,0.0,1.0,1.0,540,54,54,54.0,54.0,0.001290798,1
22.4,6,60.9,3505.18469,0.7,0.1,0.3,3,7,1,1.0,1.0,0.0,0.0,0.0,1.0,1.0,570,54,72,57.0,57.0,0.000300694,1
20.0,6,64.0,4456.336592,1.0,0.0,0.0,0,10,0,1.0,1.0,0.0,0.0,0.0,1.0,1.0,540,54,54,54.0,54.0,0.00024991,1
20.0,6,64.0,3637.731136,1.0,0.0,0.0,0,10,0,1.0,1.0,0.0,0.0,0.0,1.0,1.0,540,54,54,54.0,54.0,0.000298691,1
20.0,6,64.0,4208.613285,1.0,0.0,0.0,0,10,0,1.0,1.0,0.0,0.0,0.0,1.0,1.0,540,54,54,54.0,54.0,0.000373697,1
20.0,6,64.0,5899.161744,1.0,0.0,0.0,0,10,0,1.0,1.0,0.0,0.0,0.0,1.0,1.0,540,54,54,54.0,54.0,0.000189614,1
20.0,6,64.0,5020.112507,1.0,0.0,0.0,0,10,0,1.0,1.0,0.0,0.0,0.0,1.0,1.0,540,54,54,54.0,54.0,0.000211287,1
26.8,6,90.7,212.165714,0.1,0.0,0.9,9,1,0,1.0,1.0,0.0,0.0,0.0,1.0,1.0,647,54,85,64.7,64.7,0.004731202,1
20.0,6,64.0,757.1629208,1.0,0.0,0.0,0,10,0,1.0,1.0,0.0,0.0,0.0,1.0,1.0,540,54,54,54.0,54.0,0.001350904,1
20.0,6,64.0,4904.471469,1.0,0.0,0.0,0,10,0,1.0,1.0,0.0,0.0,0.0,1.0,1.0,540,54,54,54.0,54.0,0.000235701,1
20.0,6,64.0,6237.810827,1.0,0.0,0.0,0,10,0,1.0,1.0,0.0,0.0,0.0,1.0,1.0,540,54,54,54.0,54.0,0.000176597,1
20.0,6,64.0,3862.514044,1.0,0.0,0.0,0,10,0,1.0,1.0,0.0,0.0,0.0,1.0,1.0,540,54,54,54.0,54.0,0.000287986,1
20.0,6,64.0,7008.026734,1.0,0.0,0.0,0,10,0,1.0,1.0,0.0,0.0,0.0,1.0,1.0,540,54,54,54.0,54.0,0.000156903,1
20.0,6,64.0,5373.868033,1.0,0.0,0.0,0,10,0,1.0,1.0,0.0,0.0,0.0,1.0,1.0,540,54,54,54.0,54.0,0.000202894,1
20.0,6,64.0,6361.753375,1.0,0.0,0.0,0,10,0,1.0,1.0,0.0,0.0,0.0,1.0,1.0,540,54,54,54.0,54.0,0.000254893,1
20.0,6,64.0,4476.311633,1.0,0.0,0.0,0,10,0,1.0,1.0,0.0,0.0,0.0,1.0,1.0,540,54,54,54.0,54.0,0.000260997,1
20.0,6,64.0,4321.351741,1.0,0.0,0.0,0,10,0,1.0,1.0,0.0,0.0,0.0,1.0,1.0,540,54,54,54.0,54.0,0.000239706,1
16.4,6,64.0,6.009131384,0.7,0.0,0.0,0,7,0,0.7,0.7,0.3,0.3,0.0,1.0,1.0,1404,54,342,140.4,140.4,0.213030505,1
20.0,6,64.0,5176.235962,1.0,0.0,0.0,0,10,0,1.0,1.0,0.0,0.0,0.0,1.0,1.0,540,54,54,54.0,54.0,0.00020709,1
20.0,6,64.0,6398.633105,1.0,0.0,0.0,0,10,0,1.0,1.0,0.0,0.0,0.0,1.0,1.0,540,54,54,54.0,54.0,0.000184083,1
20.0,6,64.0,4438.416931,1.0,0.0,0.0,0,10,0,1.0,1.0,0.0,0.0,0.0,1.0,1.0,540,54,54,54.0,54.0,0.000244713,1
20.0,6,64.0,7183.257407,1.0,0.0,0.0,0,10,0,1.0,1.0,0.0,0.0,0.0,1.0,1.0,540,54,54,54.0,54.0,0.000164008,1
20.0,6,64.0,4826.586881,1.0,0.0,0.0,0,10,0,1.0,1.0,0.0,0.0,0.0,1.0,1.0,540,54,54,54.0,54.0,0.000221896,1
24.4,6,80.0,95.96017278,0.4,0.1,0.6,6,4,1,1.0,1.0,0.0,0.0,0.0,1.0,1.0,604,54,74,60.4,60.4,0.010462403,1
20.0,6,64.0,4520.698426,1.0,0.0,0.0,0,10,0,1.0,1.0,0.0,0.0,0.0,1.0,1.0,540,54,54,54.0,54.0,0.000254488,1
20.0,6,64.0,3756.317392,1.0,0.0,0.0,0,10,0,1.0,1.0,0.0,0.0,0.0,1.0,1.0,540,54,54,54.0,54.0,0.00029881,1
20.0,6,64.0,4687.944562,1.0,0.0,0.0,0,10,0,1.0,1.0,0.0,0.0,0.0,1.0,1.0,540,54,54,54.0,54.0,0.00023551,1
20.0,6,64.0,832.2361998,1.0,0.0,0.0,0,10,0,1.0,1.0,0.0,0.0,0.0,1.0,1.0,540,54,54,54.0,54.0,0.001248193,1
20.0,6,64.0,4110.450804,1.0,0.0,0.0,0,10,0,1.0,1.0,0.0,0.0,0.0,1.0,1.0,540,54,54,54.0,54.0,0.000269294,1
16.0,6,56.5,1877.906425,0.5,0.3,0.3,3,5,3,0.8,0.8,0.0,0.0,0.0,1.0,1.0,604,54,86,60.4,60.4,0.000546002,1
20.0,6,64.0,5203.205558,1.0,0.0,0.0,0,10,0,1.0,1.0,0.0,0.0,0.0,1.0,1.0,540,54,54,54.0,54.0,0.000216484,1
20.0,6,64.0,6661.855146,1.0,0.0,0.0,0,10,0,1.0,1.0,0.0,0.0,0.0,1.0,1.0,540,54,54,54.0,54.0,0.000170612,1
20.0,6,64.0,13.06870043,1.0,0.0,0.0,0,10,0,0.8,1.0,0.0,0.0,0.0,1.0,1.0,540,54,54,54.0,54.0,0.078221202,1
20.0,6,64.0,4823.811386,1.0,0.0,0.0,0,10,0,1.0,1.0,0.0,0.0,0.0,1.0,1.0,540,54,54,54.0,54.0,0.000227809,1
20.0,6,64.0,6344.432007,1.0,0.0,0.0,0,10,0,1.0,1.0,0.0,0.0,0.0,1.0,1.0,540,54,54,54.0,54.0,0.000169921,1
20.0,6,64.0,8222.513233,1.0,0.0,0.0,0,10,0,1.0,1.0,0.0,0.0,0.0,1.0,1.0,540,54,54,54.0,54.0,0.000140309,1
20.0,6,64.0,6293.029257,1.0,0.0,0.0,0,10,0,1.0,1.0,0.0,0.0,0.0,1.0,1.0,540,54,54,54.0,54.0,0.000180101,1
22.4,6,62.1,2924.082543,0.8,0.0,0.2,2,8,0,1.0,1.0,0.0,0.0,0.0,1.0,1.0,566,54,68,56.6,56.6,0.000374889,1
20.0,6,64.0,8070.625361,1.0,0.0,0.0,0,10,0,1.0,1.0,0.0,0.0,0.0,1.0,1.0,540,54,54,54.0,54.0,0.00013752,1
22.4,6,60.2,1901.144049,0.8,0.0,0.2,2,8,0,1.0,1.0,0.0,0.0,0.0,1.0,1.0,566,54,68,56.6,56.6,0.000558805,1
20.0,6,64.0,6305.327721,1.0,0.0,0.0,0,10,0,1.0,1.0,0.0,0.0,0.0,1.0,1.0,540,54,54,54.0,54.0,0.000177598,1
20.0,6,64.0,3790.947216,1.0,0.0,0.0,0,10,0,1.0,1.0,0.0,0.0,0.0,1.0,1.0,540,54,54,54.0,54.0,0.000289893,1
20.0,6,62.9,5899.99156,0.9,0.1,0.1,1,9,1,1.0,1.0,0.0,0.0,0.0,1.0,1.0,540,54,54,54.0,54.0,0.000184989,1
20.0,6,64.0,5834.335791,1.0,0.0,0.0,0,10,0,1.0,1.0,0.0,0.0,0.0,1.0,1.0,540,54,54,54.0,54.0,0.000189996,1
20.0,6,64.0,4584.940971,1.0,0.0,0.0,0,10,0,1.0,1.0,0.0,0.0,0.0,1.0,1.0,540,54,54,54.0,54.0,0.000238013,1
20.0,6,64.0,5744.048206,1.0,0.0,0.0,0,10,0,1.0,1.0,0.0,0.0,0.0,1.0,1.0,540,54,54,54.0,54.0,0.0002738,1
20.0,6,64.0,4275.539246,1.0,0.0,0.0,0,10,0,1.0,1.0,0.0,0.0,0.0,1.0,1.0,540,54,54,54.0,54.0,0.000258684,1
20.0,6,64.0,3542.187315,1.0,0.0,0.0,0,10,0,1.0,1.0,0.0,0.0,0.0,1.0,1.0,540,54,54,54.0,54.0,0.000307608,1
20.0,6,64.0,6169.001324,1.0,0.0,0.0,0,10,0,1.0,1.0,0.0,0.0,0.0,1.0,1.0,540,54,54,54.0,54.0,0.00017848,1
20.0,6,64.0,3470.956637,1.0,0.0,0.0,0,10,0,1.0,1.0,0.0,0.0,0.0,1.0,1.0,540,54,54,54.0,54.0,0.000300598,1
20.0,6,79.5,994.5472222,0.8,0.2,0.2,2,8,2,1.0,1.0,0.0,0.0,0.0,1.0,1.0,540,54,54,54.0,54.0,0.001020598,1
20.0,6,64.0,7358.42807,1.0,0.0,0.0,0,10,0,1.0,1.0,0.0,0.0,0.0,1.0,1.0,540,54,54,54.0,54.0,0.000153899,1
20.0,6,62.8,2814.402469,0.9,0.1,0.1,1,9,1,1.0,1.0,0.0,0.0,0.0,1.0,1.0,540,54,54,54.0,54.0,0.000378919,1
20.0,6,64.0,4058.349299,1.0,0.0,0.0,0,10,0,1.0,1.0,0.0,0.0,0.0,1.0,1.0,540,54,54,54.0,54.0,0.000248218,1
20.0,6,64.0,4009.85086,1.0,0.0,0.0,0,10,0,1.0,1.0,0.0,0.0,0.0,1.0,1.0,540,54,54,54.0,54.0,0.000278187,1
20.0,6,64.0,4210.303152,1.0,0.0,0.0,0,10,0,1.0,1.0,0.0,0.0,0.0,1.0,1.0,540,54,54,54.0,54.0,0.000264907,1
17.6,6,64.0,28.8392196,0.8,0.0,0.0,0,8,0,0.8,0.8,0.2,0.2,0.0,1.0,1.0,1116,54,342,111.6,111.6,0.034705997,1
20.0,6,64.0,4420.640809,1.0,0.0,0.0,0,10,0,1.0,1.0,0.0,0.0,0.0,1.0,1.0,540,54,54,54.0,54.0,0.000243807,1
20.0,6,64.0,4935.63662,1.0,0.0,0.0,0,10,0,1.0,1.0,0.0,0.0,0.0,1.0,1.0,540,54,54,54.0,54.0,0.000224304,1
20.0,6,64.0,6016.789557,1.0,0.0,0.0,0,10,0,1.0,1.0,0.0,0.0,0.0,1.0,1.0,540,54,54,54.0,54.0,0.000183702,1
22.0,6,64.0,6600.006294,1.0,0.0,0.0,0,10,0,1.0,1.0,0.0,0.0,0.0,1.0,1.0,560,54,74,56.0,56.0,0.000162816,1
20.0,6,64.0,927.799677,1.0,0.0,0.0,0,10,0,1.0,1.0,0.0,0.0,0.0,1.0,1.0,540,54,54,54.0,54.0,0.00111022,1
25.6,6,56.2,121.8056362,0.1,0.0,0.9,9,1,0,1.0,1.0,0.0,0.0,0.0,1.0,1.0,629,54,75,62.9,62.9,0.011652899,1
20.0,6,64.0,6158.132433,1.0,0.0,0.0,0,10,0,1.0,1.0,0.0,0.0,0.0,1.0,1.0,540,54,54,54.0,54.0,0.000185084,1
20.0,6,64.0,3198.828554,1.0,0.0,0.0,0,10,0,1.0,1.0,0.0,0.0,0.0,1.0,1.0,540,54,54,54.0,54.0,0.00032742,1
20.0,6,64.0,728.2789276,1.0,0.0,0.0,0,10,0,1.0,1.0,0.0,0.0,0.0,1.0,1.0,540,54,54,54.0,54.0,0.001401114,1
20.0,6,64.0,6524.037953,1.0,0.0,0.0,0,10,0,1.0,1.0,0.0,0.0,0.0,1.0,1.0,540,54,54,54.0,54.0,0.000167179,1
18.4,6,97.1,895.3387696,0.7,0.2,0.2,2,7,2,0.9,0.9,0.0,0.0,0.0,1.0,1.0,560,54,70,56.0,56.0,0.001136494,1
17.6,6,64.0,2255.851127,0.8,0.0,0.0,0,8,0,0.8,0.8,0.2,0.2,0.0,1.0,1.0,1116,54,342,111.6,111.6,0.000446796,1
20.0,6,64.0,6702.307446,1.0,0.0,0.0,0,10,0,1.0,1.0,0.0,0.0,0.0,1.0,1.0,540,54,54,54.0,54.0,0.000164485,1
20.0,6,64.0,5534.11268,1.0,0.0,0.0,0,10,0,1.0,1.0,0.0,0.0,0.0,1.0,1.0,540,54,54,54.0,54.0,0.000201488,1
20.0,6,64.0,3649.442269,1.0,0.0,0.0,0,10,0,1.0,1.0,0.0,0.0,0.0,1.0,1.0,540,54,54,54.0,54.0,0.00030601,1
18.0,6,59.4,1105.713758,0.7,0.2,0.2,2,7,2,0.9,0.9,0.0,0.0,0.0,1.0,1.0,572,54,86,57.2,57.2,0.000930595,1
20.0,6,64.0,3780.695872,1.0,0.0,0.0,0,10,0,1.0,1.0,0.0,0.0,0.0,1.0,1.0,540,54,54,54.0,54.0,0.000295401,1
20.0,6,64.0,4904.471469,1.0,0.0,0.0,0,10,0,1.0,1.0,0.0,0.0,0.0,1.0,1.0,540,54,54,54.0,54.0,0.000225306,1
20.0,6,64.0,4405.318769,1.0,0.0,0.0,0,10,0,1.0,1.0,0.0,0.0,0.0,1.0,1.0,540,54,54,54.0,54.0,0.000242496,1
20.0,6,64.0,6738.920308,1.0,0.0,0.0,0,10,0,1.0,1.0,0.0,0.0,0.0,1.0,1.0,540,54,54,54.0,54.0,0.000164986,1
20.0,6,64.0,5636.747749,1.0,0.0,0.0,0,10,0,1.0,1.0,0.0,0.0,0.0,1.0,1.0,540,54,54,54.0,54.0,0.000203896,1
24.0,6,78.3,80.2157291,0.7,0.2,0.4,4,7,2,0.9,0.9,0.0,0.0,0.0,1.0,1.0,632,54,86,63.2,63.2,0.012558699,1
13.2,6,57.6,4.206712962,0.5,0.0,0.0,0,5,0,0.4,0.5,0.4,0.4,0.1,0.9,0.9,1680,42,342,168.0,168.0,0.261704302,1
20.0,6,64.0,5797.241189,1.0,0.0,0.0,0,10,0,1.0,1.0,0.0,0.0,0.0,1.0,1.0,540,54,54,54.0,54.0,0.000189304,1
20.0,6,64.0,4768.42201,1.0,0.0,0.0,0,10,0,1.0,1.0,0.0,0.0,0.0,1.0,1.0,540,54,54,54.0,54.0,0.000232816,1
20.0,6,64.0,2995.717449,1.0,0.0,0.0,0,10,0,1.0,1.0,0.0,0.0,0.0,1.0,1.0,540,54,54,54.0,54.0,0.000362611,1
20.0,6,64.0,5359.447994,1.0,0.0,0.0,0,10,0,1.0,1.0,0.0,0.0,0.0,1.0,1.0,540,54,54,54.0,54.0,0.000210094,1
20.0,6,64.0,5754.29277,1.0,0.0,0.0,0,10,0,1.0,1.0,0.0,0.0,0.0,1.0,1.0,540,54,54,54.0,54.0,0.000201988,1
22.4,6,62.9,2587.319721,0.8,0.0,0.2,2,8,0,1.0,1.0,0.0,0.0,0.0,1.0,1.0,584,54,86,58.4,58.4,0.000401187,1
20.0,6,64.0,4266.406266,1.0,0.0,0.0,0,10,0,1.0,1.0,0.0,0.0,0.0,1.0,1.0,540,54,54,54.0,54.0,0.000256801,1
20.0,6,64.0,4823.811386,1.0,0.0,0.0,0,10,0,1.0,1.0,0.0,0.0,0.0,1.0,1.0,540,54,54,54.0,54.0,0.000234699,1
20.0,6,64.0,5038.203003,1.0,0.0,0.0,0,10,0,1.0,1.0,0.0,0.0,0.0,1.0,1.0,540,54,54,54.0,54.0,0.000217891,1
20.0,6,64.0,6317.674349,1.0,0.0,0.0,0,10,0,1.0,1.0,0.0,0.0,0.0,1.0,1.0,540,54,54,54.0,54.0,0.000172901,1
16.0,6,60.9,1293.460388,0.8,0.0,0.0,0,8,0,0.8,0.8,0.0,0.0,0.0,1.0,1.0,604,54,86,60.4,60.4,0.000795603,1
20.0,6,64.0,6064.638519,1.0,0.0,0.0,0,10,0,1.0,1.0,0.0,0.0,0.0,1.0,1.0,540,54,54,54.0,54.0,0.000182009,1
20.0,6,64.0,4464.400213,1.0,0.0,0.0,0,10,0,1.0,1.0,0.0,0.0,0.0,1.0,1.0,540,54,54,54.0,54.0,0.000244117,1
20.0,6,64.0,5162.220308,1.0,0.0,0.0,0,10,0,1.0,1.0,0.0,0.0,0.0,1.0,1.0,540,54,54,54.0,54.0,0.000209403,1
20.0,6,64.0,3241.347759,1.0,0.0,0.0,0,10,0,1.0,1.0,0.0,0.0,0.0,1.0,1.0,540,54,54,54.0,54.0,0.0003546,1
20.0,6,64.0,6561.802253,1.0,0.0,0.0,0,10,0,1.0,1.0,0.0,0.0,0.0,1.0,1.0,540,54,54,54.0,54.0,0.000169396,1
20.0,6,64.0,6195.426883,1.0,0.0,0.0,0,10,0,1.0,1.0,0.0,0.0,0.0,1.0,1.0,540,54,54,54.0,54.0,0.000177789,1
18.0,6,62.7,1277.154776,0.8,0.0,0.1,1,8,0,0.9,0.9,0.0,0.0,0.0,1.0,1.0,559,54,70,55.9,55.9,0.000798607,1
20.0,6,64.0,4213.68696,1.0,0.0,0.0,0,10,0,1.0,1.0,0.0,0.0,0.0,1.0,1.0,540,54,54,54.0,54.0,0.000262403,1
20.0,6,64.0,4255.152683,1.0,0.0,0.0,0,10,0,1.0,1.0,0.0,0.0,0.0,1.0,1.0,540,54,54,54.0,54.0,0.000267506,1
20.0,6,64.0,5892.53161,1.0,0.0,0.0,0,10,0,1.0,1.0,0.0,0.0,0.0,1.0,1.0,540,54,54,54.0,54.0,0.00018661,1
20.0,6,64.0,113.7126916,1.0,0.0,0.0,0,10,0,0.9,1.0,0.0,0.0,0.0,1.0,1.0,540,54,54,54.0,54.0,0.008927608,1
20.0,6,64.0,6180.819334,1.0,0.0,0.0,0,10,0,1.0,1.0,0.0,0.0,0.0,1.0,1.0,540,54,54,54.0,54.0,0.000179696,1
20.0,6,64.0,4024.085196,1.0,0.0,0.0,0,10,0,1.0,1.0,0.0,0.0,0.0,1.0,1.0,540,54,54,54.0,54.0,0.000308609,1
20.0,6,64.0,3384.140713,1.0,0.0,0.0,0,10,0,1.0,1.0,0.0,0.0,0.0,1.0,1.0,540,54,54,54.0,54.0,0.000422907,1
21.2,6,69.4,2824.827586,0.9,0.0,0.1,1,9,0,1.0,1.0,0.0,0.0,0.0,1.0,1.0,552,54,66,55.2,55.2,0.000419211,1
20.0,6,64.0,7037.422819,1.0,0.0,0.0,0,10,0,1.0,1.0,0.0,0.0,0.0,1.0,1.0,540,54,54,54.0,54.0,0.000163698,1
20.0,6,64.0,1725.341012,1.0,0.0,0.0,0,10,0,1.0,1.0,0.0,0.0,0.0,1.0,1.0,540,54,54,54.0,54.0,0.000592804,1
20.0,6,64.0,6284.543003,1.0,0.0,0.0,0,10,0,1.0,1.0,0.0,0.0,0.0,1.0,1.0,540,54,54,54.0,54.0,0.000170612,1
20.0,6,64.0,3647.22087,1.0,0.0,0.0,0,10,0,1.0,1.0,0.0,0.0,0.0,1.0,1.0,540,54,54,54.0,54.0,0.000302386,1
20.0,6,64.0,4746.298518,1.0,0.0,0.0,0,10,0,1.0,1.0,0.0,0.0,0.0,1.0,1.0,540,54,54,54.0,54.0,0.000235987,1
28.8,6,74.9,420.2751531,0.3,0.2,0.7,7,3,2,0.9,0.9,0.0,0.0,0.0,1.0,1.0,664,54,74,66.4,66.4,0.002448988,1
20.0,6,64.0,6086.640546,1.0,0.0,0.0,0,10,0,1.0,1.0,0.0,0.0,0.0,1.0,1.0,540,54,54,54.0,54.0,0.000177193,1
20.0,6,64.0,4310.249717,1.0,0.0,0.0,0,10,0,1.0,1.0,0.0,0.0,0.0,1.0,1.0,540,54,54,54.0,54.0,0.000270104,1
20.0,6,64.0,6587.567143,1.0,0.0,0.0,0,10,0,1.0,1.0,0.0,0.0,0.0,1.0,1.0,540,54,54,54.0,54.0,0.000169897,1
20.0,6,64.0,5050.944123,1.0,0.0,0.0,0,10,0,1.0,1.0,0.0,0.0,0.0,1.0,1.0,540,54,54,54.0,54.0,0.000230002,1
20.0,6,64.0,5370.427657,1.0,0.0,0.0,0,10,0,1.0,1.0,0.0,0.0,0.0,1.0,1.0,540,54,54,54.0,54.0,0.0002033,1
20.0,6,64.0,6451.782803,1.0,0.0,0.0,0,10,0,1.0,1.0,0.0,0.0,0.0,1.0,1.0,540,54,54,54.0,54.0,0.00017519,1
20.0,6,64.0,4115.290424,1.0,0.0,0.0,0,10,0,1.0,1.0,0.0,0.0,0.0,1.0,1.0,540,54,54,54.0,54.0,0.000264311,1
20.0,6,64.0,4003.344469,1.0,0.0,0.0,0,10,0,1.0,1.0,0.0,0.0,0.0,1.0,1.0,540,54,54,54.0,54.0,0.000278401,1
20.0,6,64.0,6661.855146,1.0,0.0,0.0,0,10,0,1.0,1.0,0.0,0.0,0.0,1.0,1.0,540,54,54,54.0,54.0,0.0001652,1
20.0,6,64.0,4911.938166,1.0,0.0,0.0,0,10,0,1.0,1.0,0.0,0.0,0.0,1.0,1.0,540,54,54,54.0,54.0,0.000227284,1
20.0,6,64.0,2935.954081,1.0,0.0,0.0,0,10,0,1.0,1.0,0.0,0.0,0.0,1.0,1.0,540,54,54,54.0,54.0,0.000357699,1
20.0,6,64.0,5834.335791,1.0,0.0,0.0,0,10,0,1.0,1.0,0.0,0.0,0.0,1.0,1.0,540,54,54,54.0,54.0,0.000186515,1
22.4,6,62.2,3829.715121,0.8,0.0,0.2,2,8,0,1.0,1.0,0.0,0.0,0.0,1.0,1.0,579,54,81,57.9,57.9,0.000272608,1
20.0,6,64.0,5814.116995,1.0,0.0,0.0,0,10,0,1.0,1.0,0.0,0.0,0.0,1.0,1.0,540,54,54,54.0,54.0,0.000211096,1
20.0,6,64.0,6906.477853,1.0,0.0,0.0,0,10,0,1.0,1.0,0.0,0.0,0.0,1.0,1.0,540,54,54,54.0,54.0,0.000160408,1
34.0,6,75.4,326.5193258,0.4,0.1,0.8,8,4,1,1.0,1.0,0.0,0.0,0.0,1.0,1.0,680,54,74,68.0,68.0,0.005275416,1
28.8,6,95.7,166.4221436,0.2,0.2,0.8,8,2,2,0.9,0.9,0.1,0.1,0.0,1.0,1.0,928,54,342,92.8,92.8,0.006066298,1
20.0,6,64.0,5614.864793,1.0,0.0,0.0,0,10,0,1.0,1.0,0.0,0.0,0.0,1.0,1.0,540,54,54,54.0,54.0,0.000202894,1
20.0,6,64.0,6141.900718,1.0,0.0,0.0,0,10,0,1.0,1.0,0.0,0.0,0.0,1.0,1.0,540,54,54,54.0,54.0,0.000183201,1
15.2,6,64.0,57.73739237,0.6,0.0,0.0,0,6,0,0.6,0.6,0.4,0.4,0.0,1.0,1.0,1692,54,342,169.2,169.2,0.019978309,1
20.0,6,64.0,40.98765866,1.0,0.0,0.0,0,10,0,1.0,1.0,0.0,0.0,0.0,1.0,1.0,540,54,54,54.0,54.0,0.027045798,1
20.0,6,62.3,37.40315701,0.9,0.1,0.1,1,9,1,1.0,1.0,0.0,0.0,0.0,1.0,1.0,540,54,54,54.0,54.0,0.028297615,1
20.0,6,64.0,37.22109717,1.0,0.0,0.0,0,10,0,1.0,1.0,0.0,0.0,0.0,1.0,1.0,540,54,54,54.0,54.0,0.02952888,1
20.0,6,64.0,40.66923877,1.0,0.0,0.0,0,10,0,1.0,1.0,0.0,0.0,0.0,1.0,1.0,540,54,54,54.0,54.0,0.028074312,1
17.6,6,64.0,33.30414469,0.8,0.0,0.0,0,8,0,0.8,0.8,0.2,0.2,0.0,1.0,1.0,1116,54,342,111.6,111.6,0.034640908,1
18.8,6,64.0,11.14023487,0.9,0.0,0.0,0,9,0,0.9,0.9,0.1,0.1,0.0,1.0,1.0,828,54,342,82.8,82.8,0.097810507,1
18.8,6,64.0,41.12437703,0.9,0.0,0.0,0,9,0,0.9,0.9,0.1,0.1,0.0,1.0,1.0,828,54,342,82.8,82.8,0.027284288,1
18.0,6,57.6,33.96519346,0.9,0.0,0.0,0,9,0,0.0,0.9,0.0,0.0,0.1,0.9,0.9,528,42,54,52.8,52.8,0.035620403,1
16.0,6,58.5,44.29992913,0.7,0.1,0.1,1,7,1,0.8,0.8,0.0,0.0,0.0,1.0,1.0,588,54,86,58.8,58.8,0.025255299,1
18.8,6,81.3,34.9761714,0.8,0.1,0.1,1,8,1,0.0,0.9,0.1,0.1,0.0,1.0,1.0,828,54,342,82.8,82.8,0.031300998,1
15.6,6,57.6,33.22702617,0.7,0.0,0.0,0,7,0,0.0,0.7,0.2,0.2,0.1,0.9,0.9,1104,42,342,110.4,110.4,0.031328297,1
18.0,6,62.4,41.99019499,0.9,0.0,0.0,0,9,0,0.9,0.9,0.0,0.0,0.0,1.0,1.0,556,54,70,55.6,55.6,0.0267802,1
18.8,6,64.0,28.44278559,0.9,0.0,0.0,0,9,0,0.0,0.9,0.1,0.1,0.0,1.0,1.0,828,54,342,82.8,82.8,0.039647484,1
14.8,6,84.1,71.89586312,0.6,0.1,0.1,1,6,1,0.6,0.7,0.1,0.0,0.0,1.0,1.0,584,54,82,58.4,58.4,0.016891003,1
20.0,6,64.0,37.27100741,1.0,0.0,0.0,0,10,0,1.0,1.0,0.0,0.0,0.0,1.0,1.0,540,54,54,54.0,54.0,0.031121898,1
20.0,6,62.2,26.18541602,0.9,0.1,0.1,1,9,1,1.0,1.0,0.0,0.0,0.0,1.0,1.0,540,54,54,54.0,54.0,0.040477705,1
18.0,6,81.7,43.67992868,0.9,0.0,0.0,0,9,0,0.9,0.9,0.0,0.0,0.0,1.0,1.0,556,54,70,55.6,55.6,0.025586915,1
20.0,6,64.0,40.23726176,1.0,0.0,0.0,0,10,0,1.0,1.0,0.0,0.0,0.0,1.0,1.0,540,54,54,54.0,54.0,0.027340889,1
18.8,6,62.2,40.15693964,0.8,0.1,0.1,1,8,1,0.0,0.9,0.1,0.1,0.0,1.0,1.0,828,54,342,82.8,82.8,0.02862699,1
15.6,6,62.6,48.49377281,0.7,0.0,0.0,0,7,0,0.7,0.7,0.2,0.2,0.0,1.0,1.0,1148,54,342,114.8,114.8,0.023443699,1
17.6,6,78.3,68.04660059,0.6,0.1,0.2,2,6,1,0.2,0.7,0.2,0.2,0.0,1.0,1.0,1152,54,342,115.2,115.2,0.014755416,1
18.8,6,67.8,53.84132722,0.8,0.0,0.1,1,8,0,0.7,0.8,0.1,0.0,0.0,1.0,1.0,588,54,82,58.8,58.8,0.021626496,1
17.6,6,64.0,42.23900873,0.8,0.0,0.0,0,8,0,0.1,0.8,0.2,0.2,0.0,1.0,1.0,1116,54,342,111.6,111.6,0.026255083,1
20.0,6,64.0,44.42431573,1.0,0.0,0.0,0,10,0,1.0,1.0,0.0,0.0,0.0,1.0,1.0,540,54,54,54.0,54.0,0.025459695,1
16.8,6,81.4,44.06665623,0.8,0.0,0.0,0,8,0,0.0,0.8,0.1,0.1,0.0,1.0,1.0,862,54,342,86.2,86.2,0.022864008,1
20.0,6,64.0,398.3081204,1.0,0.0,0.0,0,10,0,1.0,1.0,0.0,0.0,0.0,1.0,1.0,540,54,54,54.0,54.0,0.002579117,1
18.8,6,64.0,39.39893272,0.9,0.0,0.0,0,9,0,0.9,0.9,0.1,0.1,0.0,1.0,1.0,828,54,342,82.8,82.8,0.028094006,1
17.6,6,94.4,107.5060106,0.4,0.3,0.3,3,4,3,0.4,0.7,0.2,0.2,0.0,1.0,1.0,1168,54,342,116.8,116.8,0.010198498,1
20.0,6,64.0,33.96670629,1.0,0.0,0.0,0,10,0,1.0,1.0,0.0,0.0,0.0,1.0,1.0,540,54,54,54.0,54.0,0.032265401,1
17.6,6,64.0,29.53608331,0.8,0.0,0.0,0,8,0,0.8,0.8,0.2,0.2,0.0,1.0,1.0,1116,54,342,111.6,111.6,0.038273597,1
15.2,6,64.0,71.03992954,0.6,0.0,0.0,0,6,0,0.6,0.6,0.4,0.4,0.0,1.0,1.0,1692,54,342,169.2,169.2,0.017327285,1
18.0,6,62.3,47.98738735,0.9,0.0,0.0,0,9,0,0.1,0.9,0.0,0.0,0.0,1.0,1.0,556,54,70,55.6,55.6,0.022852993,1
18.0,6,62.5,39.3677587,0.9,0.0,0.0,0,9,0,0.9,0.9,0.0,0.0,0.0,1.0,1.0,556,54,70,55.6,55.6,0.028073406,1
20.0,6,64.0,39.33633883,1.0,0.0,0.0,0,10,0,1.0,1.0,0.0,0.0,0.0,1.0,1.0,540,54,54,54.0,54.0,0.028181791,1
20.0,6,64.0,38.27150175,1.0,0.0,0.0,0,10,0,1.0,1.0,0.0,0.0,0.0,1.0,1.0,540,54,54,54.0,54.0,0.029067087,1
14.4,6,57.6,7.347489334,0.6,0.0,0.0,0,6,0,0.6,0.6,0.3,0.3,0.1,0.9,0.9,1392,42,342,139.2,139.2,0.138681006,1
12.4,17,62.2,2.7774714,0.1,0.1,0.1,1,1,1,0.0,0.2,0.8,0.8,0.0,1.0,1.0,2864,54,342,286.4,286.4,0.360039806,1
20.0,6,64.0,34.52991594,1.0,0.0,0.0,0,10,0,1.0,1.0,0.0,0.0,0.0,1.0,1.0,540,54,54,54.0,54.0,0.0299546,1
20.0,6,62.2,45.46345736,0.9,0.1,0.1,1,9,1,1.0,1.0,0.0,0.0,0.0,1.0,1.0,540,54,54,54.0,54.0,0.024306393,1
14.0,6,49.3,22.76229829,0.7,0.0,0.0,0,7,0,0.7,0.7,0.0,0.0,0.2,0.8,0.8,548,42,86,54.8,54.8,0.049233103,1
20.0,6,81.7,40.01778439,0.9,0.1,0.1,1,9,1,1.0,1.0,0.0,0.0,0.0,1.0,1.0,540,54,54,54.0,54.0,0.027259493,1
14.0,6,101.7,140.012685,0.2,0.5,0.5,5,2,5,0.5,0.7,0.0,0.0,0.1,0.9,0.9,624,42,102,62.4,62.4,0.00717051,1
18.0,6,57.6,34.4503336,0.9,0.0,0.0,0,9,0,0.9,0.9,0.0,0.0,0.1,0.9,0.9,528,42,54,52.8,52.8,0.029099894,1
15.2,6,64.0,26.83937154,0.6,0.0,0.0,0,6,0,0.1,0.6,0.4,0.4,0.0,1.0,1.0,1692,54,342,169.2,169.2,0.043522501,1
18.0,6,61.9,44.99761296,0.8,0.0,0.1,1,8,0,0.8,0.8,0.2,0.2,0.0,1.0,1.0,1120,54,342,112.0,112.0,0.025090003,1
20.0,6,64.0,43.50247316,1.0,0.0,0.0,0,10,0,1.0,1.0,0.0,0.0,0.0,1.0,1.0,540,54,54,54.0,54.0,0.025567603,1
20.0,6,64.0,28.92138766,1.0,0.0,0.0,0,10,0,1.0,1.0,0.0,0.0,0.0,1.0,1.0,540,54,54,54.0,54.0,0.038425088,1
16.8,6,81.5,47.74110127,0.8,0.0,0.0,0,8,0,0.8,0.8,0.1,0.1,0.0,1.0,1.0,844,54,342,84.4,84.4,0.020960999,1
18.0,6,62.6,28.08594184,0.9,0.0,0.0,0,9,0,0.9,0.9,0.0,0.0,0.0,1.0,1.0,572,54,86,57.2,57.2,0.038309717,1
16.8,6,62.1,46.26824148,0.7,0.1,0.0,0,7,1,0.3,0.8,0.1,0.1,0.1,0.9,0.9,816,42,342,81.6,81.6,0.021649384,1
14.8,6,80.2,44.54065075,0.7,0.0,0.0,0,7,0,0.7,0.7,0.1,0.1,0.0,1.0,1.0,876,54,342,87.6,87.6,0.022833896,1
20.0,6,81.7,34.46352464,0.9,0.1,0.1,1,9,1,0.9,1.0,0.0,0.0,0.0,1.0,1.0,540,54,54,54.0,54.0,0.031648493,1
19.2,6,73.3,85.59000584,0.5,0.3,0.4,4,5,3,0.9,0.9,0.0,0.0,0.0,1.0,1.0,568,54,70,56.8,56.8,0.012038898,1
14.8,6,79.9,50.28333577,0.7,0.0,0.0,0,7,0,0.7,0.7,0.1,0.1,0.0,1.0,1.0,900,54,342,90.0,90.0,0.020021319,1
20.0,6,64.0,33.06069042,1.0,0.0,0.0,0,10,0,0.1,1.0,0.0,0.0,0.0,1.0,1.0,540,54,54,54.0,54.0,0.031731296,1
20.0,6,64.0,35.26017839,1.0,0.0,0.0,0,10,0,1.0,1.0,0.0,0.0,0.0,1.0,1.0,540,54,54,54.0,54.0,0.030800605,1
16.0,6,49.6,47.24672062,0.7,0.1,0.1,1,7,1,0.8,0.8,0.0,0.0,0.2,0.8,0.8,516,42,54,51.6,51.6,0.024042988,1
20.0,6,81.5,40.82933814,0.9,0.1,0.1,1,9,1,1.0,1.0,0.0,0.0,0.0,1.0,1.0,540,54,54,54.0,54.0,0.027081203,1
20.0,6,64.0,40.00595181,1.0,0.0,0.0,0,10,0,1.0,1.0,0.0,0.0,0.0,1.0,1.0,540,54,54,54.0,54.0,0.027794695,1
16.4,6,64.0,52.57429937,0.7,0.0,0.0,0,7,0,0.7,0.7,0.3,0.3,0.0,1.0,1.0,1404,54,342,140.4,140.4,0.019927907,1
20.0,6,64.0,40.6191797,1.0,0.0,0.0,0,10,0,0.2,1.0,0.0,0.0,0.0,1.0,1.0,540,54,54,54.0,54.0,0.027581406,1
20.0,6,64.0,40.71112146,1.0,0.0,0.0,0,10,0,1.0,1.0,0.0,0.0,0.0,1.0,1.0,540,54,54,54.0,54.0,0.027114415,1
13.6,6,74.9,59.97509084,0.6,0.0,0.0,0,6,0,0.0,0.6,0.2,0.2,0.1,0.9,0.9,1120,42,342,112.0,112.0,0.019231892,1
20.0,6,61.9,41.03337119,0.9,0.1,0.1,1,9,1,0.9,1.0,0.0,0.0,0.0,1.0,1.0,540,54,54,54.0,54.0,0.0271101,1
18.0,6,98.6,49.56019402,0.8,0.1,0.1,1,8,1,0.8,0.9,0.0,0.0,0.0,1.0,1.0,572,54,86,57.2,57.2,0.023088694,1
18.8,6,62.0,46.01888678,0.8,0.1,0.1,1,8,1,0.9,0.9,0.1,0.1,0.0,1.0,1.0,828,54,342,82.8,82.8,0.024497318,1
18.0,6,62.4,43.04371073,0.9,0.0,0.0,0,9,0,0.9,0.9,0.0,0.0,0.0,1.0,1.0,556,54,70,55.6,55.6,0.02568171,1
18.0,6,61.0,39.28313935,0.8,0.1,0.1,1,8,1,0.9,0.9,0.0,0.0,0.0,1.0,1.0,572,54,86,57.2,57.2,0.028677821,1
18.0,6,57.6,35.35555722,0.9,0.0,0.0,0,9,0,0.9,0.9,0.0,0.0,0.1,0.9,0.9,528,42,54,52.8,52.8,0.0307616,1
20.0,6,64.0,36.45990744,1.0,0.0,0.0,0,10,0,1.0,1.0,0.0,0.0,0.0,1.0,1.0,540,54,54,54.0,54.0,0.030732703,1
12.0,6,71.9,151.9851577,0.2,0.3,0.3,3,2,3,0.4,0.6,0.0,0.0,0.0,1.0,1.0,652,54,86,65.2,65.2,0.007245398,1
20.0,6,64.0,43.21409621,1.0,0.0,0.0,0,10,0,1.0,1.0,0.0,0.0,0.0,1.0,1.0,540,54,54,54.0,54.0,0.026436591,1
20.0,6,64.0,30.74331268,1.0,0.0,0.0,0,10,0,1.0,1.0,0.0,0.0,0.0,1.0,1.0,540,54,54,54.0,54.0,0.035172892,1
20.0,6,64.0,35.97188667,1.0,0.0,0.0,0,10,0,1.0,1.0,0.0,0.0,0.0,1.0,1.0,540,54,54,54.0,54.0,0.030481791,1
18.0,6,60.1,77.32091569,0.5,0.2,0.2,2,5,2,0.5,0.8,0.1,0.1,0.1,0.9,0.9,828,42,342,82.8,82.8,0.013048911,1
22.0,6,64.0,18.55105283,1.0,0.0,0.0,0,10,0,0.9,1.0,0.0,0.0,0.0,1.0,1.0,560,54,74,56.0,56.0,0.05986979,1
20.0,6,62.3,40.99855626,0.9,0.1,0.1,1,9,1,1.0,1.0,0.0,0.0,0.0,1.0,1.0,540,54,54,54.0,54.0,0.026258397,1
20.0,6,81.3,39.88558213,0.9,0.1,0.1,1,9,1,0.9,1.0,0.0,0.0,0.0,1.0,1.0,540,54,54,54.0,54.0,0.027750707,1
20.0,6,64.0,36.08518722,1.0,0.0,0.0,0,10,0,1.0,1.0,0.0,0.0,0.0,1.0,1.0,540,54,54,54.0,54.0,0.030408406,1
18.8,6,64.0,49.15023366,0.9,0.0,0.0,0,9,0,0.9,0.9,0.1,0.1,0.0,1.0,1.0,828,54,342,82.8,82.8,0.022904897,1
16.4,6,64.0,62.05316894,0.7,0.0,0.0,0,7,0,0.7,0.7,0.3,0.3,0.0,1.0,1.0,1404,54,342,140.4,140.4,0.018654704,1
18.0,6,81.8,41.80983387,0.9,0.0,0.0,0,9,0,0.9,0.9,0.0,0.0,0.0,1.0,1.0,556,54,70,55.6,55.6,0.025256801,1
18.8,6,64.0,26.60055696,0.9,0.0,0.0,0,9,0,0.9,0.9,0.1,0.1,0.0,1.0,1.0,828,54,342,82.8,82.8,0.042326283,1
20.0,6,64.0,32.34226961,1.0,0.0,0.0,0,10,0,1.0,1.0,0.0,0.0,0.0,1.0,1.0,540,54,54,54.0,54.0,0.033627987,1
20.0,6,62.3,36.75635127,0.9,0.1,0.1,1,9,1,1.0,1.0,0.0,0.0,0.0,1.0,1.0,540,54,54,54.0,54.0,0.027245903,1
17.6,6,80.4,54.48251854,0.6,0.2,0.2,2,6,2,0.8,0.8,0.2,0.2,0.0,1.0,1.0,1116,54,342,111.6,111.6,0.021079302,1
4.0,1,90.6,195.1828601,0.2,0.0,0.0,0,2,0,0.2,0.2,0.0,0.0,0.0,1.0,1.0,732,54,86,73.2,73.2,0.005554795,1
17.6,6,62.0,47.27435851,0.7,0.1,0.1,1,7,1,0.8,0.8,0.2,0.2,0.0,1.0,1.0,1116,54,342,111.6,111.6,0.022980309,1
20.0,6,62.6,43.89372085,0.9,0.1,0.1,1,9,1,1.0,1.0,0.0,0.0,0.0,1.0,1.0,540,54,54,54.0,54.0,0.025583911,1
17.6,6,62.2,50.68657568,0.7,0.1,0.1,1,7,1,0.8,0.8,0.2,0.2,0.0,1.0,1.0,1116,54,342,111.6,111.6,0.0200562,1
13.6,6,72.3,135.97518,0.2,0.4,0.4,4,2,4,0.6,0.6,0.2,0.2,0.0,1.0,1.0,1164,54,342,116.4,116.4,0.008491993,1
17.6,6,64.0,30.07898568,0.8,0.0,0.0,0,8,0,0.8,0.8,0.2,0.2,0.0,1.0,1.0,1116,54,342,111.6,111.6,0.035982299,1
18.8,6,64.0,12.07866749,0.9,0.0,0.0,0,9,0,0.9,0.9,0.1,0.1,0.0,1.0,1.0,828,54,342,82.8,82.8,0.095251489,1
20.0,6,62.2,28.79081836,0.9,0.1,0.1,1,9,1,1.0,1.0,0.0,0.0,0.0,1.0,1.0,540,54,54,54.0,54.0,0.037415195,1
20.0,6,64.0,33.07482064,1.0,0.0,0.0,0,10,0,1.0,1.0,0.0,0.0,0.0,1.0,1.0,540,54,54,54.0,54.0,0.034622788,1
18.8,6,64.0,42.0500574,0.9,0.0,0.0,0,9,0,0.9,0.9,0.1,0.1,0.0,1.0,1.0,828,54,342,82.8,82.8,0.026468801,1
18.8,6,64.0,34.05705971,0.9,0.0,0.0,0,9,0,0.9,0.9,0.1,0.1,0.0,1.0,1.0,828,54,342,82.8,82.8,0.034807587,1
19.6,6,79.6,60.60414806,0.7,0.1,0.2,2,7,1,0.7,0.8,0.2,0.2,0.0,1.0,1.0,1136,54,342,113.6,113.6,0.019067717,1
20.0,6,64.0,13.05776006,1.0,0.0,0.0,0,10,0,1.0,1.0,0.0,0.0,0.0,1.0,1.0,540,54,54,54.0,54.0,0.08156321,1
20.0,6,64.0,41.23098096,1.0,0.0,0.0,0,10,0,1.0,1.0,0.0,0.0,0.0,1.0,1.0,540,54,54,54.0,54.0,0.026633716,1
20.0,6,64.0,32.8907493,1.0,0.0,0.0,0,10,0,1.0,1.0,0.0,0.0,0.0,1.0,1.0,540,54,54,54.0,54.0,0.033799696,1
17.6,6,62.3,10.61316575,0.7,0.1,0.1,1,7,1,0.8,0.8,0.2,0.2,0.0,1.0,1.0,1116,54,342,111.6,111.6,0.096856284,1
20.0,6,64.0,28.81180195,1.0,0.0,0.0,0,10,0,1.0,1.0,0.0,0.0,0.0,1.0,1.0,540,54,54,54.0,54.0,0.037269497,1
18.0,6,63.0,40.75229859,0.9,0.0,0.0,0,9,0,0.9,0.9,0.0,0.0,0.0,1.0,1.0,572,54,86,57.2,57.2,0.027514291,1
16.8,6,57.6,50.01775657,0.8,0.0,0.0,0,8,0,0.8,0.8,0.1,0.1,0.1,0.9,0.9,816,42,342,81.6,81.6,0.022598791,1
14.4,6,62.2,58.89106364,0.6,0.0,0.0,0,6,0,0.0,0.6,0.3,0.3,0.0,1.0,1.0,1436,54,342,143.6,143.6,0.017562509,1
17.6,6,64.0,54.09297023,0.8,0.0,0.0,0,8,0,0.8,0.8,0.2,0.2,0.0,1.0,1.0,1116,54,342,111.6,111.6,0.020977902,1
20.0,6,64.0,38.41870051,1.0,0.0,0.0,0,10,0,1.0,1.0,0.0,0.0,0.0,1.0,1.0,540,54,54,54.0,54.0,0.028715491,1
20.0,6,64.0,44.69176214,1.0,0.0,0.0,0,10,0,1.0,1.0,0.0,0.0,0.0,1.0,1.0,540,54,54,54.0,54.0,0.024772906,1
20.0,6,64.0,35.19269414,1.0,0.0,0.0,0,10,0,0.0,1.0,0.0,0.0,0.0,1.0,1.0,540,54,54,54.0,54.0,0.032031083,1
20.0,6,64.0,39.45909027,1.0,0.0,0.0,0,10,0,1.0,1.0,0.0,0.0,0.0,1.0,1.0,540,54,54,54.0,54.0,0.030483603,1
20.0,6,64.0,41.40837506,1.0,0.0,0.0,0,10,0,1.0,1.0,0.0,0.0,0.0,1.0,1.0,540,54,54,54.0,54.0,0.026794004,1
20.0,6,64.0,34.32639135,1.0,0.0,0.0,0,10,0,1.0,1.0,0.0,0.0,0.0,1.0,1.0,540,54,54,54.0,54.0,0.033801889,1
16.4,6,64.0,52.69259229,0.7,0.0,0.0,0,7,0,0.7,0.7,0.3,0.3,0.0,1.0,1.0,1404,54,342,140.4,140.4,0.022310495,1
8.0,17,64.0,1.987377796,0.0,0.0,0.0,0,0,0,0.0,0.0,1.0,1.0,0.0,1.0,1.0,3420,342,342,342.0,342.0,0.503399992,1
16.4,6,64.0,61.49798467,0.7,0.0,0.0,0,7,0,0.7,0.7,0.3,0.3,0.0,1.0,1.0,1404,54,342,140.4,140.4,0.019898796,1
20.0,6,64.0,38.6232909,1.0,0.0,0.0,0,10,0,1.0,1.0,0.0,0.0,0.0,1.0,1.0,540,54,54,54.0,54.0,0.030409408,1
20.0,6,64.0,37.69347736,1.0,0.0,0.0,0,10,0,1.0,1.0,0.0,0.0,0.0,1.0,1.0,540,54,54,54.0,54.0,0.029214811,1
18.0,6,57.6,29.12597843,0.9,0.0,0.0,0,9,0,0.9,0.9,0.0,0.0,0.1,0.9,0.9,528,42,54,52.8,52.8,0.0379035,1
18.0,6,62.6,45.29045773,0.9,0.0,0.0,0,9,0,0.9,0.9,0.0,0.0,0.0,1.0,1.0,572,54,86,57.2,57.2,0.02465589,1
17.6,6,64.0,50.32055735,0.8,0.0,0.0,0,8,0,0.8,0.8,0.2,0.2,0.0,1.0,1.0,1116,54,342,111.6,111.6,0.022498512,1
16.4,6,64.0,57.39214439,0.7,0.0,0.0,0,7,0,0.7,0.7,0.3,0.3,0.0,1.0,1.0,1404,54,342,140.4,140.4,0.020137501,1
18.0,6,75.2,37.41984178,0.8,0.1,0.1,1,8,1,0.9,0.9,0.0,0.0,0.1,0.9,0.9,528,42,54,52.8,52.8,0.030075383,1
8.0,17,64.0,3.315183872,0.0,0.0,0.0,0,0,0,0.0,0.0,1.0,1.0,0.0,1.0,1.0,3420,342,342,342.0,342.0,0.301677299,1
20.0,6,64.0,33.48376786,1.0,0.0,0.0,0,10,0,0.0,1.0,0.0,0.0,0.0,1.0,1.0,540,54,54,54.0,54.0,0.03253181,1
20.0,6,64.0,38.93991581,1.0,0.0,0.0,0,10,0,1.0,1.0,0.0,0.0,0.0,1.0,1.0,540,54,54,54.0,54.0,0.028778791,1
17.6,6,64.0,41.60739316,0.8,0.0,0.0,0,8,0,0.8,0.8,0.2,0.2,0.0,1.0,1.0,1116,54,342,111.6,111.6,0.026664805,1
20.0,6,64.0,38.61525459,1.0,0.0,0.0,0,10,0,1.0,1.0,0.0,0.0,0.0,1.0,1.0,540,54,54,54.0,54.0,0.029947901,1
20.0,6,64.0,24.07190976,1.0,0.0,0.0,0,10,0,1.0,1.0,0.0,0.0,0.0,1.0,1.0,540,54,54,54.0,54.0,0.045391989,1
18.0,6,62.5,37.53708689,0.9,0.0,0.0,0,9,0,0.9,0.9,0.0,0.0,0.0,1.0,1.0,572,54,86,57.2,57.2,0.029911399,1
18.8,6,64.0,35.36068403,0.9,0.0,0.0,0,9,0,0.0,0.9,0.1,0.1,0.0,1.0,1.0,828,54,342,82.8,82.8,0.031081915,1
18.0,6,81.5,52.00831279,0.9,0.0,0.0,0,9,0,0.9,0.9,0.0,0.0,0.0,1.0,1.0,596,54,110,59.6,59.6,0.022095394,1
20.4,6,61.8,41.16683925,1.0,0.0,0.1,1,10,0,0.9,1.0,0.0,0.0,0.0,1.0,1.0,544,54,58,54.4,54.4,0.02566371,1
17.6,6,64.0,48.90740566,0.8,0.0,0.0,0,8,0,0.8,0.8,0.2,0.2,0.0,1.0,1.0,1116,54,342,111.6,111.6,0.0231071,1
20.0,6,64.0,44.08082791,1.0,0.0,0.0,0,10,0,1.0,1.0,0.0,0.0,0.0,1.0,1.0,540,54,54,54.0,54.0,0.025093317,1
20.0,6,64.0,37.87291371,1.0,0.0,0.0,0,10,0,1.0,1.0,0.0,0.0,0.0,1.0,1.0,540,54,54,54.0,54.0,0.0291008,1
16.4,6,64.0,59.69366872,0.7,0.0,0.0,0,7,0,0.7,0.7,0.3,0.3,0.0,1.0,1.0,1404,54,342,140.4,140.4,0.019445992,1
16.4,6,84.8,90.11113761,0.4,0.3,0.3,3,4,3,0.6,0.7,0.3,0.3,0.0,1.0,1.0,1404,54,342,140.4,140.4,0.013790321,1
20.0,6,64.0,39.35796922,1.0,0.0,0.0,0,10,0,1.0,1.0,0.0,0.0,0.0,1.0,1.0,540,54,54,54.0,54.0,0.028086114,1
15.6,6,62.9,58.93616274,0.7,0.0,0.0,0,7,0,0.7,0.7,0.2,0.2,0.0,1.0,1.0,1148,54,342,114.8,114.8,0.019720006,1
18.8,6,64.0,19.34850009,0.9,0.0,0.0,0,9,0,0.9,0.9,0.1,0.1,0.0,1.0,1.0,828,54,342,82.8,82.8,0.058629608,1
20.8,6,62.5,38.17188663,1.0,0.0,0.1,1,10,0,0.9,1.0,0.0,0.0,0.0,1.0,1.0,548,54,62,54.8,54.8,0.027687502,1
20.0,6,64.0,37.34840221,1.0,0.0,0.0,0,10,0,0.0,1.0,0.0,0.0,0.0,1.0,1.0,540,54,54,54.0,54.0,0.029464698,1
18.0,6,62.2,31.14701678,0.9,0.0,0.0,0,9,0,0.0,0.9,0.0,0.0,0.0,1.0,1.0,572,54,86,57.2,57.2,0.034788203,1
15.6,6,57.0,139.9407447,0.3,0.3,0.4,4,3,3,0.5,0.7,0.0,0.0,0.0,1.0,1.0,620,54,86,62.0,62.0,0.007185292,1
18.0,6,85.9,53.14715017,0.8,0.0,0.1,1,8,0,0.8,0.8,0.0,0.0,0.0,1.0,1.0,648,54,110,64.8,64.8,0.021060491,1
20.0,6,64.0,44.72249856,1.0,0.0,0.0,0,10,0,1.0,1.0,0.0,0.0,0.0,1.0,1.0,540,54,54,54.0,54.0,0.024755406,1
20.0,6,64.0,37.17333002,1.0,0.0,0.0,0,10,0,1.0,1.0,0.0,0.0,0.0,1.0,1.0,540,54,54,54.0,54.0,0.029836798,1
20.0,6,64.0,26.16720091,1.0,0.0,0.0,0,10,0,1.0,1.0,0.0,0.0,0.0,1.0,1.0,540,54,54,54.0,54.0,0.042922091,1
15.6,6,62.3,51.63237068,0.7,0.0,0.0,0,7,0,0.1,0.7,0.2,0.2,0.0,1.0,1.0,1132,54,342,113.2,113.2,0.022079015,1
20.0,6,61.6,43.11180092,0.9,0.1,0.1,1,9,1,1.0,1.0,0.0,0.0,0.0,1.0,1.0,540,54,54,54.0,54.0,0.0278337,1
18.0,6,62.8,47.32161473,0.9,0.0,0.0,0,9,0,0.9,0.9,0.0,0.0,0.0,1.0,1.0,572,54,86,57.2,57.2,0.023633885,1
22.4,6,69.5,52.81973204,0.9,0.1,0.1,1,9,1,1.0,1.0,0.0,0.0,0.0,1.0,1.0,564,54,74,56.4,56.4,0.021894503,1
20.0,6,64.0,29.1152224,1.0,0.0,0.0,0,10,0,0.1,1.0,0.0,0.0,0.0,1.0,1.0,540,54,54,54.0,54.0,0.037195396,1
17.6,6,64.0,44.49939685,0.8,0.0,0.0,0,8,0,0.8,0.8,0.2,0.2,0.0,1.0,1.0,1116,54,342,111.6,111.6,0.025114417,1
20.0,6,62.5,37.75692925,0.9,0.1,0.1,1,9,1,1.0,1.0,0.0,0.0,0.0,1.0,1.0,540,54,54,54.0,54.0,0.027458906,1
17.6,6,64.0,49.5785889,0.8,0.0,0.0,0,8,0,0.1,0.8,0.2,0.2,0.0,1.0,1.0,1116,54,342,111.6,111.6,0.022871494,1
16.0,6,79.8,50.10247926,0.8,0.0,0.0,0,8,0,0.8,0.8,0.0,0.0,0.0,1.0,1.0,588,54,86,58.8,58.8,0.022860312,1
16.8,6,69.4,54.51764351,0.8,0.0,0.0,0,8,0,0.8,0.8,0.1,0.0,0.0,1.0,1.0,758,54,177,75.8,75.8,0.023126483,1
17.6,6,67.8,59.20102754,0.6,0.1,0.1,1,6,1,0.8,0.8,0.2,0.2,0.0,1.0,1.0,1117,54,342,111.7,111.7,0.0198035,1
20.0,6,64.0,402.7562896,1.0,0.0,0.0,0,10,0,1.0,1.0,0.0,0.0,0.0,1.0,1.0,540,54,54,54.0,54.0,0.002543998,1
20.0,6,64.0,34.3102736,1.0,0.0,0.0,0,10,0,0.0,1.0,0.0,0.0,0.0,1.0,1.0,540,54,54,54.0,54.0,0.032011604,1
20.0,6,62.2,42.81221356,0.9,0.1,0.1,1,9,1,1.0,1.0,0.0,0.0,0.0,1.0,1.0,540,54,54,54.0,54.0,0.027398515,1
15.6,6,69.4,58.19707593,0.7,0.0,0.0,0,7,0,0.7,0.7,0.2,0.1,0.0,1.0,1.0,1046,54,342,104.6,104.6,0.020030093,1
15.6,6,75.1,76.8515502,0.6,0.1,0.1,1,6,1,0.1,0.7,0.2,0.2,0.1,0.9,0.9,1104,42,342,110.4,110.4,0.015837717,1
18.8,6,59.4,54.1002265,0.7,0.1,0.2,2,7,1,0.8,0.8,0.1,0.1,0.0,1.0,1.0,880,54,342,88.0,88.0,0.018554616,1
20.0,6,64.0,38.93669857,1.0,0.0,0.0,0,10,0,0.0,1.0,0.0,0.0,0.0,1.0,1.0,540,54,54,54.0,54.0,0.028501701,1
20.0,6,64.0,37.61366908,1.0,0.0,0.0,0,10,0,1.0,1.0,0.0,0.0,0.0,1.0,1.0,540,54,54,54.0,54.0,0.030108595,1
22.0,6,64.0,37.21733205,1.0,0.0,0.0,0,10,0,0.0,1.0,0.0,0.0,0.0,1.0,1.0,560,54,74,56.0,56.0,0.029795289,1
16.0,6,130.0,81.51623987,0.4,0.4,0.4,4,4,4,0.4,0.8,0.0,0.0,0.0,1.0,1.0,590,54,88,59.0,59.0,0.013566113,1
20.0,6,62.7,38.01516146,0.9,0.1,0.1,1,9,1,1.0,1.0,0.0,0.0,0.0,1.0,1.0,540,54,54,54.0,54.0,0.029367208,1
21.2,6,92.5,335.6141277,0.2,0.5,0.5,5,2,5,0.7,0.8,0.1,0.1,0.0,1.0,1.0,904,54,342,90.4,90.4,0.008378911,1
20.0,6,64.0,49.50567551,1.0,0.0,0.0,0,10,0,0.2,1.0,0.0,0.0,0.0,1.0,1.0,540,54,54,54.0,54.0,0.022902894,1
20.0,6,64.0,38.11555245,1.0,0.0,0.0,0,10,0,0.0,1.0,0.0,0.0,0.0,1.0,1.0,540,54,54,54.0,54.0,0.0290694,1
20.0,6,64.0,41.93259878,1.0,0.0,0.0,0,10,0,1.0,1.0,0.0,0.0,0.0,1.0,1.0,540,54,54,54.0,54.0,0.027208304,1
20.0,6,62.7,46.05810104,0.9,0.0,0.0,0,9,0,0.8,0.9,0.0,0.0,0.0,1.0,1.0,576,54,74,57.6,57.6,0.023411489,1
20.0,6,64.0,33.03108745,1.0,0.0,0.0,0,10,0,1.0,1.0,0.0,0.0,0.0,1.0,1.0,540,54,54,54.0,54.0,0.033049798,1
8.0,17,64.0,2.48866904,0.0,0.0,0.0,0,0,0,0.0,0.0,1.0,1.0,0.0,1.0,1.0,3420,342,342,342.0,342.0,0.401925802,1
16.4,6,64.0,34.05553882,0.7,0.0,0.0,0,7,0,0.7,0.7,0.3,0.3,0.0,1.0,1.0,1404,54,342,140.4,140.4,0.034081697,1
15.6,6,57.6,53.18043903,0.7,0.0,0.0,0,7,0,0.7,0.7,0.2,0.2,0.1,0.9,0.9,1104,42,342,110.4,110.4,0.021528006,1
12.0,6,113.1,108.0532756,0.3,0.2,0.2,2,3,2,0.1,0.5,0.2,0.2,0.0,1.0,1.0,1224,54,342,122.4,122.4,0.0097646,1
16.8,6,81.7,45.83773481,0.8,0.0,0.0,0,8,0,0.8,0.8,0.1,0.1,0.0,1.0,1.0,860,54,342,86.0,86.0,0.024463391,1
20.0,6,64.0,41.03911251,1.0,0.0,0.0,0,10,0,0.0,1.0,0.0,0.0,0.0,1.0,1.0,540,54,54,54.0,54.0,0.027209187,1
16.4,6,64.0,49.51403268,0.7,0.0,0.0,0,7,0,0.7,0.7,0.3,0.3,0.0,1.0,1.0,1404,54,342,140.4,140.4,0.028866482,1
20.0,6,64.0,32.25556491,1.0,0.0,0.0,0,10,0,0.0,1.0,0.0,0.0,0.0,1.0,1.0,540,54,54,54.0,54.0,0.035216308,1
20.0,6,64.0,38.49797198,1.0,0.0,0.0,0,10,0,0.0,1.0,0.0,0.0,0.0,1.0,1.0,540,54,54,54.0,54.0,0.028645492,1
15.6,6,93.4,111.2695052,0.3,0.4,0.4,4,3,4,0.4,0.7,0.2,0.2,0.0,1.0,1.0,1148,54,342,114.8,114.8,0.009324694,1
20.0,6,64.0,24.25200365,1.0,0.0,0.0,0,10,0,1.0,1.0,0.0,0.0,0.0,1.0,1.0,540,54,54,54.0,54.0,0.044261885,1
20.0,6,64.0,39.39922879,1.0,0.0,0.0,0,10,0,0.1,1.0,0.0,0.0,0.0,1.0,1.0,540,54,54,54.0,54.0,0.028262997,1
18.0,6,62.6,40.6107633,0.9,0.0,0.0,0,9,0,0.9,0.9,0.0,0.0,0.0,1.0,1.0,572,54,86,57.2,57.2,0.0288656,1
20.0,6,62.4,39.39567618,0.9,0.1,0.1,1,9,1,1.0,1.0,0.0,0.0,0.0,1.0,1.0,540,54,54,54.0,54.0,0.028066611,1
18.8,6,64.0,11.18871031,0.9,0.0,0.0,0,9,0,0.9,0.9,0.1,0.1,0.0,1.0,1.0,828,54,342,82.8,82.8,0.097379303,1
12.8,6,58.9,69.19603793,0.3,0.3,0.3,3,3,3,0.6,0.6,0.1,0.0,0.0,1.0,1.0,806,54,177,80.6,80.6,0.014807105,1
22.0,6,62.4,50.75367496,0.9,0.1,0.1,1,9,1,0.9,1.0,0.0,0.0,0.0,1.0,1.0,560,54,74,56.0,56.0,0.023580813,1
20.0,6,64.0,40.59712356,1.0,0.0,0.0,0,10,0,0.0,1.0,0.0,0.0,0.0,1.0,1.0,540,54,54,54.0,54.0,0.027353787,1
20.0,6,64.0,30.84809188,1.0,0.0,0.0,0,10,0,1.0,1.0,0.0,0.0,0.0,1.0,1.0,540,54,54,54.0,54.0,0.035153604,1
18.8,6,64.0,41.07415728,0.9,0.0,0.0,0,9,0,0.0,0.9,0.1,0.1,0.0,1.0,1.0,828,54,342,82.8,82.8,0.024550509,1
20.4,6,62.6,40.48911632,1.0,0.0,0.1,1,10,0,1.0,1.0,0.0,0.0,0.0,1.0,1.0,544,54,58,54.4,54.4,0.027455807,1
20.0,6,81.8,42.34596183,0.9,0.1,0.1,1,9,1,1.0,1.0,0.0,0.0,0.0,1.0,1.0,540,54,54,54.0,54.0,0.027816701,1
18.0,6,62.3,38.3598818,0.9,0.0,0.0,0,9,0,0.9,0.9,0.0,0.0,0.0,1.0,1.0,572,54,86,57.2,57.2,0.02911191,1
20.0,6,64.0,38.11267777,1.0,0.0,0.0,0,10,0,1.0,1.0,0.0,0.0,0.0,1.0,1.0,540,54,54,54.0,54.0,0.028817391,1
20.0,6,64.0,40.17355557,1.0,0.0,0.0,0,10,0,1.0,1.0,0.0,0.0,0.0,1.0,1.0,540,54,54,54.0,54.0,0.02773428,1
8.0,17,64.0,1.99176805,0.0,0.0,0.0,0,0,0,0.0,0.0,1.0,1.0,0.0,1.0,1.0,3420,342,342,342.0,342.0,0.602446389,1
17.6,6,64.0,102.050199,0.8,0.0,0.0,0,8,0,0.8,0.8,0.2,0.2,0.0,1.0,1.0,1116,54,342,111.6,111.6,0.012418008,1
16.0,6,58.6,39.12743013,0.7,0.1,0.1,1,7,1,0.1,0.8,0.0,0.0,0.0,1.0,1.0,604,54,102,60.4,60.4,0.026215601,1
17.6,6,67.1,38.21358516,0.6,0.2,0.2,2,6,2,0.7,0.8,0.2,0.2,0.0,1.0,1.0,1116,54,342,111.6,111.6,0.031831098,1
17.6,6,81.3,59.9818666,0.7,0.1,0.1,1,7,1,0.8,0.8,0.2,0.2,0.0,1.0,1.0,1116,54,342,111.6,111.6,0.019250298,1
5.6,17,44.8,2.974573987,0.0,0.0,0.0,0,0,0,0.0,0.0,0.7,0.7,0.3,0.7,0.7,2520,42,342,252.0,252.0,0.411168981,1
17.6,6,64.0,37.50208106,0.8,0.0,0.0,0,8,0,0.8,0.8,0.2,0.2,0.0,1.0,1.0,1116,54,342,111.6,111.6,0.026743984,1
15.6,6,62.7,35.80868925,0.7,0.0,0.0,0,7,0,0.7,0.7,0.2,0.2,0.0,1.0,1.0,1148,54,342,114.8,114.8,0.032390404,1
14.0,6,56.8,53.71610649,0.6,0.1,0.1,1,6,1,0.1,0.7,0.0,0.0,0.0,1.0,1.0,636,54,86,63.6,63.6,0.02195859,1
17.6,6,64.0,38.94020503,0.8,0.0,0.0,0,8,0,0.8,0.8,0.2,0.2,0.0,1.0,1.0,1116,54,342,111.6,111.6,0.025803018,1
24.4,6,81.5,44.08027199,0.8,0.0,0.3,3,8,0,0.0,1.0,0.0,0.0,0.0,1.0,1.0,584,54,74,58.4,58.4,0.022815299,1
18.4,6,68.2,48.84890779,0.7,0.0,0.1,1,7,0,0.6,0.7,0.3,0.3,0.0,1.0,1.0,1424,54,342,142.4,142.4,0.023154783,1
20.0,6,64.0,40.38704819,1.0,0.0,0.0,0,10,0,1.0,1.0,0.0,0.0,0.0,1.0,1.0,540,54,54,54.0,54.0,0.027745008,1
15.6,6,62.3,54.72970522,0.7,0.0,0.0,0,7,0,0.7,0.7,0.2,0.2,0.0,1.0,1.0,1148,54,342,114.8,114.8,0.018354106,1
18.0,6,62.3,39.53146265,0.9,0.0,0.0,0,9,0,0.9,0.9,0.0,0.0,0.0,1.0,1.0,572,54,86,57.2,57.2,0.029746413,1
20.0,6,64.0,37.28810485,1.0,0.0,0.0,0,10,0,1.0,1.0,0.0,0.0,0.0,1.0,1.0,540,54,54,54.0,54.0,0.029526305,1
18.0,6,62.6,74.99738941,0.9,0.0,0.0,0,9,0,0.9,0.9,0.0,0.0,0.0,1.0,1.0,572,54,86,57.2,57.2,0.015978003,1
20.0,6,62.2,38.27590235,0.9,0.1,0.1,1,9,1,1.0,1.0,0.0,0.0,0.0,1.0,1.0,540,54,54,54.0,54.0,0.026727986,1
18.8,6,64.0,40.95240141,0.9,0.0,0.0,0,9,0,0.9,0.9,0.1,0.1,0.0,1.0,1.0,828,54,342,82.8,82.8,0.024428296,1
20.0,6,81.9,40.5626916,0.9,0.1,0.1,1,9,1,1.0,1.0,0.0,0.0,0.0,1.0,1.0,540,54,54,54.0,54.0,0.027312803,1
20.0,6,64.0,33.30678936,1.0,0.0,0.0,0,10,0,1.0,1.0,0.0,0.0,0.0,1.0,1.0,540,54,54,54.0,54.0,0.033239603,1
20.0,6,68.4,44.45986871,0.9,0.1,0.0,0,9,1,1.0,1.0,0.0,0.0,0.0,1.0,1.0,540,54,54,54.0,54.0,0.025106812,1
20.0,6,62.1,37.89974374,0.9,0.1,0.1,1,9,1,1.0,1.0,0.0,0.0,0.0,1.0,1.0,540,54,54,54.0,54.0,0.029251289,1
15.2,6,64.0,65.5940097,0.6,0.0,0.0,0,6,0,0.6,0.6,0.4,0.4,0.0,1.0,1.0,1692,54,342,169.2,169.2,0.017824197,1
18.0,6,57.6,44.16200406,0.9,0.0,0.0,0,9,0,0.9,0.9,0.0,0.0,0.1,0.9,0.9,528,42,54,52.8,52.8,0.025359607,1
16.4,6,64.0,62.73648249,0.7,0.0,0.0,0,7,0,0.7,0.7,0.3,0.3,0.0,1.0,1.0,1404,54,342,140.4,140.4,0.018518996,1
18.0,6,62.4,47.45229941,0.9,0.0,0.0,0,9,0,0.9,0.9,0.0,0.0,0.0,1.0,1.0,572,54,86,57.2,57.2,0.023766589,1
20.0,6,60.4,33.01922991,0.8,0.2,0.2,2,8,2,0.2,1.0,0.0,0.0,0.0,1.0,1.0,540,54,54,54.0,54.0,0.030422282,1
20.0,6,64.0,35.78818751,1.0,0.0,0.0,0,10,0,1.0,1.0,0.0,0.0,0.0,1.0,1.0,540,54,54,54.0,54.0,0.031440592,1
20.0,6,62.6,45.46321096,0.9,0.1,0.1,1,9,1,1.0,1.0,0.0,0.0,0.0,1.0,1.0,540,54,54,54.0,54.0,0.022564793,1
20.0,6,64.0,38.11118865,1.0,0.0,0.0,0,10,0,1.0,1.0,0.0,0.0,0.0,1.0,1.0,540,54,54,54.0,54.0,0.028923893,1
18.0,6,81.2,44.03464143,0.9,0.0,0.0,0,9,0,0.9,0.9,0.0,0.0,0.0,1.0,1.0,556,54,70,55.6,55.6,0.025536394,1
20.0,6,64.0,35.76039035,1.0,0.0,0.0,0,10,0,1.0,1.0,0.0,0.0,0.0,1.0,1.0,540,54,54,54.0,54.0,0.031183004,1
14.0,6,43.4,11.67086971,0.5,0.0,0.1,1,5,0,0.5,0.6,0.1,0.1,0.3,0.7,0.7,804,42,342,80.4,80.4,0.086029005,1
16.0,6,109.4,69.74430604,0.4,0.4,0.4,4,4,4,0.4,0.8,0.0,0.0,0.0,1.0,1.0,604,54,86,60.4,60.4,0.015701103,1
20.0,6,64.0,32.96696076,1.0,0.0,0.0,0,10,0,1.0,1.0,0.0,0.0,0.0,1.0,1.0,540,54,54,54.0,54.0,0.033020186,1
18.0,6,61.2,52.07301115,0.8,0.1,0.1,1,8,1,0.9,0.9,0.0,0.0,0.0,1.0,1.0,572,54,86,57.2,57.2,0.024290109,1
20.0,6,64.0,39.62733729,1.0,0.0,0.0,0,10,0,1.0,1.0,0.0,0.0,0.0,1.0,1.0,540,54,54,54.0,54.0,0.027759981,1
20.0,6,64.0,40.75158588,1.0,0.0,0.0,0,10,0,1.0,1.0,0.0,0.0,0.0,1.0,1.0,540,54,54,54.0,54.0,0.027361822,1
15.6,6,62.2,7.226640767,0.5,0.1,0.2,2,5,1,0.7,0.7,0.2,0.2,0.1,0.9,0.9,1104,42,342,110.4,110.4,0.139138889,1
17.6,6,64.0,55.75559709,0.8,0.0,0.0,0,8,0,0.8,0.8,0.2,0.2,0.0,1.0,1.0,1116,54,342,111.6,111.6,0.020601106,1
20.0,6,62.0,40.48470013,0.9,0.1,0.1,1,9,1,0.0,1.0,0.0,0.0,0.0,1.0,1.0,540,54,54,54.0,54.0,0.026088405,1
20.0,6,62.2,23.88750337,0.9,0.1,0.1,1,9,1,1.0,1.0,0.0,0.0,0.0,1.0,1.0,540,54,54,54.0,54.0,0.046294999,1
20.0,6,61.7,50.34284425,0.9,0.0,0.1,1,9,0,0.8,0.9,0.0,0.0,0.0,1.0,1.0,576,54,74,57.6,57.6,0.022482395,1
17.2,6,67.1,55.74751952,0.8,0.0,0.1,1,8,0,0.7,0.8,0.1,0.1,0.0,1.0,1.0,864,54,342,86.4,86.4,0.020574713,1
20.0,6,64.0,38.19928124,1.0,0.0,0.0,0,10,0,1.0,1.0,0.0,0.0,0.0,1.0,1.0,540,54,54,54.0,54.0,0.028901792,1
20.0,6,60.7,61.36778498,0.8,0.2,0.2,2,8,2,1.0,1.0,0.0,0.0,0.0,1.0,1.0,540,54,54,54.0,54.0,0.018998003,1
20.0,6,64.0,36.32372363,1.0,0.0,0.0,0,10,0,0.1,1.0,0.0,0.0,0.0,1.0,1.0,540,54,54,54.0,54.0,0.031154418,1
20.0,6,64.0,42.4987537,1.0,0.0,0.0,0,10,0,1.0,1.0,0.0,0.0,0.0,1.0,1.0,540,54,54,54.0,54.0,0.024995112,1
17.6,6,64.0,333.5112355,0.8,0.0,0.0,0,8,0,0.8,0.8,0.2,0.2,0.0,1.0,1.0,1116,54,342,111.6,111.6,0.00379529,1
14.0,6,58.5,64.54821066,0.6,0.1,0.1,1,6,1,0.6,0.7,0.0,0.0,0.0,1.0,1.0,636,54,86,63.6,63.6,0.018208098,1
14.0,6,54.4,55.27643463,0.7,0.0,0.0,0,7,0,0.7,0.7,0.0,0.0,0.1,0.9,0.9,576,42,86,57.6,57.6,0.022050595,1
20.0,6,62.3,48.53428744,0.9,0.1,0.1,1,9,1,1.0,1.0,0.0,0.0,0.0,1.0,1.0,540,54,54,54.0,54.0,0.021954083,1
20.0,6,64.0,22.17122728,1.0,0.0,0.0,0,10,0,1.0,1.0,0.0,0.0,0.0,1.0,1.0,540,54,54,54.0,54.0,0.050622487,1
20.0,6,64.0,36.37526072,1.0,0.0,0.0,0,10,0,1.0,1.0,0.0,0.0,0.0,1.0,1.0,540,54,54,54.0,54.0,0.030222607,1
18.0,6,62.4,51.50417136,0.9,0.0,0.0,0,9,0,0.9,0.9,0.0,0.0,0.0,1.0,1.0,572,54,86,57.2,57.2,0.020435214,1
18.0,6,83.9,62.43400546,0.7,0.2,0.2,2,7,2,0.7,0.9,0.0,0.0,0.0,1.0,1.0,556,54,70,55.6,55.6,0.018630409,1
20.0,6,64.0,31.63084636,1.0,0.0,0.0,0,10,0,0.0,1.0,0.0,0.0,0.0,1.0,1.0,540,54,54,54.0,54.0,0.034607601,1
16.0,6,51.2,46.37726286,0.8,0.0,0.0,0,8,0,0.0,0.8,0.0,0.0,0.2,0.8,0.8,516,42,54,51.6,51.6,0.025504088,1
16.8,6,57.6,40.02996781,0.8,0.0,0.0,0,8,0,0.8,0.8,0.1,0.1,0.1,0.9,0.9,816,42,342,81.6,81.6,0.029402399,1
20.0,6,64.0,35.7625857,1.0,0.0,0.0,0,10,0,1.0,1.0,0.0,0.0,0.0,1.0,1.0,540,54,54,54.0,54.0,0.031434989,1
20.0,6,64.0,42.95404946,1.0,0.0,0.0,0,10,0,1.0,1.0,0.0,0.0,0.0,1.0,1.0,540,54,54,54.0,54.0,0.025959182,1
18.8,6,64.0,39.00005672,0.9,0.0,0.0,0,9,0,0.0,0.9,0.1,0.1,0.0,1.0,1.0,828,54,342,82.8,82.8,0.028947496,1
20.0,6,64.0,32.93219788,1.0,0.0,0.0,0,10,0,1.0,1.0,0.0,0.0,0.0,1.0,1.0,540,54,54,54.0,54.0,0.033050418,1
20.0,6,68.9,45.14635443,0.9,0.1,0.1,1,9,1,1.0,1.0,0.0,0.0,0.0,1.0,1.0,540,54,54,54.0,54.0,0.0249331,1
18.0,6,81.9,39.65187534,0.9,0.0,0.0,0,9,0,0.9,0.9,0.0,0.0,0.0,1.0,1.0,556,54,70,55.6,55.6,0.025404,1
18.0,6,62.8,38.17581263,0.9,0.0,0.0,0,9,0,0.9,0.9,0.0,0.0,0.0,1.0,1.0,556,54,70,55.6,55.6,0.028836703,1
16.4,6,64.0,59.28068373,0.7,0.0,0.0,0,7,0,0.7,0.7,0.3,0.3,0.0,1.0,1.0,1404,54,342,140.4,140.4,0.021272492,1
20.0,6,64.0,32.50362869,1.0,0.0,0.0,0,10,0,1.0,1.0,0.0,0.0,0.0,1.0,1.0,540,54,54,54.0,54.0,0.033891296,1
20.0,6,64.0,40.34404415,1.0,0.0,0.0,0,10,0,1.0,1.0,0.0,0.0,0.0,1.0,1.0,540,54,54,54.0,54.0,0.029050493,1
18.8,6,64.0,43.88334196,0.9,0.0,0.0,0,9,0,0.1,0.9,0.1,0.1,0.0,1.0,1.0,828,54,342,82.8,82.8,0.024394584,1
21.2,6,62.8,39.11611814,1.0,0.0,0.1,1,10,0,0.9,1.0,0.0,0.0,0.0,1.0,1.0,552,54,66,55.2,55.2,0.028107214,1
18.0,6,81.6,41.79937555,0.9,0.0,0.0,0,9,0,0.9,0.9,0.0,0.0,0.0,1.0,1.0,572,54,86,57.2,57.2,0.030487418,1
17.6,6,64.0,50.27248734,0.8,0.0,0.0,0,8,0,0.8,0.8,0.2,0.2,0.0,1.0,1.0,1116,54,342,111.6,111.6,0.021207404,1
17.6,6,60.0,66.24272709,0.6,0.2,0.2,2,6,2,0.2,0.8,0.2,0.2,0.0,1.0,1.0,1116,54,342,111.6,111.6,0.016939592,1
13.6,6,74.8,44.51762798,0.6,0.0,0.0,0,6,0,0.6,0.6,0.2,0.2,0.1,0.9,0.9,1160,42,342,116.0,116.0,0.02298522,1
18.8,6,64.0,43.27058144,0.9,0.0,0.0,0,9,0,0.9,0.9,0.1,0.1,0.0,1.0,1.0,828,54,342,82.8,82.8,0.02635901,1
20.0,6,64.0,38.63179312,1.0,0.0,0.0,0,10,0,1.0,1.0,0.0,0.0,0.0,1.0,1.0,540,54,54,54.0,54.0,0.028550506,1
18.0,6,81.7,42.11787128,0.9,0.0,0.0,0,9,0,0.9,0.9,0.0,0.0,0.0,1.0,1.0,556,54,70,55.6,55.6,0.026468301,1
20.0,6,64.0,36.12705396,1.0,0.0,0.0,0,10,0,1.0,1.0,0.0,0.0,0.0,1.0,1.0,540,54,54,54.0,54.0,0.030638099,1
20.0,6,64.0,44.84989633,1.0,0.0,0.0,0,10,0,0.1,1.0,0.0,0.0,0.0,1.0,1.0,540,54,54,54.0,54.0,0.025684381,1
20.0,6,64.0,28.16662906,1.0,0.0,0.0,0,10,0,1.0,1.0,0.0,0.0,0.0,1.0,1.0,540,54,54,54.0,54.0,0.039607,1
20.0,6,64.0,38.45015135,1.0,0.0,0.0,0,10,0,1.0,1.0,0.0,0.0,0.0,1.0,1.0,540,54,54,54.0,54.0,0.027840686,1
20.0,6,64.0,41.00039981,1.0,0.0,0.0,0,10,0,1.0,1.0,0.0,0.0,0.0,1.0,1.0,540,54,54,54.0,54.0,0.028794694,1
18.0,6,62.9,43.90626472,0.9,0.0,0.0,0,9,0,0.9,0.9,0.0,0.0,0.0,1.0,1.0,572,54,86,57.2,57.2,0.024451303,1
20.0,6,61.7,34.94487458,0.9,0.1,0.1,1,9,1,1.0,1.0,0.0,0.0,0.0,1.0,1.0,540,54,54,54.0,54.0,0.031330395,1
20.0,6,64.0,33.14900639,1.0,0.0,0.0,0,10,0,0.0,1.0,0.0,0.0,0.0,1.0,1.0,540,54,54,54.0,54.0,0.032974315,1
18.0,6,63.0,40.13841678,0.9,0.0,0.0,0,9,0,0.9,0.9,0.0,0.0,0.0,1.0,1.0,572,54,86,57.2,57.2,0.026598597,1
17.6,6,62.7,46.17248588,0.7,0.1,0.1,1,7,1,0.0,0.8,0.2,0.2,0.0,1.0,1.0,1116,54,342,111.6,111.6,0.021873116,1
20.0,6,64.0,41.20938924,1.0,0.0,0.0,0,10,0,1.0,1.0,0.0,0.0,0.0,1.0,1.0,540,54,54,54.0,54.0,0.027718115,1
16.4,6,64.0,49.084145,0.7,0.0,0.0,0,7,0,0.7,0.7,0.3,0.3,0.0,1.0,1.0,1404,54,342,140.4,140.4,0.022876596,1
20.0,6,64.0,35.22304633,1.0,0.0,0.0,0,10,0,1.0,1.0,0.0,0.0,0.0,1.0,1.0,540,54,54,54.0,54.0,0.031478,1
18.0,6,62.3,38.33943941,0.9,0.0,0.0,0,9,0,0.9,0.9,0.0,0.0,0.0,1.0,1.0,572,54,86,57.2,57.2,0.027504706,1
20.0,6,81.8,42.44731409,0.9,0.1,0.1,1,9,1,1.0,1.0,0.0,0.0,0.0,1.0,1.0,540,54,54,54.0,54.0,0.026279712,1
20.0,6,62.0,35.15249243,0.9,0.1,0.1,1,9,1,0.9,1.0,0.0,0.0,0.0,1.0,1.0,540,54,54,54.0,54.0,0.032179999,1
18.0,6,80.1,43.4962475,0.8,0.1,0.1,1,8,1,0.9,0.9,0.0,0.0,0.0,1.0,1.0,556,54,70,55.6,55.6,0.023101091,1
20.0,6,64.0,40.43903154,1.0,0.0,0.0,0,10,0,1.0,1.0,0.0,0.0,0.0,1.0,1.0,540,54,54,54.0,54.0,0.0284935,1
16.4,6,64.0,48.9709033,0.7,0.0,0.0,0,7,0,0.7,0.7,0.3,0.3,0.0,1.0,1.0,1404,54,342,140.4,140.4,0.020522285,1
18.8,6,64.0,40.32306102,0.9,0.0,0.0,0,9,0,0.9,0.9,0.1,0.1,0.0,1.0,1.0,828,54,342,82.8,82.8,0.027416992,1
18.8,6,80.4,17.16582276,0.7,0.1,0.1,1,7,1,0.7,0.8,0.1,0.1,0.0,1.0,1.0,880,54,342,88.0,88.0,0.064197302,1
20.0,6,64.0,34.25537927,1.0,0.0,0.0,0,10,0,1.0,1.0,0.0,0.0,0.0,1.0,1.0,540,54,54,54.0,54.0,0.032020593,1
18.8,6,64.0,45.57985677,0.9,0.0,0.0,0,9,0,0.9,0.9,0.1,0.1,0.0,1.0,1.0,828,54,342,82.8,82.8,0.027591014,1
23.6,6,75.3,136.6454253,0.4,0.2,0.5,5,4,2,0.6,0.9,0.0,0.0,0.0,1.0,1.0,628,54,86,62.8,62.8,0.007993913,1
17.6,6,64.0,48.67509812,0.8,0.0,0.0,0,8,0,0.8,0.8,0.2,0.2,0.0,1.0,1.0,1116,54,342,111.6,111.6,0.022668886,1
20.0,6,62.1,45.7071619,0.9,0.1,0.1,1,9,1,0.9,1.0,0.0,0.0,0.0,1.0,1.0,540,54,54,54.0,54.0,0.026227593,1
17.6,6,61.9,60.98534946,0.7,0.1,0.1,1,7,1,0.8,0.8,0.2,0.2,0.0,1.0,1.0,1116,54,342,111.6,111.6,0.021338892,1
17.6,6,64.0,43.28929375,0.8,0.0,0.0,0,8,0,0.8,0.8,0.2,0.2,0.0,1.0,1.0,1116,54,342,111.6,111.6,0.023321819,1
14.4,6,56.2,108.6590364,0.3,0.3,0.3,3,3,3,0.3,0.6,0.3,0.3,0.0,1.0,1.0,1436,54,342,143.6,143.6,0.009219408,1
20.0,6,64.0,41.49206277,1.0,0.0,0.0,0,10,0,1.0,1.0,0.0,0.0,0.0,1.0,1.0,540,54,54,54.0,54.0,0.026904202,1
20.0,6,68.6,41.5485778,0.9,0.1,0.1,1,9,1,0.0,1.0,0.0,0.0,0.0,1.0,1.0,540,54,54,54.0,54.0,0.026761103,1
20.0,6,64.0,44.18168163,1.0,0.0,0.0,0,10,0,1.0,1.0,0.0,0.0,0.0,1.0,1.0,540,54,54,54.0,54.0,0.025236511,1
16.4,6,64.0,6.86304505,0.7,0.0,0.0,0,7,0,0.7,0.7,0.3,0.3,0.0,1.0,1.0,1404,54,342,140.4,140.4,0.148421621,1
20.0,6,64.0,30.68811313,1.0,0.0,0.0,0,10,0,1.0,1.0,0.0,0.0,0.0,1.0,1.0,540,54,54,54.0,54.0,0.037166405,1
12.0,6,111.8,76.34057734,0.4,0.2,0.2,2,4,2,0.4,0.6,0.0,0.0,0.0,1.0,1.0,636,54,86,63.6,63.6,0.013111281,1
18.0,6,81.8,62.80694031,0.7,0.0,0.2,2,7,0,0.8,0.8,0.2,0.2,0.0,1.0,1.0,1120,54,342,112.0,112.0,0.019151402,1
20.0,6,64.0,37.90001771,1.0,0.0,0.0,0,10,0,1.0,1.0,0.0,0.0,0.0,1.0,1.0,540,54,54,54.0,54.0,0.029321814,1
15.6,6,93.7,130.1370467,0.4,0.2,0.3,3,4,2,0.3,0.6,0.2,0.2,0.0,1.0,1.0,1168,54,342,116.8,116.8,0.0097821,1
16.4,6,64.0,54.94112007,0.7,0.0,0.0,0,7,0,0.7,0.7,0.3,0.3,0.0,1.0,1.0,1404,54,342,140.4,140.4,0.020949507,1
20.0,6,64.0,33.18057977,1.0,0.0,0.0,0,10,0,0.0,1.0,0.0,0.0,0.0,1.0,1.0,540,54,54,54.0,54.0,0.033042002,1
18.0,6,62.2,43.40577108,0.9,0.0,0.0,0,9,0,0.9,0.9,0.0,0.0,0.0,1.0,1.0,572,54,86,57.2,57.2,0.025718999,1
20.0,6,64.0,38.80391934,1.0,0.0,0.0,0,10,0,1.0,1.0,0.0,0.0,0.0,1.0,1.0,540,54,54,54.0,54.0,0.028489113,1
20.0,6,64.0,39.43404865,1.0,0.0,0.0,0,10,0,1.0,1.0,0.0,0.0,0.0,1.0,1.0,540,54,54,54.0,54.0,0.028122592,1
16.8,6,62.4,46.02545152,0.8,0.0,0.0,0,8,0,0.0,0.8,0.1,0.1,0.0,1.0,1.0,860,54,342,86.0,86.0,0.023394608,1
18.8,6,64.0,53.09910989,0.9,0.0,0.0,0,9,0,0.9,0.9,0.1,0.1,0.0,1.0,1.0,828,54,342,82.8,82.8,0.02277751,1
20.0,6,64.0,35.12470292,1.0,0.0,0.0,0,10,0,1.0,1.0,0.0,0.0,0.0,1.0,1.0,540,54,54,54.0,54.0,0.031639099,1
7.2,17,57.6,2.482982384,0.0,0.0,0.0,0,0,0,0.0,0.0,0.9,0.9,0.1,0.9,0.9,3120,42,342,312.0,312.0,0.402977085,1
20.0,6,64.0,41.70872041,1.0,0.0,0.0,0,10,0,1.0,1.0,0.0,0.0,0.0,1.0,1.0,540,54,54,54.0,54.0,0.026541996,1
20.0,6,64.0,41.1443056,1.0,0.0,0.0,0,10,0,1.0,1.0,0.0,0.0,0.0,1.0,1.0,540,54,54,54.0,54.0,0.026940894,1
20.0,6,64.0,33.14408175,1.0,0.0,0.0,0,10,0,1.0,1.0,0.0,0.0,0.0,1.0,1.0,540,54,54,54.0,54.0,0.034668589,1
20.0,6,81.8,36.99264699,0.7,0.0,0.2,2,7,0,0.8,0.8,0.2,0.2,0.0,1.0,1.0,1140,54,342,114.0,114.0,0.123989296,1
12.4,6,61.1,41.55862274,0.4,0.1,0.0,0,4,1,0.5,0.5,0.3,0.2,0.1,0.9,0.9,1219,42,342,121.9,121.9,0.024127793,1
20.0,6,64.0,35.41077831,1.0,0.0,0.0,0,10,0,1.0,1.0,0.0,0.0,0.0,1.0,1.0,540,54,54,54.0,54.0,0.031359792,1
20.0,6,64.0,43.85328928,1.0,0.0,0.0,0,10,0,1.0,1.0,0.0,0.0,0.0,1.0,1.0,540,54,54,54.0,54.0,0.025437713,1
20.0,6,64.0,39.67922138,1.0,0.0,0.0,0,10,0,1.0,1.0,0.0,0.0,0.0,1.0,1.0,540,54,54,54.0,54.0,0.027996397,1
20.0,6,62.8,44.32427291,0.9,0.1,0.1,1,9,1,1.0,1.0,0.0,0.0,0.0,1.0,1.0,540,54,54,54.0,54.0,0.025209308,1
21.2,6,82.0,23.18399149,0.8,0.0,0.2,2,8,0,0.9,0.9,0.1,0.1,0.0,1.0,1.0,852,54,342,85.2,85.2,0.057656193,1
18.8,6,62.2,51.80570686,0.8,0.1,0.1,1,8,1,0.0,0.9,0.1,0.1,0.0,1.0,1.0,828,54,342,82.8,82.8,0.022795486,1
20.0,6,64.0,39.08371453,1.0,0.0,0.0,0,10,0,1.0,1.0,0.0,0.0,0.0,1.0,1.0,540,54,54,54.0,54.0,0.028144908,1
18.8,6,64.0,35.78278336,0.9,0.0,0.0,0,9,0,0.9,0.9,0.1,0.1,0.0,1.0,1.0,828,54,342,82.8,82.8,0.0309129,1
16.8,6,62.1,39.57402042,0.8,0.0,0.0,0,8,0,0.8,0.8,0.1,0.1,0.0,1.0,1.0,860,54,342,86.0,86.0,0.027913404,1
15.6,6,57.6,58.18859841,0.7,0.0,0.0,0,7,0,0.7,0.7,0.2,0.2,0.1,0.9,0.9,1104,42,342,110.4,110.4,0.019325209,1
12.8,17,64.0,34.02818602,0.4,0.0,0.0,0,4,0,0.4,0.4,0.6,0.6,0.0,1.0,1.0,2268,54,342,226.8,226.8,0.0392344,1
14.0,6,44.8,53.35015722,0.7,0.0,0.0,0,7,0,0.7,0.7,0.0,0.0,0.3,0.7,0.7,504,42,54,50.4,50.4,0.021458292,1
20.0,6,62.6,50.71942846,0.8,0.0,0.1,1,8,0,0.9,0.9,0.1,0.1,0.0,1.0,1.0,840,54,342,84.0,84.0,0.022498918,1
20.0,6,81.1,36.00944042,0.9,0.1,0.1,1,9,1,0.1,1.0,0.0,0.0,0.0,1.0,1.0,540,54,54,54.0,54.0,0.030425596,1
18.4,6,58.8,117.4756607,0.5,0.4,0.5,5,5,4,0.9,0.9,0.0,0.0,0.0,1.0,1.0,576,54,86,57.6,57.6,0.008627892,1
24.0,6,59.4,61.98741425,0.9,0.0,0.3,3,9,0,0.7,1.0,0.0,0.0,0.0,1.0,1.0,580,54,74,58.0,58.0,0.018900108,1
8.0,17,64.0,2.488215204,0.0,0.0,0.0,0,0,0,0.0,0.0,1.0,1.0,0.0,1.0,1.0,3420,342,342,342.0,342.0,0.502330804,1
14.8,6,97.0,39.83777305,0.3,0.4,0.4,4,3,4,0.3,0.7,0.1,0.1,0.0,1.0,1.0,916,54,342,91.6,91.6,0.025826907,1
20.0,6,64.0,36.89002836,1.0,0.0,0.0,0,10,0,0.0,1.0,0.0,0.0,0.0,1.0,1.0,540,54,54,54.0,54.0,0.029989696,1
20.0,6,64.0,38.81023872,1.0,0.0,0.0,0,10,0,1.0,1.0,0.0,0.0,0.0,1.0,1.0,540,54,54,54.0,54.0,0.028462911,1
20.0,6,68.6,38.42785222,0.9,0.1,0.1,1,9,1,0.0,1.0,0.0,0.0,0.0,1.0,1.0,540,54,54,54.0,54.0,0.026653099,1
18.0,6,62.3,46.51252332,0.9,0.0,0.0,0,9,0,0.9,0.9,0.0,0.0,0.0,1.0,1.0,572,54,86,57.2,57.2,0.024222493,1
15.2,6,64.0,69.92662738,0.6,0.0,0.0,0,6,0,0.6,0.6,0.4,0.4,0.0,1.0,1.0,1692,54,342,169.2,169.2,0.01698401,1
17.6,6,62.5,52.22258606,0.7,0.1,0.1,1,7,1,0.8,0.8,0.2,0.2,0.0,1.0,1.0,1116,54,342,111.6,111.6,0.02215178,1
18.0,6,81.3,33.40839721,0.9,0.0,0.0,0,9,0,0.9,0.9,0.0,0.0,0.0,1.0,1.0,556,54,70,55.6,55.6,0.030886483,1
18.8,6,64.0,40.86318936,0.9,0.0,0.0,0,9,0,0.9,0.9,0.1,0.1,0.0,1.0,1.0,828,54,342,82.8,82.8,0.030487418,1
20.0,6,64.0,34.8565616,1.0,0.0,0.0,0,10,0,1.0,1.0,0.0,0.0,0.0,1.0,1.0,540,54,54,54.0,54.0,0.031606603,1
16.0,6,72.8,47.05442054,0.8,0.0,0.0,0,8,0,0.8,0.8,0.0,0.0,0.1,0.9,0.9,544,42,70,54.4,54.4,0.021299505,1
20.0,6,64.0,32.83490111,1.0,0.0,0.0,0,10,0,1.0,1.0,0.0,0.0,0.0,1.0,1.0,540,54,54,54.0,54.0,0.034114504,1
20.0,6,62.7,36.90281643,0.9,0.1,0.1,1,9,1,1.0,1.0,0.0,0.0,0.0,1.0,1.0,540,54,54,54.0,54.0,0.0297153,1
14.0,6,97.4,51.69161298,0.7,0.0,0.0,0,7,0,0.7,0.7,0.0,0.0,0.0,1.0,1.0,684,54,110,68.4,68.4,0.022013402,1
16.0,6,74.2,68.52508565,0.5,0.3,0.3,3,5,3,0.7,0.8,0.0,0.0,0.0,1.0,1.0,588,54,86,58.8,58.8,0.014621687,1
20.0,6,64.0,39.5455514,1.0,0.0,0.0,0,10,0,1.0,1.0,0.0,0.0,0.0,1.0,1.0,540,54,54,54.0,54.0,0.030553102,1
20.0,6,64.0,42.42842114,1.0,0.0,0.0,0,10,0,1.0,1.0,0.0,0.0,0.0,1.0,1.0,540,54,54,54.0,54.0,0.026213312,1
17.6,6,57.6,18.84999966,0.7,0.0,0.0,0,7,0,0.6,0.7,0.2,0.2,0.1,0.9,0.9,1124,42,342,112.4,112.4,0.053158188,1
20.0,6,64.0,42.94754001,1.0,0.0,0.0,0,10,0,1.0,1.0,0.0,0.0,0.0,1.0,1.0,540,54,54,54.0,54.0,0.0258672,1
18.0,6,62.6,44.48556816,0.9,0.0,0.0,0,9,0,0.1,0.9,0.0,0.0,0.0,1.0,1.0,556,54,70,55.6,55.6,0.02514441,1
7.2,17,57.6,3.285697309,0.0,0.0,0.0,0,0,0,0.0,0.0,0.9,0.9,0.1,0.9,0.9,3120,42,342,312.0,312.0,0.304434705,1
17.6,6,64.0,53.29924327,0.8,0.0,0.0,0,8,0,0.1,0.8,0.2,0.2,0.0,1.0,1.0,1116,54,342,111.6,111.6,0.021469402,1
18.0,6,57.7,77.0760984,0.5,0.4,0.3,3,5,4,0.5,0.9,0.0,0.0,0.0,1.0,1.0,572,54,86,57.2,57.2,0.013013196,1
20.0,6,64.0,32.9419748,1.0,0.0,0.0,0,10,0,0.0,1.0,0.0,0.0,0.0,1.0,1.0,540,54,54,54.0,54.0,0.034808111,1
12.0,6,114.2,58.94867031,0.6,0.0,0.0,0,6,0,0.6,0.6,0.0,0.0,0.0,1.0,1.0,660,54,110,66.0,66.0,0.017620015,1
20.0,6,64.0,284.8365738,1.0,0.0,0.0,0,10,0,1.0,1.0,0.0,0.0,0.0,1.0,1.0,540,54,54,54.0,54.0,0.004446006,1
20.0,6,64.0,40.76873729,1.0,0.0,0.0,0,10,0,1.0,1.0,0.0,0.0,0.0,1.0,1.0,540,54,54,54.0,54.0,0.027018905,1
17.6,6,64.0,44.72450147,0.8,0.0,0.0,0,8,0,0.0,0.8,0.2,0.2,0.0,1.0,1.0,1116,54,342,111.6,111.6,0.025059509,1
18.8,6,64.0,41.1805411,0.9,0.0,0.0,0,9,0,0.9,0.9,0.1,0.1,0.0,1.0,1.0,828,54,342,82.8,82.8,0.026911211,1
7.2,17,57.6,1.660900334,0.0,0.0,0.0,0,0,0,0.0,0.0,0.9,0.9,0.1,0.9,0.9,3120,42,342,312.0,312.0,0.602100086,1
14.8,6,101.7,82.14429242,0.5,0.2,0.2,2,5,2,0.5,0.7,0.1,0.0,0.0,1.0,1.0,600,54,86,60.0,60.0,0.014693117,1
20.0,6,64.0,36.15473865,1.0,0.0,0.0,0,10,0,1.0,1.0,0.0,0.0,0.0,1.0,1.0,540,54,54,54.0,54.0,0.034741497,1
18.8,6,64.0,46.39039432,0.9,0.0,0.0,0,9,0,0.9,0.9,0.1,0.1,0.0,1.0,1.0,828,54,342,82.8,82.8,0.025630593,1
18.8,6,64.0,25.53594194,0.9,0.0,0.0,0,9,0,0.0,0.9,0.1,0.1,0.0,1.0,1.0,828,54,342,82.8,82.8,0.0420259,1
20.8,6,64.5,71.5276719,0.8,0.2,0.4,4,8,2,0.7,1.0,0.0,0.0,0.0,1.0,1.0,548,54,58,54.8,54.8,0.018174791,1
20.0,6,64.0,39.30246461,1.0,0.0,0.0,0,10,0,1.0,1.0,0.0,0.0,0.0,1.0,1.0,540,54,54,54.0,54.0,0.027122402,1
16.8,6,68.6,40.59268378,0.8,0.0,0.0,0,8,0,0.8,0.8,0.1,0.0,0.0,1.0,1.0,752,54,174,75.2,75.2,0.027980995,1
20.0,6,64.0,39.59127847,1.0,0.0,0.0,0,10,0,0.0,1.0,0.0,0.0,0.0,1.0,1.0,540,54,54,54.0,54.0,0.02795229,1
20.0,6,62.3,49.59652826,0.9,0.1,0.1,1,9,1,1.0,1.0,0.0,0.0,0.0,1.0,1.0,540,54,54,54.0,54.0,0.022670984,1
20.0,6,64.0,42.06346771,1.0,0.0,0.0,0,10,0,1.0,1.0,0.0,0.0,0.0,1.0,1.0,540,54,54,54.0,54.0,0.026284909,1
20.0,6,62.6,38.57547793,0.8,0.2,0.1,1,8,2,1.0,1.0,0.0,0.0,0.0,1.0,1.0,540,54,54,54.0,54.0,0.026028109,1
20.0,6,64.0,33.12881943,1.0,0.0,0.0,0,10,0,1.0,1.0,0.0,0.0,0.0,1.0,1.0,540,54,54,54.0,54.0,0.0328969,1
15.6,6,75.1,36.59143313,0.6,0.1,0.1,1,6,1,0.0,0.7,0.2,0.2,0.1,0.9,0.9,1104,42,342,110.4,110.4,0.027561092,1
16.4,6,64.0,54.29210505,0.7,0.0,0.0,0,7,0,0.7,0.7,0.3,0.3,0.0,1.0,1.0,1404,54,342,140.4,140.4,0.021280193,1
20.0,6,64.0,40.4755191,1.0,0.0,0.0,0,10,0,1.0,1.0,0.0,0.0,0.0,1.0,1.0,540,54,54,54.0,54.0,0.027441478,1
15.2,6,64.0,56.06323967,0.6,0.0,0.0,0,6,0,0.6,0.6,0.4,0.4,0.0,1.0,1.0,1692,54,342,169.2,169.2,0.020473313,1
18.4,6,107.8,243.1959923,0.4,0.4,0.6,6,4,4,0.6,0.8,0.0,0.0,0.0,1.0,1.0,596,54,74,59.6,59.6,0.005065107,1
16.0,6,60.9,51.48299306,0.8,0.0,0.0,0,8,0,0.0,0.8,0.0,0.0,0.0,1.0,1.0,604,54,86,60.4,60.4,0.022105384,1
18.8,6,64.0,35.08219127,0.9,0.0,0.0,0,9,0,0.9,0.9,0.1,0.1,0.0,1.0,1.0,828,54,342,82.8,82.8,0.031278586,1
20.0,6,64.0,38.47946489,1.0,0.0,0.0,0,10,0,1.0,1.0,0.0,0.0,0.0,1.0,1.0,540,54,54,54.0,54.0,0.028727698,1
18.0,6,62.2,46.50344704,0.9,0.0,0.0,0,9,0,0.9,0.9,0.0,0.0,0.0,1.0,1.0,572,54,86,57.2,57.2,0.025323701,1
20.0,6,64.0,42.53577604,1.0,0.0,0.0,0,10,0,1.0,1.0,0.0,0.0,0.0,1.0,1.0,540,54,54,54.0,54.0,0.026727009,1
18.0,6,81.7,40.51633818,0.9,0.0,0.0,0,9,0,0.9,0.9,0.0,0.0,0.0,1.0,1.0,556,54,70,55.6,55.6,0.025155711,1
18.0,6,81.3,31.71021654,0.9,0.0,0.0,0,9,0,0.0,0.9,0.0,0.0,0.0,1.0,1.0,596,54,110,59.6,59.6,0.032553196,1
20.0,6,64.0,37.53272018,1.0,0.0,0.0,0,10,0,1.0,1.0,0.0,0.0,0.0,1.0,1.0,540,54,54,54.0,54.0,0.031279397,1
29.2,6,80.6,56.14887342,0.9,0.0,0.3,3,9,0,0.0,1.0,0.0,0.0,0.0,1.0,1.0,632,54,74,63.2,63.2,0.020542884,1
17.6,6,64.0,39.36048077,0.8,0.0,0.0,0,8,0,0.0,0.8,0.2,0.2,0.0,1.0,1.0,1116,54,342,111.6,111.6,0.025584102,1
20.0,6,64.0,29.51446801,1.0,0.0,0.0,0,10,0,1.0,1.0,0.0,0.0,0.0,1.0,1.0,540,54,54,54.0,54.0,0.036581087,1
20.0,6,64.0,45.73078361,1.0,0.0,0.0,0,10,0,1.0,1.0,0.0,0.0,0.0,1.0,1.0,540,54,54,54.0,54.0,0.02433002,1
20.0,6,64.0,39.73869486,1.0,0.0,0.0,0,10,0,1.0,1.0,0.0,0.0,0.0,1.0,1.0,540,54,54,54.0,54.0,0.0278929,1
20.0,6,62.1,18.97287898,0.4,0.1,0.2,2,4,1,0.0,0.7,0.2,0.2,0.1,0.9,0.9,1148,42,342,114.8,114.8,0.061739206,1
20.0,6,65.6,41.08123779,0.9,0.1,0.1,1,9,1,0.1,1.0,0.0,0.0,0.0,1.0,1.0,540,54,54,54.0,54.0,0.026961803,1
20.0,6,64.0,38.32917384,1.0,0.0,0.0,0,10,0,1.0,1.0,0.0,0.0,0.0,1.0,1.0,540,54,54,54.0,54.0,0.028863692,1
16.0,6,51.2,47.64446222,0.8,0.0,0.0,0,8,0,0.8,0.8,0.0,0.0,0.2,0.8,0.8,516,42,54,51.6,51.6,0.02263751,1
14.4,6,62.7,19.18255493,0.6,0.0,0.0,0,6,0,0.6,0.6,0.3,0.3,0.0,1.0,1.0,1420,54,342,142.0,142.0,0.052260995,1
18.8,6,64.0,43.29264491,0.9,0.0,0.0,0,9,0,0.9,0.9,0.1,0.1,0.0,1.0,1.0,828,54,342,82.8,82.8,0.025869298,1
8.0,17,64.0,1.990651923,0.0,0.0,0.0,0,0,0,0.0,0.0,1.0,1.0,0.0,1.0,1.0,3420,342,342,342.0,342.0,0.502347994,1
20.0,6,79.8,29.22379316,0.8,0.2,0.2,2,8,2,0.9,1.0,0.0,0.0,0.0,1.0,1.0,540,54,54,54.0,54.0,0.039804983,1
20.0,6,61.7,36.98240509,0.9,0.1,0.1,1,9,1,0.1,1.0,0.0,0.0,0.0,1.0,1.0,540,54,54,54.0,54.0,0.027119088,1
20.0,6,64.0,43.65437896,1.0,0.0,0.0,0,10,0,1.0,1.0,0.0,0.0,0.0,1.0,1.0,540,54,54,54.0,54.0,0.025294399,1
8.0,17,64.0,1.660078616,0.0,0.0,0.0,0,0,0,0.0,0.0,1.0,1.0,0.0,1.0,1.0,3420,342,342,342.0,342.0,0.602477908,1
15.6,6,80.1,62.75647644,0.5,0.0,0.1,1,5,0,0.6,0.6,0.3,0.3,0.0,1.0,1.0,1448,54,342,144.8,144.8,0.018953204,1
18.8,6,64.0,33.29425736,0.9,0.0,0.0,0,9,0,0.9,0.9,0.1,0.1,0.0,1.0,1.0,828,54,342,82.8,82.8,0.032663512,1
16.0,6,93.3,63.3481145,0.5,0.3,0.3,3,5,3,0.5,0.8,0.0,0.0,0.0,1.0,1.0,612,54,110,61.2,61.2,0.017041588,1
8.0,17,64.0,3.972798626,0.0,0.0,0.0,0,0,0,0.0,0.0,1.0,1.0,0.0,1.0,1.0,1368,342,342,342.0,342.0,0.502600968,1
14.4,6,80.7,74.01382056,0.5,0.1,0.1,1,5,1,0.6,0.6,0.3,0.3,0.0,1.0,1.0,1420,54,342,142.0,142.0,0.014254999,1
18.8,6,64.0,42.62811646,0.9,0.0,0.0,0,9,0,0.9,0.9,0.1,0.1,0.0,1.0,1.0,828,54,342,82.8,82.8,0.026296687,1
20.0,6,64.0,36.46786426,1.0,0.0,0.0,0,10,0,1.0,1.0,0.0,0.0,0.0,1.0,1.0,540,54,54,54.0,54.0,0.030021,1
18.8,6,64.0,42.38293246,0.9,0.0,0.0,0,9,0,0.0,0.9,0.1,0.1,0.0,1.0,1.0,828,54,342,82.8,82.8,0.026241803,1
18.0,6,61.6,39.75798112,0.9,0.0,0.0,0,9,0,0.9,0.9,0.0,0.0,0.0,1.0,1.0,572,54,86,57.2,57.2,0.02774229,1
20.0,6,64.0,33.75222001,1.0,0.0,0.0,0,10,0,1.0,1.0,0.0,0.0,0.0,1.0,1.0,540,54,54,54.0,54.0,0.032327199,1
21.2,6,64.0,40.80336132,0.9,0.0,0.1,1,9,0,1.0,1.0,0.0,0.0,0.0,1.0,1.0,552,54,66,55.2,55.2,0.027382684,1
18.0,6,62.5,39.45022005,0.9,0.0,0.0,0,9,0,0.9,0.9,0.0,0.0,0.0,1.0,1.0,572,54,86,57.2,57.2,0.028357506,1
16.8,6,62.1,50.33523187,0.8,0.0,0.0,0,8,0,0.8,0.8,0.1,0.1,0.0,1.0,1.0,860,54,342,86.0,86.0,0.021819091,1
20.0,6,57.1,37.8928615,0.8,0.2,0.2,2,8,2,1.0,1.0,0.0,0.0,0.0,1.0,1.0,540,54,54,54.0,54.0,0.029078794,1
23.6,6,96.9,380.9090661,0.2,0.4,0.7,7,2,4,0.8,0.9,0.0,0.0,0.0,1.0,1.0,612,54,74,61.2,61.2,0.005678511,1
20.0,6,64.0,37.60429415,1.0,0.0,0.0,0,10,0,1.0,1.0,0.0,0.0,0.0,1.0,1.0,540,54,54,54.0,54.0,0.029031205,1
20.0,6,64.0,40.24143109,1.0,0.0,0.0,0,10,0,1.0,1.0,0.0,0.0,0.0,1.0,1.0,540,54,54,54.0,54.0,0.027351093,1
18.0,6,57.6,39.82748372,0.9,0.0,0.0,0,9,0,0.9,0.9,0.0,0.0,0.1,0.9,0.9,528,42,54,52.8,52.8,0.027596402,1
20.0,6,81.7,38.72710267,0.9,0.1,0.1,1,9,1,1.0,1.0,0.0,0.0,0.0,1.0,1.0,540,54,54,54.0,54.0,0.028522801,1
20.0,6,64.0,38.77683395,1.0,0.0,0.0,0,10,0,1.0,1.0,0.0,0.0,0.0,1.0,1.0,540,54,54,54.0,54.0,0.027549982,1
20.0,6,64.0,38.11340506,1.0,0.0,0.0,0,10,0,1.0,1.0,0.0,0.0,0.0,1.0,1.0,540,54,54,54.0,54.0,0.02916019,1
18.0,6,80.8,259.6063479,0.9,0.0,0.0,0,9,0,0.9,0.9,0.0,0.0,0.0,1.0,1.0,556,54,70,55.6,55.6,0.005103087,1
18.0,6,62.7,34.42138271,0.9,0.0,0.0,0,9,0,0.0,0.9,0.0,0.0,0.0,1.0,1.0,572,54,86,57.2,57.2,0.031737614,1
20.0,6,64.0,38.76540129,1.0,0.0,0.0,0,10,0,1.0,1.0,0.0,0.0,0.0,1.0,1.0,540,54,54,54.0,54.0,0.029525113,1
18.8,6,64.0,11.07595032,0.9,0.0,0.0,0,9,0,0.9,0.9,0.1,0.1,0.0,1.0,1.0,828,54,342,82.8,82.8,0.090328908,1
18.0,6,62.5,35.58034858,0.9,0.0,0.0,0,9,0,0.9,0.9,0.0,0.0,0.0,1.0,1.0,572,54,86,57.2,57.2,0.028379107,1
16.4,6,64.0,57.82359705,0.7,0.0,0.0,0,7,0,0.7,0.7,0.3,0.3,0.0,1.0,1.0,1404,54,342,140.4,140.4,0.0217767,1
19.2,6,52.2,89.77880141,0.4,0.4,0.5,5,4,4,0.5,0.9,0.0,0.0,0.0,1.0,1.0,568,54,70,56.8,56.8,0.011413598,1
12.8,6,73.5,59.38206916,0.6,0.0,0.0,0,6,0,0.0,0.6,0.1,0.1,0.1,0.9,0.9,864,42,342,86.4,86.4,0.020444083,1
16.4,6,80.9,32.81260463,0.6,0.0,0.0,0,6,0,0.5,0.6,0.3,0.3,0.0,1.0,1.0,1440,54,342,144.0,144.0,0.038095808,1
20.0,6,64.0,37.23646281,1.0,0.0,0.0,0,10,0,1.0,1.0,0.0,0.0,0.0,1.0,1.0,540,54,54,54.0,54.0,0.029692101,1
21.2,6,58.0,67.89184709,0.6,0.2,0.3,3,6,2,0.9,0.9,0.0,0.0,0.0,1.0,1.0,616,54,86,61.6,61.6,0.018355107,1
20.0,6,64.0,35.37905735,1.0,0.0,0.0,0,10,0,1.0,1.0,0.0,0.0,0.0,1.0,1.0,540,54,54,54.0,54.0,0.032485914,1
20.0,6,62.6,40.28406177,0.9,0.1,0.1,1,9,1,1.0,1.0,0.0,0.0,0.0,1.0,1.0,540,54,54,54.0,54.0,0.027475309,1
20.0,6,64.0,35.20099368,1.0,0.0,0.0,0,10,0,1.0,1.0,0.0,0.0,0.0,1.0,1.0,540,54,54,54.0,54.0,0.031167006,1
18.0,6,81.7,36.76227906,0.9,0.0,0.0,0,9,0,0.9,0.9,0.0,0.0,0.0,1.0,1.0,556,54,70,55.6,55.6,0.029317999,1
16.4,6,64.0,52.8672679,0.7,0.0,0.0,0,7,0,0.7,0.7,0.3,0.3,0.0,1.0,1.0,1404,54,342,140.4,140.4,0.021627188,1
20.0,6,64.0,36.43691242,1.0,0.0,0.0,0,10,0,1.0,1.0,0.0,0.0,0.0,1.0,1.0,540,54,54,54.0,54.0,0.031334186,1
16.4,6,64.0,8.149526958,0.7,0.0,0.0,0,7,0,0.7,0.7,0.3,0.3,0.0,1.0,1.0,1404,54,342,140.4,140.4,0.128074098,1
18.0,6,62.1,53.67712872,0.9,0.0,0.0,0,9,0,0.9,0.9,0.0,0.0,0.0,1.0,1.0,572,54,86,57.2,57.2,0.021212602,1
18.0,6,79.8,40.1252076,0.8,0.1,0.1,1,8,1,0.8,0.9,0.0,0.0,0.0,1.0,1.0,556,54,70,55.6,55.6,0.027837086,1
17.6,6,62.4,53.66222627,0.7,0.1,0.1,1,7,1,0.0,0.8,0.2,0.2,0.0,1.0,1.0,1116,54,342,111.6,111.6,0.021237493,1
20.0,6,64.0,35.19812827,1.0,0.0,0.0,0,10,0,0.2,1.0,0.0,0.0,0.0,1.0,1.0,540,54,54,54.0,54.0,0.032597804,1
17.6,6,64.0,48.14431688,0.8,0.0,0.0,0,8,0,0.2,0.8,0.2,0.2,0.0,1.0,1.0,1116,54,342,111.6,111.6,0.023483086,1
20.0,6,64.0,40.21037494,1.0,0.0,0.0,0,10,0,0.0,1.0,0.0,0.0,0.0,1.0,1.0,540,54,54,54.0,54.0,0.027484012,1
20.0,6,64.0,30.81502553,1.0,0.0,0.0,0,10,0,1.0,1.0,0.0,0.0,0.0,1.0,1.0,540,54,54,54.0,54.0,0.035567498,1
20.0,6,64.0,38.02453556,1.0,0.0,0.0,0,10,0,1.0,1.0,0.0,0.0,0.0,1.0,1.0,540,54,54,54.0,54.0,0.029023004,1
23.6,6,62.4,47.8258599,0.7,0.0,0.3,3,7,0,0.0,1.0,0.0,0.0,0.0,1.0,1.0,576,54,66,57.6,57.6,0.023511195,1
16.8,6,57.6,50.85539757,0.8,0.0,0.0,0,8,0,0.8,0.8,0.1,0.1,0.1,0.9,0.9,816,42,342,81.6,81.6,0.022290397,1
16.4,6,62.5,61.89886158,0.6,0.1,0.1,1,6,1,0.0,0.7,0.3,0.3,0.0,1.0,1.0,1404,54,342,140.4,140.4,0.018634081,1
20.0,6,62.5,40.81181803,0.9,0.1,0.1,1,9,1,1.0,1.0,0.0,0.0,0.0,1.0,1.0,540,54,54,54.0,54.0,0.02724669,1
20.0,6,64.0,39.871288,1.0,0.0,0.0,0,10,0,0.1,1.0,0.0,0.0,0.0,1.0,1.0,540,54,54,54.0,54.0,0.027327704,1
20.4,6,62.4,44.99616477,1.0,0.0,0.1,1,10,0,0.9,1.0,0.0,0.0,0.0,1.0,1.0,544,54,58,54.4,54.4,0.025690007,1
17.6,17,55.2,109.197661,0.1,0.0,0.4,4,1,0,0.4,0.4,0.5,0.5,0.1,0.9,0.9,2036,42,342,203.6,203.6,0.012690306,1
20.0,6,64.0,41.30577451,1.0,0.0,0.0,0,10,0,1.0,1.0,0.0,0.0,0.0,1.0,1.0,540,54,54,54.0,54.0,0.026828408,1
14.0,6,64.0,66.21815042,0.5,0.0,0.0,0,5,0,0.5,0.5,0.5,0.5,0.0,1.0,1.0,1980,54,342,198.0,198.0,0.017725706,1
14.0,6,58.2,50.85693915,0.7,0.0,0.0,0,7,0,0.7,0.7,0.0,0.0,0.0,1.0,1.0,636,54,86,63.6,63.6,0.022207403,1
18.8,6,64.0,42.95699696,0.9,0.0,0.0,0,9,0,0.9,0.9,0.1,0.1,0.0,1.0,1.0,828,54,342,82.8,82.8,0.02826221,1
20.0,6,64.0,30.76904568,1.0,0.0,0.0,0,10,0,1.0,1.0,0.0,0.0,0.0,1.0,1.0,540,54,54,54.0,54.0,0.037306285,1
22.0,6,69.3,40.42492246,1.0,0.0,0.1,1,10,0,0.1,1.0,0.0,0.0,0.0,1.0,1.0,560,54,74,56.0,56.0,0.025740504,1
20.0,6,64.0,31.42568148,1.0,0.0,0.0,0,10,0,0.1,1.0,0.0,0.0,0.0,1.0,1.0,540,54,54,54.0,54.0,0.034346008,1
17.6,6,64.0,46.12693776,0.8,0.0,0.0,0,8,0,0.8,0.8,0.2,0.2,0.0,1.0,1.0,1116,54,342,111.6,111.6,0.021850419,1
20.0,6,62.1,31.84155987,0.9,0.1,0.1,1,9,1,1.0,1.0,0.0,0.0,0.0,1.0,1.0,540,54,54,54.0,54.0,0.035603094,1
17.6,6,64.0,44.83642412,0.8,0.0,0.0,0,8,0,0.8,0.8,0.2,0.2,0.0,1.0,1.0,1116,54,342,111.6,111.6,0.024920297,1
20.0,6,73.1,49.79259338,0.8,0.2,0.2,2,8,2,0.8,1.0,0.0,0.0,0.0,1.0,1.0,540,54,54,54.0,54.0,0.022568703,1
20.0,6,64.0,41.03120356,1.0,0.0,0.0,0,10,0,1.0,1.0,0.0,0.0,0.0,1.0,1.0,540,54,54,54.0,54.0,0.027032995,1
20.0,6,64.0,32.52127027,1.0,0.0,0.0,0,10,0,1.0,1.0,0.0,0.0,0.0,1.0,1.0,540,54,54,54.0,54.0,0.033456993,1
20.0,6,81.6,41.41679816,0.9,0.1,0.1,1,9,1,0.0,1.0,0.0,0.0,0.0,1.0,1.0,540,54,54,54.0,54.0,0.027393913,1
20.0,6,64.0,35.0552452,1.0,0.0,0.0,0,10,0,1.0,1.0,0.0,0.0,0.0,1.0,1.0,540,54,54,54.0,54.0,0.031332588,1
18.8,6,64.0,38.79788912,0.9,0.0,0.0,0,9,0,0.0,0.9,0.1,0.1,0.0,1.0,1.0,828,54,342,82.8,82.8,0.028665996,1
20.0,6,64.0,37.82502908,1.0,0.0,0.0,0,10,0,1.0,1.0,0.0,0.0,0.0,1.0,1.0,540,54,54,54.0,54.0,0.029099703,1
16.8,6,85.9,62.73601331,0.6,0.2,0.2,2,6,2,0.8,0.8,0.1,0.0,0.0,1.0,1.0,734,54,165,73.4,73.4,0.019402885,1
20.0,6,64.0,37.80191574,1.0,0.0,0.0,0,10,0,1.0,1.0,0.0,0.0,0.0,1.0,1.0,540,54,54,54.0,54.0,0.029215193,1
17.6,6,62.3,40.90966194,0.7,0.1,0.0,0,7,1,0.1,0.8,0.2,0.2,0.0,1.0,1.0,1116,54,342,111.6,111.6,0.024520707,1
20.0,6,64.0,40.85936785,1.0,0.0,0.0,0,10,0,1.0,1.0,0.0,0.0,0.0,1.0,1.0,540,54,54,54.0,54.0,0.027060795,1
14.0,6,74.6,78.32193322,0.5,0.2,0.2,2,5,2,0.5,0.7,0.0,0.0,0.0,1.0,1.0,620,54,86,62.0,62.0,0.013277721,1
20.0,6,64.0,42.54941167,1.0,0.0,0.0,0,10,0,1.0,1.0,0.0,0.0,0.0,1.0,1.0,540,54,54,54.0,54.0,0.027351093,1
20.0,6,62.1,41.07689264,0.9,0.1,0.1,1,9,1,1.0,1.0,0.0,0.0,0.0,1.0,1.0,540,54,54,54.0,54.0,0.02707088,1
22.4,6,61.8,54.32480355,0.8,0.0,0.2,2,8,0,1.0,1.0,0.0,0.0,0.0,1.0,1.0,564,54,66,56.4,56.4,0.020930099,1
18.8,6,62.5,34.31167699,0.8,0.1,0.1,1,8,1,0.9,0.9,0.1,0.1,0.0,1.0,1.0,828,54,342,82.8,82.8,0.033939099,1
20.0,6,64.0,41.58540551,1.0,0.0,0.0,0,10,0,1.0,1.0,0.0,0.0,0.0,1.0,1.0,540,54,54,54.0,54.0,0.027323198,1
20.0,6,81.3,37.64874845,0.9,0.1,0.1,1,9,1,0.9,1.0,0.0,0.0,0.0,1.0,1.0,540,54,54,54.0,54.0,0.029611206,1
20.0,6,62.7,41.3479194,0.9,0.1,0.1,1,9,1,1.0,1.0,0.0,0.0,0.0,1.0,1.0,540,54,54,54.0,54.0,0.026911807,1
20.4,6,81.7,40.63771593,1.0,0.0,0.1,1,10,0,0.9,1.0,0.0,0.0,0.0,1.0,1.0,544,54,58,54.4,54.4,0.027389693,1
15.2,6,97.4,210.7743411,0.4,0.2,0.4,4,4,2,0.4,0.6,0.1,0.0,0.0,1.0,1.0,822,54,165,82.2,82.2,0.00482111,1
20.0,6,64.0,41.48910767,1.0,0.0,0.0,0,10,0,1.0,1.0,0.0,0.0,0.0,1.0,1.0,540,54,54,54.0,54.0,0.026771212,1
18.0,6,62.3,46.45070978,0.9,0.0,0.0,0,9,0,0.9,0.9,0.0,0.0,0.0,1.0,1.0,572,54,86,57.2,57.2,0.024106693,1
20.0,6,62.1,28.20629317,0.9,0.1,0.1,1,9,1,1.0,1.0,0.0,0.0,0.0,1.0,1.0,540,54,54,54.0,54.0,0.037462592,1
18.0,6,61.8,31.65488562,0.9,0.0,0.0,0,9,0,0.9,0.9,0.0,0.0,0.0,1.0,1.0,572,54,86,57.2,57.2,0.034647512,1
14.0,6,64.0,85.23552889,0.5,0.0,0.0,0,5,0,0.5,0.5,0.5,0.5,0.0,1.0,1.0,1980,54,342,198.0,198.0,0.1364115,1
14.0,6,110.5,119.8852112,0.3,0.4,0.4,4,3,4,0.7,0.7,0.0,0.0,0.0,1.0,1.0,588,54,70,58.8,58.8,0.009624815,1
20.0,6,64.0,26.48957704,1.0,0.0,0.0,0,10,0,0.1,1.0,0.0,0.0,0.0,1.0,1.0,540,54,54,54.0,54.0,0.043091202,1
13.6,6,79.0,65.70992596,0.6,0.0,0.0,0,6,0,0.6,0.6,0.2,0.2,0.0,1.0,1.0,1148,54,342,114.8,114.8,0.018055391,1
20.0,6,64.0,29.15468659,1.0,0.0,0.0,0,10,0,0.0,1.0,0.0,0.0,0.0,1.0,1.0,540,54,54,54.0,54.0,0.036371803,1
14.0,6,72.4,88.71464045,0.4,0.3,0.3,3,4,3,0.4,0.7,0.0,0.0,0.0,1.0,1.0,660,54,110,66.0,66.0,0.013925099,1
20.0,6,64.0,40.18325455,1.0,0.0,0.0,0,10,0,1.0,1.0,0.0,0.0,0.0,1.0,1.0,540,54,54,54.0,54.0,0.027532101,1
18.0,6,57.6,20.39988463,0.9,0.0,0.0,0,9,0,0.9,0.9,0.0,0.0,0.1,0.9,0.9,528,42,54,52.8,52.8,0.058520198,1
20.0,6,64.0,39.74264852,1.0,0.0,0.0,0,10,0,0.1,1.0,0.0,0.0,0.0,1.0,1.0,540,54,54,54.0,54.0,0.027848697,1
16.8,6,67.3,42.42751985,0.7,0.1,0.1,1,7,1,0.8,0.8,0.1,0.1,0.0,1.0,1.0,844,54,342,84.4,84.4,0.028135991,1
16.0,6,51.2,37.53319039,0.8,0.0,0.0,0,8,0,0.0,0.8,0.0,0.0,0.2,0.8,0.8,516,42,54,51.6,51.6,0.027681589,1
20.0,6,64.0,38.90520489,1.0,0.0,0.0,0,10,0,1.0,1.0,0.0,0.0,0.0,1.0,1.0,540,54,54,54.0,54.0,0.02835331,1
16.4,6,64.0,61.40848617,0.7,0.0,0.0,0,7,0,0.0,0.7,0.3,0.3,0.0,1.0,1.0,1404,54,342,140.4,140.4,0.018868494,1
22.4,6,62.4,40.53062865,0.8,0.0,0.2,2,8,0,1.0,1.0,0.0,0.0,0.0,1.0,1.0,564,54,66,56.4,56.4,0.029983711,1
20.0,6,64.0,39.89419388,1.0,0.0,0.0,0,10,0,1.0,1.0,0.0,0.0,0.0,1.0,1.0,540,54,54,54.0,54.0,0.027890205,1
17.6,6,64.0,8.395500706,0.8,0.0,0.0,0,8,0,0.8,0.8,0.2,0.2,0.0,1.0,1.0,1116,54,342,111.6,111.6,0.119129109,1
20.0,6,64.0,33.26658291,1.0,0.0,0.0,0,10,0,1.0,1.0,0.0,0.0,0.0,1.0,1.0,540,54,54,54.0,54.0,0.032801485,1
16.8,6,56.3,36.8422005,0.7,0.1,0.1,1,7,1,0.8,0.8,0.1,0.1,0.1,0.9,0.9,816,42,342,81.6,81.6,0.030960083,1
18.0,6,62.8,40.10364616,0.9,0.0,0.0,0,9,0,0.9,0.9,0.0,0.0,0.0,1.0,1.0,572,54,86,57.2,57.2,0.027671885,1
18.0,6,81.6,46.82700273,0.9,0.0,0.0,0,9,0,0.9,0.9,0.0,0.0,0.0,1.0,1.0,596,54,110,59.6,59.6,0.024692297,1
18.8,6,64.0,40.00339537,0.9,0.0,0.0,0,9,0,0.9,0.9,0.1,0.1,0.0,1.0,1.0,828,54,342,82.8,82.8,0.028470588,1
18.0,6,62.6,37.28714354,0.9,0.0,0.0,0,9,0,0.9,0.9,0.0,0.0,0.0,1.0,1.0,572,54,86,57.2,57.2,0.031604886,1
18.0,6,81.1,11.93986887,0.9,0.0,0.0,0,9,0,0.9,0.9,0.0,0.0,0.0,1.0,1.0,556,54,70,55.6,55.6,0.090779209,1
20.0,6,64.0,41.78804813,1.0,0.0,0.0,0,10,0,1.0,1.0,0.0,0.0,0.0,1.0,1.0,540,54,54,54.0,54.0,0.026616001,1
18.8,6,64.0,34.86409475,0.9,0.0,0.0,0,9,0,0.9,0.9,0.1,0.1,0.0,1.0,1.0,828,54,342,82.8,82.8,0.032674408,1
20.0,6,64.0,44.6645873,1.0,0.0,0.0,0,10,0,1.0,1.0,0.0,0.0,0.0,1.0,1.0,540,54,54,54.0,54.0,0.0258883,1
22.4,6,62.3,43.76849252,0.8,0.0,0.2,2,8,0,1.0,1.0,0.0,0.0,0.0,1.0,1.0,564,54,66,56.4,56.4,0.0510149,1
18.8,6,62.1,51.28231964,0.8,0.1,0.1,1,8,1,0.9,0.9,0.1,0.1,0.0,1.0,1.0,828,54,342,82.8,82.8,0.02031858,1
18.0,6,79.9,44.64604553,0.8,0.1,0.1,1,8,1,0.9,0.9,0.0,0.0,0.0,1.0,1.0,556,54,70,55.6,55.6,0.025499701,1
18.0,6,62.0,41.76220963,0.9,0.0,0.0,0,9,0,0.0,0.9,0.0,0.0,0.0,1.0,1.0,572,54,86,57.2,57.2,0.026746106,1
20.0,6,62.2,43.99108915,0.9,0.1,0.1,1,9,1,1.0,1.0,0.0,0.0,0.0,1.0,1.0,540,54,54,54.0,54.0,0.02532599,1
20.0,6,64.0,34.28144547,1.0,0.0,0.0,0,10,0,1.0,1.0,0.0,0.0,0.0,1.0,1.0,540,54,54,54.0,54.0,0.032345915,1
20.0,6,64.0,169.2678104,1.0,0.0,0.0,0,10,0,1.0,1.0,0.0,0.0,0.0,1.0,1.0,540,54,54,54.0,54.0,0.0069098,1
20.0,6,62.6,44.8010801,0.9,0.1,0.1,1,9,1,1.0,1.0,0.0,0.0,0.0,1.0,1.0,540,54,54,54.0,54.0,0.027223492,1
18.8,6,64.0,12.79737944,0.9,0.0,0.0,0,9,0,0.9,0.9,0.1,0.1,0.0,1.0,1.0,828,54,342,82.8,82.8,0.080123901,1
18.8,6,59.0,50.36388088,0.6,0.3,0.3,3,6,3,0.6,0.9,0.1,0.1,0.0,1.0,1.0,828,54,342,82.8,82.8,0.022435093,1
20.0,6,64.0,40.94856319,1.0,0.0,0.0,0,10,0,0.0,1.0,0.0,0.0,0.0,1.0,1.0,540,54,54,54.0,54.0,0.027108002,1
18.0,6,62.1,39.04416679,0.9,0.0,0.0,0,9,0,0.9,0.9,0.0,0.0,0.0,1.0,1.0,588,54,102,58.8,58.8,0.028450418,1
20.0,6,64.0,35.87392521,1.0,0.0,0.0,0,10,0,0.0,1.0,0.0,0.0,0.0,1.0,1.0,540,54,54,54.0,54.0,0.031556797,1
16.0,6,61.0,45.7644643,0.8,0.0,0.0,0,8,0,0.8,0.8,0.0,0.0,0.0,1.0,1.0,604,54,86,60.4,60.4,0.024495602,1
18.8,6,62.4,48.21277373,0.8,0.1,0.1,1,8,1,0.9,0.9,0.1,0.1,0.0,1.0,1.0,828,54,342,82.8,82.8,0.023230886,1
13.6,6,80.1,67.50373384,0.6,0.0,0.0,0,6,0,0.6,0.6,0.2,0.2,0.0,1.0,1.0,1204,54,342,120.4,120.4,0.015029597,1
20.0,6,64.0,18.21105227,1.0,0.0,0.0,0,10,0,0.1,1.0,0.0,0.0,0.0,1.0,1.0,540,54,54,54.0,54.0,0.063660097,1
18.8,6,64.0,40.44882014,0.9,0.0,0.0,0,9,0,0.0,0.9,0.1,0.1,0.0,1.0,1.0,828,54,342,82.8,82.8,0.027528811,1
16.0,6,51.2,46.69515971,0.8,0.0,0.0,0,8,0,0.8,0.8,0.0,0.0,0.2,0.8,0.8,516,42,54,51.6,51.6,0.024059606,1
15.2,6,67.3,124.4958935,0.3,0.3,0.4,4,3,3,0.4,0.7,0.0,0.0,0.0,1.0,1.0,664,54,102,66.4,66.4,0.009788394,1
20.0,6,64.0,30.92346371,1.0,0.0,0.0,0,10,0,1.0,1.0,0.0,0.0,0.0,1.0,1.0,540,54,54,54.0,54.0,0.036742306,1
16.4,6,81.3,69.64124243,0.6,0.1,0.1,1,6,1,0.6,0.7,0.3,0.3,0.0,1.0,1.0,1404,54,342,140.4,140.4,0.014807105,1
18.0,6,57.6,39.92544744,0.9,0.0,0.0,0,9,0,0.0,0.9,0.0,0.0,0.1,0.9,0.9,528,42,54,52.8,52.8,0.028284788,1
20.0,6,64.0,40.85721856,1.0,0.0,0.0,0,10,0,1.0,1.0,0.0,0.0,0.0,1.0,1.0,540,54,54,54.0,54.0,0.027037287,1
12.0,6,77.5,68.09388287,0.6,0.0,0.0,0,6,0,0.6,0.6,0.0,0.0,0.0,1.0,1.0,676,54,110,67.6,67.6,0.015921092,1
10.0,6,41.7,56.61620532,0.5,0.0,0.0,0,5,0,0.5,0.5,0.0,0.0,0.3,0.7,0.7,568,42,86,56.8,56.8,0.017967105,1
14.8,6,55.9,54.27053856,0.4,0.3,0.3,3,4,3,0.6,0.7,0.1,0.1,0.0,1.0,1.0,876,54,342,87.6,87.6,0.018976593,1
20.0,6,64.0,39.99584241,1.0,0.0,0.0,0,10,0,1.0,1.0,0.0,0.0,0.0,1.0,1.0,540,54,54,54.0,54.0,0.027438402,1
20.0,6,64.0,38.65853366,1.0,0.0,0.0,0,10,0,1.0,1.0,0.0,0.0,0.0,1.0,1.0,540,54,54,54.0,54.0,0.028998113,1
16.4,6,64.0,61.55285692,0.7,0.0,0.0,0,7,0,0.7,0.7,0.3,0.3,0.0,1.0,1.0,1404,54,342,140.4,140.4,0.019205093,1
16.4,6,64.0,48.290542,0.7,0.0,0.0,0,7,0,0.7,0.7,0.3,0.3,0.0,1.0,1.0,1404,54,342,140.4,140.4,0.022830486,1
20.0,6,62.4,42.99649718,0.9,0.1,0.1,1,9,1,1.0,1.0,0.0,0.0,0.0,1.0,1.0,540,54,54,54.0,54.0,0.025818515,1
20.0,6,64.0,38.28351847,1.0,0.0,0.0,0,10,0,1.0,1.0,0.0,0.0,0.0,1.0,1.0,540,54,54,54.0,54.0,0.029336405,1
20.0,6,62.8,42.83827426,0.9,0.1,0.1,1,9,1,1.0,1.0,0.0,0.0,0.0,1.0,1.0,540,54,54,54.0,54.0,0.026670003,1
8.0,17,64.0,1.423083855,0.0,0.0,0.0,0,0,0,0.0,0.0,1.0,1.0,0.0,1.0,1.0,3420,342,342,342.0,342.0,0.803129292,1
20.0,6,64.0,10.86734509,1.0,0.0,0.0,0,10,0,1.0,1.0,0.0,0.0,0.0,1.0,1.0,540,54,54,54.0,54.0,0.101434588,1
16.0,6,56.2,41.37447201,0.8,0.0,0.0,0,8,0,0.8,0.8,0.0,0.0,0.1,0.9,0.9,560,42,86,56.0,56.0,0.026962686,1
19.2,6,61.4,43.7533342,0.9,0.0,0.1,1,9,0,0.8,0.9,0.1,0.1,0.0,1.0,1.0,832,54,342,83.2,83.2,0.025512981,1
12.0,6,113.3,79.99237133,0.5,0.1,0.1,1,5,1,0.5,0.6,0.0,0.0,0.0,1.0,1.0,700,54,110,70.0,70.0,0.014261103,1
16.4,6,64.0,47.86499262,0.7,0.0,0.0,0,7,0,0.0,0.7,0.3,0.3,0.0,1.0,1.0,1404,54,342,140.4,140.4,0.021065688,1
7.2,17,57.6,3.318815951,0.0,0.0,0.0,0,0,0,0.0,0.0,0.9,0.9,0.1,0.9,0.9,3120,42,342,312.0,312.0,0.401807094,1
21.2,6,59.8,25.24398949,0.8,0.1,0.2,2,8,1,0.1,1.0,0.0,0.0,0.0,1.0,1.0,552,54,66,55.2,55.2,0.042973685,1
17.6,6,68.6,19.75055082,0.7,0.1,0.1,1,7,1,0.0,0.8,0.2,0.2,0.0,1.0,1.0,1116,54,342,111.6,111.6,0.055992794,1
17.6,6,64.0,26.04606105,0.8,0.0,0.0,0,8,0,0.0,0.8,0.2,0.2,0.0,1.0,1.0,1116,54,342,111.6,111.6,0.041210103,1
20.0,6,64.0,34.9263095,1.0,0.0,0.0,0,10,0,1.0,1.0,0.0,0.0,0.0,1.0,1.0,540,54,54,54.0,54.0,0.031200814,1
20.0,6,64.0,33.50612956,1.0,0.0,0.0,0,10,0,1.0,1.0,0.0,0.0,0.0,1.0,1.0,540,54,54,54.0,54.0,0.033374882,1
17.6,6,64.0,18.15791479,0.8,0.0,0.0,0,8,0,0.1,0.8,0.2,0.2,0.0,1.0,1.0,1116,54,342,111.6,111.6,0.062538719,1
18.8,6,64.0,44.07151804,0.9,0.0,0.0,0,9,0,0.9,0.9,0.1,0.1,0.0,1.0,1.0,828,54,342,82.8,82.8,0.02538929,1
18.0,6,62.0,34.30555908,0.9,0.0,0.0,0,9,0,0.9,0.9,0.0,0.0,0.0,1.0,1.0,572,54,86,57.2,57.2,0.031829286,1
20.0,6,64.0,38.75129,1.0,0.0,0.0,0,10,0,1.0,1.0,0.0,0.0,0.0,1.0,1.0,540,54,54,54.0,54.0,0.028281093,1
15.6,6,69.4,39.58246079,0.7,0.0,0.0,0,7,0,0.7,0.7,0.2,0.1,0.0,1.0,1.0,856,54,342,85.6,85.6,0.028088117,1
20.8,6,88.7,175.5217984,0.4,0.6,0.8,8,4,6,0.8,1.0,0.0,0.0,0.0,1.0,1.0,548,54,58,54.8,54.8,0.008411789,1
20.0,6,64.0,40.68497908,1.0,0.0,0.0,0,10,0,1.0,1.0,0.0,0.0,0.0,1.0,1.0,540,54,54,54.0,54.0,0.027175999,1
17.6,6,64.0,49.59558993,0.8,0.0,0.0,0,8,0,0.0,0.8,0.2,0.2,0.0,1.0,1.0,1116,54,342,111.6,111.6,0.022777796,1
15.2,6,64.0,55.33791415,0.6,0.0,0.0,0,6,0,0.6,0.6,0.4,0.4,0.0,1.0,1.0,1692,54,342,169.2,169.2,0.018257189,1
20.0,6,81.4,41.37071749,0.9,0.1,0.1,1,9,1,0.0,1.0,0.0,0.0,0.0,1.0,1.0,540,54,54,54.0,54.0,0.027168298,1
18.8,6,64.0,37.02742691,0.9,0.0,0.0,0,9,0,0.0,0.9,0.1,0.1,0.0,1.0,1.0,828,54,342,82.8,82.8,0.027110815,1
13.6,6,75.6,28.14173982,0.6,0.0,0.0,0,6,0,0.6,0.6,0.2,0.2,0.1,0.9,0.9,1120,42,342,112.0,112.0,0.038859105,1
20.0,6,64.0,35.03217314,1.0,0.0,0.0,0,10,0,1.0,1.0,0.0,0.0,0.0,1.0,1.0,540,54,54,54.0,54.0,0.031839299,1
20.4,6,68.8,46.73506681,0.9,0.1,0.1,1,9,1,1.0,1.0,0.0,0.0,0.0,1.0,1.0,544,54,58,54.4,54.4,0.024479413,1
14.4,6,57.6,45.93160257,0.6,0.0,0.0,0,6,0,0.6,0.6,0.3,0.3,0.1,0.9,0.9,1392,42,342,139.2,139.2,0.022789097,1
18.0,6,62.6,47.9436697,0.9,0.0,0.0,0,9,0,0.9,0.9,0.0,0.0,0.0,1.0,1.0,572,54,86,57.2,57.2,0.023401999,1
20.8,6,64.0,44.43476382,0.9,0.0,0.0,0,9,0,0.8,0.9,0.1,0.1,0.0,1.0,1.0,848,54,342,84.8,84.8,0.024622703,1
20.0,6,64.0,45.44193247,1.0,0.0,0.0,0,10,0,1.0,1.0,0.0,0.0,0.0,1.0,1.0,540,54,54,54.0,54.0,0.02251761,1
15.2,6,64.0,57.50466489,0.6,0.0,0.0,0,6,0,0.6,0.6,0.4,0.4,0.0,1.0,1.0,1692,54,342,169.2,169.2,0.020377588,1
20.0,6,64.0,34.99376766,1.0,0.0,0.0,0,10,0,1.0,1.0,0.0,0.0,0.0,1.0,1.0,540,54,54,54.0,54.0,0.030292702,1
18.0,6,62.7,40.04437596,0.9,0.0,0.0,0,9,0,0.9,0.9,0.0,0.0,0.0,1.0,1.0,556,54,70,55.6,55.6,0.027613401,1
21.2,6,62.6,35.75926229,0.8,0.1,0.1,1,8,1,0.8,1.0,0.0,0.0,0.0,1.0,1.0,552,54,66,55.2,55.2,0.030719686,1
20.0,6,64.0,28.95345073,1.0,0.0,0.0,0,10,0,1.0,1.0,0.0,0.0,0.0,1.0,1.0,540,54,54,54.0,54.0,0.037451601,1
18.0,6,62.6,40.08724125,0.9,0.0,0.0,0,9,0,0.9,0.9,0.0,0.0,0.0,1.0,1.0,572,54,86,57.2,57.2,0.027445388,1
20.0,6,62.3,40.47782374,0.9,0.1,0.1,1,9,1,1.0,1.0,0.0,0.0,0.0,1.0,1.0,540,54,54,54.0,54.0,0.027343392,1
18.0,6,79.6,50.25050349,0.8,0.1,0.1,1,8,1,0.8,0.9,0.0,0.0,0.0,1.0,1.0,574,54,88,57.4,57.4,0.0221349,1
15.2,6,64.0,57.94414059,0.6,0.0,0.0,0,6,0,0.6,0.6,0.4,0.4,0.0,1.0,1.0,1692,54,342,169.2,169.2,0.0200104,1
14.0,6,62.1,97.80055635,0.4,0.1,0.1,1,4,1,0.5,0.5,0.5,0.5,0.0,1.0,1.0,1980,54,342,198.0,198.0,0.013244796,1
23.6,6,67.4,14.44475248,0.6,0.1,0.5,5,6,1,1.0,1.0,0.0,0.0,0.0,1.0,1.0,598,54,76,59.8,59.8,0.071929598,1
20.0,6,64.0,32.34067358,1.0,0.0,0.0,0,10,0,1.0,1.0,0.0,0.0,0.0,1.0,1.0,540,54,54,54.0,54.0,0.03355062,1
18.0,6,62.7,45.3969783,0.9,0.0,0.0,0,9,0,0.9,0.9,0.0,0.0,0.0,1.0,1.0,572,54,86,57.2,57.2,0.024718595,1
20.0,6,64.0,30.14500753,1.0,0.0,0.0,0,10,0,1.0,1.0,0.0,0.0,0.0,1.0,1.0,540,54,54,54.0,54.0,0.036317086,1
21.2,6,64.0,34.94621389,0.9,0.0,0.1,1,9,0,1.0,1.0,0.0,0.0,0.0,1.0,1.0,552,54,66,55.2,55.2,0.02902,1
20.0,6,62.3,47.13845158,0.9,0.1,0.1,1,9,1,1.0,1.0,0.0,0.0,0.0,1.0,1.0,540,54,54,54.0,54.0,0.023845911,1
20.0,6,64.0,33.42650209,1.0,0.0,0.0,0,10,0,1.0,1.0,0.0,0.0,0.0,1.0,1.0,540,54,54,54.0,54.0,0.0308604,1
20.0,6,64.0,32.16394602,1.0,0.0,0.0,0,10,0,1.0,1.0,0.0,0.0,0.0,1.0,1.0,540,54,54,54.0,54.0,0.033776712,1
20.0,6,64.0,41.22640146,1.0,0.0,0.0,0,10,0,1.0,1.0,0.0,0.0,0.0,1.0,1.0,540,54,54,54.0,54.0,0.02683599,1
16.8,6,81.9,48.85892281,0.8,0.0,0.0,0,8,0,0.8,0.8,0.1,0.1,0.0,1.0,1.0,884,54,342,88.4,88.4,0.023033595,1
20.0,6,64.0,35.28393772,1.0,0.0,0.0,0,10,0,1.0,1.0,0.0,0.0,0.0,1.0,1.0,540,54,54,54.0,54.0,0.031305194,1
18.8,6,64.0,46.11507042,0.9,0.0,0.0,0,9,0,0.9,0.9,0.1,0.1,0.0,1.0,1.0,828,54,342,82.8,82.8,0.024421406,1
20.0,6,64.0,40.84098681,1.0,0.0,0.0,0,10,0,1.0,1.0,0.0,0.0,0.0,1.0,1.0,540,54,54,54.0,54.0,0.027420902,1
21.2,6,62.6,44.31134865,0.9,0.0,0.1,1,9,0,1.0,1.0,0.0,0.0,0.0,1.0,1.0,552,54,66,55.2,55.2,0.025163579,1
18.0,6,63.0,42.37578148,0.9,0.0,0.0,0,9,0,0.9,0.9,0.0,0.0,0.0,1.0,1.0,588,54,102,58.8,58.8,0.025594401,1
11.6,6,44.8,26.03272413,0.5,0.0,0.0,0,5,0,0.5,0.5,0.2,0.2,0.3,0.7,0.7,1080,42,342,108.0,108.0,0.043996286,1
18.0,6,96.8,48.86108568,0.7,0.2,0.2,2,7,2,0.9,0.9,0.0,0.0,0.0,1.0,1.0,556,54,70,55.6,55.6,0.023087287,1
20.0,6,79.7,40.13661153,0.8,0.2,0.2,2,8,2,0.8,1.0,0.0,0.0,0.0,1.0,1.0,540,54,54,54.0,54.0,0.02637682,1
20.0,6,64.0,34.5955933,1.0,0.0,0.0,0,10,0,1.0,1.0,0.0,0.0,0.0,1.0,1.0,540,54,54,54.0,54.0,0.031779599,1
14.4,6,62.5,48.96941676,0.6,0.0,0.0,0,6,0,0.6,0.6,0.3,0.3,0.0,1.0,1.0,1436,54,342,143.6,143.6,0.024944615,1
20.0,6,82.0,45.11517843,0.9,0.1,0.1,1,9,1,1.0,1.0,0.0,0.0,0.0,1.0,1.0,540,54,54,54.0,54.0,0.024021482,1
16.0,6,81.5,79.71173582,0.5,0.3,0.3,3,5,3,0.7,0.8,0.0,0.0,0.0,1.0,1.0,572,54,70,57.2,57.2,0.017614889,1
20.0,6,64.0,34.06865058,1.0,0.0,0.0,0,10,0,1.0,1.0,0.0,0.0,0.0,1.0,1.0,540,54,54,54.0,54.0,0.031914496,1
15.6,6,57.6,58.21710882,0.7,0.0,0.0,0,7,0,0.7,0.7,0.2,0.2,0.1,0.9,0.9,1104,42,342,110.4,110.4,0.019830298,1
16.4,6,64.0,59.09151618,0.7,0.0,0.0,0,7,0,0.7,0.7,0.3,0.3,0.0,1.0,1.0,1404,54,342,140.4,140.4,0.019403386,1
18.0,6,62.6,44.23307475,0.9,0.0,0.0,0,9,0,0.9,0.9,0.0,0.0,0.0,1.0,1.0,572,54,86,57.2,57.2,0.025248504,1
12.0,6,62.0,38.24103967,0.6,0.0,0.0,0,6,0,0.6,0.6,0.0,0.0,0.3,0.7,0.7,560,42,110,56.0,56.0,0.031226516,1
16.0,6,93.0,67.08160204,0.6,0.0,0.2,2,6,0,0.8,0.8,0.0,0.0,0.1,0.9,0.9,1493,42,1003,149.3,149.3,0.016062713,1
20.0,6,64.0,34.408732,1.0,0.0,0.0,0,10,0,1.0,1.0,0.0,0.0,0.0,1.0,1.0,540,54,54,54.0,54.0,0.03171041,1
16.4,6,64.0,56.96189914,0.7,0.0,0.0,0,7,0,0.7,0.7,0.3,0.3,0.0,1.0,1.0,1404,54,342,140.4,140.4,0.020190001,1
18.0,6,62.5,39.14262037,0.9,0.0,0.0,0,9,0,0.9,0.9,0.0,0.0,0.0,1.0,1.0,572,54,86,57.2,57.2,0.028465819,1
16.4,6,64.0,54.10755451,0.7,0.0,0.0,0,7,0,0.7,0.7,0.3,0.3,0.0,1.0,1.0,1404,54,342,140.4,140.4,0.022998118,1
20.0,6,62.2,120.6216425,0.9,0.1,0.1,1,9,1,1.0,1.0,0.0,0.0,0.0,1.0,1.0,540,54,54,54.0,54.0,0.008764696,1
20.0,6,64.0,38.77231743,1.0,0.0,0.0,0,10,0,1.0,1.0,0.0,0.0,0.0,1.0,1.0,540,54,54,54.0,54.0,0.028667307,1
20.0,6,64.0,36.52076544,1.0,0.0,0.0,0,10,0,1.0,1.0,0.0,0.0,0.0,1.0,1.0,540,54,54,54.0,54.0,0.030032802,1
17.6,6,64.0,52.36229988,0.8,0.0,0.0,0,8,0,0.0,0.8,0.2,0.2,0.0,1.0,1.0,1116,54,342,111.6,111.6,0.021748114,1
20.0,6,64.0,34.75189904,1.0,0.0,0.0,0,10,0,1.0,1.0,0.0,0.0,0.0,1.0,1.0,540,54,54,54.0,54.0,0.032460213,1
18.0,6,61.8,44.05675073,0.8,0.1,0.1,1,8,1,0.8,0.9,0.0,0.0,0.0,1.0,1.0,572,54,86,57.2,57.2,0.026545596,1
18.0,6,79.7,39.00230519,0.8,0.1,0.1,1,8,1,0.9,0.9,0.0,0.0,0.0,1.0,1.0,572,54,86,57.2,57.2,0.028203297,1
20.4,6,69.3,50.72458089,0.9,0.1,0.1,1,9,1,1.0,1.0,0.0,0.0,0.0,1.0,1.0,544,54,58,54.4,54.4,0.022310805,1
20.0,6,62.5,41.75751138,0.9,0.1,0.1,1,9,1,0.0,1.0,0.0,0.0,0.0,1.0,1.0,540,54,54,54.0,54.0,0.02669878,1
20.0,6,81.5,41.42759783,0.9,0.1,0.1,1,9,1,1.0,1.0,0.0,0.0,0.0,1.0,1.0,540,54,54,54.0,54.0,0.026781917,1
20.0,6,55.9,71.27836313,0.7,0.1,0.3,3,7,1,0.4,0.9,0.0,0.0,0.0,1.0,1.0,592,54,86,59.2,59.2,0.016755605,1
20.4,6,60.9,49.74629332,0.8,0.2,0.2,2,8,2,0.9,1.0,0.0,0.0,0.0,1.0,1.0,544,54,58,54.4,54.4,0.0229002,1
20.0,6,64.0,225.6980042,1.0,0.0,0.0,0,10,0,1.0,1.0,0.0,0.0,0.0,1.0,1.0,540,54,54,54.0,54.0,0.004772592,1
20.0,6,61.9,36.51818986,0.9,0.1,0.1,1,9,1,1.0,1.0,0.0,0.0,0.0,1.0,1.0,540,54,54,54.0,54.0,0.029222202,1
18.8,6,64.0,36.45711862,0.9,0.0,0.0,0,9,0,0.9,0.9,0.1,0.1,0.0,1.0,1.0,828,54,342,82.8,82.8,0.030139399,1
22.4,6,62.4,48.37084859,0.8,0.0,0.2,2,8,0,0.1,1.0,0.0,0.0,0.0,1.0,1.0,564,54,66,56.4,56.4,0.023599291,1
15.42857143,6,57.0,8.073055333,0.428571429,0.285714286,0.285714286,2,3,2,0.714285714,0.714285714,0.142857143,0.142857143,0.0,1.0,1.0,698,54,342,99.71428571,99.71428571,0.127338852,1
20.0,6,64.0,44.01874387,1.0,0.0,0.0,0,10,0,1.0,1.0,0.0,0.0,0.0,1.0,1.0,540,54,54,54.0,54.0,0.025067306,1
20.0,6,81.5,48.17578177,0.8,0.1,0.1,1,8,1,1.0,1.0,0.0,0.0,0.0,1.0,1.0,543,54,57,54.3,54.3,0.023569012,1
20.0,6,64.0,37.61687381,1.0,0.0,0.0,0,10,0,0.0,1.0,0.0,0.0,0.0,1.0,1.0,540,54,54,54.0,54.0,0.029389811,1
20.0,6,62.4,34.67685236,0.9,0.1,0.1,1,9,1,0.1,1.0,0.0,0.0,0.0,1.0,1.0,540,54,54,54.0,54.0,0.032434487,1
20.0,6,64.0,38.31341832,1.0,0.0,0.0,0,10,0,1.0,1.0,0.0,0.0,0.0,1.0,1.0,540,54,54,54.0,54.0,0.028616118,1
17.6,6,64.0,41.12099028,0.8,0.0,0.0,0,8,0,0.8,0.8,0.2,0.2,0.0,1.0,1.0,1116,54,342,111.6,111.6,0.024520397,1
20.0,6,64.0,34.08351726,1.0,0.0,0.0,0,10,0,1.0,1.0,0.0,0.0,0.0,1.0,1.0,540,54,54,54.0,54.0,0.032727003,1
20.0,6,64.0,37.88656353,1.0,0.0,0.0,0,10,0,0.2,1.0,0.0,0.0,0.0,1.0,1.0,540,54,54,54.0,54.0,0.029123402,1
20.4,6,62.9,53.30628814,0.9,0.1,0.1,1,9,1,1.0,1.0,0.0,0.0,0.0,1.0,1.0,544,54,58,54.4,54.4,0.020060301,1
17.6,6,61.7,58.35805092,0.7,0.1,0.1,1,7,1,0.8,0.8,0.2,0.2,0.0,1.0,1.0,1116,54,342,111.6,111.6,0.019836688,1
20.0,6,64.0,36.52782628,1.0,0.0,0.0,0,10,0,1.0,1.0,0.0,0.0,0.0,1.0,1.0,540,54,54,54.0,54.0,0.02990768,1
20.0,6,64.0,31.3060561,1.0,0.0,0.0,0,10,0,1.0,1.0,0.0,0.0,0.0,1.0,1.0,540,54,54,54.0,54.0,0.033701491,1
17.6,6,64.0,46.03141191,0.8,0.0,0.0,0,8,0,0.8,0.8,0.2,0.2,0.0,1.0,1.0,1116,54,342,111.6,111.6,0.024320388,1
20.0,6,64.0,37.9299387,1.0,0.0,0.0,0,10,0,1.0,1.0,0.0,0.0,0.0,1.0,1.0,540,54,54,54.0,54.0,0.030862308,1
20.0,6,64.0,39.73218244,1.0,0.0,0.0,0,10,0,0.0,1.0,0.0,0.0,0.0,1.0,1.0,540,54,54,54.0,54.0,0.0280931,1
22.0,6,62.4,47.4428527,1.0,0.0,0.1,1,10,0,0.9,1.0,0.0,0.0,0.0,1.0,1.0,560,54,74,56.0,56.0,0.023851609,1
13.2,6,73.8,148.6282472,0.4,0.2,0.3,3,4,2,0.6,0.6,0.1,0.1,0.0,1.0,1.0,912,54,342,91.2,91.2,0.008457494,1
14.0,6,76.7,105.6201777,0.4,0.2,0.2,2,4,2,0.3,0.6,0.0,0.0,0.0,1.0,1.0,712,54,110,71.2,71.2,0.011459303,1
20.0,6,64.0,22.42831774,1.0,0.0,0.0,0,10,0,0.0,1.0,0.0,0.0,0.0,1.0,1.0,540,54,54,54.0,54.0,0.047584486,1
20.0,6,77.5,49.57636204,0.6,0.3,0.2,2,6,3,0.0,1.0,0.0,0.0,0.0,1.0,1.0,540,54,54,54.0,54.0,0.023067093,1
20.4,6,64.0,5.952766786,0.7,0.0,0.0,0,7,0,0.7,0.7,0.3,0.3,0.0,1.0,1.0,1444,54,342,144.4,144.4,0.171003699,1
5.6,17,44.8,3.320002308,0.0,0.0,0.0,0,0,0,0.0,0.0,0.7,0.7,0.3,0.7,0.7,2520,42,342,252.0,252.0,0.401571417,1
20.0,6,64.0,33.92349246,1.0,0.0,0.0,0,10,0,1.0,1.0,0.0,0.0,0.0,1.0,1.0,540,54,54,54.0,54.0,0.032678604,1
20.0,6,64.0,31.46483943,1.0,0.0,0.0,0,10,0,1.0,1.0,0.0,0.0,0.0,1.0,1.0,540,54,54,54.0,54.0,0.034726095,1
20.0,6,64.0,40.95220149,1.0,0.0,0.0,0,10,0,1.0,1.0,0.0,0.0,0.0,1.0,1.0,540,54,54,54.0,54.0,0.027603698,1
18.0,6,57.6,37.01497701,0.9,0.0,0.0,0,9,0,0.9,0.9,0.0,0.0,0.1,0.9,0.9,528,42,54,52.8,52.8,0.029757786,1
20.0,6,64.0,38.73672389,1.0,0.0,0.0,0,10,0,1.0,1.0,0.0,0.0,0.0,1.0,1.0,540,54,54,54.0,54.0,0.028710794,1
20.0,6,64.0,37.537658,1.0,0.0,0.0,0,10,0,1.0,1.0,0.0,0.0,0.0,1.0,1.0,540,54,54,54.0,54.0,0.029416203,1
17.6,6,64.0,43.90814922,0.8,0.0,0.0,0,8,0,0.1,0.8,0.2,0.2,0.0,1.0,1.0,1116,54,342,111.6,111.6,0.025977898,1
20.0,6,64.0,43.41691398,1.0,0.0,0.0,0,10,0,1.0,1.0,0.0,0.0,0.0,1.0,1.0,540,54,54,54.0,54.0,0.026336384,1
20.0,6,64.0,32.675793,1.0,0.0,0.0,0,10,0,1.0,1.0,0.0,0.0,0.0,1.0,1.0,540,54,54,54.0,54.0,0.034372687,1
18.8,6,64.0,40.65488982,0.9,0.0,0.0,0,9,0,0.9,0.9,0.1,0.1,0.0,1.0,1.0,828,54,342,82.8,82.8,0.024615192,1
18.0,6,60.7,47.098276,0.8,0.1,0.1,1,8,1,0.9,0.9,0.0,0.0,0.0,1.0,1.0,572,54,86,57.2,57.2,0.023937297,1
20.0,6,64.0,37.88235464,1.0,0.0,0.0,0,10,0,1.0,1.0,0.0,0.0,0.0,1.0,1.0,540,54,54,54.0,54.0,0.029788518,1
16.8,6,68.5,36.41581169,0.8,0.0,0.0,0,8,0,0.8,0.8,0.1,0.0,0.0,1.0,1.0,744,54,170,74.4,74.4,0.031119084,1
13.2,6,60.4,76.10702841,0.4,0.1,0.1,1,4,1,0.5,0.5,0.4,0.4,0.0,1.0,1.0,1724,54,342,172.4,172.4,0.014181185,1
20.0,6,64.0,39.49167336,1.0,0.0,0.0,0,10,0,0.0,1.0,0.0,0.0,0.0,1.0,1.0,540,54,54,54.0,54.0,0.027820206,1
20.0,6,64.0,34.30179961,1.0,0.0,0.0,0,10,0,1.0,1.0,0.0,0.0,0.0,1.0,1.0,540,54,54,54.0,54.0,0.035240293,1
16.4,6,64.0,50.33825238,0.7,0.0,0.0,0,7,0,0.7,0.7,0.3,0.3,0.0,1.0,1.0,1404,54,342,140.4,140.4,0.022631717,1
18.8,6,64.0,36.54182882,0.9,0.0,0.0,0,9,0,0.9,0.9,0.1,0.1,0.0,1.0,1.0,828,54,342,82.8,82.8,0.027714992,1
7.2,17,57.6,2.550188374,0.0,0.0,0.0,0,0,0,0.0,0.0,0.9,0.9,0.1,0.9,0.9,3120,42,342,312.0,312.0,0.492456007,1
14.0,6,73.8,3.781264391,0.0,0.5,0.5,5,0,5,0.5,0.5,0.5,0.5,0.0,1.0,1.0,1980,54,342,198.0,198.0,0.264557695,1
20.0,6,64.0,39.8239669,1.0,0.0,0.0,0,10,0,0.0,1.0,0.0,0.0,0.0,1.0,1.0,540,54,54,54.0,54.0,0.027727413,1
20.0,6,64.0,31.2272755,1.0,0.0,0.0,0,10,0,1.0,1.0,0.0,0.0,0.0,1.0,1.0,540,54,54,54.0,54.0,0.034976482,1
20.0,6,62.7,38.87632035,0.9,0.1,0.1,1,9,1,1.0,1.0,0.0,0.0,0.0,1.0,1.0,540,54,54,54.0,54.0,0.0299191,1
16.0,6,51.2,51.27786825,0.8,0.0,0.0,0,8,0,0.8,0.8,0.0,0.0,0.2,0.8,0.8,516,42,54,51.6,51.6,0.020614696,1
16.8,6,67.6,44.42074004,0.7,0.1,0.1,1,7,1,0.8,0.8,0.1,0.0,0.0,1.0,1.0,734,54,165,73.4,73.4,0.023416495,1
18.8,6,64.0,21.26469637,0.9,0.0,0.0,0,9,0,0.9,0.9,0.1,0.1,0.0,1.0,1.0,828,54,342,82.8,82.8,0.047145796,1
18.8,6,64.0,44.19616025,0.9,0.0,0.0,0,9,0,0.9,0.9,0.1,0.1,0.0,1.0,1.0,828,54,342,82.8,82.8,0.025229621,1
20.0,6,64.0,241.8079513,1.0,0.0,0.0,0,10,0,1.0,1.0,0.0,0.0,0.0,1.0,1.0,540,54,54,54.0,54.0,0.004242897,1
16.8,6,69.4,47.59953017,0.8,0.0,0.0,0,8,0,0.8,0.8,0.1,0.0,0.0,1.0,1.0,734,54,165,73.4,73.4,0.026243401,1
25.2,6,79.3,49.85817483,0.8,0.1,0.3,3,8,1,1.0,1.0,0.0,0.0,0.0,1.0,1.0,592,54,74,59.2,59.2,0.024728298,1
20.0,6,64.0,25.97079395,1.0,0.0,0.0,0,10,0,1.0,1.0,0.0,0.0,0.0,1.0,1.0,540,54,54,54.0,54.0,0.041687083,1
23.2,6,62.1,12.05849528,0.7,0.0,0.2,2,7,0,0.9,0.9,0.1,0.1,0.0,1.0,1.0,872,54,342,87.2,87.2,0.085553193,1
16.8,6,68.4,49.43449108,0.8,0.0,0.0,0,8,0,0.8,0.8,0.1,0.0,0.0,1.0,1.0,652,54,124,65.2,65.2,0.02616179,1
22.8,6,64.0,6.332981678,0.9,0.0,0.0,0,9,0,0.9,0.9,0.1,0.1,0.0,1.0,1.0,868,54,342,86.8,86.8,0.159383988,1
20.4,6,79.5,32.19700622,0.9,0.1,0.2,2,9,1,0.9,1.0,0.0,0.0,0.0,1.0,1.0,544,54,58,54.4,54.4,0.032119489,1
18.8,6,62.3,41.70909369,0.8,0.1,0.1,1,8,1,0.9,0.9,0.1,0.1,0.0,1.0,1.0,828,54,342,82.8,82.8,0.027102685,1
16.0,6,73.0,93.08636386,0.5,0.3,0.3,3,5,3,0.5,0.8,0.0,0.0,0.0,1.0,1.0,604,54,86,60.4,60.4,0.011905003,1
20.0,6,64.0,33.28564377,1.0,0.0,0.0,0,10,0,0.1,1.0,0.0,0.0,0.0,1.0,1.0,540,54,54,54.0,54.0,0.033357882,1
18.8,6,67.7,43.48943742,0.8,0.0,0.1,1,8,0,0.1,0.8,0.1,0.1,0.0,1.0,1.0,880,54,342,88.0,88.0,0.024427795,1
20.0,6,64.0,37.59172289,1.0,0.0,0.0,0,10,0,1.0,1.0,0.0,0.0,0.0,1.0,1.0,540,54,54,54.0,54.0,0.031043196,1
18.0,6,62.6,42.31426303,0.9,0.0,0.0,0,9,0,0.9,0.9,0.0,0.0,0.0,1.0,1.0,556,54,70,55.6,55.6,0.02639029,1
20.0,6,64.0,45.05053586,1.0,0.0,0.0,0,10,0,1.0,1.0,0.0,0.0,0.0,1.0,1.0,540,54,54,54.0,54.0,0.024548602,1
17.6,6,82.0,57.15852505,0.7,0.1,0.1,1,7,1,0.8,0.8,0.2,0.2,0.0,1.0,1.0,1116,54,342,111.6,111.6,0.020353818,1
16.8,6,60.8,41.03357191,0.7,0.1,0.1,1,7,1,0.8,0.8,0.1,0.1,0.0,1.0,1.0,844,54,342,84.4,84.4,0.025715995,1
18.0,6,62.7,39.9164803,0.9,0.0,0.0,0,9,0,0.9,0.9,0.0,0.0,0.0,1.0,1.0,572,54,86,57.2,57.2,0.027609897,1
20.0,6,64.0,40.47337095,1.0,0.0,0.0,0,10,0,1.0,1.0,0.0,0.0,0.0,1.0,1.0,540,54,54,54.0,54.0,0.027376509,1
16.4,6,64.0,57.66745586,0.7,0.0,0.0,0,7,0,0.7,0.7,0.3,0.3,0.0,1.0,1.0,1404,54,342,140.4,140.4,0.020412683,1
20.0,6,64.0,41.12756269,1.0,0.0,0.0,0,10,0,1.0,1.0,0.0,0.0,0.0,1.0,1.0,540,54,54,54.0,54.0,0.027232194,1
20.0,6,64.0,399.6630648,1.0,0.0,0.0,0,10,0,1.0,1.0,0.0,0.0,0.0,1.0,1.0,540,54,54,54.0,54.0,0.002518606,1
8.0,17,64.0,3.314909023,0.0,0.0,0.0,0,0,0,0.0,0.0,1.0,1.0,0.0,1.0,1.0,3420,342,342,342.0,342.0,0.402107406,1
18.8,6,64.0,42.90795407,0.9,0.0,0.0,0,9,0,0.9,0.9,0.1,0.1,0.0,1.0,1.0,828,54,342,82.8,82.8,0.027568698,1
7.2,17,57.6,1.922630327,0.0,0.0,0.0,0,0,0,0.0,0.0,0.9,0.9,0.1,0.9,0.9,3120,42,342,312.0,312.0,0.609284878,1
20.0,6,62.4,40.41206917,0.9,0.1,0.1,1,9,1,0.0,1.0,0.0,0.0,0.0,1.0,1.0,540,54,54,54.0,54.0,0.02767179,1
16.4,6,64.0,29.77786076,0.7,0.0,0.0,0,7,0,0.7,0.7,0.3,0.3,0.0,1.0,1.0,1404,54,342,140.4,140.4,0.03824029,1
20.0,6,64.0,23.14166428,1.0,0.0,0.0,0,10,0,1.0,1.0,0.0,0.0,0.0,1.0,1.0,540,54,54,54.0,54.0,0.047659707,1
18.8,6,64.0,38.69144929,0.9,0.0,0.0,0,9,0,0.9,0.9,0.1,0.1,0.0,1.0,1.0,828,54,342,82.8,82.8,0.028490019,1
20.0,6,64.0,20.31967499,1.0,0.0,0.0,0,10,0,1.0,1.0,0.0,0.0,0.0,1.0,1.0,540,54,54,54.0,54.0,0.055048704,1
18.0,6,62.7,39.96866775,0.9,0.0,0.0,0,9,0,0.9,0.9,0.0,0.0,0.0,1.0,1.0,572,54,86,57.2,57.2,0.027475691,1
20.0,6,64.0,34.4863072,0.9,0.1,0.0,0,9,1,1.0,1.0,0.0,0.0,0.0,1.0,1.0,540,54,54,54.0,54.0,0.029208016,1
16.0,6,131.8,93.99021622,0.5,0.3,0.3,3,5,3,0.5,0.8,0.0,0.0,0.0,1.0,1.0,612,54,110,61.2,61.2,0.011859894,1
17.6,6,62.6,63.20387574,0.7,0.1,0.1,1,7,1,0.8,0.8,0.2,0.2,0.0,1.0,1.0,1116,54,342,111.6,111.6,0.018469214,1
15.6,6,62.6,47.97635443,0.7,0.0,0.0,0,7,0,0.7,0.7,0.2,0.2,0.0,1.0,1.0,1132,54,342,113.2,113.2,0.023947883,1
18.0,6,62.7,51.60911818,0.9,0.0,0.0,0,9,0,0.9,0.9,0.0,0.0,0.0,1.0,1.0,556,54,70,55.6,55.6,0.021832919,1
20.0,6,64.0,25.26891612,1.0,0.0,0.0,0,10,0,1.0,1.0,0.0,0.0,0.0,1.0,1.0,540,54,54,54.0,54.0,0.08268702,1
18.0,6,62.8,44.73575924,0.9,0.0,0.0,0,9,0,0.9,0.9,0.0,0.0,0.0,1.0,1.0,572,54,86,57.2,57.2,0.024999881,1
22.4,6,61.9,39.64857686,1.0,0.0,0.2,2,10,0,0.8,1.0,0.0,0.0,0.0,1.0,1.0,564,54,74,56.4,56.4,0.027961588,1
17.6,6,64.0,54.51466746,0.8,0.0,0.0,0,8,0,0.8,0.8,0.2,0.2,0.0,1.0,1.0,1116,54,342,111.6,111.6,0.018433499,1
20.0,6,64.0,39.69484317,1.0,0.0,0.0,0,10,0,1.0,1.0,0.0,0.0,0.0,1.0,1.0,540,54,54,54.0,54.0,0.027792811,1
18.4,6,61.4,47.44236973,0.9,0.0,0.1,1,9,0,0.9,0.9,0.0,0.0,0.0,1.0,1.0,576,54,86,57.6,57.6,0.023811984,1
16.4,6,61.9,18.18638435,0.6,0.1,0.1,1,6,1,0.6,0.7,0.3,0.3,0.0,1.0,1.0,1404,54,342,140.4,140.4,0.059415388,1
19.2,6,108.7,120.7845531,0.3,0.5,0.6,6,3,5,0.6,0.9,0.0,0.0,0.0,1.0,1.0,568,54,70,56.8,56.8,0.008519006,1
18.0,6,81.3,41.61329624,0.9,0.0,0.0,0,9,0,0.9,0.9,0.0,0.0,0.0,1.0,1.0,668,54,182,66.8,66.8,0.0268466,1
18.4,6,60.7,47.74409019,0.8,0.1,0.1,1,8,1,0.9,0.9,0.0,0.0,0.0,1.0,1.0,576,54,86,57.6,57.6,0.0246984,1
22.0,6,64.0,15.66327519,1.0,0.0,0.0,0,10,0,0.9,1.0,0.0,0.0,0.0,1.0,1.0,560,54,74,56.0,56.0,0.07475791,1
20.0,6,64.0,21.43264332,1.0,0.0,0.0,0,10,0,0.0,1.0,0.0,0.0,0.0,1.0,1.0,540,54,54,54.0,54.0,0.051167393,1
20.0,6,62.3,42.47869636,0.9,0.1,0.1,1,9,1,1.0,1.0,0.0,0.0,0.0,1.0,1.0,540,54,54,54.0,54.0,0.026164508,1
20.0,6,64.0,30.8008824,1.0,0.0,0.0,0,10,0,1.0,1.0,0.0,0.0,0.0,1.0,1.0,540,54,54,54.0,54.0,0.035793996,1
18.8,6,64.0,41.38594381,0.9,0.0,0.0,0,9,0,0.9,0.9,0.1,0.1,0.0,1.0,1.0,828,54,342,82.8,82.8,0.027215195,1
18.0,6,61.1,29.15247782,0.8,0.1,0.1,1,8,1,0.0,0.9,0.0,0.0,0.0,1.0,1.0,572,54,86,57.2,57.2,0.039008212,1
16.8,6,62.7,44.51706098,0.8,0.0,0.0,0,8,0,0.8,0.8,0.1,0.1,0.0,1.0,1.0,860,54,342,86.0,86.0,0.025365686,1
20.0,6,64.0,17.15680692,1.0,0.0,0.0,0,10,0,1.0,1.0,0.0,0.0,0.0,1.0,1.0,540,54,54,54.0,54.0,0.065282297,1
20.0,6,64.0,40.91952005,1.0,0.0,0.0,0,10,0,1.0,1.0,0.0,0.0,0.0,1.0,1.0,540,54,54,54.0,54.0,0.025545502,1
14.4,6,62.7,62.43093873,0.6,0.0,0.0,0,6,0,0.6,0.6,0.3,0.3,0.0,1.0,1.0,1420,54,342,142.0,142.0,0.018720293,1
18.0,6,57.6,41.75489245,0.9,0.0,0.0,0,9,0,0.9,0.9,0.0,0.0,0.1,0.9,0.9,528,42,54,52.8,52.8,0.025149584,1
18.8,6,64.0,39.13739739,0.9,0.0,0.0,0,9,0,0.9,0.9,0.1,0.1,0.0,1.0,1.0,828,54,342,82.8,82.8,0.028582191,1
19.6,6,64.0,23.74807351,0.8,0.0,0.0,0,8,0,0.8,0.8,0.2,0.2,0.0,1.0,1.0,1136,54,342,113.6,113.6,0.045257688,1
20.0,6,64.0,25.46272446,1.0,0.0,0.0,0,10,0,1.0,1.0,0.0,0.0,0.0,1.0,1.0,540,54,54,54.0,54.0,0.04508009,1
18.8,6,62.3,47.7607807,0.8,0.1,0.1,1,8,1,0.9,0.9,0.1,0.1,0.0,1.0,1.0,828,54,342,82.8,82.8,0.023987389,1
16.4,6,81.2,58.33321512,0.6,0.1,0.1,1,6,1,0.7,0.7,0.3,0.3,0.0,1.0,1.0,1404,54,342,140.4,140.4,0.019693804,1
14.4,6,60.7,78.56929576,0.5,0.1,0.1,1,5,1,0.6,0.6,0.3,0.3,0.0,1.0,1.0,1436,54,342,143.6,143.6,0.01537292,1
20.0,6,61.8,35.80327891,0.9,0.1,0.1,1,9,1,0.1,1.0,0.0,0.0,0.0,1.0,1.0,540,54,54,54.0,54.0,0.030783391,1
20.4,6,81.6,29.91809143,1.0,0.0,0.1,1,10,0,1.0,1.0,0.0,0.0,0.0,1.0,1.0,544,54,58,54.4,54.4,0.038022995,1
18.0,6,79.8,41.63630534,0.8,0.1,0.1,1,8,1,0.9,0.9,0.0,0.0,0.0,1.0,1.0,556,54,70,55.6,55.6,0.028339005,1
18.0,6,81.6,43.61878654,0.9,0.0,0.0,0,9,0,0.9,0.9,0.0,0.0,0.0,1.0,1.0,596,54,110,59.6,59.6,0.02559309,1
20.0,6,64.0,37.93110496,1.0,0.0,0.0,0,10,0,1.0,1.0,0.0,0.0,0.0,1.0,1.0,540,54,54,54.0,54.0,0.029071188,1
15.6,6,61.3,62.30833109,0.6,0.1,0.1,1,6,1,0.7,0.7,0.2,0.2,0.0,1.0,1.0,1132,54,342,113.2,113.2,0.019899702,1
20.0,6,64.0,27.78131845,1.0,0.0,0.0,0,10,0,1.0,1.0,0.0,0.0,0.0,1.0,1.0,540,54,54,54.0,54.0,0.040697694,1
18.0,6,62.1,23.28955244,0.9,0.0,0.0,0,9,0,0.9,0.9,0.0,0.0,0.0,1.0,1.0,572,54,86,57.2,57.2,0.047322893,1
21.2,6,62.4,45.09136414,1.0,0.0,0.1,1,10,0,0.9,1.0,0.0,0.0,0.0,1.0,1.0,552,54,66,55.2,55.2,0.024816704,1
15.2,6,110.5,25.75640286,0.1,0.3,0.5,5,1,3,0.4,0.6,0.0,0.0,0.0,1.0,1.0,708,54,110,70.8,70.8,0.038906598,1
20.0,6,64.0,37.6907676,1.0,0.0,0.0,0,10,0,1.0,1.0,0.0,0.0,0.0,1.0,1.0,540,54,54,54.0,54.0,0.029035306,1
20.0,6,64.0,39.91028924,1.0,0.0,0.0,0,10,0,0.0,1.0,0.0,0.0,0.0,1.0,1.0,540,54,54,54.0,54.0,0.02797029,1
20.0,6,64.0,40.93141996,1.0,0.0,0.0,0,10,0,1.0,1.0,0.0,0.0,0.0,1.0,1.0,540,54,54,54.0,54.0,0.027013302,1
20.4,6,81.3,42.80238345,1.0,0.0,0.1,1,10,0,1.0,1.0,0.0,0.0,0.0,1.0,1.0,544,54,58,54.4,54.4,0.026332688,1
16.4,6,64.0,52.52321047,0.7,0.0,0.0,0,7,0,0.7,0.7,0.3,0.3,0.0,1.0,1.0,1404,54,342,140.4,140.4,0.019654298,1
26.4,6,57.8,18.80427132,0.7,0.1,0.3,3,7,1,1.0,1.0,0.0,0.0,0.0,1.0,1.0,604,54,74,60.4,60.4,0.065785193,1
20.0,6,64.0,400.1434841,1.0,0.0,0.0,0,10,0,1.0,1.0,0.0,0.0,0.0,1.0,1.0,540,54,54,54.0,54.0,0.002933407,1
21.2,6,80.3,48.30027373,0.8,0.1,0.2,2,8,1,0.9,1.0,0.0,0.0,0.0,1.0,1.0,552,54,66,55.2,55.2,0.023283315,1
17.6,6,64.0,47.15912183,0.8,0.0,0.0,0,8,0,0.0,0.8,0.2,0.2,0.0,1.0,1.0,1116,54,342,111.6,111.6,0.021206903,1
20.0,6,62.6,89.26254139,0.9,0.1,0.1,1,9,1,1.0,1.0,0.0,0.0,0.0,1.0,1.0,540,54,54,54.0,54.0,0.011398411,1
8.0,17,64.0,2.487434739,0.0,0.0,0.0,0,0,0,0.0,0.0,1.0,1.0,0.0,1.0,1.0,3420,342,342,342.0,342.0,0.402230501,1
18.0,6,62.4,42.86861629,0.9,0.0,0.0,0,9,0,0.9,0.9,0.0,0.0,0.0,1.0,1.0,556,54,70,55.6,55.6,0.025595808,1
20.0,6,64.0,42.64194142,1.0,0.0,0.0,0,10,0,1.0,1.0,0.0,0.0,0.0,1.0,1.0,540,54,54,54.0,54.0,0.025938988,1
14.4,6,62.4,64.91263584,0.6,0.0,0.0,0,6,0,0.6,0.6,0.3,0.3,0.0,1.0,1.0,1420,54,342,142.0,142.0,0.018095016,1
17.6,6,64.0,48.40316894,0.8,0.0,0.0,0,8,0,0.8,0.8,0.2,0.2,0.0,1.0,1.0,1116,54,342,111.6,111.6,0.024235296,1
18.8,6,64.0,37.53486982,0.8,0.1,0.0,0,8,1,0.0,0.9,0.1,0.1,0.0,1.0,1.0,828,54,342,82.8,82.8,0.026683712,1
20.0,6,64.0,39.21772206,1.0,0.0,0.0,0,10,0,0.0,1.0,0.0,0.0,0.0,1.0,1.0,540,54,54,54.0,54.0,0.031016088,1
20.0,6,78.2,58.42999914,0.7,0.3,0.3,3,7,3,0.7,1.0,0.0,0.0,0.0,1.0,1.0,540,54,54,54.0,54.0,0.018831277,1
20.0,6,62.3,6443.853126,0.9,0.1,0.1,1,9,1,1.0,1.0,0.0,0.0,0.0,1.0,1.0,540,54,54,54.0,54.0,0.000172091,1
20.0,6,62.7,39.92734777,0.9,0.1,0.1,1,9,1,1.0,1.0,0.0,0.0,0.0,1.0,1.0,540,54,54,54.0,54.0,0.027861786,1
18.8,6,64.0,9.84477645,0.9,0.0,0.0,0,9,0,0.9,0.9,0.1,0.1,0.0,1.0,1.0,828,54,342,82.8,82.8,0.101644206,1
20.0,6,64.0,39.27931336,1.0,0.0,0.0,0,10,0,1.0,1.0,0.0,0.0,0.0,1.0,1.0,540,54,54,54.0,54.0,0.029727101,1
18.0,6,82.2,39.15135279,0.9,0.0,0.0,0,9,0,0.0,0.9,0.0,0.0,0.0,1.0,1.0,556,54,70,55.6,55.6,0.030072904,1
20.0,6,64.0,5202.560159,1.0,0.0,0.0,0,10,0,1.0,1.0,0.0,0.0,0.0,1.0,1.0,540,54,54,54.0,54.0,0.0002141,1
20.0,6,64.0,331.1362344,1.0,0.0,0.0,0,10,0,0.8,1.0,0.0,0.0,0.0,1.0,1.0,540,54,54,54.0,54.0,0.005752993,1
20.0,6,64.0,5271.212769,1.0,0.0,0.0,0,10,0,1.0,1.0,0.0,0.0,0.0,1.0,1.0,540,54,54,54.0,54.0,0.000213909,1
20.0,6,64.0,6397.657108,1.0,0.0,0.0,0,10,0,1.0,1.0,0.0,0.0,0.0,1.0,1.0,540,54,54,54.0,54.0,0.000180316,1
40.0,6,64.0,37.90176437,1.0,0.0,0.0,0,10,0,0.8,1.0,0.0,0.0,0.0,1.0,1.0,740,74,74,74.0,74.0,0.031977201,1
20.0,6,64.0,42.66592883,1.0,0.0,0.0,0,10,0,0.9,1.0,0.0,0.0,0.0,1.0,1.0,540,54,54,54.0,54.0,0.026380801,1
16.4,6,64.0,76.87690506,0.7,0.0,0.0,0,7,0,0.4,0.7,0.3,0.3,0.0,1.0,1.0,1404,54,342,140.4,140.4,0.01536231,1
8.0,17,64.0,3.462252584,0.0,0.0,0.0,0,0,0,0.0,0.0,1.0,1.0,0.0,1.0,1.0,3420,342,342,342.0,342.0,0.389189506,1
25.2,6,62.3,50.88464193,0.9,0.0,0.2,2,9,0,0.0,1.0,0.0,0.0,0.0,1.0,1.0,592,54,74,59.2,59.2,0.021523786,1
18.0,6,61.1,49.67735746,0.8,0.1,0.1,1,8,1,0.8,0.9,0.0,0.0,0.0,1.0,1.0,556,54,70,55.6,55.6,0.021365905,1
20.0,6,64.0,38.96480416,1.0,0.0,0.0,0,10,0,0.9,1.0,0.0,0.0,0.0,1.0,1.0,540,54,54,54.0,54.0,0.02827549,1
8.0,17,64.0,2.485059176,0.0,0.0,0.0,0,0,0,0.0,0.0,1.0,1.0,0.0,1.0,1.0,3420,342,342,342.0,342.0,0.402519011,1
20.0,6,62.5,23.94693916,0.9,0.1,0.1,1,9,1,0.8,1.0,0.0,0.0,0.0,1.0,1.0,540,54,54,54.0,54.0,0.044875312,1
20.0,6,64.0,6196.342148,1.0,0.0,0.0,0,10,0,1.0,1.0,0.0,0.0,0.0,1.0,1.0,540,54,54,54.0,54.0,0.00018239,1
20.0,6,64.0,5984.168926,1.0,0.0,0.0,0,10,0,1.0,1.0,0.0,0.0,0.0,1.0,1.0,540,54,54,54.0,54.0,0.000183392,1
20.0,6,64.0,34.2463172,1.0,0.0,0.0,0,10,0,1.0,1.0,0.0,0.0,0.0,1.0,1.0,540,54,54,54.0,54.0,0.031910014,1
20.0,6,64.0,4233.677198,1.0,0.0,0.0,0,10,0,1.0,1.0,0.0,0.0,0.0,1.0,1.0,540,54,54,54.0,54.0,0.000258517,1
20.0,6,64.0,360.9462751,1.0,0.0,0.0,0,10,0,0.9,1.0,0.0,0.0,0.0,1.0,1.0,540,54,54,54.0,54.0,0.003066492,1
20.0,6,64.0,401.1538314,1.0,0.0,0.0,0,10,0,1.0,1.0,0.0,0.0,0.0,1.0,1.0,540,54,54,54.0,54.0,0.002677417,1
20.0,6,64.0,38.80241161,1.0,0.0,0.0,0,10,0,0.9,1.0,0.0,0.0,0.0,1.0,1.0,540,54,54,54.0,54.0,0.02837429,1
20.0,6,64.0,39.51537351,1.0,0.0,0.0,0,10,0,1.0,1.0,0.0,0.0,0.0,1.0,1.0,540,54,54,54.0,54.0,0.028085303,1
22.4,6,69.4,979.9088849,0.8,0.0,0.2,2,8,0,1.0,1.0,0.0,0.0,0.0,1.0,1.0,564,54,66,56.4,56.4,0.001049709,1
17.6,6,62.5,60.65822565,0.7,0.1,0.1,1,7,1,0.0,0.8,0.2,0.2,0.0,1.0,1.0,1116,54,342,111.6,111.6,0.018919492,1
7.2,17,57.6,2.770287184,0.0,0.0,0.0,0,0,0,0.0,0.0,0.9,0.9,0.1,0.9,0.9,3120,42,342,312.0,312.0,0.360973406,1
20.0,6,64.0,3109.655991,1.0,0.0,0.0,0,10,0,1.0,1.0,0.0,0.0,0.0,1.0,1.0,540,54,54,54.0,54.0,0.000347185,1
22.4,6,62.5,24.96542652,0.9,0.0,0.2,2,9,0,1.0,1.0,0.0,0.0,0.0,1.0,1.0,564,54,74,56.4,56.4,0.042765689,1
8.0,17,64.0,2.488171217,0.0,0.0,0.0,0,0,0,0.0,0.0,1.0,1.0,0.0,1.0,1.0,3420,342,342,342.0,342.0,0.401972699,1
17.6,6,64.0,11.8748772,0.8,0.0,0.0,0,8,0,0.8,0.8,0.2,0.2,0.0,1.0,1.0,1116,54,342,111.6,111.6,0.084527302,1
15.2,6,62.0,30.78797257,0.4,0.1,0.1,1,4,1,0.5,0.6,0.4,0.4,0.0,1.0,1.0,1692,54,342,169.2,169.2,0.032553506,1
18.0,6,79.4,48.33578606,0.8,0.0,0.1,1,8,0,0.0,0.9,0.0,0.0,0.0,1.0,1.0,596,54,110,59.6,59.6,0.023540592,1
20.4,6,78.8,48.59912797,0.8,0.2,0.3,3,8,2,0.9,1.0,0.0,0.0,0.0,1.0,1.0,544,54,58,54.4,54.4,0.02119329,1
20.0,6,64.0,5558.314339,1.0,0.0,0.0,0,10,0,0.9,1.0,0.0,0.0,0.0,1.0,1.0,540,54,54,54.0,54.0,0.000204301,1
17.6,6,61.9,35.95193727,0.7,0.1,0.1,1,7,1,0.0,0.8,0.2,0.2,0.0,1.0,1.0,1116,54,342,111.6,111.6,0.029210901,1
20.0,6,64.0,330.2835634,1.0,0.0,0.0,0,10,0,1.0,1.0,0.0,0.0,0.0,1.0,1.0,540,54,54,54.0,54.0,0.0031533,1
14.4,17,64.0,2.488911971,0.2,0.0,0.0,0,2,0,0.0,0.2,0.8,0.8,0.0,1.0,1.0,2884,74,342,288.4,288.4,0.401792789,1
20.0,6,64.0,5913.300437,1.0,0.0,0.0,0,10,0,1.0,1.0,0.0,0.0,0.0,1.0,1.0,540,54,54,54.0,54.0,0.000187993,1
7.2,17,57.6,2.75711559,0.0,0.0,0.0,0,0,0,0.0,0.0,0.9,0.9,0.1,0.9,0.9,3120,42,342,312.0,312.0,0.463065791,1
18.0,6,81.4,35.69031156,0.9,0.0,0.0,0,9,0,0.8,0.9,0.0,0.0,0.0,1.0,1.0,556,54,70,55.6,55.6,0.030521297,1
18.0,6,62.5,36.08192774,0.9,0.0,0.0,0,9,0,0.0,0.9,0.0,0.0,0.0,1.0,1.0,572,54,86,57.2,57.2,0.028129601,1
22.4,6,60.6,23.17072281,1.0,0.0,0.2,2,10,0,0.8,1.0,0.0,0.0,0.0,1.0,1.0,564,54,74,56.4,56.4,0.045799422,1
20.0,6,64.0,6609.36653,1.0,0.0,0.0,0,10,0,1.0,1.0,0.0,0.0,0.0,1.0,1.0,540,54,54,54.0,54.0,0.000167012,1
20.0,6,64.0,6226.698337,1.0,0.0,0.0,0,10,0,1.0,1.0,0.0,0.0,0.0,1.0,1.0,540,54,54,54.0,54.0,0.000173211,1
18.0,6,59.5,1475.984094,0.7,0.2,0.1,1,7,2,0.9,0.9,0.0,0.0,0.0,1.0,1.0,572,54,86,57.2,57.2,0.000694299,1
22.8,6,73.0,34.82828343,1.0,0.0,0.5,5,10,0,0.0,1.0,0.0,0.0,0.0,1.0,1.0,568,54,66,56.8,56.8,0.031091404,1
17.6,6,64.0,51.23239548,0.8,0.0,0.0,0,8,0,0.7,0.8,0.2,0.2,0.0,1.0,1.0,1116,54,342,111.6,111.6,0.022296095,1
20.0,6,64.0,3495.544629,1.0,0.0,0.0,0,10,0,1.0,1.0,0.0,0.0,0.0,1.0,1.0,540,54,54,54.0,54.0,0.000322485,1
11.2,17,64.0,2.488105682,0.1,0.0,0.0,0,1,0,0.0,0.1,0.9,0.9,0.0,1.0,1.0,3152,74,342,315.2,315.2,0.502259493,1
20.0,6,64.0,5437.262121,1.0,0.0,0.0,0,10,0,1.0,1.0,0.0,0.0,0.0,1.0,1.0,540,54,54,54.0,54.0,0.000205207,1
20.0,6,64.0,32.24723239,1.0,0.0,0.0,0,10,0,0.0,1.0,0.0,0.0,0.0,1.0,1.0,540,54,54,54.0,54.0,0.033123803,1
18.0,6,62.9,47.8210614,0.9,0.0,0.0,0,9,0,0.9,0.9,0.0,0.0,0.0,1.0,1.0,572,54,86,57.2,57.2,0.022983909,1
20.0,6,64.0,220.0994941,1.0,0.0,0.0,0,10,0,1.0,1.0,0.0,0.0,0.0,1.0,1.0,540,54,54,54.0,54.0,0.006826687,1
15.2,6,64.0,81.39143259,0.6,0.0,0.0,0,6,0,0.1,0.6,0.4,0.4,0.0,1.0,1.0,1692,54,342,169.2,169.2,0.0134269,1
18.0,6,62.4,40.30000865,0.9,0.0,0.0,0,9,0,0.9,0.9,0.0,0.0,0.0,1.0,1.0,572,54,86,57.2,57.2,0.027663183,1
20.0,6,64.0,40.67736382,1.0,0.0,0.0,0,10,0,1.0,1.0,0.0,0.0,0.0,1.0,1.0,540,54,54,54.0,54.0,0.027205086,1
20.0,6,64.0,5263.275191,1.0,0.0,0.0,0,10,0,0.9,1.0,0.0,0.0,0.0,1.0,1.0,540,54,54,54.0,54.0,0.000212502,1
22.0,6,81.3,7.098672692,0.9,0.0,0.0,0,9,0,0.6,0.9,0.0,0.0,0.0,1.0,1.0,596,54,74,59.6,59.6,0.146597314,1
5.6,17,56.5,3.51072216,0.0,0.0,0.0,0,0,0,0.0,0.0,0.7,0.6,0.2,0.8,0.8,2448,42,342,244.8,244.8,0.284841681,1
8.0,17,64.0,3.31625803,0.0,0.0,0.0,0,0,0,0.0,0.0,1.0,1.0,0.0,1.0,1.0,3420,342,342,342.0,342.0,0.401949787,1
16.8,1,90.8,46.90434734,0.5,0.0,0.2,2,5,0,0.5,0.5,0.0,0.0,0.0,1.0,1.0,768,58,86,76.8,76.8,0.022114801,1
20.0,6,62.2,36.04549275,0.9,0.1,0.1,1,9,1,0.9,1.0,0.0,0.0,0.0,1.0,1.0,540,54,54,54.0,54.0,0.03332262,1
20.0,6,64.0,42.90979774,1.0,0.0,0.0,0,10,0,1.0,1.0,0.0,0.0,0.0,1.0,1.0,540,54,54,54.0,54.0,0.023692918,1
15.6,6,81.4,47.42933327,0.7,0.0,0.0,0,7,0,0.0,0.7,0.2,0.2,0.0,1.0,1.0,1132,54,342,113.2,113.2,0.023865509,1
23.6,6,78.6,64.73120902,0.6,0.1,0.4,4,6,1,0.9,1.0,0.0,0.0,0.0,1.0,1.0,576,54,66,57.6,57.6,0.017217302,1
16.4,6,64.0,3.03052268,0.7,0.0,0.0,0,7,0,0.7,0.7,0.3,0.3,0.0,1.0,1.0,1404,54,342,140.4,140.4,0.349502087,1
21.2,6,64.0,3399.225221,0.9,0.0,0.1,1,9,0,0.9,1.0,0.0,0.0,0.0,1.0,1.0,552,54,66,55.2,55.2,0.000328183,1
18.8,6,64.0,15.11087894,0.9,0.0,0.0,0,9,0,0.8,0.9,0.1,0.1,0.0,1.0,1.0,828,54,342,82.8,82.8,0.066360998,1
20.0,6,64.0,6431.008893,1.0,0.0,0.0,0,10,0,1.0,1.0,0.0,0.0,0.0,1.0,1.0,540,54,54,54.0,54.0,0.000170803,1
20.0,6,64.0,39.71938969,1.0,0.0,0.0,0,10,0,1.0,1.0,0.0,0.0,0.0,1.0,1.0,540,54,54,54.0,54.0,0.027888513,1
20.0,6,64.0,145.5198471,1.0,0.0,0.0,0,10,0,1.0,1.0,0.0,0.0,0.0,1.0,1.0,540,54,54,54.0,54.0,0.0071136,1
17.6,6,64.0,51.7997567,0.8,0.0,0.0,0,8,0,0.0,0.8,0.2,0.2,0.0,1.0,1.0,1116,54,342,111.6,111.6,0.021884704,1
10.4,17,57.6,3.438686651,0.1,0.0,0.0,0,1,0,0.0,0.1,0.8,0.8,0.1,0.9,0.9,2852,42,342,285.2,285.2,0.498834109,1
16.4,6,64.0,44.89074594,0.7,0.0,0.0,0,7,0,0.7,0.7,0.3,0.3,0.0,1.0,1.0,1404,54,342,140.4,140.4,0.025219417,1
20.0,6,64.0,435.4280257,1.0,0.0,0.0,0,10,0,1.0,1.0,0.0,0.0,0.0,1.0,1.0,540,54,54,54.0,54.0,0.00233829,1
10.4,17,57.6,2.71718388,0.1,0.0,0.0,0,1,0,0.0,0.1,0.8,0.8,0.1,0.9,0.9,2852,42,342,285.2,285.2,0.406713295,1
20.0,6,56.7,43.10586378,0.7,0.3,0.3,3,7,3,0.3,1.0,0.0,0.0,0.0,1.0,1.0,540,54,54,54.0,54.0,0.024556899,1
16.4,6,64.0,23.36503409,0.7,0.0,0.0,0,7,0,0.6,0.7,0.3,0.3,0.0,1.0,1.0,1404,54,342,140.4,140.4,0.045514894,1
20.0,6,62.5,6262.024485,0.9,0.1,0.1,1,9,1,1.0,1.0,0.0,0.0,0.0,1.0,1.0,540,54,54,54.0,54.0,0.000179696,1
17.6,6,64.0,6.450215145,0.8,0.0,0.0,0,8,0,0.8,0.8,0.2,0.2,0.0,1.0,1.0,1116,54,342,111.6,111.6,0.155238891,1
20.0,6,64.0,38.95930283,1.0,0.0,0.0,0,10,0,0.0,1.0,0.0,0.0,0.0,1.0,1.0,540,54,54,54.0,54.0,0.028271914,1
18.0,6,81.5,48.02222098,0.9,0.0,0.0,0,9,0,0.8,0.9,0.0,0.0,0.0,1.0,1.0,556,54,70,55.6,55.6,0.023525095,1
15.6,6,81.7,41.01234681,0.7,0.0,0.0,0,7,0,0.7,0.7,0.2,0.2,0.0,1.0,1.0,1172,54,342,117.2,117.2,0.025896001,1
18.0,6,62.6,38.43834685,0.9,0.0,0.0,0,9,0,0.9,0.9,0.0,0.0,0.0,1.0,1.0,588,54,102,58.8,58.8,0.026924801,1
14.0,6,58.4,53.60235659,0.7,0.0,0.0,0,7,0,0.0,0.7,0.0,0.0,0.0,1.0,1.0,620,54,86,62.0,62.0,0.021532488,1
20.0,6,64.0,14.351895,0.9,0.0,0.1,1,9,0,1.0,1.0,0.0,0.0,0.0,1.0,1.0,540,54,54,54.0,54.0,0.072839999,1
20.0,6,64.0,41.07991001,1.0,0.0,0.0,0,10,0,0.0,1.0,0.0,0.0,0.0,1.0,1.0,540,54,54,54.0,54.0,0.027229404,1
20.0,6,64.0,36.48090067,1.0,0.0,0.0,0,10,0,0.9,1.0,0.0,0.0,0.0,1.0,1.0,540,54,54,54.0,54.0,0.029928684,1
20.0,6,82.1,4258.608996,0.9,0.1,0.1,1,9,1,1.0,1.0,0.0,0.0,0.0,1.0,1.0,540,54,54,54.0,54.0,0.000254798,1
18.8,6,64.0,35.16755362,0.9,0.0,0.0,0,9,0,0.1,0.9,0.1,0.1,0.0,1.0,1.0,828,54,342,82.8,82.8,0.028574681,1
18.8,6,64.0,34.05982531,0.9,0.0,0.0,0,9,0,0.0,0.9,0.1,0.1,0.0,1.0,1.0,828,54,342,82.8,82.8,0.032315493,1
20.0,6,64.0,530.2265372,1.0,0.0,0.0,0,10,0,1.0,1.0,0.0,0.0,0.0,1.0,1.0,540,54,54,54.0,54.0,0.001992202,1
20.0,6,64.0,5914.134236,1.0,0.0,0.0,0,10,0,1.0,1.0,0.0,0.0,0.0,1.0,1.0,540,54,54,54.0,54.0,0.000189781,1
20.0,6,62.7,261.7856808,0.9,0.1,0.1,1,9,1,0.8,1.0,0.0,0.0,0.0,1.0,1.0,540,54,54,54.0,54.0,0.004312015,1
20.0,6,64.0,42.87282291,1.0,0.0,0.0,0,10,0,0.1,1.0,0.0,0.0,0.0,1.0,1.0,540,54,54,54.0,54.0,0.025822783,1
32.8,6,82.2,31.69971945,0.8,0.0,0.0,0,8,0,0.8,0.8,0.1,0.1,0.0,1.0,1.0,1004,70,342,100.4,100.4,0.031697607,1
8.0,17,64.0,2.487604986,0.0,0.0,0.0,0,0,0,0.0,0.0,1.0,1.0,0.0,1.0,1.0,3420,342,342,342.0,342.0,0.40228219,1
20.0,6,81.2,3558.717122,0.9,0.1,0.0,0,9,1,1.0,1.0,0.0,0.0,0.0,1.0,1.0,540,54,54,54.0,54.0,0.000312996,1
20.0,6,64.0,5903.31316,1.0,0.0,0.0,0,10,0,1.0,1.0,0.0,0.0,0.0,1.0,1.0,540,54,54,54.0,54.0,0.000188303,1
20.0,6,79.6,7569.579498,0.8,0.2,0.2,2,8,2,1.0,1.0,0.0,0.0,0.0,1.0,1.0,540,54,54,54.0,54.0,0.000143886,1
15.2,6,64.0,55.39953058,0.6,0.0,0.0,0,6,0,0.6,0.6,0.4,0.4,0.0,1.0,1.0,1692,54,342,169.2,169.2,0.021962595,1
20.0,6,64.0,41.62469434,1.0,0.0,0.0,0,10,0,0.9,1.0,0.0,0.0,0.0,1.0,1.0,540,54,54,54.0,54.0,0.026596689,1
20.0,6,64.0,177.0630103,1.0,0.0,0.0,0,10,0,0.8,1.0,0.0,0.0,0.0,1.0,1.0,540,54,54,54.0,54.0,0.006156707,1
26.0,6,58.0,61.60972758,0.9,0.1,0.4,4,9,1,0.6,1.0,0.0,0.0,0.0,1.0,1.0,600,54,74,60.0,60.0,0.019202709,1
20.0,6,64.0,179.7492093,1.0,0.0,0.0,0,10,0,1.0,1.0,0.0,0.0,0.0,1.0,1.0,540,54,54,54.0,54.0,0.007368708,1
20.4,6,62.8,39.45534128,1.0,0.0,0.1,1,10,0,0.0,1.0,0.0,0.0,0.0,1.0,1.0,544,54,58,54.4,54.4,0.028254819,1
18.0,6,80.3,45.1551031,0.8,0.1,0.1,1,8,1,0.9,0.9,0.0,0.0,0.0,1.0,1.0,596,54,110,59.6,59.6,0.025672102,1
18.8,6,62.0,35.32209071,0.8,0.1,0.1,1,8,1,0.8,0.9,0.1,0.1,0.0,1.0,1.0,828,54,342,82.8,82.8,0.029231501,1
20.0,6,64.0,29.93303736,1.0,0.0,0.0,0,10,0,1.0,1.0,0.0,0.0,0.0,1.0,1.0,540,54,54,54.0,54.0,0.036369705,1
20.0,6,64.0,42.93540604,1.0,0.0,0.0,0,10,0,1.0,1.0,0.0,0.0,0.0,1.0,1.0,540,54,54,54.0,54.0,0.026405096,1
14.4,6,55.7,21.19928512,0.5,0.1,0.1,1,5,1,0.5,0.6,0.3,0.3,0.1,0.9,0.9,1392,42,342,139.2,139.2,0.050202084,1
20.0,6,64.0,4909.06367,1.0,0.0,0.0,0,10,0,1.0,1.0,0.0,0.0,0.0,1.0,1.0,540,54,54,54.0,54.0,0.000222993,1
20.0,6,58.8,6150.005865,0.9,0.1,0.0,0,9,1,1.0,1.0,0.0,0.0,0.0,1.0,1.0,540,54,54,54.0,54.0,0.000177622,1
20.0,6,64.0,7553.221682,1.0,0.0,0.0,0,10,0,1.0,1.0,0.0,0.0,0.0,1.0,1.0,540,54,54,54.0,54.0,0.000146985,1
20.0,6,64.0,5596.136091,1.0,0.0,0.0,0,10,0,1.0,1.0,0.0,0.0,0.0,1.0,1.0,540,54,54,54.0,54.0,0.000198293,1
40.0,6,64.0,17985.86621,1.0,0.0,0.0,0,10,0,1.0,1.0,0.0,0.0,0.0,1.0,1.0,740,74,74,74.0,74.0,0.002782178,1
14.4,6,89.9,146.7848606,0.3,0.4,0.5,5,3,4,0.7,0.7,0.0,0.0,0.0,1.0,1.0,632,54,110,63.2,63.2,0.006894183,1
36.0,6,62.8,201.678319,0.9,0.0,0.0,0,9,0,0.9,0.9,0.0,0.0,0.0,1.0,1.0,736,70,74,73.6,73.6,0.0049613,1
20.0,6,64.0,35.69046341,1.0,0.0,0.0,0,10,0,0.0,1.0,0.0,0.0,0.0,1.0,1.0,540,54,54,54.0,54.0,0.030508304,1
20.0,6,60.6,48.34001985,0.8,0.2,0.2,2,8,2,0.9,1.0,0.0,0.0,0.0,1.0,1.0,540,54,54,54.0,54.0,0.024670601,1
8.0,17,83.1,2.490821329,0.0,0.0,0.0,0,0,0,0.0,0.0,1.0,0.9,0.0,1.0,1.0,3165,87,342,316.5,316.5,0.501819181,1
20.0,6,64.0,40.42967635,1.0,0.0,0.0,0,10,0,0.9,1.0,0.0,0.0,0.0,1.0,1.0,540,54,54,54.0,54.0,0.0272717,1
25.2,6,62.1,18.69756847,0.9,0.0,0.2,2,9,0,0.0,1.0,0.0,0.0,0.0,1.0,1.0,592,54,74,59.2,59.2,0.073246408,1
20.0,6,64.0,5497.842443,1.0,0.0,0.0,0,10,0,1.0,1.0,0.0,0.0,0.0,1.0,1.0,540,54,54,54.0,54.0,0.000197101,1
20.0,6,64.0,5144.491598,0.9,0.0,0.1,1,9,0,1.0,1.0,0.0,0.0,0.0,1.0,1.0,540,54,54,54.0,54.0,0.0002213,1
20.4,6,62.5,39.64685287,0.9,0.1,0.1,1,9,1,0.0,1.0,0.0,0.0,0.0,1.0,1.0,544,54,58,54.4,54.4,0.028192902,1
20.0,6,64.0,9.702433992,1.0,0.0,0.0,0,10,0,1.0,1.0,0.0,0.0,0.0,1.0,1.0,540,54,54,54.0,54.0,0.10350492,1
20.0,6,64.0,6199.089565,1.0,0.0,0.0,0,10,0,0.0,1.0,0.0,0.0,0.0,1.0,1.0,540,54,54,54.0,54.0,0.000173712,1
20.0,6,64.0,4416.916596,1.0,0.0,0.0,0,10,0,1.0,1.0,0.0,0.0,0.0,1.0,1.0,540,54,54,54.0,54.0,0.00023942,1
22.4,6,62.5,6949.965203,0.8,0.0,0.2,2,8,0,1.0,1.0,0.0,0.0,0.0,1.0,1.0,606,54,108,60.6,60.6,0.000164795,1
20.0,6,62.8,4043.871963,0.9,0.1,0.1,1,9,1,1.0,1.0,0.0,0.0,0.0,1.0,1.0,540,54,54,54.0,54.0,0.000264096,1
20.0,6,64.0,7363.595506,1.0,0.0,0.0,0,10,0,0.9,1.0,0.0,0.0,0.0,1.0,1.0,540,54,54,54.0,54.0,0.000155115,1
20.0,6,64.0,40.89007956,1.0,0.0,0.0,0,10,0,0.0,1.0,0.0,0.0,0.0,1.0,1.0,540,54,54,54.0,54.0,0.027046013,1
20.0,6,64.0,6100.805818,1.0,0.0,0.0,0,10,0,0.0,1.0,0.0,0.0,0.0,1.0,1.0,540,54,54,54.0,54.0,0.000178003,1
22.0,6,63.6,62.48711688,0.7,0.3,0.4,4,7,3,1.0,1.0,0.0,0.0,0.0,1.0,1.0,560,54,74,56.0,56.0,0.017926908,1
18.0,6,79.9,46.17660335,0.8,0.1,0.1,1,8,1,0.8,0.9,0.0,0.0,0.0,1.0,1.0,556,54,70,55.6,55.6,0.024365902,1
17.6,6,64.0,38.27971003,0.8,0.0,0.0,0,8,0,0.7,0.8,0.2,0.2,0.0,1.0,1.0,1116,54,342,111.6,111.6,0.029486299,1
20.0,6,64.0,7524.76498,1.0,0.0,0.0,0,10,0,0.9,1.0,0.0,0.0,0.0,1.0,1.0,540,54,54,54.0,54.0,0.000146198,1
18.8,6,64.0,43.89891213,0.9,0.0,0.0,0,9,0,0.9,0.9,0.1,0.1,0.0,1.0,1.0,828,54,342,82.8,82.8,0.025297999,1
20.0,6,64.0,439.2907341,1.0,0.0,0.0,0,10,0,1.0,1.0,0.0,0.0,0.0,1.0,1.0,540,54,54,54.0,54.0,0.002322102,1
17.6,6,71.8,44.13198653,0.5,0.2,0.4,4,5,2,0.2,0.7,0.0,0.0,0.0,1.0,1.0,640,54,86,64.0,64.0,0.023042297,1
20.0,6,64.0,5548.755126,1.0,0.0,0.0,0,10,0,0.9,1.0,0.0,0.0,0.0,1.0,1.0,540,54,54,54.0,54.0,0.00020752,1
30.8,6,79.2,52.92009695,0.7,0.1,0.1,1,7,1,0.8,0.8,0.1,0.1,0.0,1.0,1.0,984,54,342,98.4,98.4,0.018907595,1
20.0,6,64.0,4921.159216,1.0,0.0,0.0,0,10,0,1.0,1.0,0.0,0.0,0.0,1.0,1.0,540,54,54,54.0,54.0,0.000219202,1
17.6,6,64.0,44.23405438,0.8,0.0,0.0,0,8,0,0.8,0.8,0.2,0.2,0.0,1.0,1.0,1116,54,342,111.6,111.6,0.027602315,1
14.4,6,94.9,54.74384894,0.7,0.0,0.1,1,7,0,0.7,0.7,0.0,0.0,0.0,1.0,1.0,640,54,86,64.0,64.0,0.021020699,1
20.0,6,64.0,6034.969784,1.0,0.0,0.0,0,10,0,1.0,1.0,0.0,0.0,0.0,1.0,1.0,540,54,54,54.0,54.0,0.000186896,1
22.0,6,64.0,16.22672751,1.0,0.0,0.0,0,10,0,0.8,1.0,0.0,0.0,0.0,1.0,1.0,560,54,74,56.0,56.0,0.065709209,1
20.0,6,59.8,56.27234161,0.8,0.1,0.1,1,8,1,0.8,0.9,0.0,0.0,0.0,1.0,1.0,592,54,86,59.2,59.2,0.020373106,1
20.0,6,59.7,53.36977586,0.8,0.2,0.2,2,8,2,0.9,1.0,0.0,0.0,0.0,1.0,1.0,540,54,54,54.0,54.0,0.021238494,1
16.8,6,81.4,18.46162514,0.8,0.0,0.0,0,8,0,0.8,0.8,0.1,0.1,0.0,1.0,1.0,844,54,342,84.4,84.4,0.057998705,1
33.6,6,64.0,5.376682094,0.8,0.0,0.0,0,8,0,0.8,0.8,0.2,0.2,0.0,1.0,1.0,1276,74,342,127.6,127.6,0.186055517,1
20.0,6,64.0,3007.531909,1.0,0.0,0.0,0,10,0,1.0,1.0,0.0,0.0,0.0,1.0,1.0,540,54,54,54.0,54.0,0.000359082,1
16.4,6,64.0,54.41431016,0.7,0.0,0.0,0,7,0,0.6,0.7,0.3,0.3,0.0,1.0,1.0,1404,54,342,140.4,140.4,0.018470716,1
20.0,6,64.0,3353.29709,1.0,0.0,0.0,0,10,0,1.0,1.0,0.0,0.0,0.0,1.0,1.0,540,54,54,54.0,54.0,0.000324106,1
17.6,6,64.0,9.86133068,0.8,0.0,0.0,0,8,0,0.8,0.8,0.2,0.2,0.0,1.0,1.0,1116,54,342,111.6,111.6,0.102421188,1
20.0,6,81.3,45.50316188,0.9,0.1,0.1,1,9,1,0.1,1.0,0.0,0.0,0.0,1.0,1.0,540,54,54,54.0,54.0,0.023365593,1
20.4,6,60.7,44.148756,0.9,0.1,0.2,2,9,1,0.1,1.0,0.0,0.0,0.0,1.0,1.0,544,54,58,54.4,54.4,0.027165794,1
20.0,6,64.0,39.18419816,1.0,0.0,0.0,0,10,0,0.9,1.0,0.0,0.0,0.0,1.0,1.0,540,54,54,54.0,54.0,0.028033781,1
20.0,6,64.0,115.8829982,1.0,0.0,0.0,0,10,0,0.9,1.0,0.0,0.0,0.0,1.0,1.0,540,54,54,54.0,54.0,0.008733392,1
20.0,6,64.0,13.97180591,1.0,0.0,0.0,0,10,0,0.9,1.0,0.0,0.0,0.0,1.0,1.0,540,54,54,54.0,54.0,0.074657297,1
20.0,6,64.0,5649.655172,1.0,0.0,0.0,0,10,0,1.0,1.0,0.0,0.0,0.0,1.0,1.0,540,54,54,54.0,54.0,0.000188112,1
12.8,17,69.3,9.905107727,0.4,0.0,0.0,0,4,0,0.0,0.4,0.6,0.4,0.0,1.0,1.0,1805,54,342,180.5,180.5,0.1010921,1
20.0,6,64.0,275.1716582,1.0,0.0,0.0,0,10,0,1.0,1.0,0.0,0.0,0.0,1.0,1.0,540,54,54,54.0,54.0,0.004055595,1
7.2,17,57.6,2.509162806,0.0,0.0,0.0,0,0,0,0.0,0.0,0.9,0.9,0.1,0.9,0.9,3120,42,342,312.0,312.0,0.498889518,1
20.0,6,64.0,5485.618624,1.0,0.0,0.0,0,10,0,1.0,1.0,0.0,0.0,0.0,1.0,1.0,540,54,54,54.0,54.0,0.000195313,1
17.6,6,63.1,36.75010339,0.7,0.1,0.1,1,7,1,0.7,0.8,0.2,0.2,0.0,1.0,1.0,1116,54,342,111.6,111.6,0.030288815,1
20.0,6,63.0,5831.091339,0.9,0.1,0.1,1,9,1,1.0,1.0,0.0,0.0,0.0,1.0,1.0,540,54,54,54.0,54.0,0.000186896,1
20.0,6,64.0,394.5537839,1.0,0.0,0.0,0,10,0,0.6,1.0,0.0,0.0,0.0,1.0,1.0,540,54,54,54.0,54.0,0.00339849,1
20.0,6,64.0,40.66316682,1.0,0.0,0.0,0,10,0,1.0,1.0,0.0,0.0,0.0,1.0,1.0,540,54,54,54.0,54.0,0.02720089,1
20.0,6,64.0,43.18259643,1.0,0.0,0.0,0,10,0,1.0,1.0,0.0,0.0,0.0,1.0,1.0,540,54,54,54.0,54.0,0.025621796,1
9.6,17,51.2,2.489652871,0.1,0.0,0.0,0,1,0,0.0,0.1,0.7,0.7,0.2,0.8,0.8,2552,42,342,255.2,255.2,0.40167582,1
18.8,6,64.0,10.66836236,0.9,0.0,0.0,0,9,0,0.9,0.9,0.1,0.1,0.0,1.0,1.0,828,54,342,82.8,82.8,0.093815994,1
20.0,6,64.0,6056.756679,1.0,0.0,0.0,0,10,0,0.9,1.0,0.0,0.0,0.0,1.0,1.0,540,54,54,54.0,54.0,0.000193,1
20.0,6,64.0,4407.170327,1.0,0.0,0.0,0,10,0,1.0,1.0,0.0,0.0,0.0,1.0,1.0,540,54,54,54.0,54.0,0.000254488,1
17.6,6,62.6,37.47745172,0.7,0.1,0.1,1,7,1,0.0,0.8,0.2,0.2,0.0,1.0,1.0,1116,54,342,111.6,111.6,0.026930904,1
6.4,17,51.2,2.993212523,0.0,0.0,0.0,0,0,0,0.0,0.0,0.8,0.8,0.2,0.8,0.8,2820,42,342,282.0,282.0,0.434432817,1
16.4,6,64.0,53.07485366,0.7,0.0,0.0,0,7,0,0.0,0.7,0.3,0.3,0.0,1.0,1.0,1404,54,342,140.4,140.4,0.021783614,1
20.0,6,64.0,31.69734779,1.0,0.0,0.0,0,10,0,0.9,1.0,0.0,0.0,0.0,1.0,1.0,540,54,54,54.0,54.0,0.034773898,1
16.4,6,64.0,47.4353946,0.7,0.0,0.0,0,7,0,0.0,0.7,0.3,0.3,0.0,1.0,1.0,1404,54,342,140.4,140.4,0.021662307,1
10.4,17,64.0,2.488847431,0.2,0.0,0.0,0,2,0,0.2,0.2,0.8,0.8,0.0,1.0,1.0,2844,54,342,284.4,284.4,0.463583112,1
17.6,6,62.9,46.09338013,0.8,0.0,0.0,0,8,0,0.7,0.8,0.2,0.0,0.0,1.0,1.0,612,54,90,61.2,61.2,0.026781487,1
6.4,17,56.5,3.66526609,0.0,0.0,0.0,0,0,0,0.0,0.0,0.8,0.6,0.2,0.8,0.8,2339,42,342,233.9,233.9,0.301381207,1
11.2,17,48.0,4.834551931,0.0,0.0,0.2,2,0,0,0.0,0.2,0.6,0.6,0.2,0.8,0.8,2268,42,342,226.8,226.8,0.307219195,1
17.6,6,64.0,43.74356905,0.8,0.0,0.0,0,8,0,0.7,0.8,0.2,0.2,0.0,1.0,1.0,1116,54,342,111.6,111.6,0.025581408,1
20.0,6,62.8,5117.50122,0.9,0.1,0.1,1,9,1,1.0,1.0,0.0,0.0,0.0,1.0,1.0,540,54,54,54.0,54.0,0.000215507,1
8.0,17,64.0,2.488426304,0.0,0.0,0.0,0,0,0,0.0,0.0,1.0,1.0,0.0,1.0,1.0,3420,342,342,342.0,342.0,0.602118897,1
20.0,6,64.0,5892.53161,1.0,0.0,0.0,0,10,0,1.0,1.0,0.0,0.0,0.0,1.0,1.0,540,54,54,54.0,54.0,0.000209713,1
19.2,6,67.9,33.0636354,0.8,0.0,0.1,1,8,0,0.8,0.9,0.0,0.0,0.0,1.0,1.0,584,54,86,58.4,58.4,0.03508842,1
20.0,6,64.0,44.10126785,1.0,0.0,0.0,0,10,0,0.9,1.0,0.0,0.0,0.0,1.0,1.0,540,54,54,54.0,54.0,0.0257689,1
20.0,6,64.0,5698.008423,1.0,0.0,0.0,0,10,0,0.9,1.0,0.0,0.0,0.0,1.0,1.0,540,54,54,54.0,54.0,0.000194693,1
14.4,6,62.3,46.76810544,0.6,0.0,0.0,0,6,0,0.6,0.6,0.3,0.1,0.1,0.9,0.9,916,42,342,91.6,91.6,0.021408701,1
20.0,6,64.0,6414.289647,1.0,0.0,0.0,0,10,0,1.0,1.0,0.0,0.0,0.0,1.0,1.0,540,54,54,54.0,54.0,0.000182509,1
20.0,6,64.0,39.41244569,1.0,0.0,0.0,0,10,0,1.0,1.0,0.0,0.0,0.0,1.0,1.0,540,54,54,54.0,54.0,0.028713393,1
21.2,6,64.0,4692.665026,0.9,0.0,0.1,1,9,0,1.0,1.0,0.0,0.0,0.0,1.0,1.0,552,54,66,55.2,55.2,0.00023241,1
18.0,6,57.6,42.43692089,0.9,0.0,0.0,0,9,0,0.8,0.9,0.0,0.0,0.1,0.9,0.9,528,42,54,52.8,52.8,0.026035094,1
23.6,6,99.2,6098.14481,0.7,0.0,0.3,3,7,0,1.0,1.0,0.0,0.0,0.0,1.0,1.0,628,54,118,62.8,62.8,0.000205898,1
10.8,17,79.7,2.570425094,0.1,0.1,0.2,2,1,1,0.2,0.2,0.8,0.8,0.0,1.0,1.0,2848,54,342,284.8,284.8,0.391509891,1
20.8,6,96.2,2163.573713,0.4,0.0,0.4,4,4,0,0.8,0.8,0.0,0.0,0.0,1.0,1.0,645,54,81,64.5,64.5,0.000467396,1
20.0,6,64.0,5165.399015,1.0,0.0,0.0,0,10,0,1.0,1.0,0.0,0.0,0.0,1.0,1.0,540,54,54,54.0,54.0,0.000211596,1
20.0,6,64.0,26.01639894,1.0,0.0,0.0,0,10,0,0.9,1.0,0.0,0.0,0.0,1.0,1.0,540,54,54,54.0,54.0,0.041446304,1
17.6,6,62.2,50.49770465,0.7,0.1,0.1,1,7,1,0.0,0.8,0.2,0.2,0.0,1.0,1.0,1116,54,342,111.6,111.6,0.022457981,1
20.0,6,64.0,6139.203747,1.0,0.0,0.0,0,10,0,1.0,1.0,0.0,0.0,0.0,1.0,1.0,540,54,54,54.0,54.0,0.000183702,1
20.0,6,64.0,42.90281896,1.0,0.0,0.0,0,10,0,0.9,1.0,0.0,0.0,0.0,1.0,1.0,540,54,54,54.0,54.0,0.02572031,1
6.8,17,43.4,2.67116065,0.0,0.1,0.1,1,0,1,0.0,0.1,0.6,0.6,0.3,0.7,0.7,2232,42,342,223.2,223.2,0.379405379,1
20.0,6,64.0,40.31996001,1.0,0.0,0.0,0,10,0,1.0,1.0,0.0,0.0,0.0,1.0,1.0,540,54,54,54.0,54.0,0.027394009,1
33.6,6,57.8,249.8617341,0.2,0.0,0.9,9,2,0,1.0,1.0,0.0,0.0,0.0,1.0,1.0,682,66,74,68.2,68.2,0.004092908,1
20.0,6,64.0,386.817792,1.0,0.0,0.0,0,10,0,1.0,1.0,0.0,0.0,0.0,1.0,1.0,540,54,54,54.0,54.0,0.002744889,1
20.0,6,64.0,44.84769036,1.0,0.0,0.0,0,10,0,1.0,1.0,0.0,0.0,0.0,1.0,1.0,540,54,54,54.0,54.0,0.024815893,1
20.0,6,64.0,30.19961695,1.0,0.0,0.0,0,10,0,1.0,1.0,0.0,0.0,0.0,1.0,1.0,540,54,54,54.0,54.0,0.035875106,1
20.0,6,64.0,36.38971479,1.0,0.0,0.0,0,10,0,0.0,1.0,0.0,0.0,0.0,1.0,1.0,540,54,54,54.0,54.0,0.03229599,1
20.0,6,64.0,5984.168926,1.0,0.0,0.0,0,10,0,1.0,1.0,0.0,0.0,0.0,1.0,1.0,540,54,54,54.0,54.0,0.0001899,1
17.6,6,64.0,46.4709871,0.8,0.0,0.0,0,8,0,0.0,0.8,0.2,0.2,0.0,1.0,1.0,1116,54,342,111.6,111.6,0.021664906,1
20.0,6,64.0,46.07575914,1.0,0.0,0.0,0,10,0,1.0,1.0,0.0,0.0,0.0,1.0,1.0,540,54,54,54.0,54.0,0.023720503,1
20.0,6,64.0,5949.367376,1.0,0.0,0.0,0,10,0,1.0,1.0,0.0,0.0,0.0,1.0,1.0,540,54,54,54.0,54.0,0.000185895,1
23.2,6,62.4,42.66866329,0.9,0.0,0.2,2,9,0,0.0,1.0,0.0,0.0,0.0,1.0,1.0,572,54,74,57.2,57.2,0.027257895,1
12.0,6,56.5,67.78289713,0.6,0.0,0.0,0,6,0,0.6,0.6,0.0,0.0,0.0,1.0,1.0,668,54,86,66.8,66.8,0.015919185,1
20.0,6,62.2,21.91089484,0.9,0.1,0.1,1,9,1,0.0,1.0,0.0,0.0,0.0,1.0,1.0,540,54,54,54.0,54.0,0.04798739,1
21.2,6,64.0,56.23884087,0.7,0.0,0.2,2,7,0,0.0,0.9,0.1,0.1,0.0,1.0,1.0,852,54,342,85.2,85.2,0.018452001,1
15.2,6,81.7,85.4539898,0.5,0.1,0.1,1,5,1,0.6,0.6,0.4,0.4,0.0,1.0,1.0,1692,54,342,169.2,169.2,0.013659406,1
20.4,6,67.6,14.34992111,0.5,0.0,0.2,2,5,0,0.5,0.6,0.4,0.3,0.0,1.0,1.0,1547,54,342,154.7,154.7,0.072034001,1
20.0,6,64.0,20.73552895,1.0,0.0,0.0,0,10,0,0.9,1.0,0.0,0.0,0.0,1.0,1.0,540,54,54,54.0,54.0,0.068949795,1
33.6,6,64.0,35.64745068,0.8,0.0,0.0,0,8,0,0.8,0.8,0.2,0.2,0.0,1.0,1.0,1276,74,342,127.6,127.6,0.030651808,1
22.0,6,96.1,28.06213365,0.1,0.0,0.6,6,1,0,0.1,0.7,0.1,0.1,0.0,1.0,1.0,948,54,342,94.8,94.8,0.043583107,1
16.0,6,61.2,48.6672476,0.8,0.0,0.0,0,8,0,0.7,0.8,0.0,0.0,0.0,1.0,1.0,604,54,86,60.4,60.4,0.023296499,1
20.0,6,64.0,6389.859842,1.0,0.0,0.0,0,10,0,1.0,1.0,0.0,0.0,0.0,1.0,1.0,540,54,54,54.0,54.0,0.000177693,1
20.0,6,64.0,9283.54139,1.0,0.0,0.0,0,10,0,1.0,1.0,0.0,0.0,0.0,1.0,1.0,540,54,54,54.0,54.0,0.000125408,1
20.0,6,64.0,4904.471469,1.0,0.0,0.0,0,10,0,1.0,1.0,0.0,0.0,0.0,1.0,1.0,540,54,54,54.0,54.0,0.000240111,1
20.0,6,62.2,46.62591364,0.8,0.2,0.1,1,8,2,0.2,1.0,0.0,0.0,0.0,1.0,1.0,540,54,54,54.0,54.0,0.021497893,1
17.6,6,64.0,47.41651838,0.8,0.0,0.0,0,8,0,0.8,0.8,0.2,0.2,0.0,1.0,1.0,1116,54,342,111.6,111.6,0.023659897,1
17.2,6,55.6,43.24791613,0.8,0.0,0.1,1,8,0,0.1,0.8,0.1,0.1,0.1,0.9,0.9,820,42,342,82.0,82.0,0.025852108,1
12.4,17,62.8,3.317183076,0.1,0.1,0.1,1,1,1,0.0,0.2,0.8,0.8,0.0,1.0,1.0,2864,54,342,286.4,286.4,0.301539183,1
18.0,6,60.6,5133.787026,0.8,0.1,0.1,1,8,1,0.9,0.9,0.0,0.0,0.0,1.0,1.0,556,54,70,55.6,55.6,0.000209689,1
16.0,6,60.5,53.95373487,0.8,0.0,0.0,0,8,0,0.0,0.8,0.0,0.0,0.0,1.0,1.0,604,54,86,60.4,60.4,0.021156096,1
20.0,6,64.0,5005.136038,1.0,0.0,0.0,0,10,0,1.0,1.0,0.0,0.0,0.0,1.0,1.0,540,54,54,54.0,54.0,0.000215507,1
20.0,6,64.0,4158.128284,1.0,0.0,0.0,0,10,0,1.0,1.0,0.0,0.0,0.0,1.0,1.0,540,54,54,54.0,54.0,0.000258398,1
20.0,6,64.0,28.67927625,1.0,0.0,0.0,0,10,0,1.0,1.0,0.0,0.0,0.0,1.0,1.0,540,54,54,54.0,54.0,0.0409127,1
16.4,6,64.0,55.11402415,0.7,0.0,0.0,0,7,0,0.6,0.7,0.3,0.3,0.0,1.0,1.0,1404,54,342,140.4,140.4,0.022243905,1
8.0,17,64.0,3.004683858,0.0,0.0,0.0,0,0,0,0.0,0.0,1.0,1.0,0.0,1.0,1.0,3420,342,342,342.0,342.0,0.332813716,1
12.0,6,60.7,42.2718729,0.4,0.2,0.2,2,4,2,0.2,0.6,0.0,0.0,0.0,1.0,1.0,636,54,86,63.6,63.6,0.02486279,1
18.0,6,81.1,5299.183828,0.9,0.0,0.0,0,9,0,0.9,0.9,0.0,0.0,0.0,1.0,1.0,556,54,70,55.6,55.6,0.000209999,1
20.0,6,64.0,23.36202782,1.0,0.0,0.0,0,10,0,0.0,1.0,0.0,0.0,0.0,1.0,1.0,540,54,54,54.0,54.0,0.047376204,1
14.0,6,79.3,66.74544838,0.7,0.0,0.0,0,7,0,0.3,0.7,0.0,0.0,0.0,1.0,1.0,604,54,86,60.4,60.4,0.015709209,1
20.0,6,64.0,4273.361182,1.0,0.0,0.0,0,10,0,1.0,1.0,0.0,0.0,0.0,1.0,1.0,540,54,54,54.0,54.0,0.000261211,1
18.8,6,64.0,29.41911627,0.9,0.0,0.0,0,9,0,0.8,0.9,0.1,0.1,0.0,1.0,1.0,828,54,342,82.8,82.8,0.037039208,1
20.0,6,64.0,85.0725011,1.0,0.0,0.0,0,10,0,1.0,1.0,0.0,0.0,0.0,1.0,1.0,540,54,54,54.0,54.0,0.019274282,1
20.0,6,64.0,5920.8131,1.0,0.0,0.0,0,10,0,0.9,1.0,0.0,0.0,0.0,1.0,1.0,540,54,54,54.0,54.0,0.000192595,1
20.0,6,64.0,4088.414075,1.0,0.0,0.0,0,10,0,0.9,1.0,0.0,0.0,0.0,1.0,1.0,540,54,54,54.0,54.0,0.000270605,1
22.4,6,61.7,4735.046286,0.8,0.0,0.2,2,8,0,1.0,1.0,0.0,0.0,0.0,1.0,1.0,576,54,78,57.6,57.6,0.000235081,1
8.0,17,64.0,1.972373721,0.0,0.0,0.0,0,0,0,0.0,0.0,1.0,1.0,0.0,1.0,1.0,3420,342,342,342.0,342.0,0.595712996,1
20.0,6,64.0,44.12362978,1.0,0.0,0.0,0,7,0,1.0,1.0,0.0,0.0,0.0,1.0,1.0,378,54,54,54.0,54.0,0.026346718,1
20.0,6,64.0,5128.137914,1.0,0.0,0.0,0,10,0,1.0,1.0,0.0,0.0,0.0,1.0,1.0,540,54,54,54.0,54.0,0.000218201,1
20.0,6,64.0,286.737081,1.0,0.0,0.0,0,10,0,0.7,1.0,0.0,0.0,0.0,1.0,1.0,540,54,54,54.0,54.0,0.004098105,1
20.0,6,64.0,1238.061279,1.0,0.0,0.0,0,10,0,0.0,1.0,0.0,0.0,0.0,1.0,1.0,540,54,54,54.0,54.0,0.000808716,1
20.0,6,64.0,4086.820618,1.0,0.0,0.0,0,10,0,1.0,1.0,0.0,0.0,0.0,1.0,1.0,540,54,54,54.0,54.0,0.000271392,1
20.0,6,64.0,25.4423827,1.0,0.0,0.0,0,10,0,0.9,1.0,0.0,0.0,0.0,1.0,1.0,540,54,54,54.0,54.0,0.041903901,1
8.0,17,64.0,3.291383658,0.0,0.0,0.0,0,0,0,0.0,0.0,1.0,1.0,0.0,1.0,1.0,3420,342,342,342.0,342.0,0.304046988,1
20.0,6,64.0,38.127922,1.0,0.0,0.0,0,10,0,0.9,1.0,0.0,0.0,0.0,1.0,1.0,540,54,54,54.0,54.0,0.028743792,1
18.8,6,62.5,44.99437879,0.8,0.1,0.1,1,8,1,0.9,0.9,0.1,0.1,0.0,1.0,1.0,828,54,342,82.8,82.8,0.023756695,1
14.0,6,64.0,36.39145132,0.5,0.0,0.0,0,5,0,0.4,0.5,0.5,0.5,0.0,1.0,1.0,1980,54,342,198.0,198.0,0.033680296,1
20.0,6,64.0,35.70598922,1.0,0.0,0.0,0,10,0,0.9,1.0,0.0,0.0,0.0,1.0,1.0,540,54,54,54.0,54.0,0.030847597,1
18.8,6,64.0,57.82447394,0.9,0.0,0.0,0,9,0,0.8,0.9,0.1,0.1,0.0,1.0,1.0,828,54,342,82.8,82.8,0.019359517,1
15.6,6,57.9,91.26424677,0.4,0.3,0.3,3,4,3,0.4,0.7,0.2,0.2,0.0,1.0,1.0,1132,54,342,113.2,113.2,0.011245012,1
18.8,6,64.0,570.8089276,0.9,0.0,0.0,0,9,0,0.9,0.9,0.1,0.1,0.0,1.0,1.0,828,54,342,82.8,82.8,0.002305198,1
20.0,6,64.0,268.4921615,1.0,0.0,0.0,0,10,0,0.8,1.0,0.0,0.0,0.0,1.0,1.0,540,54,54,54.0,54.0,0.0039397,1
20.0,6,64.0,874.0500552,1.0,0.0,0.0,0,10,0,1.0,1.0,0.0,0.0,0.0,1.0,1.0,540,54,54,54.0,54.0,0.001206303,1
20.0,6,64.0,517.8089159,1.0,0.0,0.0,0,10,0,0.9,1.0,0.0,0.0,0.0,1.0,1.0,540,54,54,54.0,54.0,0.002218914,1
20.0,6,64.0,5230.457663,1.0,0.0,0.0,0,10,0,1.0,1.0,0.0,0.0,0.0,1.0,1.0,540,54,54,54.0,54.0,0.000208902,1
20.0,6,64.0,4766.254545,1.0,0.0,0.0,0,10,0,1.0,1.0,0.0,0.0,0.0,1.0,1.0,540,54,54,54.0,54.0,0.000235605,1
20.0,6,64.0,6506.832144,1.0,0.0,0.0,0,10,0,1.0,1.0,0.0,0.0,0.0,1.0,1.0,540,54,54,54.0,54.0,0.000175691,1
20.0,6,62.8,43.20959979,0.9,0.1,0.1,1,9,1,1.0,1.0,0.0,0.0,0.0,1.0,1.0,540,54,54,54.0,54.0,0.026118112,1
20.0,6,64.0,32.38479677,1.0,0.0,0.0,0,10,0,0.9,1.0,0.0,0.0,0.0,1.0,1.0,540,54,54,54.0,54.0,0.035825491,1
18.0,6,62.4,28.40095394,0.9,0.0,0.0,0,9,0,0.8,0.9,0.0,0.0,0.0,1.0,1.0,572,54,86,57.2,57.2,0.039928794,1
20.0,6,64.0,4868.60592,1.0,0.0,0.0,0,10,0,1.0,1.0,0.0,0.0,0.0,1.0,1.0,540,54,54,54.0,54.0,0.000222087,1
14.8,6,60.4,25.63247865,0.7,0.0,0.0,0,7,0,0.6,0.7,0.1,0.1,0.0,1.0,1.0,876,54,342,87.6,87.6,0.043899512,1
14.0,6,72.7,85.22375201,0.4,0.3,0.3,3,4,3,0.6,0.7,0.0,0.0,0.0,1.0,1.0,604,54,86,60.4,60.4,0.011923504,1
20.0,6,64.0,4091.604721,1.0,0.0,0.0,0,10,0,0.9,1.0,0.0,0.0,0.0,1.0,1.0,540,54,54,54.0,54.0,0.000272703,1
7.2,17,57.6,2.771202357,0.0,0.0,0.0,0,0,0,0.0,0.0,0.9,0.9,0.1,0.9,0.9,3120,42,342,312.0,312.0,0.461276579,1
20.0,6,64.0,5985.022831,1.0,0.0,0.0,0,10,0,1.0,1.0,0.0,0.0,0.0,1.0,1.0,540,54,54,54.0,54.0,0.000218701,1
20.0,6,64.0,4885.619103,1.0,0.0,0.0,0,10,0,1.0,1.0,0.0,0.0,0.0,1.0,1.0,540,54,54,54.0,54.0,0.000232792,1
16.8,6,57.6,15.90604208,0.8,0.0,0.0,0,8,0,0.8,0.8,0.1,0.1,0.1,0.9,0.9,816,42,342,81.6,81.6,0.065871096,1
9.6,17,55.7,4.09204622,0.1,0.0,0.1,1,1,0,0.1,0.1,0.8,0.8,0.1,0.9,0.9,2844,42,342,284.4,284.4,0.440793014,1
18.0,6,62.5,42.93690043,0.9,0.0,0.0,0,9,0,0.0,0.9,0.0,0.0,0.0,1.0,1.0,572,54,86,57.2,57.2,0.026322699,1
20.8,6,81.3,612.7096633,0.9,0.1,0.1,1,9,1,0.9,1.0,0.0,0.0,0.0,1.0,1.0,548,54,62,54.8,54.8,0.001851106,1
8.0,17,64.0,2.487918691,0.0,0.0,0.0,0,0,0,0.0,0.0,1.0,1.0,0.0,1.0,1.0,3420,342,342,342.0,342.0,0.402029586,1
18.0,6,98.7,40.6175276,0.8,0.1,0.1,1,8,1,0.8,0.9,0.0,0.0,0.0,1.0,1.0,572,54,86,57.2,57.2,0.029607296,1
18.8,6,60.5,35.34769106,0.7,0.2,0.2,2,7,2,0.0,0.9,0.1,0.1,0.0,1.0,1.0,828,54,342,82.8,82.8,0.03037951,1
20.0,6,64.0,37.38262182,1.0,0.0,0.0,0,10,0,1.0,1.0,0.0,0.0,0.0,1.0,1.0,540,54,54,54.0,54.0,0.030302501,1
20.0,6,64.0,4690.565869,1.0,0.0,0.0,0,10,0,1.0,1.0,0.0,0.0,0.0,1.0,1.0,540,54,54,54.0,54.0,0.000226998,1
16.4,6,64.0,66.58756328,0.7,0.0,0.0,0,7,0,0.7,0.7,0.3,0.3,0.0,1.0,1.0,1404,54,342,140.4,140.4,0.0174505,1
20.8,6,68.9,5405.030928,1.0,0.0,0.1,1,10,0,1.0,1.0,0.0,0.0,0.0,1.0,1.0,548,54,62,54.8,54.8,0.000253296,1
16.0,6,94.7,80.18352553,0.5,0.3,0.3,3,5,3,0.5,0.8,0.0,0.0,0.0,1.0,1.0,628,54,110,62.8,62.8,0.015502405,1
20.0,6,64.0,4314.239868,1.0,0.0,0.0,0,10,0,1.0,1.0,0.0,0.0,0.0,1.0,1.0,540,54,54,54.0,54.0,0.000257611,1
18.0,6,61.2,51.88202827,0.8,0.1,0.1,1,8,1,0.2,0.9,0.0,0.0,0.0,1.0,1.0,556,54,70,55.6,55.6,0.022009301,1
18.0,6,61.8,39.89578766,0.8,0.1,0.1,1,8,1,0.9,0.9,0.0,0.0,0.0,1.0,1.0,660,54,174,66.0,66.0,0.025135016,1
20.0,6,81.9,308.3752288,0.9,0.1,0.1,1,9,1,0.9,1.0,0.0,0.0,0.0,1.0,1.0,540,54,54,54.0,54.0,0.003651714,1
20.0,6,64.0,41.9970482,1.0,0.0,0.0,0,10,0,1.0,1.0,0.0,0.0,0.0,1.0,1.0,540,54,54,54.0,54.0,0.026441813,1
18.0,6,81.7,40.65654495,0.9,0.0,0.0,0,9,0,0.9,0.9,0.0,0.0,0.0,1.0,1.0,668,54,182,66.8,66.8,0.027182484,1
20.0,6,64.0,1609.788524,1.0,0.0,0.0,0,10,0,1.0,1.0,0.0,0.0,0.0,1.0,1.0,540,54,54,54.0,54.0,0.000640297,1
18.4,6,71.6,90.27385821,0.5,0.4,0.5,5,5,4,0.8,0.9,0.0,0.0,0.0,1.0,1.0,576,54,86,57.6,57.6,0.01188879,1
8.0,17,64.0,3.314993648,0.0,0.0,0.0,0,0,0,0.0,0.0,1.0,1.0,0.0,1.0,1.0,3420,342,342,342.0,342.0,0.402060795,1
20.0,6,64.0,41.44356219,1.0,0.0,0.0,0,10,0,1.0,1.0,0.0,0.0,0.0,1.0,1.0,540,54,54,54.0,54.0,0.026649904,1
12.8,17,64.0,6.14516362,0.4,0.0,0.0,0,4,0,0.4,0.4,0.6,0.6,0.0,1.0,1.0,2268,54,342,226.8,226.8,0.162729597,1
20.0,6,64.0,36.54848379,1.0,0.0,0.0,0,10,0,0.0,1.0,0.0,0.0,0.0,1.0,1.0,540,54,54,54.0,54.0,0.03053782,1
8.0,17,64.0,1.423091918,0.0,0.0,0.0,0,0,0,0.0,0.0,1.0,1.0,0.0,1.0,1.0,3420,342,342,342.0,342.0,0.803042006,1
17.6,6,59.6,59.09676147,0.6,0.2,0.2,2,6,2,0.8,0.8,0.2,0.2,0.0,1.0,1.0,1116,54,342,111.6,111.6,0.017268014,1
16.8,6,86.2,42.97398592,0.7,0.1,0.1,1,7,1,0.7,0.8,0.1,0.1,0.0,1.0,1.0,860,54,342,86.0,86.0,0.028030682,1
16.4,6,64.0,55.7587843,0.7,0.0,0.0,0,7,0,0.0,0.7,0.3,0.3,0.0,1.0,1.0,1404,54,342,140.4,140.4,0.020583606,1
8.0,17,64.0,3.312524019,0.0,0.0,0.0,0,0,0,0.0,0.0,1.0,1.0,0.0,1.0,1.0,3420,342,342,342.0,342.0,0.399111605,1
6.0,1,68.1,286.8606289,0.1,0.2,0.2,2,1,2,0.3,0.3,0.0,0.0,0.0,1.0,1.0,716,54,102,71.6,71.6,0.00357821,1
33.6,6,64.0,41.7400581,0.8,0.0,0.0,0,8,0,0.8,0.8,0.2,0.2,0.0,1.0,1.0,1276,74,342,127.6,127.6,0.023970509,1
8.0,17,64.0,2.019814806,0.0,0.0,0.0,0,0,0,0.0,0.0,1.0,1.0,0.0,1.0,1.0,3420,342,342,342.0,342.0,0.495105696,1
23.2,6,71.1,69.4323481,0.8,0.0,0.3,3,8,0,0.8,0.9,0.0,0.0,0.0,1.0,1.0,624,54,86,62.4,62.4,0.017052794,1
18.0,6,81.4,6071.661841,0.9,0.0,0.0,0,9,0,0.9,0.9,0.0,0.0,0.0,1.0,1.0,556,54,70,55.6,55.6,0.000182414,1
17.2,6,67.3,1805.399449,0.7,0.0,0.1,1,7,0,0.8,0.8,0.0,0.0,0.0,1.0,1.0,600,54,86,60.0,60.0,0.000574398,1
20.0,6,64.0,5104.422539,1.0,0.0,0.0,0,10,0,1.0,1.0,0.0,0.0,0.0,1.0,1.0,540,54,54,54.0,54.0,0.000217104,1
18.0,6,57.6,30.89940666,0.9,0.0,0.0,0,9,0,0.8,0.9,0.0,0.0,0.1,0.9,0.9,528,42,54,52.8,52.8,0.036835098,1
20.0,6,67.8,5411.306928,0.9,0.0,0.1,1,9,0,1.0,1.0,0.0,0.0,0.0,1.0,1.0,709,54,223,70.9,70.9,0.000203085,1
16.4,6,63.1,167.0784503,0.3,0.4,0.4,4,3,4,0.6,0.7,0.0,0.0,0.0,1.0,1.0,628,54,86,62.8,62.8,0.009044409,1
20.0,6,64.0,245.4704216,1.0,0.0,0.0,0,10,0,1.0,1.0,0.0,0.0,0.0,1.0,1.0,540,54,54,54.0,54.0,0.004193616,1
20.0,6,64.0,4906.766495,1.0,0.0,0.0,0,10,0,1.0,1.0,0.0,0.0,0.0,1.0,1.0,540,54,54,54.0,54.0,0.000226998,1
20.0,6,64.0,145.0849381,1.0,0.0,0.0,0,10,0,1.0,1.0,0.0,0.0,0.0,1.0,1.0,540,54,54,54.0,54.0,0.007849193,1
17.6,6,64.0,36.74929841,0.8,0.0,0.0,0,8,0,0.8,0.8,0.2,0.2,0.0,1.0,1.0,1116,54,342,111.6,111.6,0.027707696,1
8.0,17,64.0,1.991538711,0.0,0.0,0.0,0,0,0,0.0,0.0,1.0,1.0,0.0,1.0,1.0,3420,342,342,342.0,342.0,0.502202201,1
40.0,6,64.0,124.5114157,1.0,0.0,0.0,0,10,0,1.0,1.0,0.0,0.0,0.0,1.0,1.0,740,74,74,74.0,74.0,0.008043098,1
18.0,6,62.7,4036.866218,0.9,0.0,0.0,0,9,0,0.8,0.9,0.0,0.0,0.0,1.0,1.0,556,54,70,55.6,55.6,0.000266004,1
12.0,17,75.7,3.316741864,0.2,0.1,0.3,3,2,1,0.0,0.3,0.6,0.6,0.0,1.0,1.0,2296,58,342,229.6,229.6,0.3867944,1
7.2,17,57.6,2.564447714,0.0,0.0,0.0,0,0,0,0.0,0.0,0.9,0.9,0.1,0.9,0.9,3120,42,342,312.0,312.0,0.490325189,1
18.0,6,81.6,5350.56002,0.9,0.0,0.0,0,9,0,0.9,0.9,0.0,0.0,0.0,1.0,1.0,596,54,110,59.6,59.6,0.000212598,1
15.6,6,80.2,20.02074484,0.6,0.0,0.0,0,6,0,0.3,0.6,0.2,0.2,0.0,1.0,1.0,1184,54,342,118.4,118.4,0.05077889,1
17.6,6,64.0,14.3430854,0.8,0.0,0.0,0,8,0,0.8,0.8,0.2,0.2,0.0,1.0,1.0,1116,54,342,111.6,111.6,0.070764804,1
20.4,6,62.2,41.42829345,1.0,0.0,0.1,1,10,0,0.1,1.0,0.0,0.0,0.0,1.0,1.0,544,54,58,54.4,54.4,0.026262498,1
20.0,6,64.0,3861.091779,1.0,0.0,0.0,0,10,0,1.0,1.0,0.0,0.0,0.0,1.0,1.0,540,54,54,54.0,54.0,0.000282693,1
20.0,6,64.0,32.87646666,1.0,0.0,0.0,0,10,0,0.0,1.0,0.0,0.0,0.0,1.0,1.0,540,54,54,54.0,54.0,0.034294891,1
18.0,6,61.0,5189.043672,0.8,0.1,0.1,1,8,1,0.9,0.9,0.0,0.0,0.0,1.0,1.0,572,54,86,57.2,57.2,0.000202799,1
14.0,6,64.0,44.48500198,0.6,0.0,0.1,1,6,0,0.6,0.6,0.0,0.0,0.0,1.0,1.0,688,54,86,68.8,68.8,0.023834801,1
16.8,6,62.4,49.67512172,0.8,0.0,0.0,0,8,0,0.7,0.8,0.1,0.1,0.0,1.0,1.0,844,54,342,84.4,84.4,0.022832704,1
20.0,6,64.0,43.25652436,1.0,0.0,0.0,0,10,0,1.0,1.0,0.0,0.0,0.0,1.0,1.0,540,54,54,54.0,54.0,0.025666094,1
20.0,6,64.0,5379.381814,1.0,0.0,0.0,0,10,0,1.0,1.0,0.0,0.0,0.0,1.0,1.0,540,54,54,54.0,54.0,0.000205183,1
23.6,6,101.1,74.74852171,0.1,0.3,0.8,8,1,3,0.4,0.9,0.1,0.1,0.0,1.0,1.0,876,54,342,87.6,87.6,0.014014196,1
30.0,6,79.7,62.75929351,0.7,0.1,0.2,2,7,1,0.8,0.8,0.2,0.2,0.0,1.0,1.0,1240,54,342,124.0,124.0,0.015957308,1
16.0,6,77.6,57.54505929,0.7,0.1,0.1,1,7,1,0.6,0.8,0.0,0.0,0.0,1.0,1.0,588,54,86,58.8,58.8,0.0182374,1
18.0,6,81.0,44.44799569,0.9,0.0,0.0,0,9,0,0.9,0.9,0.0,0.0,0.0,1.0,1.0,556,54,70,55.6,55.6,0.0250494,1
8.0,17,64.0,1.992515639,0.0,0.0,0.0,0,0,0,0.0,0.0,1.0,1.0,0.0,1.0,1.0,3420,342,342,342.0,342.0,0.501878619,1
16.8,6,81.5,41.93452729,0.8,0.0,0.0,0,8,0,0.8,0.8,0.1,0.1,0.0,1.0,1.0,884,54,342,88.4,88.4,0.025150013,1
20.0,6,62.5,1229.856908,0.9,0.1,0.1,1,9,1,1.0,1.0,0.0,0.0,0.0,1.0,1.0,540,54,54,54.0,54.0,0.000841498,1
7.2,17,57.6,2.493450263,0.0,0.0,0.0,0,0,0,0.0,0.0,0.9,0.9,0.1,0.9,0.9,3120,42,342,312.0,312.0,0.501417708,1
20.0,6,64.0,38.25732893,1.0,0.0,0.0,0,10,0,0.9,1.0,0.0,0.0,0.0,1.0,1.0,540,54,54,54.0,54.0,0.028724384,1
20.0,6,67.9,45.34137614,0.8,0.2,0.2,2,8,2,1.0,1.0,0.0,0.0,0.0,1.0,1.0,540,54,54,54.0,54.0,0.024923611,1
9.2,17,62.2,2.165098306,0.0,0.1,0.1,1,0,1,0.0,0.1,0.9,0.9,0.0,1.0,1.0,3132,54,342,313.2,313.2,0.461872792,1
15.6,6,68.5,27.7500349,0.7,0.0,0.0,0,7,0,0.6,0.7,0.2,0.1,0.0,1.0,1.0,1034,54,342,103.4,103.4,0.038090491,1
20.0,6,64.0,5704.207806,1.0,0.0,0.0,0,10,0,1.0,1.0,0.0,0.0,0.0,1.0,1.0,540,54,54,54.0,54.0,0.000199008,1
20.8,6,79.3,6959.19031,0.8,0.2,0.2,2,8,2,1.0,1.0,0.0,0.0,0.0,1.0,1.0,548,54,62,54.8,54.8,0.000166392,1
20.0,6,62.0,32.58455911,0.9,0.1,0.1,1,9,1,0.0,1.0,0.0,0.0,0.0,1.0,1.0,540,54,54,54.0,54.0,0.034793591,1
20.0,6,81.3,87.19006014,0.9,0.1,0.1,1,9,1,0.9,1.0,0.0,0.0,0.0,1.0,1.0,540,54,54,54.0,54.0,0.014222193,1
20.0,6,62.4,46.17228257,0.9,0.1,0.1,1,9,1,1.0,1.0,0.0,0.0,0.0,1.0,1.0,540,54,54,54.0,54.0,0.0243222,1
8.0,17,64.0,3.313986292,0.0,0.0,0.0,0,0,0,0.0,0.0,1.0,1.0,0.0,1.0,1.0,3420,342,342,342.0,342.0,0.402161503,1
18.0,6,62.3,43.89142421,0.9,0.0,0.0,0,9,0,0.8,0.9,0.0,0.0,0.0,1.0,1.0,572,54,86,57.2,57.2,0.028120303,1
21.2,6,61.1,6528.099611,0.8,0.1,0.2,2,8,1,1.0,1.0,0.0,0.0,0.0,1.0,1.0,552,54,66,55.2,55.2,0.000170183,1
20.0,6,64.0,35.6896738,1.0,0.0,0.0,0,10,0,0.1,1.0,0.0,0.0,0.0,1.0,1.0,540,54,54,54.0,54.0,0.030614901,1
20.0,6,64.0,4980.17573,1.0,0.0,0.0,0,10,0,1.0,1.0,0.0,0.0,0.0,1.0,1.0,540,54,54,54.0,54.0,0.000234604,1
20.0,6,68.3,37.65358163,0.9,0.1,0.0,0,9,1,0.0,1.0,0.0,0.0,0.0,1.0,1.0,540,54,54,54.0,54.0,0.029469013,1
7.2,17,73.7,17.22617137,0.0,0.0,0.0,0,0,0,0.0,0.0,0.9,0.3,0.1,0.9,0.9,1737,42,342,173.7,173.7,0.058196497,1
20.0,6,64.0,3765.084381,1.0,0.0,0.0,0,10,0,0.9,1.0,0.0,0.0,0.0,1.0,1.0,540,54,54,54.0,54.0,0.000323892,1
16.0,6,61.7,38.38491218,0.8,0.0,0.0,0,8,0,0.0,0.8,0.0,0.0,0.0,1.0,1.0,604,54,86,60.4,60.4,0.029028797,1
8.0,17,64.0,3.574968753,0.0,0.0,0.0,0,0,0,0.0,0.0,1.0,1.0,0.0,1.0,1.0,2394,342,342,342.0,342.0,0.343258721,1
40.0,6,64.0,41.76844789,1.0,0.0,0.0,0,10,0,1.0,1.0,0.0,0.0,0.0,1.0,1.0,740,74,74,74.0,74.0,0.023947716,1
15.2,6,64.0,4.984538237,0.6,0.0,0.0,0,6,0,0.6,0.6,0.4,0.4,0.0,1.0,1.0,1692,54,342,169.2,169.2,0.231254196,1
18.0,6,62.7,44.45609881,0.9,0.0,0.0,0,9,0,0.9,0.9,0.0,0.0,0.0,1.0,1.0,572,54,86,57.2,57.2,0.025051713,1
20.0,6,64.0,4556.054747,1.0,0.0,0.0,0,10,0,1.0,1.0,0.0,0.0,0.0,1.0,1.0,540,54,54,54.0,54.0,0.000250888,1
18.8,6,64.0,32.07721222,0.9,0.0,0.0,0,9,0,0.8,0.9,0.1,0.1,0.0,1.0,1.0,828,54,342,82.8,82.8,0.031524181,1
20.0,6,64.0,32.64603645,1.0,0.0,0.0,0,10,0,1.0,1.0,0.0,0.0,0.0,1.0,1.0,540,54,54,54.0,54.0,0.03325429,1
14.4,6,82.0,33.72418606,0.6,0.0,0.0,0,6,0,0.5,0.6,0.3,0.3,0.0,1.0,1.0,1420,54,342,142.0,142.0,0.032344103,1
20.0,6,64.0,4512.430339,1.0,0.0,0.0,0,10,0,1.0,1.0,0.0,0.0,0.0,1.0,1.0,540,54,54,54.0,54.0,0.000272703,1
16.0,6,51.2,42.18607397,0.8,0.0,0.0,0,8,0,0.8,0.8,0.0,0.0,0.2,0.8,0.8,516,42,54,51.6,51.6,0.0286726,1
22.0,6,64.0,4516.803791,0.9,0.0,0.1,1,9,0,1.0,1.0,0.0,0.0,0.0,1.0,1.0,560,54,74,56.0,56.0,0.000309396,1
20.0,6,64.0,39.03748034,1.0,0.0,0.0,0,10,0,0.0,1.0,0.0,0.0,0.0,1.0,1.0,540,54,54,54.0,54.0,0.028320408,1
20.0,6,64.0,34.58626479,1.0,0.0,0.0,0,10,0,0.0,1.0,0.0,0.0,0.0,1.0,1.0,540,54,54,54.0,54.0,0.031801009,1
17.6,6,69.3,24.67546816,0.8,0.0,0.0,0,8,0,0.8,0.8,0.2,0.0,0.0,1.0,1.0,654,54,146,65.4,65.4,0.093662691,1
20.0,6,64.0,34.3837685,1.0,0.0,0.0,0,10,0,1.0,1.0,0.0,0.0,0.0,1.0,1.0,540,54,54,54.0,54.0,0.033880091,1
11.6,17,69.4,6.642413216,0.3,0.0,0.0,0,3,0,0.3,0.3,0.7,0.5,0.0,1.0,1.0,2094,54,342,209.4,209.4,0.156625485,1
16.4,6,64.0,57.61493649,0.7,0.0,0.0,0,7,0,0.6,0.7,0.3,0.3,0.0,1.0,1.0,1404,54,342,140.4,140.4,0.020061898,1
17.6,6,64.0,28.42274034,0.8,0.0,0.0,0,8,0,0.1,0.8,0.2,0.2,0.0,1.0,1.0,1116,54,342,111.6,111.6,0.042684698,1
20.0,6,61.8,45.1253229,0.9,0.1,0.1,1,9,1,0.9,1.0,0.0,0.0,0.0,1.0,1.0,540,54,54,54.0,54.0,0.0248909,1
20.0,6,62.2,36.66564388,0.9,0.1,0.1,1,9,1,0.0,1.0,0.0,0.0,0.0,1.0,1.0,540,54,54,54.0,54.0,0.030113697,1
8.0,17,64.0,1.992441054,0.0,0.0,0.0,0,0,0,0.0,0.0,1.0,1.0,0.0,1.0,1.0,3420,342,342,342.0,342.0,0.501897693,1
8.0,17,64.0,2.488452436,0.0,0.0,0.0,0,0,0,0.0,0.0,1.0,1.0,0.0,1.0,1.0,3420,342,342,342.0,342.0,0.401981783,1
8.0,17,64.0,2.485919183,0.0,0.0,0.0,0,0,0,0.0,0.0,1.0,1.0,0.0,1.0,1.0,3420,342,342,342.0,342.0,0.402336311,1
14.0,6,42.9,33.11466919,0.6,0.1,0.1,1,6,1,0.7,0.7,0.0,0.0,0.3,0.7,0.7,504,42,54,50.4,50.4,0.033191705,1
21.2,6,64.0,4873.131172,0.9,0.0,0.1,1,9,0,1.0,1.0,0.0,0.0,0.0,1.0,1.0,552,54,66,55.2,55.2,0.000227904,1
20.0,6,64.0,5646.612816,1.0,0.0,0.0,0,10,0,1.0,1.0,0.0,0.0,0.0,1.0,1.0,540,54,54,54.0,54.0,0.000192499,1
18.8,6,64.0,39.20643111,0.9,0.0,0.0,0,9,0,0.9,0.9,0.1,0.1,0.0,1.0,1.0,828,54,342,82.8,82.8,0.028095102,1
18.0,6,62.4,8635.585753,0.9,0.0,0.0,0,9,0,0.9,0.9,0.0,0.0,0.0,1.0,1.0,556,54,70,55.6,55.6,0.000129318,1
18.0,6,66.6,4999.766361,0.8,0.1,0.0,0,8,1,0.9,0.9,0.0,0.0,0.0,1.0,1.0,572,54,86,57.2,57.2,0.000218105,1
20.0,6,82.2,3796.437364,0.9,0.1,0.1,1,9,1,0.9,1.0,0.0,0.0,0.0,1.0,1.0,540,54,54,54.0,54.0,0.000283504,1
20.0,6,64.0,24.93156206,1.0,0.0,0.0,0,10,0,1.0,1.0,0.0,0.0,0.0,1.0,1.0,540,54,54,54.0,54.0,0.044612503,1
31.2,6,64.0,2808.936512,0.2,0.0,0.8,8,2,0,1.0,1.0,0.0,0.0,0.0,1.0,1.0,679,60,74,67.9,67.9,0.000405312,1
16.0,6,57.1,72.47690981,0.6,0.2,0.2,2,6,2,0.8,0.8,0.0,0.0,0.0,1.0,1.0,588,54,86,58.8,58.8,0.015371203,1
20.0,6,98.0,6459.732019,0.6,0.1,0.4,4,6,1,1.0,1.0,0.0,0.0,0.0,1.0,1.0,577,54,91,57.7,57.7,0.000174212,1
40.0,6,64.0,62.58800707,1.0,0.0,0.0,0,10,0,1.0,1.0,0.0,0.0,0.0,1.0,1.0,740,74,74,74.0,74.0,0.015984702,1
18.0,6,81.2,37.83823478,0.9,0.0,0.0,0,9,0,0.7,0.9,0.0,0.0,0.0,1.0,1.0,556,54,70,55.6,55.6,0.027783298,1
18.0,6,57.6,37.41884028,0.9,0.0,0.0,0,9,0,0.9,0.9,0.0,0.0,0.1,0.9,0.9,528,42,54,52.8,52.8,0.026726604,1
21.2,6,62.7,39.65000113,0.9,0.0,0.1,1,9,0,0.0,1.0,0.0,0.0,0.0,1.0,1.0,552,54,66,55.2,55.2,0.029909682,1
20.0,6,62.4,34.89486956,0.9,0.1,0.1,1,9,1,0.9,1.0,0.0,0.0,0.0,1.0,1.0,540,54,54,54.0,54.0,0.032038903,1
18.0,6,62.3,39.38406066,0.9,0.0,0.0,0,9,0,0.8,0.9,0.0,0.0,0.0,1.0,1.0,572,54,86,57.2,57.2,0.028011799,1
18.0,6,84.2,59.48945465,0.6,0.3,0.3,3,6,3,0.7,0.9,0.0,0.0,0.0,1.0,1.0,596,54,110,59.6,59.6,0.018026304,1
20.0,6,64.0,6038.445148,1.0,0.0,0.0,0,10,0,1.0,1.0,0.0,0.0,0.0,1.0,1.0,540,54,54,54.0,54.0,0.000175905,1
8.0,17,64.0,1.659401804,0.0,0.0,0.0,0,0,0,0.0,0.0,1.0,1.0,0.0,1.0,1.0,3420,342,342,342.0,342.0,0.602627516,1
16.4,6,64.0,62.46794542,0.7,0.0,0.0,0,7,0,0.7,0.7,0.3,0.3,0.0,1.0,1.0,1404,54,342,140.4,140.4,0.018664408,1
20.0,6,62.3,4660.337778,0.9,0.1,0.1,1,9,1,0.9,1.0,0.0,0.0,0.0,1.0,1.0,540,54,54,54.0,54.0,0.000239992,1
14.4,6,143.9,165.4969085,0.3,0.3,0.5,5,3,3,0.0,0.6,0.0,0.0,0.0,1.0,1.0,644,54,86,64.4,64.4,0.006902814,1
20.0,6,64.0,63.11096131,1.0,0.0,0.0,0,10,0,1.0,1.0,0.0,0.0,0.0,1.0,1.0,540,54,54,54.0,54.0,0.018694496,1
20.0,6,64.0,38.44465343,1.0,0.0,0.0,0,10,0,0.8,1.0,0.0,0.0,0.0,1.0,1.0,540,54,54,54.0,54.0,0.029040718,1
14.4,6,56.4,47.41785853,0.5,0.1,0.1,1,5,1,0.0,0.6,0.3,0.3,0.1,0.9,0.9,1392,42,342,139.2,139.2,0.027004814,1
20.0,6,62.4,41.21534192,0.9,0.1,0.1,1,9,1,0.9,1.0,0.0,0.0,0.0,1.0,1.0,540,54,54,54.0,54.0,0.02802,1
20.0,6,60.8,5827.850493,0.8,0.0,0.2,2,8,0,1.0,1.0,0.0,0.0,0.0,1.0,1.0,620,54,134,62.0,62.0,0.000191092,1
18.8,6,64.0,62.75140634,0.9,0.0,0.0,0,9,0,0.8,0.9,0.1,0.1,0.0,1.0,1.0,828,54,342,82.8,82.8,0.016038704,1
20.0,6,64.0,6207.346456,1.0,0.0,0.0,0,10,0,1.0,1.0,0.0,0.0,0.0,1.0,1.0,540,54,54,54.0,54.0,0.000177884,1
11.6,17,74.8,17.02359509,0.3,0.0,0.0,0,3,0,0.0,0.3,0.7,0.3,0.0,1.0,1.0,1612,54,342,161.2,161.2,0.061733699,1
20.0,6,79.7,49.30843873,0.8,0.2,0.2,2,8,2,0.7,1.0,0.0,0.0,0.0,1.0,1.0,540,54,54,54.0,54.0,0.023044419,1
8.0,17,64.0,2.485818998,0.0,0.0,0.0,0,0,0,0.0,0.0,1.0,1.0,0.0,1.0,1.0,3420,342,342,342.0,342.0,0.462370992,1
16.0,6,85.0,115.6577177,0.3,0.5,0.5,5,3,5,0.3,0.8,0.0,0.0,0.0,1.0,1.0,588,54,86,58.8,58.8,0.011392999,1
16.4,6,64.0,64.62867401,0.7,0.0,0.0,0,7,0,0.6,0.7,0.3,0.3,0.0,1.0,1.0,1404,54,342,140.4,140.4,0.017954397,1
18.8,6,81.5,30.7413298,0.8,0.1,0.1,1,8,1,0.1,0.9,0.1,0.1,0.0,1.0,1.0,828,54,342,82.8,82.8,0.034069395,1
20.0,6,64.0,5927.507066,1.0,0.0,0.0,0,10,0,1.0,1.0,0.0,0.0,0.0,1.0,1.0,540,54,54,54.0,54.0,0.000188398,1
25.6,6,56.6,319.7536078,0.2,0.0,0.9,9,2,0,1.0,1.0,0.0,0.0,0.0,1.0,1.0,603,54,74,60.3,60.3,0.003376007,1
20.0,6,64.0,39.44369055,1.0,0.0,0.0,0,10,0,1.0,1.0,0.0,0.0,0.0,1.0,1.0,540,54,54,54.0,54.0,0.026337695,1
20.0,6,64.0,3585.488118,1.0,0.0,0.0,0,10,0,1.0,1.0,0.0,0.0,0.0,1.0,1.0,540,54,54,54.0,54.0,0.000309205,1
20.0,6,64.0,38.55717981,1.0,0.0,0.0,0,10,0,0.0,1.0,0.0,0.0,0.0,1.0,1.0,540,54,54,54.0,54.0,0.028454208,1
15.6,6,51.2,4.541536236,0.6,0.0,0.0,0,6,0,0.6,0.6,0.2,0.2,0.2,0.8,0.8,1112,42,342,111.2,111.2,0.237298417,1
20.0,6,64.0,5909.967592,1.0,0.0,0.0,0,10,0,1.0,1.0,0.0,0.0,0.0,1.0,1.0,540,54,54,54.0,54.0,0.000182915,1
20.0,6,64.0,39.27883517,1.0,0.0,0.0,0,10,0,0.9,1.0,0.0,0.0,0.0,1.0,1.0,540,54,54,54.0,54.0,0.027975893,1
16.0,6,80.4,927.0409336,0.8,0.0,0.0,0,8,0,0.8,0.8,0.0,0.0,0.0,1.0,1.0,588,54,86,58.8,58.8,0.001092601,1
20.0,6,64.0,41.18106672,1.0,0.0,0.0,0,10,0,0.9,1.0,0.0,0.0,0.0,1.0,1.0,540,54,54,54.0,54.0,0.026837802,1
20.0,6,64.0,28.29261646,1.0,0.0,0.0,0,10,0,0.9,1.0,0.0,0.0,0.0,1.0,1.0,540,54,54,54.0,54.0,0.038691807,1
20.0,6,64.0,6002.152261,1.0,0.0,0.0,0,10,0,1.0,1.0,0.0,0.0,0.0,1.0,1.0,540,54,54,54.0,54.0,0.000186801,1
20.0,6,64.0,40.5184909,1.0,0.0,0.0,0,10,0,1.0,1.0,0.0,0.0,0.0,1.0,1.0,540,54,54,54.0,54.0,0.025999784,1
20.0,6,64.0,9650.9526,1.0,0.0,0.0,0,10,0,1.0,1.0,0.0,0.0,0.0,1.0,1.0,540,54,54,54.0,54.0,0.000192499,1
20.0,6,62.8,48.2667575,0.8,0.1,0.2,2,8,1,1.0,1.0,0.0,0.0,0.0,1.0,1.0,540,54,54,54.0,54.0,0.023440194,1
13.2,6,57.6,65.03180032,0.5,0.0,0.0,0,5,0,0.0,0.5,0.4,0.4,0.1,0.9,0.9,1680,42,342,168.0,168.0,0.017886996,1
20.0,6,64.0,34.75092008,1.0,0.0,0.0,0,10,0,0.0,1.0,0.0,0.0,0.0,1.0,1.0,540,54,54,54.0,54.0,0.031516218,1
20.0,6,64.0,20.17645664,1.0,0.0,0.0,0,10,0,1.0,1.0,0.0,0.0,0.0,1.0,1.0,540,54,54,54.0,54.0,0.053329396,1
18.8,6,64.0,37.94448782,0.9,0.0,0.0,0,9,0,0.7,0.9,0.1,0.1,0.0,1.0,1.0,828,54,342,82.8,82.8,0.028926802,1
20.0,6,64.0,4897.027437,1.0,0.0,0.0,0,10,0,1.0,1.0,0.0,0.0,0.0,1.0,1.0,540,54,54,54.0,54.0,0.000237703,1
19.2,6,62.8,32.14099941,0.8,0.0,0.1,1,8,0,0.9,0.9,0.0,0.0,0.0,1.0,1.0,584,54,86,58.4,58.4,0.035492611,1
11.2,17,64.0,2.488884648,0.1,0.0,0.0,0,1,0,0.0,0.1,0.9,0.9,0.0,1.0,1.0,3152,74,342,315.2,315.2,0.502125812,1
20.8,6,88.7,157.837846,0.4,0.6,0.7,7,4,6,0.4,1.0,0.0,0.0,0.0,1.0,1.0,548,54,62,54.8,54.8,0.006703401,1
21.2,6,62.0,31.98423628,0.9,0.0,0.1,1,9,0,0.0,1.0,0.0,0.0,0.0,1.0,1.0,552,54,66,55.2,55.2,0.033857203,1
18.0,6,57.6,24.17934539,0.9,0.0,0.0,0,9,0,0.8,0.9,0.0,0.0,0.1,0.9,0.9,528,42,54,52.8,52.8,0.044638801,1
8.0,17,64.0,2.487072194,0.0,0.0,0.0,0,0,0,0.0,0.0,1.0,1.0,0.0,1.0,1.0,3420,342,342,342.0,342.0,0.402305698,1
28.4,6,59.3,27.11421926,0.7,0.0,0.4,4,7,0,0.1,0.9,0.0,0.0,0.0,1.0,1.0,676,54,86,67.6,67.6,0.046831203,1
20.0,6,64.0,147.7361794,1.0,0.0,0.0,0,10,0,1.0,1.0,0.0,0.0,0.0,1.0,1.0,540,54,54,54.0,54.0,0.007716918,1
20.0,6,79.9,39.2941064,0.7,0.3,0.2,2,7,3,0.3,1.0,0.0,0.0,0.0,1.0,1.0,540,54,54,54.0,54.0,0.025491405,1
17.6,6,64.0,47.76485996,0.8,0.0,0.0,0,8,0,0.8,0.8,0.2,0.2,0.0,1.0,1.0,1116,54,342,111.6,111.6,0.023597288,1
15.2,6,64.0,71.81068282,0.6,0.0,0.0,0,6,0,0.5,0.6,0.4,0.4,0.0,1.0,1.0,1692,54,342,169.2,169.2,0.016822815,1
20.0,6,64.0,5022.517064,1.0,0.0,0.0,0,10,0,0.9,1.0,0.0,0.0,0.0,1.0,1.0,540,54,54,54.0,54.0,0.000216389,1
20.0,6,64.0,35.7982674,1.0,0.0,0.0,0,10,0,0.0,1.0,0.0,0.0,0.0,1.0,1.0,540,54,54,54.0,54.0,0.029953408,1
8.0,17,64.0,2.486220821,0.0,0.0,0.0,0,0,0,0.0,0.0,1.0,1.0,0.0,1.0,1.0,3420,342,342,342.0,342.0,0.502621388,1
20.0,6,64.0,25.78022872,1.0,0.0,0.0,0,10,0,0.9,1.0,0.0,0.0,0.0,1.0,1.0,540,54,54,54.0,54.0,0.040191698,1
20.0,6,64.0,4482.530726,1.0,0.0,0.0,0,10,0,1.0,1.0,0.0,0.0,0.0,1.0,1.0,540,54,54,54.0,54.0,0.000240397,1
37.6,6,78.4,57.69609266,1.0,0.0,0.3,3,10,0,0.7,1.0,0.0,0.0,0.0,1.0,1.0,716,58,74,71.6,71.6,0.019577909,1
6.4,17,51.2,3.142702363,0.0,0.0,0.0,0,0,0,0.0,0.0,0.8,0.8,0.2,0.8,0.8,2820,42,342,282.0,282.0,0.318409085,1
18.0,6,57.6,44.08101322,0.9,0.0,0.0,0,9,0,0.0,0.9,0.0,0.0,0.1,0.9,0.9,528,42,54,52.8,52.8,0.025404716,1
20.0,6,64.0,6063.761746,1.0,0.0,0.0,0,10,0,1.0,1.0,0.0,0.0,0.0,1.0,1.0,540,54,54,54.0,54.0,0.00018301,1
20.0,6,64.0,39.05700102,1.0,0.0,0.0,0,10,0,0.0,1.0,0.0,0.0,0.0,1.0,1.0,540,54,54,54.0,54.0,0.028423595,1
22.0,6,69.2,34.37914647,1.0,0.0,0.1,1,10,0,0.9,1.0,0.0,0.0,0.0,1.0,1.0,560,54,74,56.0,56.0,0.031522584,1
8.0,17,64.0,1.992262469,0.0,0.0,0.0,0,0,0,0.0,0.0,1.0,1.0,0.0,1.0,1.0,3420,342,342,342.0,342.0,0.602340388,1
20.0,6,64.0,40.6647832,1.0,0.0,0.0,0,10,0,0.0,1.0,0.0,0.0,0.0,1.0,1.0,540,54,54,54.0,54.0,0.027240801,1
12.4,17,61.8,2.758381033,0.1,0.0,0.1,1,1,0,0.0,0.2,0.8,0.8,0.0,1.0,1.0,2864,54,342,286.4,286.4,0.362891412,1
20.0,6,64.0,29.00366427,1.0,0.0,0.0,0,10,0,0.9,1.0,0.0,0.0,0.0,1.0,1.0,540,54,54,54.0,54.0,0.0354532,1
20.0,6,64.0,571.3298735,1.0,0.0,0.0,0,10,0,0.9,1.0,0.0,0.0,0.0,1.0,1.0,540,54,54,54.0,54.0,0.001921606,1
20.0,6,64.0,42.76153861,1.0,0.0,0.0,0,10,0,0.9,1.0,0.0,0.0,0.0,1.0,1.0,540,54,54,54.0,54.0,0.025924516,1
20.0,6,64.0,36.58623048,1.0,0.0,0.0,0,10,0,0.9,1.0,0.0,0.0,0.0,1.0,1.0,540,54,54,54.0,54.0,0.030012679,1
20.0,6,64.0,4591.465791,1.0,0.0,0.0,0,10,0,1.0,1.0,0.0,0.0,0.0,1.0,1.0,540,54,54,54.0,54.0,0.000226784,1
20.0,6,64.0,26.64273187,1.0,0.0,0.0,0,10,0,1.0,1.0,0.0,0.0,0.0,1.0,1.0,540,54,54,54.0,54.0,0.049223208,1
8.0,17,64.0,1.991168852,0.0,0.0,0.0,0,0,0,0.0,0.0,1.0,1.0,0.0,1.0,1.0,3420,342,342,342.0,342.0,0.602533388,1
18.8,6,64.0,35.22153783,0.9,0.0,0.0,0,9,0,0.0,0.9,0.1,0.1,0.0,1.0,1.0,828,54,342,82.8,82.8,0.030101109,1
8.0,17,64.0,1.992409347,0.0,0.0,0.0,0,0,0,0.0,0.0,1.0,1.0,0.0,1.0,1.0,3420,342,342,342.0,342.0,0.6022475,1
20.0,6,64.0,38.84686701,1.0,0.0,0.0,0,10,0,0.8,1.0,0.0,0.0,0.0,1.0,1.0,540,54,54,54.0,54.0,0.028424811,1
18.0,6,62.4,22.72505329,0.9,0.0,0.0,0,9,0,0.8,0.9,0.0,0.0,0.0,1.0,1.0,556,54,70,55.6,55.6,0.04684,1
20.0,6,64.0,2956.858654,1.0,0.0,0.0,0,10,0,1.0,1.0,0.0,0.0,0.0,1.0,1.0,540,54,54,54.0,54.0,0.000357103,1
17.6,6,64.0,42.99226626,0.8,0.0,0.0,0,8,0,0.8,0.8,0.2,0.2,0.0,1.0,1.0,1116,54,342,111.6,111.6,0.025773001,1
15.6,6,57.6,43.57754662,0.7,0.0,0.0,0,7,0,0.6,0.7,0.2,0.2,0.1,0.9,0.9,1104,42,342,110.4,110.4,0.0256212,1
16.8,6,57.6,52.15479176,0.8,0.0,0.0,0,8,0,0.8,0.8,0.1,0.1,0.1,0.9,0.9,816,42,342,81.6,81.6,0.021862197,1
8.0,17,64.0,1.990238668,0.0,0.0,0.0,0,0,0,0.0,0.0,1.0,1.0,0.0,1.0,1.0,3420,342,342,342.0,342.0,0.502729511,1
20.0,6,64.0,34.54302576,1.0,0.0,0.0,0,10,0,1.0,1.0,0.0,0.0,0.0,1.0,1.0,540,54,54,54.0,54.0,0.031541681,1
20.0,6,64.0,5094.502611,1.0,0.0,0.0,0,10,0,0.9,1.0,0.0,0.0,0.0,1.0,1.0,540,54,54,54.0,54.0,0.000230408,1
20.0,6,64.0,5882.614306,1.0,0.0,0.0,0,10,0,0.9,1.0,0.0,0.0,0.0,1.0,1.0,540,54,54,54.0,54.0,0.000192595,1
17.6,6,64.0,50.83265464,0.8,0.0,0.0,0,8,0,0.7,0.8,0.2,0.2,0.0,1.0,1.0,1116,54,342,111.6,111.6,0.022624016,1
14.8,6,84.9,41.64564842,0.6,0.1,0.1,1,6,1,0.6,0.7,0.1,0.1,0.0,1.0,1.0,894,54,342,89.4,89.4,0.024286294,1
20.0,6,64.0,37.3883534,1.0,0.0,0.0,0,10,0,1.0,1.0,0.0,0.0,0.0,1.0,1.0,540,54,54,54.0,54.0,0.029259992,1
18.8,6,64.0,10.5818111,0.9,0.0,0.0,0,9,0,0.8,0.9,0.1,0.1,0.0,1.0,1.0,828,54,342,82.8,82.8,0.09910059,1
18.8,6,64.0,38.2956826,0.9,0.0,0.0,0,9,0,0.1,0.9,0.1,0.1,0.0,1.0,1.0,828,54,342,82.8,82.8,0.028833199,1
20.0,6,62.3,5970.539502,0.9,0.1,0.1,1,9,1,1.0,1.0,0.0,0.0,0.0,1.0,1.0,540,54,54,54.0,54.0,0.00018909,1
20.0,6,64.0,3161.456245,1.0,0.0,0.0,0,10,0,1.0,1.0,0.0,0.0,0.0,1.0,1.0,540,54,54,54.0,54.0,0.000346899,1
20.0,6,64.0,165.6976257,1.0,0.0,0.0,0,10,0,0.9,1.0,0.0,0.0,0.0,1.0,1.0,540,54,54,54.0,54.0,0.006169391,1
20.0,6,64.0,3389.884426,1.0,0.0,0.0,0,10,0,1.0,1.0,0.0,0.0,0.0,1.0,1.0,540,54,54,54.0,54.0,0.000324798,1
20.0,6,64.0,22.65282392,1.0,0.0,0.0,0,10,0,1.0,1.0,0.0,0.0,0.0,1.0,1.0,540,54,54,54.0,54.0,0.046827793,1
8.0,17,64.0,1.465565464,0.0,0.0,0.0,0,0,0,0.0,0.0,1.0,0.8,0.0,1.0,1.0,2896,80,342,289.6,289.6,0.765810895,1
20.0,6,61.8,3042.216581,0.9,0.1,0.1,1,9,1,1.0,1.0,0.0,0.0,0.0,1.0,1.0,540,54,54,54.0,54.0,0.00035491,1
15.2,6,64.0,4.949471027,0.6,0.0,0.0,0,6,0,0.6,0.6,0.4,0.4,0.0,1.0,1.0,1692,54,342,169.2,169.2,0.256996584,1
20.0,6,64.0,3781.03669,1.0,0.0,0.0,0,10,0,1.0,1.0,0.0,0.0,0.0,1.0,1.0,540,54,54,54.0,54.0,0.000289297,1
20.0,6,64.0,5570.864657,1.0,0.0,0.0,0,10,0,1.0,1.0,0.0,0.0,0.0,1.0,1.0,540,54,54,54.0,54.0,0.000197792,1
20.0,6,64.0,37.56519247,1.0,0.0,0.0,0,10,0,0.9,1.0,0.0,0.0,0.0,1.0,1.0,540,54,54,54.0,54.0,0.029308796,1
6.4,17,51.2,2.140970494,0.0,0.0,0.0,0,0,0,0.0,0.0,0.8,0.8,0.2,0.8,0.8,2820,42,342,282.0,282.0,0.467307806,1
16.0,6,51.2,54.84707615,0.8,0.0,0.0,0,8,0,0.8,0.8,0.0,0.0,0.2,0.8,0.8,516,42,54,51.6,51.6,0.021309519,1
7.2,17,57.6,3.31531437,0.0,0.0,0.0,0,0,0,0.0,0.0,0.9,0.9,0.1,0.9,0.9,3120,42,342,312.0,312.0,0.301631212,1
20.0,6,64.0,5170.493097,1.0,0.0,0.0,0,10,0,0.0,1.0,0.0,0.0,0.0,1.0,1.0,540,54,54,54.0,54.0,0.000211096,1
20.0,6,64.0,18.40725985,1.0,0.0,0.0,0,10,0,0.9,1.0,0.0,0.0,0.0,1.0,1.0,540,54,54,54.0,54.0,0.056935096,1
20.0,6,64.0,7892.931878,1.0,0.0,0.0,0,10,0,1.0,1.0,0.0,0.0,0.0,1.0,1.0,540,54,54,54.0,54.0,0.000138593,1
14.0,6,64.0,7.751007059,0.5,0.0,0.0,0,5,0,0.5,0.5,0.5,0.5,0.0,1.0,1.0,1980,54,342,198.0,198.0,0.137778997,1
22.0,6,64.0,38.03788095,1.0,0.0,0.0,0,10,0,0.8,1.0,0.0,0.0,0.0,1.0,1.0,560,54,74,56.0,56.0,0.029428291,1
18.0,6,81.9,24.98982069,0.9,0.0,0.0,0,9,0,0.8,0.9,0.0,0.0,0.0,1.0,1.0,556,54,70,55.6,55.6,0.042945695,1
20.0,6,64.0,5382.142949,1.0,0.0,0.0,0,10,0,1.0,1.0,0.0,0.0,0.0,1.0,1.0,540,54,54,54.0,54.0,0.00020988,1
20.0,6,64.0,637.0256068,1.0,0.0,0.0,0,10,0,0.9,1.0,0.0,0.0,0.0,1.0,1.0,540,54,54,54.0,54.0,0.002289104,1
16.4,6,64.0,46.10016882,0.7,0.0,0.0,0,7,0,0.0,0.7,0.3,0.3,0.0,1.0,1.0,1404,54,342,140.4,140.4,0.024721384,1
17.6,6,62.2,42.71550723,0.7,0.1,0.1,1,7,1,0.8,0.8,0.2,0.2,0.0,1.0,1.0,1116,54,342,111.6,111.6,0.023503304,1
20.0,6,64.0,4364.520291,1.0,0.0,0.0,0,10,0,1.0,1.0,0.0,0.0,0.0,1.0,1.0,540,54,54,54.0,54.0,0.000253916,1
20.0,6,64.0,22.58125891,1.0,0.0,0.0,0,10,0,0.9,1.0,0.0,0.0,0.0,1.0,1.0,540,54,54,54.0,54.0,0.04594872,1
18.0,6,62.4,45.23799457,0.9,0.0,0.0,0,9,0,0.9,0.9,0.0,0.0,0.0,1.0,1.0,572,54,86,57.2,57.2,0.024893403,1
18.0,6,62.3,43.37623415,0.9,0.0,0.0,0,9,0,0.0,0.9,0.0,0.0,0.0,1.0,1.0,572,54,86,57.2,57.2,0.025218606,1
16.4,6,64.0,45.78464655,0.7,0.0,0.0,0,7,0,0.7,0.7,0.3,0.3,0.0,1.0,1.0,1404,54,342,140.4,140.4,0.022042394,1
20.0,6,64.0,6418.215761,1.0,0.0,0.0,0,10,0,1.0,1.0,0.0,0.0,0.0,1.0,1.0,540,54,54,54.0,54.0,0.000172997,1
20.0,6,64.0,43.25616748,1.0,0.0,0.0,0,10,0,1.0,1.0,0.0,0.0,0.0,1.0,1.0,540,54,54,54.0,54.0,0.025766397,1
17.6,6,64.0,43.29528153,0.8,0.0,0.0,0,8,0,0.8,0.8,0.2,0.2,0.0,1.0,1.0,1116,54,342,111.6,111.6,0.0231148,1
32.8,6,57.6,20.20761166,0.8,0.0,0.0,0,8,0,0.8,0.8,0.1,0.1,0.1,0.9,0.9,976,42,342,97.6,97.6,0.056007314,1
16.0,6,49.4,35.60037109,0.7,0.1,0.1,1,7,1,0.1,0.8,0.0,0.0,0.2,0.8,0.8,516,42,54,51.6,51.6,0.029878592,1
20.0,6,64.0,37.34660642,1.0,0.0,0.0,0,10,0,0.0,1.0,0.0,0.0,0.0,1.0,1.0,540,54,54,54.0,54.0,0.029609394,1
16.8,6,81.6,41.32795603,0.8,0.0,0.0,0,8,0,0.8,0.8,0.1,0.1,0.0,1.0,1.0,860,54,342,86.0,86.0,0.028832889,1
18.8,6,64.0,8.058414467,0.9,0.0,0.0,0,9,0,0.9,0.9,0.1,0.1,0.0,1.0,1.0,828,54,342,82.8,82.8,0.124228692,1
20.0,6,64.0,5721.325876,1.0,0.0,0.0,0,10,0,1.0,1.0,0.0,0.0,0.0,1.0,1.0,540,54,54,54.0,54.0,0.000192094,1
21.2,6,66.7,2715.111341,0.8,0.0,0.2,2,8,0,0.8,0.9,0.0,0.0,0.0,1.0,1.0,588,54,74,58.8,58.8,0.000388002,1
20.0,6,64.0,39.98787294,1.0,0.0,0.0,0,10,0,0.9,1.0,0.0,0.0,0.0,1.0,1.0,540,54,54,54.0,54.0,0.027578282,1
18.8,6,64.0,23.39236028,0.9,0.0,0.0,0,9,0,0.9,0.9,0.1,0.1,0.0,1.0,1.0,828,54,342,82.8,82.8,0.047705197,1
7.2,17,57.6,1.779961522,0.0,0.0,0.0,0,0,0,0.0,0.0,0.9,0.9,0.1,0.9,0.9,3120,42,342,312.0,312.0,0.561844492,1
11.6,17,62.6,3.649268585,0.0,0.1,0.1,1,0,1,0.2,0.2,0.8,0.8,0.0,1.0,1.0,2856,54,342,285.6,285.6,0.274158406,1
20.0,6,64.0,5216.147245,1.0,0.0,0.0,0,10,0,1.0,1.0,0.0,0.0,0.0,1.0,1.0,540,54,54,54.0,54.0,0.000213408,1
20.0,6,64.0,4748.447866,1.0,0.0,0.0,0,10,0,1.0,1.0,0.0,0.0,0.0,1.0,1.0,540,54,54,54.0,54.0,0.000365615,1
20.0,6,62.2,3517.236059,0.9,0.1,0.0,0,9,1,0.9,1.0,0.0,0.0,0.0,1.0,1.0,540,54,54,54.0,54.0,0.000306702,1
20.0,6,64.0,4192.626949,1.0,0.0,0.0,0,10,0,1.0,1.0,0.0,0.0,0.0,1.0,1.0,540,54,54,54.0,54.0,0.000255799,1
20.0,6,64.0,302.1680463,1.0,0.0,0.0,0,10,0,1.0,1.0,0.0,0.0,0.0,1.0,1.0,540,54,54,54.0,54.0,0.00357821,1
17.6,6,64.0,24.63290586,0.8,0.0,0.0,0,8,0,0.8,0.8,0.2,0.2,0.0,1.0,1.0,1116,54,342,111.6,111.6,0.046314502,1
14.0,6,64.0,4.595130326,0.5,0.0,0.0,0,5,0,0.5,0.5,0.5,0.5,0.0,1.0,1.0,1980,54,342,198.0,198.0,0.220328093,1
20.0,6,64.0,6706.59418,1.0,0.0,0.0,0,10,0,0.9,1.0,0.0,0.0,0.0,1.0,1.0,540,54,54,54.0,54.0,0.000163507,1
18.0,6,69.0,41.32416924,0.9,0.0,0.0,0,9,0,0.9,0.9,0.0,0.0,0.0,1.0,1.0,556,54,70,55.6,55.6,0.026661706,1
20.0,6,64.0,6134.714056,1.0,0.0,0.0,0,10,0,1.0,1.0,0.0,0.0,0.0,1.0,1.0,540,54,54,54.0,54.0,0.000182796,1
8.0,17,64.0,1.992415215,0.0,0.0,0.0,0,0,0,0.0,0.0,1.0,1.0,0.0,1.0,1.0,3420,342,342,342.0,342.0,0.502091217,1
23.2,6,73.8,42.97323742,0.8,0.1,0.1,1,8,1,0.8,1.0,0.0,0.0,0.0,1.0,1.0,572,54,74,57.2,57.2,0.023526502,1
20.4,6,62.6,2963.753533,0.9,0.1,0.0,0,9,1,1.0,1.0,0.0,0.0,0.0,1.0,1.0,544,54,58,54.4,54.4,0.000360703,1
21.2,6,60.9,46.85137774,0.8,0.1,0.2,2,8,1,1.0,1.0,0.0,0.0,0.0,1.0,1.0,552,54,66,55.2,55.2,0.025093889,1
22.4,6,60.0,84.81257254,0.6,0.2,0.2,2,6,2,0.6,1.0,0.0,0.0,0.0,1.0,1.0,640,54,142,64.0,64.0,0.011812711,1
20.0,6,64.0,1024.050002,1.0,0.0,0.0,0,10,0,1.0,1.0,0.0,0.0,0.0,1.0,1.0,540,54,54,54.0,54.0,0.001069903,1
11.2,17,64.0,2.488022735,0.1,0.0,0.0,0,1,0,0.0,0.1,0.9,0.9,0.0,1.0,1.0,3152,74,342,315.2,315.2,0.402020192,1
20.0,6,64.0,35.39721079,1.0,0.0,0.0,0,10,0,0.9,1.0,0.0,0.0,0.0,1.0,1.0,540,54,54,54.0,54.0,0.030914712,1
40.0,6,64.0,41.6179208,1.0,0.0,0.0,0,10,0,0.8,1.0,0.0,0.0,0.0,1.0,1.0,740,74,74,74.0,74.0,0.024069309,1
17.6,6,64.0,12.59934785,0.8,0.0,0.0,0,8,0,0.8,0.8,0.2,0.2,0.0,1.0,1.0,1116,54,342,111.6,111.6,0.07949779,1
40.0,6,64.0,56.20056009,1.0,0.0,0.0,0,10,0,1.0,1.0,0.0,0.0,0.0,1.0,1.0,740,74,74,74.0,74.0,0.024292302,1
20.8,6,57.2,79.44705524,0.1,0.6,0.8,8,1,6,0.8,0.9,0.0,0.0,0.0,1.0,1.0,593,54,75,59.3,59.3,0.014123988,1
20.0,6,64.0,30.63407352,1.0,0.0,0.0,0,10,0,0.9,1.0,0.0,0.0,0.0,1.0,1.0,540,54,54,54.0,54.0,0.035408092,1
18.8,6,62.6,50.40497716,0.8,0.1,0.1,1,8,1,0.8,0.9,0.1,0.1,0.0,1.0,1.0,828,54,342,82.8,82.8,0.02237792,1
20.0,6,64.0,4640.230114,1.0,0.0,0.0,0,10,0,0.9,1.0,0.0,0.0,0.0,1.0,1.0,540,54,54,54.0,54.0,0.000243688,1
20.0,6,64.0,5991.862857,1.0,0.0,0.0,0,10,0,1.0,1.0,0.0,0.0,0.0,1.0,1.0,540,54,54,54.0,54.0,0.0001863,1
18.0,6,81.8,5246.815111,0.9,0.0,0.0,0,9,0,0.9,0.9,0.0,0.0,0.0,1.0,1.0,556,54,70,55.6,55.6,0.000208092,1
16.8,6,57.6,7.643764432,0.8,0.0,0.0,0,8,0,0.8,0.8,0.1,0.1,0.1,0.9,0.9,816,42,342,81.6,81.6,0.131081891,1
20.0,6,64.0,41.17496225,1.0,0.0,0.0,0,10,0,1.0,1.0,0.0,0.0,0.0,1.0,1.0,540,54,54,54.0,54.0,0.025321913,1
20.0,6,64.0,3892.625522,1.0,0.0,0.0,0,10,0,1.0,1.0,0.0,0.0,0.0,1.0,1.0,540,54,54,54.0,54.0,0.000281405,1
15.6,6,79.4,62.08439847,0.6,0.1,0.1,1,6,1,0.7,0.7,0.2,0.2,0.0,1.0,1.0,1132,54,342,113.2,113.2,0.017916107,1
33.6,6,64.0,34.91034999,0.8,0.0,0.0,0,8,0,0.8,0.8,0.2,0.2,0.0,1.0,1.0,1276,74,342,127.6,127.6,0.028646493,1
13.6,6,61.1,39.23030373,0.6,0.0,0.0,0,6,0,0.5,0.6,0.2,0.2,0.0,1.0,1.0,1164,54,342,116.4,116.4,0.025722504,1
20.0,6,64.0,4911.938166,1.0,0.0,0.0,0,10,0,1.0,1.0,0.0,0.0,0.0,1.0,1.0,540,54,54,54.0,54.0,0.000253487,1
20.0,6,64.0,6807.829898,1.0,0.0,0.0,0,10,0,1.0,1.0,0.0,0.0,0.0,1.0,1.0,540,54,54,54.0,54.0,0.000167584,1
20.0,6,64.0,5063.13858,1.0,0.0,0.0,0,10,0,1.0,1.0,0.0,0.0,0.0,1.0,1.0,540,54,54,54.0,54.0,0.00022881,1
20.0,6,64.0,8078.397535,1.0,0.0,0.0,0,10,0,1.0,1.0,0.0,0.0,0.0,1.0,1.0,540,54,54,54.0,54.0,0.000135899,1
8.0,17,64.0,1.991146922,0.0,0.0,0.0,0,0,0,0.0,0.0,1.0,1.0,0.0,1.0,1.0,3420,342,342,342.0,342.0,0.502280211,1
8.0,17,64.0,2.487991742,0.0,0.0,0.0,0,0,0,0.0,0.0,1.0,1.0,0.0,1.0,1.0,3420,342,342,342.0,342.0,0.50228858,1
20.0,6,64.0,4187.603834,1.0,0.0,0.0,0,10,0,1.0,1.0,0.0,0.0,0.0,1.0,1.0,540,54,54,54.0,54.0,0.000258398,1
20.0,6,64.0,5399.46447,1.0,0.0,0.0,0,10,0,1.0,1.0,0.0,0.0,0.0,1.0,1.0,540,54,54,54.0,54.0,0.0002038,1
20.0,6,64.0,43.60717709,1.0,0.0,0.0,0,10,0,1.0,1.0,0.0,0.0,0.0,1.0,1.0,540,54,54,54.0,54.0,0.025429106,1
20.0,6,64.0,3426.998938,1.0,0.0,0.0,0,10,0,1.0,1.0,0.0,0.0,0.0,1.0,1.0,540,54,54,54.0,54.0,0.000318003,1
18.8,6,60.8,66.0938736,0.6,0.0,0.2,2,6,0,0.5,0.8,0.2,0.2,0.0,1.0,1.0,1128,54,342,112.8,112.8,0.016619706,1
18.0,6,62.4,3971.502699,0.9,0.0,0.0,0,9,0,0.9,0.9,0.0,0.0,0.0,1.0,1.0,572,54,86,57.2,57.2,0.00028379,1
16.4,6,64.0,64.31077917,0.7,0.0,0.0,0,7,0,0.6,0.7,0.3,0.3,0.0,1.0,1.0,1404,54,342,140.4,140.4,0.01988399,1
20.0,6,62.5,43.59480351,0.9,0.1,0.1,1,9,1,1.0,1.0,0.0,0.0,0.0,1.0,1.0,540,54,54,54.0,54.0,0.025486708,1
7.2,17,57.6,3.316603386,0.0,0.0,0.0,0,0,0,0.0,0.0,0.9,0.9,0.1,0.9,0.9,3120,42,342,312.0,312.0,0.391944194,1
20.4,6,63.5,5998.718535,0.9,0.1,0.1,1,9,1,1.0,1.0,0.0,0.0,0.0,1.0,1.0,544,54,58,54.4,54.4,0.000190187,1
40.0,6,64.0,41.60978721,1.0,0.0,0.0,0,10,0,1.0,1.0,0.0,0.0,0.0,1.0,1.0,740,74,74,74.0,74.0,0.032014513,1
17.6,6,62.5,57.7590984,0.7,0.1,0.1,1,7,1,0.0,0.8,0.2,0.2,0.0,1.0,1.0,1116,54,342,111.6,111.6,0.0201612,1
16.0,6,64.5,370.8098168,0.6,0.1,0.2,2,6,1,0.5,0.7,0.2,0.0,0.0,1.0,1.0,661,54,124,66.1,66.1,0.003046799,1
20.0,6,64.0,370.1095953,1.0,0.0,0.0,0,10,0,1.0,1.0,0.0,0.0,0.0,1.0,1.0,540,54,54,54.0,54.0,0.002774,1
20.0,6,64.0,6844.490862,1.0,0.0,0.0,0,10,0,0.9,1.0,0.0,0.0,0.0,1.0,1.0,540,54,54,54.0,54.0,0.000163007,1
20.0,6,64.0,37.01772115,1.0,0.0,0.0,0,10,0,0.0,1.0,0.0,0.0,0.0,1.0,1.0,540,54,54,54.0,54.0,0.029948592,1
16.0,6,77.0,63.1225488,0.6,0.2,0.2,2,6,2,0.6,0.8,0.0,0.0,0.0,1.0,1.0,628,54,110,62.8,62.8,0.018766904,1
18.0,6,57.6,37.46329194,0.9,0.0,0.0,0,9,0,0.9,0.9,0.0,0.0,0.1,0.9,0.9,528,42,54,52.8,52.8,0.029363179,1
20.0,6,64.0,36.46656431,1.0,0.0,0.0,0,10,0,0.9,1.0,0.0,0.0,0.0,1.0,1.0,540,54,54,54.0,54.0,0.030293083,1
20.0,6,64.0,5671.810683,1.0,0.0,0.0,0,10,0,1.0,1.0,0.0,0.0,0.0,1.0,1.0,540,54,54,54.0,54.0,0.000200605,1
20.0,6,64.0,6172.632818,1.0,0.0,0.0,0,10,0,1.0,1.0,0.0,0.0,0.0,1.0,1.0,540,54,54,54.0,54.0,0.000178409,1
12.8,17,51.2,3.316166524,0.2,0.0,0.0,0,2,0,0.0,0.2,0.6,0.6,0.2,0.8,0.8,2284,42,342,228.4,228.4,0.301633716,1
13.6,6,51.2,64.83827933,0.6,0.0,0.0,0,6,0,0.0,0.6,0.2,0.2,0.2,0.8,0.8,1092,42,342,109.2,109.2,0.017872405,1
17.6,6,64.0,49.90515852,0.8,0.0,0.0,0,8,0,0.7,0.8,0.2,0.2,0.0,1.0,1.0,1116,54,342,111.6,111.6,0.022917199,1
17.6,6,64.0,45.34838638,0.8,0.0,0.0,0,8,0,0.8,0.8,0.2,0.2,0.0,1.0,1.0,1116,54,342,111.6,111.6,0.024910092,1
14.4,17,69.3,4.356633923,0.2,0.0,0.0,0,2,0,0.2,0.2,0.8,0.7,0.0,1.0,1.0,2692,74,342,269.2,269.2,0.233051491,1
40.0,6,64.0,11683.29805,1.0,0.0,0.0,0,10,0,1.0,1.0,0.0,0.0,0.0,1.0,1.0,740,74,74,74.0,74.0,9.41e-05,1
18.0,6,79.6,58.49013242,0.8,0.1,0.1,1,8,1,0.7,0.9,0.0,0.0,0.0,1.0,1.0,556,54,70,55.6,55.6,0.019705606,1
20.0,6,64.0,29.27795357,1.0,0.0,0.0,0,10,0,0.8,1.0,0.0,0.0,0.0,1.0,1.0,540,54,54,54.0,54.0,0.0349792,1
8.0,17,63.5,9.009731695,0.0,0.0,0.0,0,0,0,0.0,0.0,1.0,0.6,0.0,1.0,1.0,2412,90,342,241.2,241.2,0.311465597,1
20.0,6,62.8,4424.838063,0.9,0.0,0.1,1,9,0,1.0,1.0,0.0,0.0,0.0,1.0,1.0,540,54,54,54.0,54.0,0.000253296,1
20.0,6,81.7,40.4231303,0.9,0.1,0.1,1,9,1,0.0,1.0,0.0,0.0,0.0,1.0,1.0,540,54,54,54.0,54.0,0.029205418,1
17.6,6,64.0,36.93593128,0.8,0.0,0.0,0,8,0,0.8,0.8,0.2,0.2,0.0,1.0,1.0,1116,54,342,111.6,111.6,0.03040781,1
20.0,6,64.0,594.4982424,1.0,0.0,0.0,0,10,0,1.0,1.0,0.0,0.0,0.0,1.0,1.0,540,54,54,54.0,54.0,0.00181129,1
20.0,6,61.3,4320.01648,0.9,0.1,0.1,1,9,1,1.0,1.0,0.0,0.0,0.0,1.0,1.0,540,54,54,54.0,54.0,0.000279784,1
6.4,17,55.5,2.649812369,0.0,0.0,0.0,0,0,0,0.0,0.0,0.8,0.8,0.1,0.9,0.9,2864,42,342,286.4,286.4,0.385870004,1
16.8,6,62.4,44.39356478,0.8,0.0,0.0,0,8,0,0.8,0.8,0.1,0.1,0.0,1.0,1.0,860,54,342,86.0,86.0,0.025109601,1
18.8,6,61.8,31.42549311,0.8,0.1,0.1,1,8,1,0.7,0.9,0.1,0.1,0.0,1.0,1.0,828,54,342,82.8,82.8,0.035599494,1
20.0,6,64.0,6523.023328,1.0,0.0,0.0,0,10,0,1.0,1.0,0.0,0.0,0.0,1.0,1.0,540,54,54,54.0,54.0,0.000164008,1
20.0,6,64.0,6112.363742,1.0,0.0,0.0,0,10,0,1.0,1.0,0.0,0.0,0.0,1.0,1.0,540,54,54,54.0,54.0,0.000178099,1
40.0,6,64.0,32.75326103,1.0,0.0,0.0,0,10,0,1.0,1.0,0.0,0.0,0.0,1.0,1.0,740,74,74,74.0,74.0,0.031997395,1
22.4,6,61.9,5283.164126,0.8,0.0,0.2,2,8,0,1.0,1.0,0.0,0.0,0.0,1.0,1.0,613,54,115,61.3,61.3,0.000212693,1
20.0,6,64.0,5009.918777,1.0,0.0,0.0,0,10,0,1.0,1.0,0.0,0.0,0.0,1.0,1.0,540,54,54,54.0,54.0,0.000223207,1
15.6,6,67.7,66.19933805,0.5,0.0,0.1,1,5,0,0.6,0.6,0.3,0.3,0.0,1.0,1.0,1448,54,342,144.8,144.8,0.016460896,1
20.0,6,64.0,6658.682331,1.0,0.0,0.0,0,10,0,1.0,1.0,0.0,0.0,0.0,1.0,1.0,540,54,54,54.0,54.0,0.000170088,1
22.8,6,61.2,45.42254307,0.9,0.0,0.2,2,9,0,0.8,1.0,0.0,0.0,0.0,1.0,1.0,568,54,78,56.8,56.8,0.026950908,1
20.0,6,64.0,4897.027437,1.0,0.0,0.0,0,10,0,1.0,1.0,0.0,0.0,0.0,1.0,1.0,540,54,54,54.0,54.0,0.00022862,1
17.6,6,64.0,6.869967364,0.8,0.0,0.0,0,8,0,0.8,0.8,0.2,0.2,0.0,1.0,1.0,1116,54,342,111.6,111.6,0.165281606,1
8.0,17,64.0,1.662047824,0.0,0.0,0.0,0,0,0,0.0,0.0,1.0,1.0,0.0,1.0,1.0,3420,342,342,342.0,342.0,0.6569139,1
20.0,6,77.7,33.96208571,0.8,0.1,0.2,2,8,1,0.8,0.9,0.0,0.0,0.0,1.0,1.0,616,54,110,61.6,61.6,0.032083011,1
12.0,17,44.8,3.930591939,0.2,0.0,0.0,0,2,0,0.0,0.2,0.5,0.5,0.3,0.7,0.7,1984,42,342,198.4,198.4,0.262441111,1
18.0,6,62.4,44.93956527,0.9,0.0,0.0,0,9,0,0.9,0.9,0.0,0.0,0.0,1.0,1.0,572,54,86,57.2,57.2,0.024776006,1
7.6,17,68.5,4.001499738,0.0,0.0,0.1,1,0,0,0.1,0.1,0.7,0.7,0.2,0.8,0.8,2532,42,342,253.2,253.2,0.450514197,1
20.0,6,64.0,60.8520115,1.0,0.0,0.0,0,10,0,0.0,1.0,0.0,0.0,0.0,1.0,1.0,540,54,54,54.0,54.0,0.016827512,1
14.0,6,64.0,6.552749166,0.5,0.0,0.0,0,5,0,0.5,0.5,0.5,0.5,0.0,1.0,1.0,1980,54,342,198.0,198.0,0.252919388,1
20.0,6,64.0,6553.6,1.0,0.0,0.0,0,10,0,0.9,1.0,0.0,0.0,0.0,1.0,1.0,540,54,54,54.0,54.0,0.0001688,1
20.0,6,64.0,40.80598133,1.0,0.0,0.0,0,10,0,1.0,1.0,0.0,0.0,0.0,1.0,1.0,540,54,54,54.0,54.0,0.027120709,1
18.0,6,79.9,45.41221537,0.8,0.1,0.1,1,8,1,0.1,0.9,0.0,0.0,0.0,1.0,1.0,556,54,70,55.6,55.6,0.025190997,1
20.0,6,64.0,5938.417103,1.0,0.0,0.0,0,10,0,1.0,1.0,0.0,0.0,0.0,1.0,1.0,540,54,54,54.0,54.0,0.000204396,1
24.0,6,94.0,241.4001807,0.6,0.1,0.5,5,6,1,0.8,0.8,0.1,0.1,0.0,1.0,1.0,932,54,342,93.2,93.2,0.004423785,1
20.0,6,80.0,6045.407899,0.8,0.2,0.2,2,8,2,1.0,1.0,0.0,0.0,0.0,1.0,1.0,540,54,54,54.0,54.0,0.000174499,1
17.6,6,64.0,34.18126165,0.8,0.0,0.0,0,8,0,0.8,0.8,0.2,0.1,0.0,1.0,1.0,848,54,342,84.8,84.8,0.029461193,1
8.0,17,64.0,3.318639488,0.0,0.0,0.0,0,0,0,0.0,0.0,1.0,1.0,0.0,1.0,1.0,3420,342,342,342.0,342.0,0.401789618,1
20.0,6,64.0,39.30275924,1.0,0.0,0.0,0,10,0,1.0,1.0,0.0,0.0,0.0,1.0,1.0,540,54,54,54.0,54.0,0.028096104,1
12.0,17,57.6,6.916241221,0.4,0.0,0.0,0,4,0,0.4,0.4,0.5,0.5,0.1,0.9,0.9,1968,42,342,196.8,196.8,0.179590607,1
8.0,17,64.0,1.990841653,0.0,0.0,0.0,0,0,0,0.0,0.0,1.0,1.0,0.0,1.0,1.0,3420,342,342,342.0,342.0,0.602692819,1
20.0,6,64.0,5556.105444,1.0,0.0,0.0,0,10,0,1.0,1.0,0.0,0.0,0.0,1.0,1.0,540,54,54,54.0,54.0,0.000198603,1
12.8,17,64.0,4.97561898,0.4,0.0,0.0,0,4,0,0.2,0.4,0.6,0.6,0.0,1.0,1.0,2268,54,342,226.8,226.8,0.291665316,1
7.2,17,77.2,12.79846112,0.0,0.0,0.0,0,0,0,0.0,0.0,0.9,0.2,0.1,0.9,0.9,1474,42,342,147.4,147.4,0.078176904,1
17.6,6,64.0,47.11753479,0.8,0.0,0.0,0,8,0,0.7,0.8,0.2,0.2,0.0,1.0,1.0,1116,54,342,111.6,111.6,0.024184012,1
8.0,17,64.0,2.64815776,0.0,0.0,0.0,0,0,0,0.0,0.0,1.0,1.0,0.0,1.0,1.0,3420,342,342,342.0,342.0,0.478087497,1
8.0,17,64.0,2.00423056,0.0,0.0,0.0,0,0,0,0.0,0.0,1.0,1.0,0.0,1.0,1.0,3420,342,342,342.0,342.0,0.498951793,1
25.6,6,102.8,166.304028,0.2,0.0,1.0,10,2,0,1.0,1.0,0.0,0.0,0.0,1.0,1.0,658,54,86,65.8,65.8,0.006634688,1
20.0,6,62.0,40.36586493,0.9,0.1,0.1,1,9,1,1.0,1.0,0.0,0.0,0.0,1.0,1.0,540,54,54,54.0,54.0,0.027509403,1
16.4,6,64.0,47.09161316,0.7,0.0,0.0,0,7,0,0.0,0.7,0.3,0.3,0.0,1.0,1.0,1404,54,342,140.4,140.4,0.023840809,1
18.8,6,64.0,38.42605673,0.9,0.0,0.0,0,9,0,0.1,0.9,0.1,0.1,0.0,1.0,1.0,828,54,342,82.8,82.8,0.026173902,1
20.0,6,64.0,186.0810463,1.0,0.0,0.0,0,10,0,0.8,1.0,0.0,0.0,0.0,1.0,1.0,540,54,54,54.0,54.0,0.005594897,1
18.0,6,64.0,22.67327391,0.9,0.0,0.0,0,9,0,0.8,0.9,0.0,0.0,0.0,1.0,1.0,604,54,118,60.4,60.4,0.044331908,1
20.0,6,64.0,3946.465939,1.0,0.0,0.0,0,10,0,1.0,1.0,0.0,0.0,0.0,1.0,1.0,540,54,54,54.0,54.0,0.000284791,1
20.0,6,64.0,381.9288101,1.0,0.0,0.0,0,10,0,0.9,1.0,0.0,0.0,0.0,1.0,1.0,540,54,54,54.0,54.0,0.003019404,1
18.0,6,62.9,34.08689659,0.9,0.0,0.0,0,9,0,0.8,0.9,0.0,0.0,0.0,1.0,1.0,572,54,86,57.2,57.2,0.033332682,1
8.0,17,64.0,1.99028381,0.0,0.0,0.0,0,0,0,0.0,0.0,1.0,1.0,0.0,1.0,1.0,3420,342,342,342.0,342.0,0.502444506,1
13.2,6,73.1,12.27102548,0.5,0.0,0.0,0,5,0,0.0,0.5,0.4,0.0,0.0,1.0,1.0,798,54,148,79.8,79.8,0.084539485,1
12.8,17,60.5,2.48814391,0.0,0.0,0.2,2,0,0,0.0,0.2,0.8,0.8,0.0,1.0,1.0,2868,66,342,286.8,286.8,0.432663107,1
20.0,6,64.0,27.93476234,1.0,0.0,0.0,0,10,0,0.9,1.0,0.0,0.0,0.0,1.0,1.0,540,54,54,54.0,54.0,0.038440704,1
24.4,6,70.8,1680.342935,0.6,0.2,0.5,5,6,2,0.6,1.0,0.0,0.0,0.0,1.0,1.0,584,54,74,58.4,58.4,0.000600219,1
20.0,6,64.0,4385.97093,1.0,0.0,0.0,0,10,0,0.9,1.0,0.0,0.0,0.0,1.0,1.0,540,54,54,54.0,54.0,0.000251698,1
18.0,6,62.4,4743.614567,0.9,0.0,0.0,0,9,0,0.9,0.9,0.0,0.0,0.0,1.0,1.0,556,54,70,55.6,55.6,0.000229001,1
40.0,6,64.0,123.9341666,1.0,0.0,0.0,0,10,0,1.0,1.0,0.0,0.0,0.0,1.0,1.0,740,74,74,74.0,74.0,0.016062403,1
18.0,6,62.3,45.76116889,0.9,0.0,0.0,0,9,0,0.0,0.9,0.0,0.0,0.0,1.0,1.0,572,54,86,57.2,57.2,0.024492502,1
22.0,6,62.4,15.54320375,1.0,0.0,0.1,1,10,0,0.8,1.0,0.0,0.0,0.0,1.0,1.0,560,54,74,56.0,56.0,0.068980598,1
28.8,6,64.0,3629.546556,0.2,0.0,0.8,8,2,0,1.0,1.0,0.0,0.0,0.0,1.0,1.0,658,54,74,65.8,65.8,0.000318813,1
18.0,6,67.3,26.00468844,0.8,0.1,0.1,1,8,1,0.8,0.9,0.0,0.0,0.0,1.0,1.0,572,54,86,57.2,57.2,0.043060613,1
16.8,6,57.6,32.36747775,0.8,0.0,0.0,0,8,0,0.0,0.8,0.1,0.1,0.1,0.9,0.9,816,42,342,81.6,81.6,0.034842396,1
18.8,6,55.4,25.22164454,0.4,0.0,0.2,2,4,0,0.5,0.6,0.3,0.3,0.1,0.9,0.9,1436,42,342,143.6,143.6,0.053334188,1
20.0,6,64.0,7867.762146,1.0,0.0,0.0,0,10,0,1.0,1.0,0.0,0.0,0.0,1.0,1.0,540,54,54,54.0,54.0,0.000139284,1
18.8,6,64.0,22.0805603,0.9,0.0,0.0,0,9,0,0.9,0.9,0.1,0.1,0.0,1.0,1.0,828,54,342,82.8,82.8,0.046101594,1
14.0,6,64.0,63.47350771,0.5,0.0,0.0,0,5,0,0.0,0.5,0.5,0.5,0.0,1.0,1.0,1980,54,342,198.0,198.0,0.017071986,1
15.6,6,62.3,46.80045971,0.7,0.0,0.0,0,7,0,0.7,0.7,0.2,0.2,0.0,1.0,1.0,1148,54,342,114.8,114.8,0.023975611,1
20.0,6,62.3,6369.482156,0.9,0.1,0.1,1,9,1,1.0,1.0,0.0,0.0,0.0,1.0,1.0,540,54,54,54.0,54.0,0.000176597,1
16.0,6,80.2,48.79883748,0.8,0.0,0.0,0,8,0,0.0,0.8,0.0,0.0,0.0,1.0,1.0,628,54,110,62.8,62.8,0.02343998,1
8.0,17,64.0,1.990735918,0.0,0.0,0.0,0,0,0,0.0,0.0,1.0,1.0,0.0,1.0,1.0,3420,342,342,342.0,342.0,0.502326798,1
18.8,6,64.0,25.52323091,0.9,0.0,0.0,0,9,0,0.8,0.9,0.1,0.0,0.0,1.0,1.0,562,54,76,56.2,56.2,0.042160392,1
20.0,6,63.0,34.00608725,0.9,0.1,0.1,1,9,1,0.9,1.0,0.0,0.0,0.0,1.0,1.0,540,54,54,54.0,54.0,0.03392489,1
18.0,6,82.3,35.93037859,0.9,0.0,0.0,0,9,0,0.9,0.9,0.0,0.0,0.0,1.0,1.0,556,54,70,55.6,55.6,0.031093597,1
20.0,6,64.0,3585.794648,1.0,0.0,0.0,0,10,0,1.0,1.0,0.0,0.0,0.0,1.0,1.0,540,54,54,54.0,54.0,0.000310779,1
16.8,6,62.5,50.68063485,0.8,0.0,0.0,0,8,0,0.0,0.8,0.1,0.1,0.0,1.0,1.0,860,54,342,86.0,86.0,0.019924402,1
20.0,6,64.0,39.27100177,1.0,0.0,0.0,0,10,0,1.0,1.0,0.0,0.0,0.0,1.0,1.0,540,54,54,54.0,54.0,0.028178501,1
22.0,6,62.3,33.13407981,1.0,0.0,0.1,1,10,0,0.9,1.0,0.0,0.0,0.0,1.0,1.0,560,54,74,56.0,56.0,0.033098412,1
18.8,6,64.0,40.37631774,0.9,0.0,0.0,0,9,0,0.8,0.9,0.1,0.1,0.0,1.0,1.0,828,54,342,82.8,82.8,0.024779916,1
20.0,6,64.0,39.70995091,1.0,0.0,0.0,0,10,0,0.0,1.0,0.0,0.0,0.0,1.0,1.0,540,54,54,54.0,54.0,0.027770996,1
9.2,17,64.0,2.2607693,0.1,0.0,0.0,0,1,0,0.1,0.1,0.9,0.9,0.0,1.0,1.0,3132,54,342,313.2,313.2,0.486678195,1
8.0,17,64.0,1.992841305,0.0,0.0,0.0,0,0,0,0.0,0.0,1.0,1.0,0.0,1.0,1.0,3420,342,342,342.0,342.0,0.602100897,1
20.0,6,64.0,44.87628887,1.0,0.0,0.0,0,10,0,0.9,1.0,0.0,0.0,0.0,1.0,1.0,540,54,54,54.0,54.0,0.024878287,1
20.0,6,64.0,5675.648173,1.0,0.0,0.0,0,10,0,1.0,1.0,0.0,0.0,0.0,1.0,1.0,540,54,54,54.0,54.0,0.000195193,1
18.0,6,96.3,890.6238587,0.6,0.3,0.3,3,6,3,0.9,0.9,0.0,0.0,0.0,1.0,1.0,556,54,70,55.6,55.6,0.001137304,1
20.0,6,64.0,34.98717063,1.0,0.0,0.0,0,10,0,0.0,1.0,0.0,0.0,0.0,1.0,1.0,540,54,54,54.0,54.0,0.031118989,1
20.0,6,64.0,7751.43966,1.0,0.0,0.0,0,10,0,1.0,1.0,0.0,0.0,0.0,1.0,1.0,540,54,54,54.0,54.0,0.000143313,1
12.0,6,76.8,59.72214272,0.6,0.0,0.0,0,6,0,0.0,0.6,0.0,0.0,0.0,1.0,1.0,692,54,110,69.2,69.2,0.017989492,1
18.0,6,81.5,45.33216318,0.9,0.0,0.0,0,9,0,0.9,0.9,0.0,0.0,0.0,1.0,1.0,572,54,86,57.2,57.2,0.02456131,1
20.0,6,64.0,6434.955508,1.0,0.0,0.0,0,10,0,0.9,1.0,0.0,0.0,0.0,1.0,1.0,540,54,54,54.0,54.0,0.000178289,1
21.2,6,62.0,3822.734233,0.9,0.0,0.1,1,9,0,1.0,1.0,0.0,0.0,0.0,1.0,1.0,552,54,66,55.2,55.2,0.000291109,1
17.6,6,64.0,45.91430608,0.8,0.0,0.0,0,8,0,0.8,0.8,0.2,0.2,0.0,1.0,1.0,1116,54,342,111.6,111.6,0.02461369,1
20.0,6,64.0,6476.689314,1.0,0.0,0.0,0,10,0,1.0,1.0,0.0,0.0,0.0,1.0,1.0,540,54,54,54.0,54.0,0.000169802,1
20.0,6,64.0,5611.859781,1.0,0.0,0.0,0,10,0,1.0,1.0,0.0,0.0,0.0,1.0,1.0,540,54,54,54.0,54.0,0.00019691,1
14.0,17,49.5,3.322635497,0.2,0.1,0.1,1,2,1,0.0,0.3,0.5,0.5,0.2,0.8,0.8,1996,42,342,199.6,199.6,0.300967407,1
21.2,6,69.2,227.1341153,0.9,0.0,0.1,1,9,0,1.0,1.0,0.0,0.0,0.0,1.0,1.0,552,54,66,55.2,55.2,0.005278301,1
8.0,17,64.0,1.677223062,0.0,0.0,0.0,0,0,0,0.0,0.0,1.0,1.0,0.0,1.0,1.0,3420,342,342,342.0,342.0,0.596460295,1
18.0,6,81.4,37.36390645,0.9,0.0,0.0,0,9,0,0.0,0.9,0.0,0.0,0.0,1.0,1.0,556,54,70,55.6,55.6,0.029554677,1
16.8,6,97.5,59.53192619,0.5,0.1,0.2,2,5,1,0.5,0.6,0.3,0.3,0.0,1.0,1.0,1444,54,342,144.4,144.4,0.017406392,1
8.0,17,83.1,3.315204573,0.0,0.0,0.0,0,0,0,0.0,0.0,1.0,0.9,0.0,1.0,1.0,3165,87,342,316.5,316.5,0.40197401,1
20.0,6,60.6,4812.741251,0.8,0.2,0.2,2,8,2,1.0,1.0,0.0,0.0,0.0,1.0,1.0,540,54,54,54.0,54.0,0.000222588,1
20.0,6,64.0,38.79440824,1.0,0.0,0.0,0,10,0,0.0,1.0,0.0,0.0,0.0,1.0,1.0,540,54,54,54.0,54.0,0.028427911,1
18.0,6,62.6,36.38958851,0.9,0.0,0.0,0,9,0,0.9,0.9,0.0,0.0,0.0,1.0,1.0,572,54,86,57.2,57.2,0.030500197,1
20.0,6,64.0,141.9344185,1.0,0.0,0.0,0,10,0,0.9,1.0,0.0,0.0,0.0,1.0,1.0,540,54,54,54.0,54.0,0.007159901,1
18.0,6,55.4,38.82831058,0.8,0.1,0.1,1,8,1,0.7,0.9,0.0,0.0,0.1,0.9,0.9,528,42,54,52.8,52.8,0.02613039,1
8.0,17,64.0,2.488014028,0.0,0.0,0.0,0,0,0,0.0,0.0,1.0,1.0,0.0,1.0,1.0,3420,342,342,342.0,342.0,0.502268195,1
20.0,6,64.0,6793.495303,1.0,0.0,0.0,0,10,0,1.0,1.0,0.0,0.0,0.0,1.0,1.0,540,54,54,54.0,54.0,0.000162911,1
17.6,6,64.0,38.09682286,0.8,0.0,0.0,0,8,0,0.7,0.8,0.2,0.2,0.0,1.0,1.0,1116,54,342,111.6,111.6,0.026421118,1
20.0,6,62.9,43.51398177,0.9,0.1,0.1,1,9,1,0.8,1.0,0.0,0.0,0.0,1.0,1.0,540,54,54,54.0,54.0,0.02566731,1
16.4,6,64.0,40.42885798,0.7,0.0,0.0,0,7,0,0.6,0.7,0.3,0.3,0.0,1.0,1.0,1404,54,342,140.4,140.4,0.027511907,1
20.0,6,64.0,5903.31316,1.0,0.0,0.0,0,10,0,1.0,1.0,0.0,0.0,0.0,1.0,1.0,540,54,54,54.0,54.0,0.000190401,1
15.2,6,64.0,3.471468854,0.6,0.0,0.0,0,6,0,0.6,0.6,0.4,0.4,0.0,1.0,1.0,1692,54,342,169.2,169.2,0.290820003,1
14.4,6,67.2,82.58714932,0.5,0.1,0.0,0,5,1,0.1,0.6,0.3,0.3,0.0,1.0,1.0,1436,54,342,143.6,143.6,0.014910507,1
20.0,6,64.0,6071.661841,1.0,0.0,0.0,0,10,0,1.0,1.0,0.0,0.0,0.0,1.0,1.0,540,54,54,54.0,54.0,0.0001899,1
20.0,6,80.0,28.31024265,0.9,0.0,0.1,1,9,0,0.8,0.9,0.0,0.0,0.0,1.0,1.0,576,54,74,57.6,57.6,0.038446808,1
20.4,6,60.7,41.98645399,0.8,0.2,0.2,2,8,2,0.1,1.0,0.0,0.0,0.0,1.0,1.0,544,54,58,54.4,54.4,0.026364994,1
18.4,6,65.4,54.79119067,0.7,0.2,0.2,2,7,2,0.8,0.9,0.0,0.0,0.0,1.0,1.0,576,54,86,57.6,57.6,0.020820808,1
27.2,6,64.0,38.55168667,0.6,0.0,0.0,0,6,0,0.6,0.6,0.4,0.4,0.0,1.0,1.0,1812,74,342,181.2,181.2,0.030169296,1
17.6,6,64.0,40.31592941,0.8,0.0,0.0,0,8,0,0.0,0.8,0.2,0.2,0.0,1.0,1.0,1116,54,342,111.6,111.6,0.027748394,1
20.0,6,64.0,445.7520591,1.0,0.0,0.0,0,10,0,1.0,1.0,0.0,0.0,0.0,1.0,1.0,540,54,54,54.0,54.0,0.002378798,1
20.0,6,64.0,3973.007483,1.0,0.0,0.0,0,10,0,1.0,1.0,0.0,0.0,0.0,1.0,1.0,540,54,54,54.0,54.0,0.000275517,1
20.0,6,64.0,5966.29303,1.0,0.0,0.0,0,10,0,1.0,1.0,0.0,0.0,0.0,1.0,1.0,540,54,54,54.0,54.0,0.000180602,1
20.0,6,64.0,42.97231284,1.0,0.0,0.0,0,10,0,1.0,1.0,0.0,0.0,0.0,1.0,1.0,540,54,54,54.0,54.0,0.025772309,1
20.0,6,64.0,286.0897086,1.0,0.0,0.0,0,10,0,0.9,1.0,0.0,0.0,0.0,1.0,1.0,540,54,54,54.0,54.0,0.003917503,1
20.0,6,62.3,42.75770251,0.9,0.1,0.1,1,9,1,1.0,1.0,0.0,0.0,0.0,1.0,1.0,540,54,54,54.0,54.0,0.026624894,1
20.0,6,64.0,86.16674131,1.0,0.0,0.0,0,10,0,1.0,1.0,0.0,0.0,0.0,1.0,1.0,540,54,54,54.0,54.0,0.011647701,1
15.2,6,81.4,74.95463554,0.5,0.1,0.1,1,5,1,0.6,0.6,0.4,0.4,0.0,1.0,1.0,1692,54,342,169.2,169.2,0.013342214,1
20.0,6,64.0,3714.403117,1.0,0.0,0.0,0,10,0,0.0,1.0,0.0,0.0,0.0,1.0,1.0,540,54,54,54.0,54.0,0.000299311,1
20.0,6,64.0,39.4180387,1.0,0.0,0.0,0,10,0,0.1,1.0,0.0,0.0,0.0,1.0,1.0,540,54,54,54.0,54.0,0.02801671,1
20.0,6,64.0,5301.863228,1.0,0.0,0.0,0,10,0,1.0,1.0,0.0,0.0,0.0,1.0,1.0,540,54,54,54.0,54.0,0.000205803,1
18.8,6,64.0,45.42131333,0.9,0.0,0.0,0,9,0,0.0,0.9,0.1,0.1,0.0,1.0,1.0,828,54,342,82.8,82.8,0.023733401,1
11.2,17,64.0,2.486513097,0.1,0.0,0.0,0,1,0,0.0,0.1,0.9,0.9,0.0,1.0,1.0,3152,74,342,315.2,315.2,0.417475414,1
20.0,6,64.0,38.72363448,1.0,0.0,0.0,0,10,0,0.2,1.0,0.0,0.0,0.0,1.0,1.0,540,54,54,54.0,54.0,0.02867682,1
12.8,17,64.0,3.723962343,0.4,0.0,0.0,0,4,0,0.4,0.4,0.6,0.6,0.0,1.0,1.0,2268,54,342,226.8,226.8,0.268725491,1
18.0,6,62.7,3750.942586,0.9,0.0,0.0,0,9,0,0.9,0.9,0.0,0.0,0.0,1.0,1.0,572,54,86,57.2,57.2,0.000300097,1
17.6,6,64.0,12.89467163,0.8,0.0,0.0,0,8,0,0.8,0.8,0.2,0.2,0.0,1.0,1.0,1116,54,342,111.6,111.6,0.091928911,1
20.0,6,62.2,36.91291682,0.9,0.1,0.1,1,9,1,1.0,1.0,0.0,0.0,0.0,1.0,1.0,540,54,54,54.0,54.0,0.030457187,1
20.0,6,64.0,6698.02619,1.0,0.0,0.0,0,10,0,1.0,1.0,0.0,0.0,0.0,1.0,1.0,540,54,54,54.0,54.0,0.000167894,1
20.0,6,64.0,6176.268591,1.0,0.0,0.0,0,10,0,1.0,1.0,0.0,0.0,0.0,1.0,1.0,540,54,54,54.0,54.0,0.000181293,1
8.0,17,64.0,3.04247389,0.0,0.0,0.0,0,0,0,0.0,0.0,1.0,0.9,0.0,1.0,1.0,3153,75,342,315.3,315.3,0.429046798,1
8.0,17,64.0,3.318120713,0.0,0.0,0.0,0,0,0,0.0,0.0,1.0,1.0,0.0,1.0,1.0,3420,342,342,342.0,342.0,0.401735997,1
17.6,6,64.0,45.83372764,0.8,0.0,0.0,0,8,0,0.0,0.8,0.2,0.2,0.0,1.0,1.0,1116,54,342,111.6,111.6,0.024647188,1
6.4,17,51.2,2.488553868,0.0,0.0,0.0,0,0,0,0.0,0.0,0.8,0.8,0.2,0.8,0.8,2820,42,342,282.0,282.0,0.401855302,1
22.8,6,62.4,35.16593193,0.7,0.0,0.2,2,7,0,0.2,0.8,0.2,0.2,0.0,1.0,1.0,1168,54,342,116.8,116.8,0.029506302,1
16.8,6,77.7,16.44885733,0.6,0.2,0.2,2,6,2,0.1,0.8,0.1,0.1,0.0,1.0,1.0,860,54,342,86.0,86.0,0.060795307,1
20.0,6,64.0,5800.448071,1.0,0.0,0.0,0,10,0,1.0,1.0,0.0,0.0,0.0,1.0,1.0,540,54,54,54.0,54.0,0.000189495,1
20.0,6,64.0,38.19521128,1.0,0.0,0.0,0,10,0,1.0,1.0,0.0,0.0,0.0,1.0,1.0,540,54,54,54.0,54.0,0.026897883,1
20.4,6,81.2,3537.407439,1.0,0.0,0.1,1,10,0,0.9,1.0,0.0,0.0,0.0,1.0,1.0,544,54,58,54.4,54.4,0.000315189,1
20.0,6,64.0,34.84295225,1.0,0.0,0.0,0,10,0,0.0,1.0,0.0,0.0,0.0,1.0,1.0,540,54,54,54.0,54.0,0.030367088,1
16.0,6,96.8,49.20893628,0.7,0.1,0.1,1,7,1,0.7,0.8,0.0,0.0,0.0,1.0,1.0,572,54,70,57.2,57.2,0.024879909,1
20.0,6,64.0,5636.747749,1.0,0.0,0.0,0,10,0,1.0,1.0,0.0,0.0,0.0,1.0,1.0,540,54,54,54.0,54.0,0.000197196,1
15.2,6,64.0,35.17843753,0.6,0.0,0.0,0,6,0,0.6,0.6,0.4,0.4,0.0,1.0,1.0,1692,54,342,169.2,169.2,0.031457496,1
20.4,6,57.6,46.11968477,0.8,0.1,0.3,3,8,1,0.7,0.9,0.0,0.0,0.0,1.0,1.0,580,54,74,58.0,58.0,0.025281215,1
20.0,6,64.0,40.89729614,1.0,0.0,0.0,0,10,0,1.0,1.0,0.0,0.0,0.0,1.0,1.0,540,54,54,54.0,54.0,0.027168202,1
40.0,6,64.0,41.68281419,1.0,0.0,0.0,0,10,0,1.0,1.0,0.0,0.0,0.0,1.0,1.0,740,74,74,74.0,74.0,0.024003792,1
20.0,6,62.0,50.16473988,0.9,0.1,0.1,1,9,1,0.7,1.0,0.0,0.0,0.0,1.0,1.0,540,54,54,54.0,54.0,0.022180319,1
20.0,6,64.0,5073.55026,1.0,0.0,0.0,0,10,0,0.9,1.0,0.0,0.0,0.0,1.0,1.0,540,54,54,54.0,54.0,0.000218201,1
22.8,6,59.3,594.5993762,0.1,0.5,0.9,9,1,5,1.0,1.0,0.0,0.0,0.0,1.0,1.0,568,54,66,56.8,56.8,0.002437401,1
20.0,6,64.0,4558.03521,1.0,0.0,0.0,0,10,0,1.0,1.0,0.0,0.0,0.0,1.0,1.0,540,54,54,54.0,54.0,0.000238204,1
8.0,17,64.0,2.494267585,0.0,0.0,0.0,0,0,0,0.0,0.0,1.0,1.0,0.0,1.0,1.0,3420,342,342,342.0,342.0,0.40111239,1
20.0,6,64.0,5368.365545,1.0,0.0,0.0,0,10,0,1.0,1.0,0.0,0.0,0.0,1.0,1.0,540,54,54,54.0,54.0,0.000215578,1
20.0,6,64.0,5319.345593,1.0,0.0,0.0,0,10,0,1.0,1.0,0.0,0.0,0.0,1.0,1.0,540,54,54,54.0,54.0,0.000209999,1
21.2,6,79.6,48.60408388,0.9,0.0,0.2,2,9,0,0.2,0.9,0.1,0.1,0.0,1.0,1.0,852,54,342,85.2,85.2,0.02548039,1
18.8,6,64.0,41.06084769,0.9,0.0,0.0,0,9,0,0.8,0.9,0.1,0.1,0.0,1.0,1.0,828,54,342,82.8,82.8,0.027857614,1
20.0,6,64.0,5515.917938,1.0,0.0,0.0,0,10,0,1.0,1.0,0.0,0.0,0.0,1.0,1.0,540,54,54,54.0,54.0,0.00019381,1
20.4,6,80.2,5277.181681,0.7,0.0,0.2,2,7,0,0.9,0.9,0.0,0.0,0.0,1.0,1.0,614,54,86,61.4,61.4,0.000210381,1
17.6,6,64.0,52.57403577,0.8,0.0,0.0,0,8,0,0.7,0.8,0.2,0.2,0.0,1.0,1.0,1116,54,342,111.6,111.6,0.022304296,1
13.6,17,74.6,9.956462033,0.3,0.0,0.0,0,3,0,0.3,0.3,0.7,0.3,0.0,1.0,1.0,1622,54,342,162.2,162.2,0.100620985,1
18.0,6,57.6,21.16231947,0.9,0.0,0.0,0,9,0,0.8,0.9,0.0,0.0,0.1,0.9,0.9,528,42,54,52.8,52.8,0.072014999,1
18.8,6,64.0,66.83329695,0.5,0.0,0.2,2,5,0,0.6,0.7,0.3,0.3,0.0,1.0,1.0,1428,54,342,142.8,142.8,0.014965415,1
27.2,6,64.0,126.6510855,0.6,0.0,0.0,0,6,0,0.6,0.6,0.4,0.4,0.0,1.0,1.0,1812,74,342,181.2,181.2,0.007906818,1
20.0,6,64.0,39.54178596,1.0,0.0,0.0,0,10,0,1.0,1.0,0.0,0.0,0.0,1.0,1.0,540,54,54,54.0,54.0,0.028133702,1
20.0,6,64.0,303.5281688,1.0,0.0,0.0,0,10,0,0.9,1.0,0.0,0.0,0.0,1.0,1.0,540,54,54,54.0,54.0,0.004639697,1
20.0,6,64.0,3907.858008,1.0,0.0,0.0,0,10,0,1.0,1.0,0.0,0.0,0.0,1.0,1.0,540,54,54,54.0,54.0,0.000271702,1
20.0,6,64.0,5246.158849,1.0,0.0,0.0,0,10,0,1.0,1.0,0.0,0.0,0.0,1.0,1.0,540,54,54,54.0,54.0,0.000211,1
18.0,6,62.1,6751.938184,0.9,0.0,0.0,0,9,0,0.9,0.9,0.0,0.0,0.0,1.0,1.0,572,54,86,57.2,57.2,0.000165987,1
6.4,17,51.2,3.042437697,0.0,0.0,0.0,0,0,0,0.0,0.0,0.8,0.8,0.2,0.8,0.8,2820,42,342,282.0,282.0,0.422086716,1
6.0,17,56.2,3.655709745,0.0,0.1,0.1,1,0,1,0.1,0.1,0.5,0.5,0.4,0.6,0.6,1932,42,342,193.2,193.2,0.282091498,1
14.4,17,64.0,2.622032579,0.2,0.0,0.0,0,2,0,0.0,0.2,0.8,0.8,0.0,1.0,1.0,2884,74,342,288.4,288.4,0.401791501,1
20.0,6,64.0,3233.102598,1.0,0.0,0.0,0,10,0,1.0,1.0,0.0,0.0,0.0,1.0,1.0,540,54,54,54.0,54.0,0.000333691,1
18.0,6,62.5,2723.927783,0.9,0.0,0.0,0,9,0,0.9,0.9,0.0,0.0,0.0,1.0,1.0,572,54,86,57.2,57.2,0.000401211,1
18.0,6,81.8,49.553519,0.9,0.0,0.0,0,9,0,0.8,0.9,0.0,0.0,0.0,1.0,1.0,556,54,70,55.6,55.6,0.022590899,1
15.6,6,81.6,49.77079091,0.7,0.0,0.0,0,7,0,0.7,0.7,0.2,0.2,0.0,1.0,1.0,1150,54,342,115.0,115.0,0.022838902,1
20.0,6,64.0,581.774603,1.0,0.0,0.0,0,10,0,1.0,1.0,0.0,0.0,0.0,1.0,1.0,540,54,54,54.0,54.0,0.006309891,1
8.0,17,64.0,2.602477051,0.0,0.0,0.0,0,0,0,0.0,0.0,1.0,1.0,0.0,1.0,1.0,3420,342,342,342.0,342.0,0.384271717,1
8.0,17,64.0,inf,0.0,0.0,0.0,0,0,0,0.0,0.0,1.0,1.0,0.0,1.0,1.0,342,342,342,342.0,342.0,0.000247955,1
18.0,6,62.7,43.82620835,0.9,0.0,0.0,0,9,0,0.9,0.9,0.0,0.0,0.0,1.0,1.0,556,54,70,55.6,55.6,0.025451303,1
6.8,17,82.0,3.891244537,0.0,0.1,0.1,1,0,1,0.0,0.1,0.6,0.6,0.0,1.0,1.0,2348,54,342,234.8,234.8,0.269685984,1
9.6,17,51.2,3.01577523,0.1,0.0,0.0,0,1,0,0.0,0.1,0.7,0.7,0.2,0.8,0.8,2552,42,342,255.2,255.2,0.393630409,1
20.0,6,64.0,487.1206913,1.0,0.0,0.0,0,10,0,1.0,1.0,0.0,0.0,0.0,1.0,1.0,540,54,54,54.0,54.0,0.002451086,1
12.8,17,64.0,5.65031123,0.4,0.0,0.0,0,4,0,0.0,0.4,0.6,0.5,0.0,1.0,1.0,2008,54,342,200.8,200.8,0.248194098,1
16.66666667,6,61.83333333,44.44876505,0.833333333,0.0,0.0,0,5,0,0.666666667,0.833333333,0.0,0.0,0.0,1.0,1.0,356,54,86,59.33333333,59.33333333,0.025252978,1
20.0,6,81.6,39.49230549,0.9,0.1,0.1,1,9,1,0.9,1.0,0.0,0.0,0.0,1.0,1.0,540,54,54,54.0,54.0,0.027308106,1
20.0,6,64.0,40.18163773,1.0,0.0,0.0,0,10,0,0.9,1.0,0.0,0.0,0.0,1.0,1.0,540,54,54,54.0,54.0,0.027464485,1
18.0,6,62.7,37.43550564,0.9,0.0,0.0,0,9,0,0.8,0.9,0.0,0.0,0.0,1.0,1.0,572,54,86,57.2,57.2,0.027561498,1
20.0,6,64.0,34.49595068,1.0,0.0,0.0,0,10,0,0.9,1.0,0.0,0.0,0.0,1.0,1.0,540,54,54,54.0,54.0,0.030778098,1
20.0,6,64.0,23.79733448,1.0,0.0,0.0,0,10,0,0.9,1.0,0.0,0.0,0.0,1.0,1.0,540,54,54,54.0,54.0,0.046340108,1
20.4,6,62.3,29.74658372,0.9,0.1,0.1,1,9,1,0.9,1.0,0.0,0.0,0.0,1.0,1.0,544,54,58,54.4,54.4,0.038210917,1
20.0,6,64.0,40.42527312,1.0,0.0,0.0,0,10,0,0.9,1.0,0.0,0.0,0.0,1.0,1.0,540,54,54,54.0,54.0,0.027467513,1
17.6,6,64.0,35.78507306,0.8,0.0,0.0,0,8,0,0.7,0.8,0.2,0.2,0.0,1.0,1.0,1116,54,342,111.6,111.6,0.030671406,1
18.0,6,62.5,29.28238911,0.9,0.0,0.0,0,9,0,0.8,0.9,0.0,0.0,0.0,1.0,1.0,572,54,86,57.2,57.2,0.036776614,1
20.0,6,64.0,39.51131605,1.0,0.0,0.0,0,10,0,0.9,1.0,0.0,0.0,0.0,1.0,1.0,540,54,54,54.0,54.0,0.028186893,1
18.0,6,81.7,41.36435271,0.9,0.0,0.0,0,9,0,0.8,0.9,0.0,0.0,0.0,1.0,1.0,596,54,110,59.6,59.6,0.027382803,1
20.0,6,64.0,35.07911046,1.0,0.0,0.0,0,10,0,0.9,1.0,0.0,0.0,0.0,1.0,1.0,540,54,54,54.0,54.0,0.031024694,1
22.0,6,62.9,48.8705932,0.9,0.1,0.1,1,9,1,0.7,1.0,0.0,0.0,0.0,1.0,1.0,560,54,74,56.0,56.0,0.023368287,1
18.0,6,80.1,51.39486383,0.8,0.1,0.1,1,8,1,0.8,0.9,0.0,0.0,0.0,1.0,1.0,572,54,86,57.2,57.2,0.022143602,1
20.0,6,62.3,43.50093913,0.9,0.1,0.1,1,9,1,1.0,1.0,0.0,0.0,0.0,1.0,1.0,540,54,54,54.0,54.0,0.023647404,1
20.0,6,64.0,39.270965,1.0,0.0,0.0,0,10,0,0.9,1.0,0.0,0.0,0.0,1.0,1.0,540,54,54,54.0,54.0,0.029258418,1
17.6,6,61.7,34.3902809,0.7,0.1,0.1,1,7,1,0.7,0.8,0.2,0.2,0.0,1.0,1.0,1116,54,342,111.6,111.6,0.033961797,1
16.4,6,64.0,48.26303635,0.7,0.0,0.0,0,7,0,0.6,0.7,0.3,0.3,0.0,1.0,1.0,1404,54,342,140.4,140.4,0.025306702,1
12.8,17,51.2,3.319462353,0.2,0.0,0.0,0,2,0,0.0,0.2,0.6,0.6,0.2,0.8,0.8,2284,42,342,228.4,228.4,0.301461697,1
16.0,6,51.2,51.68142204,0.5,0.1,0.1,1,5,1,0.4,0.7,0.1,0.1,0.2,0.8,0.8,1172,42,422,117.2,117.2,0.019437003,1
20.0,6,64.0,38.17841883,1.0,0.0,0.0,0,10,0,0.9,1.0,0.0,0.0,0.0,1.0,1.0,540,54,54,54.0,54.0,0.029373908,1
20.0,6,64.0,35.44866697,1.0,0.0,0.0,0,10,0,0.9,1.0,0.0,0.0,0.0,1.0,1.0,540,54,54,54.0,54.0,0.0292629,1
18.0,6,62.5,38.40793523,0.9,0.0,0.0,0,9,0,0.8,0.9,0.0,0.0,0.0,1.0,1.0,572,54,86,57.2,57.2,0.028770685,1
17.6,6,64.0,47.58122482,0.8,0.0,0.0,0,8,0,0.7,0.8,0.2,0.2,0.0,1.0,1.0,1116,54,342,111.6,111.6,0.023540211,1
20.0,6,81.7,38.42369821,0.9,0.1,0.1,1,9,1,0.9,1.0,0.0,0.0,0.0,1.0,1.0,540,54,54,54.0,54.0,0.027942109,1
17.6,6,64.0,49.49364146,0.8,0.0,0.0,0,8,0,0.7,0.8,0.2,0.2,0.0,1.0,1.0,1116,54,342,111.6,111.6,0.022919703,1
16.0,6,49.9,54.91184499,0.7,0.1,0.1,1,7,1,0.7,0.8,0.0,0.0,0.2,0.8,0.8,516,42,54,51.6,51.6,0.021667409,1
18.0,6,62.5,36.93238623,0.9,0.0,0.0,0,9,0,0.8,0.9,0.0,0.0,0.0,1.0,1.0,572,54,86,57.2,57.2,0.030312109,1
20.0,6,64.0,25.07925043,1.0,0.0,0.0,0,10,0,0.9,1.0,0.0,0.0,0.0,1.0,1.0,540,54,54,54.0,54.0,0.042766595,1
23.6,6,62.3,14.64340789,0.6,0.0,0.2,2,6,0,0.7,0.7,0.3,0.3,0.0,1.0,1.0,1476,54,342,147.6,147.6,0.073131204,1
11.6,17,55.7,3.271511653,0.1,0.1,0.1,1,1,1,0.0,0.2,0.7,0.7,0.1,0.9,0.9,2564,42,342,256.4,256.4,0.3562253,1
20.0,6,62.3,36.7656304,0.9,0.1,0.1,1,9,1,1.0,1.0,0.0,0.0,0.0,1.0,1.0,540,54,54,54.0,54.0,0.030086398,1
18.0,6,62.1,40.98213195,0.9,0.0,0.0,0,9,0,0.8,0.9,0.0,0.0,0.0,1.0,1.0,556,54,70,55.6,55.6,0.027255177,1
20.0,6,64.0,40.48778746,1.0,0.0,0.0,0,10,0,0.9,1.0,0.0,0.0,0.0,1.0,1.0,540,54,54,54.0,54.0,0.027333212,1
20.0,6,64.0,40.06621814,1.0,0.0,0.0,0,10,0,0.9,1.0,0.0,0.0,0.0,1.0,1.0,540,54,54,54.0,54.0,0.02763629,1
20.0,6,64.0,34.6439138,1.0,0.0,0.0,0,10,0,0.9,1.0,0.0,0.0,0.0,1.0,1.0,540,54,54,54.0,54.0,0.029990697,1
20.0,6,62.5,38.42207909,0.9,0.1,0.1,1,9,1,0.9,1.0,0.0,0.0,0.0,1.0,1.0,540,54,54,54.0,54.0,0.028770685,1
17.6,6,64.0,29.48695434,0.8,0.0,0.0,0,8,0,0.7,0.8,0.2,0.2,0.0,1.0,1.0,1116,54,342,111.6,111.6,0.038718081,1
8.0,17,64.0,1.990823888,0.0,0.0,0.0,0,0,0,0.0,0.0,1.0,1.0,0.0,1.0,1.0,3420,342,342,342.0,342.0,0.502571511,1
20.0,6,64.0,35.08674011,1.0,0.0,0.0,0,10,0,0.9,1.0,0.0,0.0,0.0,1.0,1.0,540,54,54,54.0,54.0,0.031727505,1
18.0,6,62.6,43.12000041,0.9,0.0,0.0,0,9,0,0.9,0.9,0.0,0.0,0.0,1.0,1.0,556,54,70,55.6,55.6,0.025820708,1
17.6,6,64.0,26.5380145,0.8,0.0,0.0,0,8,0,0.7,0.8,0.2,0.2,0.0,1.0,1.0,1116,54,342,111.6,111.6,0.039467001,1
18.8,6,64.0,26.24356316,0.9,0.0,0.0,0,9,0,0.9,0.9,0.1,0.1,0.0,1.0,1.0,828,54,342,82.8,82.8,0.04288969,1
18.0,6,62.4,43.8135271,0.9,0.0,0.0,0,9,0,0.8,0.9,0.0,0.0,0.0,1.0,1.0,556,54,70,55.6,55.6,0.025605893,1
20.0,6,64.0,37.89402548,1.0,0.0,0.0,0,10,0,0.9,1.0,0.0,0.0,0.0,1.0,1.0,540,54,54,54.0,54.0,0.029343486,1
20.0,6,64.0,38.163412,1.0,0.0,0.0,0,10,0,0.9,1.0,0.0,0.0,0.0,1.0,1.0,540,54,54,54.0,54.0,0.028857708,1
20.0,6,62.3,41.27203919,0.9,0.1,0.1,1,9,1,0.9,1.0,0.0,0.0,0.0,1.0,1.0,540,54,54,54.0,54.0,0.027002287,1
18.0,6,62.4,37.0170024,0.8,0.0,0.1,1,8,0,0.7,0.8,0.2,0.2,0.0,1.0,1.0,1120,54,342,112.0,112.0,0.029802108,1
20.0,6,64.0,38.64510535,1.0,0.0,0.0,0,10,0,0.9,1.0,0.0,0.0,0.0,1.0,1.0,540,54,54,54.0,54.0,0.02937181,1
26.0,6,80.5,10.36648581,0.3,0.0,0.8,8,3,0,0.9,0.9,0.0,0.0,0.0,1.0,1.0,663,54,86,66.3,66.3,0.096512008,1
11.2,17,64.0,2.488540874,0.1,0.0,0.0,0,1,0,0.0,0.1,0.9,0.9,0.0,1.0,1.0,3152,74,342,315.2,315.2,0.401929593,1
20.0,6,64.0,36.81125637,1.0,0.0,0.0,0,10,0,0.9,1.0,0.0,0.0,0.0,1.0,1.0,540,54,54,54.0,54.0,0.029846311,1
18.0,6,62.1,43.51118304,0.9,0.0,0.0,0,9,0,0.8,0.9,0.0,0.0,0.0,1.0,1.0,572,54,86,57.2,57.2,0.027326202,1
18.0,6,57.6,45.44734872,0.9,0.0,0.0,0,9,0,0.8,0.9,0.0,0.0,0.1,0.9,0.9,528,42,54,52.8,52.8,0.024643993,1
17.6,6,64.0,37.9750292,0.8,0.0,0.0,0,8,0,0.8,0.8,0.2,0.2,0.0,1.0,1.0,1116,54,342,111.6,111.6,0.029468298,1
18.8,6,64.0,45.7186707,0.9,0.0,0.0,0,9,0,0.8,0.9,0.1,0.1,0.0,1.0,1.0,828,54,342,82.8,82.8,0.024808288,1
20.0,6,64.0,40.40389406,1.0,0.0,0.0,0,10,0,0.9,1.0,0.0,0.0,0.0,1.0,1.0,540,54,54,54.0,54.0,0.027640891,1
20.0,6,63.1,24.64723629,0.9,0.1,0.1,1,9,1,0.9,1.0,0.0,0.0,0.0,1.0,1.0,540,54,54,54.0,54.0,0.041507506,1
16.8,6,62.9,44.40122502,0.8,0.0,0.0,0,8,0,0.7,0.8,0.1,0.1,0.0,1.0,1.0,860,54,342,86.0,86.0,0.025259805,1
20.0,6,64.0,41.00829688,1.0,0.0,0.0,0,10,0,0.9,1.0,0.0,0.0,0.0,1.0,1.0,540,54,54,54.0,54.0,0.0271451,1
20.0,6,64.0,32.53388313,1.0,0.0,0.0,0,10,0,0.9,1.0,0.0,0.0,0.0,1.0,1.0,540,54,54,54.0,54.0,0.033741999,1
17.6,6,61.8,46.76330829,0.7,0.1,0.1,1,7,1,0.7,0.8,0.2,0.2,0.0,1.0,1.0,1116,54,342,111.6,111.6,0.024234486,1
17.6,6,64.0,50.80014728,0.8,0.0,0.0,0,8,0,0.7,0.8,0.2,0.2,0.0,1.0,1.0,1116,54,342,111.6,111.6,0.022516799,1
20.0,6,64.0,34.63504542,1.0,0.0,0.0,0,10,0,0.9,1.0,0.0,0.0,0.0,1.0,1.0,540,54,54,54.0,54.0,0.033481503,1
20.0,6,64.0,38.38993623,1.0,0.0,0.0,0,10,0,0.9,1.0,0.0,0.0,0.0,1.0,1.0,540,54,54,54.0,54.0,0.026831698,1
20.0,6,62.7,22.3304983,0.9,0.1,0.1,1,9,1,0.9,1.0,0.0,0.0,0.0,1.0,1.0,540,54,54,54.0,54.0,0.047042203,1
20.0,6,64.0,30.98438852,1.0,0.0,0.0,0,10,0,0.9,1.0,0.0,0.0,0.0,1.0,1.0,540,54,54,54.0,54.0,0.034972501,1
18.0,6,62.6,43.3037298,0.9,0.0,0.0,0,9,0,0.9,0.9,0.0,0.0,0.0,1.0,1.0,572,54,86,57.2,57.2,0.025837207,1
20.0,6,64.0,24.95271286,1.0,0.0,0.0,0,10,0,0.9,1.0,0.0,0.0,0.0,1.0,1.0,540,54,54,54.0,54.0,0.044901609,1
11.2,17,64.0,2.488874162,0.1,0.0,0.0,0,1,0,0.0,0.1,0.9,0.9,0.0,1.0,1.0,3152,74,342,315.2,315.2,0.401924992,1
17.6,6,64.0,48.67385542,0.8,0.0,0.0,0,8,0,0.8,0.8,0.2,0.2,0.0,1.0,1.0,1116,54,342,111.6,111.6,0.023254919,1
20.0,6,64.0,30.89585595,1.0,0.0,0.0,0,10,0,0.9,1.0,0.0,0.0,0.0,1.0,1.0,540,54,54,54.0,54.0,0.036418915,1
20.0,6,64.0,37.02893062,1.0,0.0,0.0,0,10,0,0.9,1.0,0.0,0.0,0.0,1.0,1.0,540,54,54,54.0,54.0,0.029883289,1
20.0,6,64.0,36.18324615,1.0,0.0,0.0,0,10,0,0.9,1.0,0.0,0.0,0.0,1.0,1.0,540,54,54,54.0,54.0,0.030417681,1
17.6,6,64.0,50.82175265,0.8,0.0,0.0,0,8,0,0.7,0.8,0.2,0.2,0.0,1.0,1.0,1116,54,342,111.6,111.6,0.022443914,1
16.8,6,62.3,35.1448047,0.8,0.0,0.0,0,8,0,0.7,0.8,0.1,0.1,0.0,1.0,1.0,844,54,342,84.4,84.4,0.0287467,1
21.2,6,62.6,59.44165177,0.8,0.1,0.1,1,8,1,0.8,0.9,0.1,0.1,0.0,1.0,1.0,852,54,342,85.2,85.2,0.0195575,1
20.0,6,64.0,39.38465237,1.0,0.0,0.0,0,10,0,0.9,1.0,0.0,0.0,0.0,1.0,1.0,540,54,54,54.0,54.0,0.028204703,1
18.0,6,62.6,44.23368118,0.9,0.0,0.0,0,9,0,0.9,0.9,0.0,0.0,0.0,1.0,1.0,556,54,70,55.6,55.6,0.026579094,1
18.0,6,81.5,42.69602713,0.9,0.0,0.0,0,9,0,0.8,0.9,0.0,0.0,0.0,1.0,1.0,556,54,70,55.6,55.6,0.025723696,1
20.0,6,64.0,40.73504232,1.0,0.0,0.0,0,10,0,0.9,1.0,0.0,0.0,0.0,1.0,1.0,540,54,54,54.0,54.0,0.024839783,1
20.0,6,62.3,37.79806626,0.9,0.1,0.1,1,9,1,0.9,1.0,0.0,0.0,0.0,1.0,1.0,540,54,54,54.0,54.0,0.029236794,1
20.0,6,64.0,36.90690788,1.0,0.0,0.0,0,10,0,0.9,1.0,0.0,0.0,0.0,1.0,1.0,540,54,54,54.0,54.0,0.029871011,1
17.6,6,64.0,48.75334617,0.8,0.0,0.0,0,8,0,0.8,0.8,0.2,0.2,0.0,1.0,1.0,1116,54,342,111.6,111.6,0.022518897,1
22.0,6,64.0,45.6483633,1.0,0.0,0.0,0,10,0,0.8,1.0,0.0,0.0,0.0,1.0,1.0,560,54,74,56.0,56.0,0.024460483,1
19.2,6,59.5,60.42185632,0.7,0.2,0.2,2,7,2,0.9,0.9,0.1,0.1,0.0,1.0,1.0,832,54,342,83.2,83.2,0.018593407,1
20.0,6,64.0,32.72732096,1.0,0.0,0.0,0,10,0,0.9,1.0,0.0,0.0,0.0,1.0,1.0,540,54,54,54.0,54.0,0.033344007,1
17.6,6,64.0,40.75978349,0.8,0.0,0.0,0,8,0,0.8,0.8,0.2,0.2,0.0,1.0,1.0,1116,54,342,111.6,111.6,0.02918129,1
20.0,6,64.0,40.11473091,1.0,0.0,0.0,0,10,0,0.9,1.0,0.0,0.0,0.0,1.0,1.0,540,54,54,54.0,54.0,0.027690792,1
22.0,6,64.0,42.73047723,1.0,0.0,0.0,0,10,0,0.8,1.0,0.0,0.0,0.0,1.0,1.0,560,54,74,56.0,56.0,0.026239395,1
14.4,6,81.5,62.89066155,0.6,0.0,0.0,0,6,0,0.6,0.6,0.3,0.3,0.0,1.0,1.0,1420,54,342,142.0,142.0,0.018663812,1
20.0,6,64.0,35.6072014,1.0,0.0,0.0,0,10,0,0.9,1.0,0.0,0.0,0.0,1.0,1.0,540,54,54,54.0,54.0,0.030638003,1
18.0,6,62.2,45.41467392,0.9,0.0,0.0,0,9,0,0.8,0.9,0.0,0.0,0.0,1.0,1.0,556,54,70,55.6,55.6,0.024732709,1
17.6,6,57.6,24.72017365,0.7,0.0,0.0,0,7,0,0.6,0.7,0.2,0.2,0.1,0.9,0.9,1124,42,342,112.4,112.4,0.046519184,1
19.6,6,64.0,55.0063999,0.8,0.0,0.0,0,8,0,0.7,0.8,0.2,0.2,0.0,1.0,1.0,1136,54,342,113.6,113.6,0.020934105,1
18.8,6,64.0,38.48921068,0.9,0.0,0.0,0,9,0,0.8,0.9,0.1,0.1,0.0,1.0,1.0,828,54,342,82.8,82.8,0.028940201,1
18.8,6,64.0,39.50134346,0.9,0.0,0.0,0,9,0,0.8,0.9,0.1,0.1,0.0,1.0,1.0,828,54,342,82.8,82.8,0.028105712,1
20.0,6,64.0,36.3473949,1.0,0.0,0.0,0,10,0,0.9,1.0,0.0,0.0,0.0,1.0,1.0,540,54,54,54.0,54.0,0.030870891,1
17.6,6,64.0,41.97271471,0.8,0.0,0.0,0,8,0,0.7,0.8,0.2,0.2,0.0,1.0,1.0,1116,54,342,111.6,111.6,0.027390122,1
19.6,6,64.0,54.38354868,0.8,0.0,0.0,0,8,0,0.6,0.8,0.2,0.2,0.0,1.0,1.0,1136,54,342,113.6,113.6,0.021329618,1
20.0,6,79.6,46.93289888,0.8,0.2,0.2,2,8,2,0.9,1.0,0.0,0.0,0.0,1.0,1.0,540,54,54,54.0,54.0,0.023937798,1
14.0,6,49.6,46.93825616,0.7,0.0,0.0,0,7,0,0.7,0.7,0.0,0.0,0.2,0.8,0.8,548,42,86,54.8,54.8,0.02416389,1
20.0,6,64.0,35.47646154,1.0,0.0,0.0,0,10,0,0.9,1.0,0.0,0.0,0.0,1.0,1.0,540,54,54,54.0,54.0,0.030924988,1
18.8,6,64.0,42.47202912,0.9,0.0,0.0,0,9,0,0.8,0.9,0.1,0.1,0.0,1.0,1.0,828,54,342,82.8,82.8,0.026627111,1
20.0,6,64.0,39.46001835,1.0,0.0,0.0,0,10,0,0.9,1.0,0.0,0.0,0.0,1.0,1.0,540,54,54,54.0,54.0,0.028186512,1
16.4,6,81.6,62.92585519,0.6,0.1,0.1,1,6,1,0.6,0.7,0.3,0.3,0.0,1.0,1.0,1404,54,342,140.4,140.4,0.017399406,1
20.0,6,64.0,35.87791444,1.0,0.0,0.0,0,10,0,0.9,1.0,0.0,0.0,0.0,1.0,1.0,540,54,54,54.0,54.0,0.0307019,1
18.0,6,57.6,46.58096716,0.9,0.0,0.0,0,9,0,0.8,0.9,0.0,0.0,0.1,0.9,0.9,528,42,54,52.8,52.8,0.024315906,1
18.0,6,62.8,34.24975686,0.9,0.0,0.0,0,9,0,0.8,0.9,0.0,0.0,0.0,1.0,1.0,572,54,86,57.2,57.2,0.03188529,1
18.0,6,57.6,37.62976573,0.9,0.0,0.0,0,9,0,0.8,0.9,0.0,0.0,0.1,0.9,0.9,528,42,54,52.8,52.8,0.029783607,1
20.0,6,61.8,38.50896458,0.9,0.1,0.1,1,9,1,0.9,1.0,0.0,0.0,0.0,1.0,1.0,540,54,54,54.0,54.0,0.028730798,1
20.0,6,64.0,26.21390849,1.0,0.0,0.0,0,10,0,0.9,1.0,0.0,0.0,0.0,1.0,1.0,540,54,54,54.0,54.0,0.040976787,1
17.6,6,64.0,41.65764348,0.8,0.0,0.0,0,8,0,0.7,0.8,0.2,0.2,0.0,1.0,1.0,1116,54,342,111.6,111.6,0.0240623,1
17.6,6,64.0,47.58889083,0.8,0.0,0.0,0,8,0,0.7,0.8,0.2,0.2,0.0,1.0,1.0,1116,54,342,111.6,111.6,0.024458909,1
20.0,6,64.0,33.04529651,1.0,0.0,0.0,0,10,0,0.9,1.0,0.0,0.0,0.0,1.0,1.0,540,54,54,54.0,54.0,0.033673596,1
20.0,6,64.0,38.58665683,1.0,0.0,0.0,0,10,0,0.9,1.0,0.0,0.0,0.0,1.0,1.0,540,54,54,54.0,54.0,0.030250192,1
18.0,6,81.4,41.96687719,0.9,0.0,0.0,0,9,0,0.8,0.9,0.0,0.0,0.0,1.0,1.0,556,54,70,55.6,55.6,0.026450109,1
20.0,6,64.0,33.91751218,1.0,0.0,0.0,0,10,0,0.9,1.0,0.0,0.0,0.0,1.0,1.0,540,54,54,54.0,54.0,0.032936716,1
6.4,17,51.2,2.789993258,0.0,0.0,0.0,0,0,0,0.0,0.0,0.8,0.8,0.2,0.8,0.8,2820,42,342,282.0,282.0,0.377611899,1
18.0,6,60.8,43.55967003,0.8,0.1,0.1,1,8,1,0.8,0.9,0.0,0.0,0.0,1.0,1.0,572,54,86,57.2,57.2,0.025552702,1
20.0,6,64.0,29.29382144,1.0,0.0,0.0,0,10,0,0.9,1.0,0.0,0.0,0.0,1.0,1.0,540,54,54,54.0,54.0,0.036249685,1
18.0,6,57.6,42.65412695,0.9,0.0,0.0,0,9,0,0.8,0.9,0.0,0.0,0.1,0.9,0.9,528,42,54,52.8,52.8,0.026171589,1
20.0,6,64.0,38.4991381,1.0,0.0,0.0,0,10,0,0.9,1.0,0.0,0.0,0.0,1.0,1.0,540,54,54,54.0,54.0,0.029633808,1
20.0,6,64.0,33.60632016,1.0,0.0,0.0,0,10,0,0.9,1.0,0.0,0.0,0.0,1.0,1.0,540,54,54,54.0,54.0,0.031656909,1
16.0,6,51.2,53.41368152,0.8,0.0,0.0,0,8,0,0.7,0.8,0.0,0.0,0.2,0.8,0.8,516,42,54,51.6,51.6,0.021415591,1
20.8,6,116.3,48.2338979,0.9,0.1,0.3,3,9,1,0.9,1.0,0.0,0.0,0.0,1.0,1.0,548,54,58,54.8,54.8,0.023405218,1
18.8,6,64.0,31.37992848,0.9,0.0,0.0,0,9,0,0.8,0.9,0.1,0.1,0.0,1.0,1.0,828,54,342,82.8,82.8,0.0318959,1
20.0,6,64.0,30.47554831,1.0,0.0,0.0,0,10,0,0.9,1.0,0.0,0.0,0.0,1.0,1.0,540,54,54,54.0,54.0,0.035295296,1
17.6,6,62.2,47.95841618,0.7,0.1,0.1,1,7,1,0.7,0.8,0.2,0.2,0.0,1.0,1.0,1116,54,342,111.6,111.6,0.021241808,1
18.8,6,64.0,12.51428118,0.9,0.0,0.0,0,9,0,0.8,0.9,0.1,0.1,0.0,1.0,1.0,828,54,342,82.8,82.8,0.096950221,1
18.8,6,61.4,55.27548761,0.7,0.1,0.1,1,7,1,0.7,0.8,0.1,0.1,0.0,1.0,1.0,880,54,342,88.0,88.0,0.023451996,1
18.0,6,57.6,39.14415465,0.9,0.0,0.0,0,9,0,0.8,0.9,0.0,0.0,0.1,0.9,0.9,528,42,54,52.8,52.8,0.028796601,1
20.0,6,64.0,38.72188274,1.0,0.0,0.0,0,10,0,0.9,1.0,0.0,0.0,0.0,1.0,1.0,540,54,54,54.0,54.0,0.028485394,1
16.4,6,64.0,19.78047807,0.7,0.0,0.0,0,7,0,0.6,0.7,0.3,0.3,0.0,1.0,1.0,1404,54,342,140.4,140.4,0.059737802,1
20.0,6,64.0,35.64860199,1.0,0.0,0.0,0,10,0,0.9,1.0,0.0,0.0,0.0,1.0,1.0,540,54,54,54.0,54.0,0.031781507,1
20.0,6,64.0,40.56857662,1.0,0.0,0.0,0,10,0,0.9,1.0,0.0,0.0,0.0,1.0,1.0,540,54,54,54.0,54.0,0.027470112,1
20.0,6,64.0,37.07973599,1.0,0.0,0.0,0,10,0,0.9,1.0,0.0,0.0,0.0,1.0,1.0,540,54,54,54.0,54.0,0.029837608,1
18.8,6,64.0,42.68976945,0.9,0.0,0.0,0,9,0,0.8,0.9,0.1,0.1,0.0,1.0,1.0,828,54,342,82.8,82.8,0.026306915,1
17.6,6,64.0,42.94112046,0.8,0.0,0.0,0,8,0,0.8,0.8,0.2,0.2,0.0,1.0,1.0,1116,54,342,111.6,111.6,0.026286292,1
20.0,6,81.7,17.60458206,0.9,0.1,0.1,1,9,1,0.9,1.0,0.0,0.0,0.0,1.0,1.0,540,54,54,54.0,54.0,0.05921979,1
21.2,6,62.2,22.60153112,0.9,0.0,0.1,1,9,0,0.8,0.9,0.1,0.1,0.0,1.0,1.0,852,54,342,85.2,85.2,0.047915006,1
15.2,6,64.0,50.83006731,0.6,0.0,0.0,0,6,0,0.6,0.6,0.4,0.4,0.0,1.0,1.0,1692,54,342,169.2,169.2,0.026367092,1
20.0,6,64.0,37.8711697,1.0,0.0,0.0,0,10,0,0.9,1.0,0.0,0.0,0.0,1.0,1.0,540,54,54,54.0,54.0,0.027511501,1
20.0,6,64.0,37.43734341,1.0,0.0,0.0,0,10,0,0.9,1.0,0.0,0.0,0.0,1.0,1.0,540,54,54,54.0,54.0,0.029396105,1
16.4,6,64.0,42.07777303,0.7,0.0,0.0,0,7,0,0.6,0.7,0.3,0.3,0.0,1.0,1.0,1404,54,342,140.4,140.4,0.023998904,1
20.0,6,64.0,22.7914516,1.0,0.0,0.0,0,10,0,0.9,1.0,0.0,0.0,0.0,1.0,1.0,540,54,54,54.0,54.0,0.050139618,1
22.0,6,64.0,28.49368076,1.0,0.0,0.0,0,10,0,0.8,1.0,0.0,0.0,0.0,1.0,1.0,560,54,74,56.0,56.0,0.044819093,1
20.0,6,64.0,40.80316284,1.0,0.0,0.0,0,10,0,0.9,1.0,0.0,0.0,0.0,1.0,1.0,540,54,54,54.0,54.0,0.029361606,1
17.6,6,64.0,50.59986778,0.8,0.0,0.0,0,8,0,0.7,0.8,0.2,0.2,0.0,1.0,1.0,1116,54,342,111.6,111.6,0.022565293,1
22.0,6,64.0,44.38210284,1.0,0.0,0.0,0,10,0,0.8,1.0,0.0,0.0,0.0,1.0,1.0,560,54,74,56.0,56.0,0.025522089,1
20.0,6,64.0,36.94930454,1.0,0.0,0.0,0,10,0,0.9,1.0,0.0,0.0,0.0,1.0,1.0,540,54,54,54.0,54.0,0.030194592,1
20.0,6,64.0,36.76037809,1.0,0.0,0.0,0,10,0,0.9,1.0,0.0,0.0,0.0,1.0,1.0,540,54,54,54.0,54.0,0.029602385,1
17.6,6,80.9,60.27112857,0.6,0.0,0.1,1,6,0,0.7,0.7,0.3,0.3,0.0,1.0,1.0,1416,54,342,141.6,141.6,0.017652392,1
20.0,6,64.0,39.49260297,1.0,0.0,0.0,0,10,0,0.9,1.0,0.0,0.0,0.0,1.0,1.0,540,54,54,54.0,54.0,0.028370905,1
18.0,6,62.6,40.85351754,0.9,0.0,0.0,0,9,0,0.8,0.9,0.0,0.0,0.0,1.0,1.0,556,54,70,55.6,55.6,0.027257609,1
11.2,6,51.2,68.41855943,0.4,0.0,0.0,0,4,0,0.3,0.4,0.4,0.4,0.2,0.8,0.8,1668,42,342,166.8,166.8,0.017376614,1
20.0,6,64.0,39.3356748,1.0,0.0,0.0,0,10,0,0.9,1.0,0.0,0.0,0.0,1.0,1.0,540,54,54,54.0,54.0,0.028524995,1
18.8,6,64.0,36.18652396,0.9,0.0,0.0,0,9,0,0.8,0.9,0.1,0.1,0.0,1.0,1.0,828,54,342,82.8,82.8,0.032162213,1
20.0,6,64.0,33.45420321,1.0,0.0,0.0,0,10,0,0.9,1.0,0.0,0.0,0.0,1.0,1.0,540,54,54,54.0,54.0,0.032539201,1
20.0,6,64.0,33.27022443,1.0,0.0,0.0,0,10,0,0.9,1.0,0.0,0.0,0.0,1.0,1.0,540,54,54,54.0,54.0,0.0329391,1
20.0,6,62.6,41.12804663,0.9,0.1,0.1,1,9,1,0.9,1.0,0.0,0.0,0.0,1.0,1.0,540,54,54,54.0,54.0,0.026975608,1
18.0,6,62.4,47.00685327,0.9,0.0,0.0,0,9,0,0.8,0.9,0.0,0.0,0.0,1.0,1.0,572,54,86,57.2,57.2,0.025093913,1
18.8,6,64.0,36.11946288,0.9,0.0,0.0,0,9,0,0.8,0.9,0.1,0.1,0.0,1.0,1.0,828,54,342,82.8,82.8,0.030443215,1
20.0,6,64.0,37.82977115,1.0,0.0,0.0,0,10,0,0.9,1.0,0.0,0.0,0.0,1.0,1.0,540,54,54,54.0,54.0,0.029187107,1
20.0,6,64.0,26.4821511,1.0,0.0,0.0,0,10,0,0.9,1.0,0.0,0.0,0.0,1.0,1.0,540,54,54,54.0,54.0,0.042224693,1
11.2,17,64.0,2.488646891,0.1,0.0,0.0,0,1,0,0.0,0.1,0.9,0.9,0.0,1.0,1.0,3152,74,342,315.2,315.2,0.401952887,1
20.0,6,64.0,20.37369468,1.0,0.0,0.0,0,10,0,0.9,1.0,0.0,0.0,0.0,1.0,1.0,540,54,54,54.0,54.0,0.053790998,1
20.0,6,64.0,21.22228249,1.0,0.0,0.0,0,10,0,0.9,1.0,0.0,0.0,0.0,1.0,1.0,540,54,54,54.0,54.0,0.051614594,1
20.0,6,64.0,40.28116017,1.0,0.0,0.0,0,10,0,0.9,1.0,0.0,0.0,0.0,1.0,1.0,540,54,54,54.0,54.0,0.027571988,1
20.0,6,64.0,34.69787981,1.0,0.0,0.0,0,10,0,0.9,1.0,0.0,0.0,0.0,1.0,1.0,540,54,54,54.0,54.0,0.031693697,1
21.2,6,80.9,38.43743098,0.9,0.0,0.1,1,9,0,0.9,1.0,0.0,0.0,0.0,1.0,1.0,552,54,66,55.2,55.2,0.028737092,1
15.6,6,81.4,47.87969073,0.7,0.0,0.0,0,7,0,0.7,0.7,0.2,0.2,0.0,1.0,1.0,1132,54,342,113.2,113.2,0.023984885,1
18.0,6,62.4,41.65193463,0.9,0.0,0.0,0,9,0,0.8,0.9,0.0,0.0,0.0,1.0,1.0,572,54,86,57.2,57.2,0.026789594,1
20.0,6,64.0,24.50067001,1.0,0.0,0.0,0,10,0,0.9,1.0,0.0,0.0,0.0,1.0,1.0,540,54,54,54.0,54.0,0.043350005,1
20.0,6,64.0,30.62338233,1.0,0.0,0.0,0,10,0,0.9,1.0,0.0,0.0,0.0,1.0,1.0,540,54,54,54.0,54.0,0.035575891,1
20.0,6,62.2,43.30015341,0.9,0.1,0.1,1,9,1,0.9,1.0,0.0,0.0,0.0,1.0,1.0,540,54,54,54.0,54.0,0.025861812,1
20.0,6,64.0,38.84927777,1.0,0.0,0.0,0,10,0,0.9,1.0,0.0,0.0,0.0,1.0,1.0,540,54,54,54.0,54.0,0.030143595,1
20.0,6,64.0,37.58832033,1.0,0.0,0.0,0,10,0,0.9,1.0,0.0,0.0,0.0,1.0,1.0,540,54,54,54.0,54.0,0.028535199,1
20.0,6,62.5,34.50880758,0.9,0.1,0.1,1,9,1,0.8,1.0,0.0,0.0,0.0,1.0,1.0,540,54,54,54.0,54.0,0.031637502,1
20.0,6,64.0,35.47988266,1.0,0.0,0.0,0,10,0,0.9,1.0,0.0,0.0,0.0,1.0,1.0,540,54,54,54.0,54.0,0.030981088,1
18.0,6,62.4,45.27178371,0.9,0.0,0.0,0,9,0,0.8,0.9,0.0,0.0,0.0,1.0,1.0,556,54,70,55.6,55.6,0.024961495,1
20.0,6,64.0,39.43108287,1.0,0.0,0.0,0,10,0,0.9,1.0,0.0,0.0,0.0,1.0,1.0,540,54,54,54.0,54.0,0.028203297,1
18.8,6,62.7,41.71444484,0.8,0.1,0.1,1,8,1,0.7,0.9,0.1,0.1,0.0,1.0,1.0,828,54,342,82.8,82.8,0.027190709,1
15.2,6,64.0,16.66958383,0.6,0.0,0.0,0,6,0,0.6,0.6,0.4,0.4,0.0,1.0,1.0,1692,54,342,169.2,169.2,0.070906687,1
14.0,6,67.3,43.55455867,0.6,0.1,0.1,1,6,1,0.7,0.7,0.0,0.0,0.2,0.8,0.8,548,42,86,54.8,54.8,0.025594401,1
18.8,6,62.2,41.94085908,0.8,0.1,0.1,1,8,1,0.8,0.9,0.1,0.1,0.0,1.0,1.0,828,54,342,82.8,82.8,0.026514888,1
20.0,6,64.0,39.21339554,1.0,0.0,0.0,0,10,0,0.9,1.0,0.0,0.0,0.0,1.0,1.0,540,54,54,54.0,54.0,0.028209496,1
16.0,6,80.3,32.2979637,0.8,0.0,0.0,0,8,0,0.8,0.8,0.0,0.0,0.0,1.0,1.0,588,54,86,58.8,58.8,0.031765699,1
18.0,6,82.1,47.25694128,0.9,0.0,0.0,0,9,0,0.8,0.9,0.0,0.0,0.0,1.0,1.0,556,54,70,55.6,55.6,0.025933504,1
20.0,6,64.0,40.76774663,1.0,0.0,0.0,0,10,0,0.9,1.0,0.0,0.0,0.0,1.0,1.0,540,54,54,54.0,54.0,0.026942301,1
18.0,6,60.0,45.7537809,0.8,0.1,0.1,1,8,1,0.8,0.9,0.0,0.0,0.0,1.0,1.0,572,54,86,57.2,57.2,0.024591517,1
18.8,6,64.0,37.55234475,0.9,0.0,0.0,0,9,0,0.8,0.9,0.1,0.1,0.0,1.0,1.0,828,54,342,82.8,82.8,0.029504609,1
20.0,6,81.5,42.49117617,0.9,0.1,0.1,1,9,1,0.9,1.0,0.0,0.0,0.0,1.0,1.0,540,54,54,54.0,54.0,0.026165295,1
20.0,6,81.2,40.3157744,0.9,0.1,0.1,1,9,1,0.9,1.0,0.0,0.0,0.0,1.0,1.0,540,54,54,54.0,54.0,0.02752769,1
20.0,6,64.0,35.08154572,1.0,0.0,0.0,0,10,0,0.9,1.0,0.0,0.0,0.0,1.0,1.0,540,54,54,54.0,54.0,0.031188202,1
17.6,6,58.7,59.07611872,0.6,0.2,0.2,2,6,2,0.7,0.8,0.2,0.2,0.0,1.0,1.0,1116,54,342,111.6,111.6,0.017094398,1
16.8,6,62.4,26.76587745,0.8,0.0,0.0,0,8,0,0.7,0.8,0.1,0.1,0.0,1.0,1.0,860,54,342,86.0,86.0,0.040008402,1
20.0,6,64.0,39.36092402,1.0,0.0,0.0,0,10,0,0.9,1.0,0.0,0.0,0.0,1.0,1.0,540,54,54,54.0,54.0,0.028008413,1
20.0,6,64.0,41.20129312,1.0,0.0,0.0,0,10,0,0.9,1.0,0.0,0.0,0.0,1.0,1.0,540,54,54,54.0,54.0,0.026911688,1
18.0,6,62.8,41.44163763,0.9,0.0,0.0,0,9,0,0.9,0.9,0.0,0.0,0.0,1.0,1.0,572,54,86,57.2,57.2,0.026704311,1
17.6,6,64.0,50.03750752,0.8,0.0,0.0,0,8,0,0.7,0.8,0.2,0.2,0.0,1.0,1.0,1116,54,342,111.6,111.6,0.022662497,1
20.0,6,63.0,31.98311438,0.9,0.1,0.1,1,9,1,1.0,1.0,0.0,0.0,0.0,1.0,1.0,540,54,54,54.0,54.0,0.033914089,1
17.6,6,64.0,49.57513149,0.8,0.0,0.0,0,8,0,0.8,0.8,0.2,0.2,0.0,1.0,1.0,1116,54,342,111.6,111.6,0.020258403,1
16.8,6,62.3,47.90856683,0.8,0.0,0.0,0,8,0,0.7,0.8,0.1,0.1,0.0,1.0,1.0,860,54,342,86.0,86.0,0.023851204,1
20.0,6,64.0,40.28719596,1.0,0.0,0.0,0,10,0,0.9,1.0,0.0,0.0,0.0,1.0,1.0,540,54,54,54.0,54.0,0.027693701,1
20.0,6,64.0,33.92198348,1.0,0.0,0.0,0,10,0,0.9,1.0,0.0,0.0,0.0,1.0,1.0,540,54,54,54.0,54.0,0.03167429,1
18.0,6,62.6,27.51137205,0.9,0.0,0.0,0,9,0,0.8,0.9,0.0,0.0,0.0,1.0,1.0,572,54,86,57.2,57.2,0.039217591,1
20.0,6,81.3,30.19222574,0.9,0.1,0.1,1,9,1,0.9,1.0,0.0,0.0,0.0,1.0,1.0,540,54,54,54.0,54.0,0.038146996,1
20.0,6,64.0,43.18553091,1.0,0.0,0.0,0,10,0,0.9,1.0,0.0,0.0,0.0,1.0,1.0,540,54,54,54.0,54.0,0.025564003,1
13.6,17,57.6,3.077443905,0.2,0.0,0.0,0,2,0,0.0,0.2,0.7,0.7,0.1,0.9,0.9,2584,42,342,258.4,258.4,0.325177002,1
18.8,6,64.0,10.96663316,0.9,0.0,0.0,0,9,0,0.8,0.9,0.1,0.1,0.0,1.0,1.0,828,54,342,82.8,82.8,0.091500401,1
18.8,6,64.0,42.72190301,0.9,0.0,0.0,0,9,0,0.8,0.9,0.1,0.1,0.0,1.0,1.0,828,54,342,82.8,82.8,0.026225686,1
20.4,6,79.9,58.52988171,0.8,0.2,0.2,2,8,2,0.9,1.0,0.0,0.0,0.0,1.0,1.0,544,54,58,54.4,54.4,0.0199018,1
20.0,6,64.0,40.19746508,1.0,0.0,0.0,0,10,0,0.9,1.0,0.0,0.0,0.0,1.0,1.0,540,54,54,54.0,54.0,0.02748909,1
20.0,6,62.8,51.07511785,0.9,0.0,0.0,0,9,0,0.7,0.9,0.0,0.0,0.0,1.0,1.0,592,54,86,59.2,59.2,0.022270703,1
18.8,6,64.0,40.81598812,0.9,0.0,0.0,0,9,0,0.8,0.9,0.1,0.1,0.0,1.0,1.0,828,54,342,82.8,82.8,0.027355409,1
18.0,6,62.3,46.77243414,0.9,0.0,0.0,0,9,0,0.8,0.9,0.0,0.0,0.0,1.0,1.0,572,54,86,57.2,57.2,0.023680711,1
18.0,6,60.5,45.98760376,0.8,0.1,0.1,1,8,1,0.8,0.9,0.0,0.0,0.0,1.0,1.0,556,54,70,55.6,55.6,0.024401593,1
20.0,6,64.0,29.71133079,1.0,0.0,0.0,0,10,0,0.9,1.0,0.0,0.0,0.0,1.0,1.0,540,54,54,54.0,54.0,0.038533902,1
15.2,6,64.0,56.37740282,0.6,0.0,0.0,0,6,0,0.5,0.6,0.4,0.4,0.0,1.0,1.0,1692,54,342,169.2,169.2,0.017919707,1
18.8,6,64.0,40.54673218,0.9,0.0,0.0,0,9,0,0.8,0.9,0.1,0.1,0.0,1.0,1.0,828,54,342,82.8,82.8,0.027255297,1
18.8,6,64.0,40.1690156,0.9,0.0,0.0,0,9,0,0.9,0.9,0.1,0.1,0.0,1.0,1.0,828,54,342,82.8,82.8,0.027619791,1
20.0,6,64.0,33.59606424,1.0,0.0,0.0,0,10,0,0.9,1.0,0.0,0.0,0.0,1.0,1.0,540,54,54,54.0,54.0,0.0331671,1
20.0,6,64.0,40.11070287,1.0,0.0,0.0,0,10,0,0.9,1.0,0.0,0.0,0.0,1.0,1.0,540,54,54,54.0,54.0,0.02771368,1
20.0,6,64.0,34.5381333,1.0,0.0,0.0,0,10,0,0.9,1.0,0.0,0.0,0.0,1.0,1.0,540,54,54,54.0,54.0,0.029545093,1
18.0,6,62.7,38.55558487,0.9,0.0,0.0,0,9,0,0.8,0.9,0.0,0.0,0.0,1.0,1.0,556,54,70,55.6,55.6,0.029799199,1
20.0,6,64.0,41.79620991,1.0,0.0,0.0,0,10,0,0.9,1.0,0.0,0.0,0.0,1.0,1.0,540,54,54,54.0,54.0,0.028892207,1
20.0,6,64.0,36.07801714,1.0,0.0,0.0,0,10,0,0.9,1.0,0.0,0.0,0.0,1.0,1.0,540,54,54,54.0,54.0,0.030406499,1
15.6,6,57.6,46.08892298,0.7,0.0,0.0,0,7,0,0.6,0.7,0.2,0.2,0.1,0.9,0.9,1104,42,342,110.4,110.4,0.021895504,1
20.0,6,64.0,34.57645674,1.0,0.0,0.0,0,10,0,0.9,1.0,0.0,0.0,0.0,1.0,1.0,540,54,54,54.0,54.0,0.031722498,1
20.0,6,64.0,38.08015137,1.0,0.0,0.0,0,10,0,0.9,1.0,0.0,0.0,0.0,1.0,1.0,540,54,54,54.0,54.0,0.028864098,1
20.0,6,64.0,33.59514932,1.0,0.0,0.0,0,10,0,0.9,1.0,0.0,0.0,0.0,1.0,1.0,540,54,54,54.0,54.0,0.0325176,1
18.8,6,64.0,44.45035095,0.9,0.0,0.0,0,9,0,0.8,0.9,0.1,0.1,0.0,1.0,1.0,828,54,342,82.8,82.8,0.025065708,1
16.0,6,51.2,22.26770058,0.8,0.0,0.0,0,8,0,0.7,0.8,0.0,0.0,0.2,0.8,0.8,516,42,54,51.6,51.6,0.049129295,1
22.4,6,60.5,20.3218606,0.8,0.1,0.2,2,8,1,0.9,0.9,0.1,0.1,0.0,1.0,1.0,864,54,342,86.4,86.4,0.051861811,1
20.0,6,62.4,46.10695951,0.9,0.1,0.1,1,9,1,0.9,1.0,0.0,0.0,0.0,1.0,1.0,540,54,54,54.0,54.0,0.024376106,1
17.6,6,62.5,34.55079398,0.7,0.1,0.1,1,7,1,0.7,0.8,0.2,0.2,0.0,1.0,1.0,1116,54,342,111.6,111.6,0.033746409,1
20.0,6,64.0,39.13739739,1.0,0.0,0.0,0,10,0,0.9,1.0,0.0,0.0,0.0,1.0,1.0,540,54,54,54.0,54.0,0.0284343,1
20.0,6,64.0,33.66242105,1.0,0.0,0.0,0,10,0,0.9,1.0,0.0,0.0,0.0,1.0,1.0,540,54,54,54.0,54.0,0.032260704,1
18.8,6,64.0,37.86788731,0.9,0.0,0.0,0,9,0,0.8,0.9,0.1,0.1,0.0,1.0,1.0,828,54,342,82.8,82.8,0.027786398,1
17.6,6,62.7,39.88766834,0.7,0.1,0.1,1,7,1,0.8,0.8,0.2,0.2,0.0,1.0,1.0,1116,54,342,111.6,111.6,0.025633287,1
20.0,6,64.0,39.97617234,1.0,0.0,0.0,0,10,0,0.9,1.0,0.0,0.0,0.0,1.0,1.0,540,54,54,54.0,54.0,0.029484105,1
17.6,6,78.3,81.49960846,0.6,0.1,0.1,1,6,1,0.7,0.7,0.2,0.2,0.0,1.0,1.0,1168,54,342,116.8,116.8,0.014966798,1
20.0,6,64.0,38.93380711,1.0,0.0,0.0,0,10,0,0.9,1.0,0.0,0.0,0.0,1.0,1.0,540,54,54,54.0,54.0,0.029836416,1
20.0,6,64.0,38.25042087,1.0,0.0,0.0,0,10,0,0.9,1.0,0.0,0.0,0.0,1.0,1.0,540,54,54,54.0,54.0,0.028758216,1
18.0,6,62.2,44.11578661,0.9,0.0,0.0,0,9,0,0.8,0.9,0.0,0.0,0.0,1.0,1.0,572,54,86,57.2,57.2,0.025412512,1
20.0,6,64.0,41.97149667,1.0,0.0,0.0,0,10,0,0.9,1.0,0.0,0.0,0.0,1.0,1.0,540,54,54,54.0,54.0,0.0263973,1
8.0,17,64.0,2.488864267,0.0,0.0,0.0,0,0,0,0.0,0.0,1.0,1.0,0.0,1.0,1.0,3420,342,342,342.0,342.0,0.602269602,1
20.0,6,64.0,26.73417928,1.0,0.0,0.0,0,10,0,0.9,1.0,0.0,0.0,0.0,1.0,1.0,540,54,54,54.0,54.0,0.041141987,1
17.6,6,64.0,43.47866289,0.8,0.0,0.0,0,8,0,0.7,0.8,0.2,0.2,0.0,1.0,1.0,1116,54,342,111.6,111.6,0.025825095,1
20.0,6,64.0,34.17844844,1.0,0.0,0.0,0,10,0,0.9,1.0,0.0,0.0,0.0,1.0,1.0,540,54,54,54.0,54.0,0.031861782,1
18.0,6,60.0,42.77431606,0.8,0.1,0.1,1,8,1,0.8,0.9,0.0,0.0,0.0,1.0,1.0,572,54,86,57.2,57.2,0.026032305,1
17.6,6,64.0,51.70340128,0.8,0.0,0.0,0,8,0,0.7,0.8,0.2,0.2,0.0,1.0,1.0,1116,54,342,111.6,111.6,0.021950889,1
22.0,6,64.0,40.96716125,1.0,0.0,0.0,0,10,0,0.8,1.0,0.0,0.0,0.0,1.0,1.0,560,54,74,56.0,56.0,0.027195597,1
13.6,6,51.2,46.75846,0.6,0.0,0.0,0,6,0,0.5,0.6,0.2,0.2,0.2,0.8,0.8,1092,42,342,109.2,109.2,0.022682309,1
17.6,6,64.0,47.6931124,0.8,0.0,0.0,0,8,0,0.7,0.8,0.2,0.2,0.0,1.0,1.0,1116,54,342,111.6,111.6,0.024555111,1
20.0,6,64.0,40.17209343,1.0,0.0,0.0,0,10,0,0.9,1.0,0.0,0.0,0.0,1.0,1.0,540,54,54,54.0,54.0,0.027617097,1
20.0,6,64.0,40.6593038,1.0,0.0,0.0,0,10,0,0.9,1.0,0.0,0.0,0.0,1.0,1.0,540,54,54,54.0,54.0,0.027361417,1
20.0,6,64.0,36.24474926,1.0,0.0,0.0,0,10,0,0.9,1.0,0.0,0.0,0.0,1.0,1.0,540,54,54,54.0,54.0,0.030341196,1
18.8,6,62.2,47.08738376,0.8,0.1,0.1,1,8,1,0.8,0.9,0.1,0.1,0.0,1.0,1.0,828,54,342,82.8,82.8,0.024054098,1
18.8,6,61.8,49.83874283,0.8,0.1,0.1,1,8,1,0.8,0.9,0.1,0.1,0.0,1.0,1.0,828,54,342,82.8,82.8,0.02287631,1
20.0,6,64.0,34.96281823,1.0,0.0,0.0,0,10,0,0.9,1.0,0.0,0.0,0.0,1.0,1.0,540,54,54,54.0,54.0,0.03149929,1
18.8,6,64.0,46.42674979,0.9,0.0,0.0,0,9,0,0.8,0.9,0.1,0.1,0.0,1.0,1.0,828,54,342,82.8,82.8,0.024636102,1
18.8,6,64.0,30.01290877,0.9,0.0,0.0,0,9,0,0.8,0.9,0.1,0.1,0.0,1.0,1.0,828,54,342,82.8,82.8,0.0343683,1
20.0,6,64.0,37.00687763,1.0,0.0,0.0,0,10,0,0.9,1.0,0.0,0.0,0.0,1.0,1.0,540,54,54,54.0,54.0,0.030156302,1
20.0,6,62.8,43.17379539,0.9,0.1,0.1,1,9,1,0.8,1.0,0.0,0.0,0.0,1.0,1.0,540,54,54,54.0,54.0,0.026092887,1
16.0,6,79.4,44.30718265,0.8,0.0,0.0,0,8,0,0.7,0.8,0.0,0.0,0.0,1.0,1.0,588,54,86,58.8,58.8,0.025162506,1
20.0,6,64.0,22.81542873,1.0,0.0,0.0,0,10,0,0.9,1.0,0.0,0.0,0.0,1.0,1.0,540,54,54,54.0,54.0,0.048622894,1
15.2,6,64.0,61.20810854,0.6,0.0,0.0,0,6,0,0.5,0.6,0.4,0.4,0.0,1.0,1.0,1692,54,342,169.2,169.2,0.019038415,1
17.6,6,64.0,33.71589066,0.8,0.0,0.0,0,8,0,0.7,0.8,0.2,0.2,0.0,1.0,1.0,1116,54,342,111.6,111.6,0.034115887,1
12.4,17,62.6,3.316957471,0.1,0.1,0.1,1,1,1,0.0,0.2,0.8,0.8,0.0,1.0,1.0,2864,54,342,286.4,286.4,0.401947093,1
20.0,6,61.6,40.37596793,0.9,0.1,0.1,1,9,1,0.9,1.0,0.0,0.0,0.0,1.0,1.0,540,54,54,54.0,54.0,0.027801013,1
20.0,6,62.6,31.61894768,0.9,0.1,0.1,1,9,1,0.9,1.0,0.0,0.0,0.0,1.0,1.0,540,54,54,54.0,54.0,0.034351516,1
20.0,6,64.0,36.88934702,1.0,0.0,0.0,0,10,0,0.9,1.0,0.0,0.0,0.0,1.0,1.0,540,54,54,54.0,54.0,0.030432796,1
20.0,6,64.0,25.09933085,1.0,0.0,0.0,0,10,0,0.9,1.0,0.0,0.0,0.0,1.0,1.0,540,54,54,54.0,54.0,0.042625093,1
18.8,6,64.0,41.52307561,0.9,0.0,0.0,0,9,0,0.8,0.9,0.1,0.1,0.0,1.0,1.0,828,54,342,82.8,82.8,0.024173498,1
20.0,6,79.9,42.70054772,0.8,0.2,0.2,2,8,2,0.9,1.0,0.0,0.0,0.0,1.0,1.0,540,54,54,54.0,54.0,0.026251316,1
20.0,6,64.0,41.62192683,1.0,0.0,0.0,0,10,0,0.9,1.0,0.0,0.0,0.0,1.0,1.0,540,54,54,54.0,54.0,0.026538801,1
18.0,6,78.5,43.50396216,0.8,0.1,0.1,1,8,1,0.9,0.9,0.0,0.0,0.0,1.0,1.0,556,54,70,55.6,55.6,0.025685501,1
20.0,6,64.0,40.03990335,1.0,0.0,0.0,0,10,0,0.9,1.0,0.0,0.0,0.0,1.0,1.0,540,54,54,54.0,54.0,0.027633691,1
18.8,6,64.0,26.49575176,0.9,0.0,0.0,0,9,0,0.8,0.9,0.1,0.1,0.0,1.0,1.0,828,54,342,82.8,82.8,0.042388296,1
20.0,6,64.0,39.72036767,1.0,0.0,0.0,0,10,0,0.9,1.0,0.0,0.0,0.0,1.0,1.0,540,54,54,54.0,54.0,0.027829313,1
20.0,6,64.0,36.4998216,1.0,0.0,0.0,0,10,0,0.9,1.0,0.0,0.0,0.0,1.0,1.0,540,54,54,54.0,54.0,0.030041599,1
18.8,6,64.0,23.49221072,0.9,0.0,0.0,0,9,0,0.8,0.9,0.1,0.1,0.0,1.0,1.0,828,54,342,82.8,82.8,0.0454005,1
20.0,6,64.0,40.77670394,1.0,0.0,0.0,0,10,0,0.9,1.0,0.0,0.0,0.0,1.0,1.0,540,54,54,54.0,54.0,0.027284598,1
22.0,6,62.2,27.77900009,0.9,0.1,0.1,1,9,1,0.8,1.0,0.0,0.0,0.0,1.0,1.0,560,54,74,56.0,56.0,0.038608599,1
18.8,6,64.0,21.83925929,0.9,0.0,0.0,0,9,0,0.8,0.9,0.1,0.1,0.0,1.0,1.0,828,54,342,82.8,82.8,0.05075438,1
20.0,6,64.0,37.54938631,1.0,0.0,0.0,0,10,0,0.9,1.0,0.0,0.0,0.0,1.0,1.0,540,54,54,54.0,54.0,0.030047393,1
18.8,6,64.0,20.2003903,0.9,0.0,0.0,0,9,0,0.8,0.9,0.1,0.1,0.0,1.0,1.0,828,54,342,82.8,82.8,0.055984497,1
20.0,6,64.0,39.32531133,1.0,0.0,0.0,0,10,0,0.9,1.0,0.0,0.0,0.0,1.0,1.0,540,54,54,54.0,54.0,0.028284407,1
17.6,6,64.0,44.05212352,0.8,0.0,0.0,0,8,0,0.7,0.8,0.2,0.2,0.0,1.0,1.0,1116,54,342,111.6,111.6,0.025335288,1
20.0,6,64.0,35.78675235,1.0,0.0,0.0,0,10,0,0.9,1.0,0.0,0.0,0.0,1.0,1.0,540,54,54,54.0,54.0,0.030547094,1
20.8,6,60.6,30.59162125,0.8,0.2,0.2,2,8,2,0.5,1.0,0.0,0.0,0.0,1.0,1.0,548,54,58,54.8,54.8,0.034386182,1
20.0,6,64.0,38.59915648,1.0,0.0,0.0,0,10,0,0.9,1.0,0.0,0.0,0.0,1.0,1.0,540,54,54,54.0,54.0,0.028637409,1
20.0,6,64.0,36.05928287,1.0,0.0,0.0,0,10,0,0.9,1.0,0.0,0.0,0.0,1.0,1.0,540,54,54,54.0,54.0,0.030529618,1
15.6,6,60.4,19.14590091,0.6,0.1,0.1,1,6,1,0.6,0.7,0.2,0.2,0.0,1.0,1.0,1148,54,342,114.8,114.8,0.056102204,1
22.4,6,62.5,47.77829924,0.8,0.0,0.2,2,8,0,0.9,1.0,0.0,0.0,0.0,1.0,1.0,564,54,66,56.4,56.4,0.02566061,1
18.0,6,82.1,46.71325774,0.9,0.0,0.0,0,9,0,0.8,0.9,0.0,0.0,0.0,1.0,1.0,556,54,70,55.6,55.6,0.02387259,1
17.6,6,64.0,51.75367333,0.8,0.0,0.0,0,8,0,0.7,0.8,0.2,0.2,0.0,1.0,1.0,1116,54,342,111.6,111.6,0.021989799,1
20.0,6,62.2,44.33509576,0.9,0.1,0.1,1,9,1,0.9,1.0,0.0,0.0,0.0,1.0,1.0,540,54,54,54.0,54.0,0.025172186,1
18.8,6,60.0,33.75129656,0.7,0.2,0.2,2,7,2,0.8,0.9,0.1,0.1,0.0,1.0,1.0,828,54,342,82.8,82.8,0.034497809,1
20.0,6,62.6,39.45923876,0.9,0.1,0.1,1,9,1,0.9,1.0,0.0,0.0,0.0,1.0,1.0,540,54,54,54.0,54.0,0.028172803,1
20.0,6,64.0,34.59442339,1.0,0.0,0.0,0,10,0,0.9,1.0,0.0,0.0,0.0,1.0,1.0,540,54,54,54.0,54.0,0.031632996,1
20.0,6,64.0,42.28597929,1.0,0.0,0.0,0,10,0,0.9,1.0,0.0,0.0,0.0,1.0,1.0,540,54,54,54.0,54.0,0.026625109,1
22.0,6,64.0,44.38623597,1.0,0.0,0.0,0,10,0,0.8,1.0,0.0,0.0,0.0,1.0,1.0,560,54,74,56.0,56.0,0.026089311,1
18.0,6,81.5,41.45765379,0.9,0.0,0.0,0,9,0,0.8,0.9,0.0,0.0,0.0,1.0,1.0,556,54,70,55.6,55.6,0.026745796,1
20.0,6,64.0,37.21082744,1.0,0.0,0.0,0,10,0,0.9,1.0,0.0,0.0,0.0,1.0,1.0,540,54,54,54.0,54.0,0.031329298,1
18.8,6,62.1,50.59089599,0.8,0.1,0.1,1,8,1,0.8,0.9,0.1,0.1,0.0,1.0,1.0,828,54,342,82.8,82.8,0.022358418,1
20.8,6,64.0,36.07320765,0.9,0.0,0.0,0,9,0,0.8,0.9,0.1,0.1,0.0,1.0,1.0,848,54,342,84.8,84.8,0.03216629,1
18.8,6,62.3,44.97734674,0.8,0.1,0.1,1,8,1,0.8,0.9,0.1,0.1,0.0,1.0,1.0,828,54,342,82.8,82.8,0.024854302,1
17.6,6,64.0,45.13386915,0.8,0.0,0.0,0,8,0,0.7,0.8,0.2,0.2,0.0,1.0,1.0,1116,54,342,111.6,111.6,0.022339201,1
20.0,6,64.0,37.73386508,1.0,0.0,0.0,0,10,0,0.9,1.0,0.0,0.0,0.0,1.0,1.0,540,54,54,54.0,54.0,0.029288006,1
20.0,6,62.3,39.15365529,0.9,0.1,0.1,1,9,1,1.0,1.0,0.0,0.0,0.0,1.0,1.0,540,54,54,54.0,54.0,0.029333496,1
20.0,6,64.0,20.55151888,1.0,0.0,0.0,0,10,0,0.9,1.0,0.0,0.0,0.0,1.0,1.0,540,54,54,54.0,54.0,0.053359199,1
20.0,6,64.0,29.89099202,1.0,0.0,0.0,0,10,0,0.9,1.0,0.0,0.0,0.0,1.0,1.0,540,54,54,54.0,54.0,0.038091016,1
15.2,6,64.0,57.64787863,0.6,0.0,0.0,0,6,0,0.5,0.6,0.4,0.4,0.0,1.0,1.0,1692,54,342,169.2,169.2,0.021484494,1
20.0,6,62.2,36.31306275,0.9,0.1,0.1,1,9,1,1.0,1.0,0.0,0.0,0.0,1.0,1.0,540,54,54,54.0,54.0,0.029392505,1
18.8,6,62.2,45.25175804,0.8,0.1,0.1,1,8,1,0.9,0.9,0.1,0.1,0.0,1.0,1.0,828,54,342,82.8,82.8,0.024815392,1
20.0,6,64.0,38.39524278,1.0,0.0,0.0,0,10,0,0.9,1.0,0.0,0.0,0.0,1.0,1.0,540,54,54,54.0,54.0,0.028761196,1
18.8,6,64.0,25.97172668,0.9,0.0,0.0,0,9,0,0.8,0.9,0.1,0.1,0.0,1.0,1.0,828,54,342,82.8,82.8,0.041213107,1
20.0,6,64.0,37.62909054,1.0,0.0,0.0,0,10,0,0.9,1.0,0.0,0.0,0.0,1.0,1.0,540,54,54,54.0,54.0,0.029240394,1
23.2,6,62.5,47.99062683,0.9,0.0,0.2,2,9,0,0.9,1.0,0.0,0.0,0.0,1.0,1.0,572,54,74,57.2,57.2,0.023082304,1
20.0,6,64.0,35.12343813,1.0,0.0,0.0,0,10,0,0.9,1.0,0.0,0.0,0.0,1.0,1.0,540,54,54,54.0,54.0,0.032817721,1
20.0,6,62.3,18.5361236,0.9,0.1,0.1,1,9,1,0.9,1.0,0.0,0.0,0.0,1.0,1.0,540,54,54,54.0,54.0,0.06167171,1
18.8,6,64.0,32.61301176,0.9,0.0,0.0,0,9,0,0.8,0.9,0.1,0.1,0.0,1.0,1.0,828,54,342,82.8,82.8,0.033961797,1
20.0,6,64.0,38.00145326,1.0,0.0,0.0,0,10,0,0.9,1.0,0.0,0.0,0.0,1.0,1.0,540,54,54,54.0,54.0,0.028865385,1
20.0,6,64.0,23.9222998,1.0,0.0,0.0,0,10,0,0.9,1.0,0.0,0.0,0.0,1.0,1.0,540,54,54,54.0,54.0,0.046440506,1
20.0,6,62.2,40.28390701,0.9,0.1,0.1,1,9,1,0.9,1.0,0.0,0.0,0.0,1.0,1.0,540,54,54,54.0,54.0,0.027555609,1
20.0,6,64.0,36.88960657,1.0,0.0,0.0,0,10,0,0.9,1.0,0.0,0.0,0.0,1.0,1.0,540,54,54,54.0,54.0,0.030672503,1
8.0,17,64.0,1.990520796,0.0,0.0,0.0,0,0,0,0.0,0.0,1.0,1.0,0.0,1.0,1.0,3420,342,342,342.0,342.0,0.502591205,1
20.0,6,64.0,40.22479755,1.0,0.0,0.0,0,10,0,0.9,1.0,0.0,0.0,0.0,1.0,1.0,540,54,54,54.0,54.0,0.028234887,1
20.0,6,61.9,39.12991234,0.9,0.1,0.1,1,9,1,0.9,1.0,0.0,0.0,0.0,1.0,1.0,540,54,54,54.0,54.0,0.028322792,1
17.6,6,64.0,44.75814851,0.8,0.0,0.0,0,8,0,0.8,0.8,0.2,0.2,0.0,1.0,1.0,1116,54,342,111.6,111.6,0.025179386,1
20.0,6,62.3,37.01455235,0.9,0.1,0.1,1,9,1,0.9,1.0,0.0,0.0,0.0,1.0,1.0,540,54,54,54.0,54.0,0.033069611,1
20.0,6,64.0,38.86241626,1.0,0.0,0.0,0,10,0,0.9,1.0,0.0,0.0,0.0,1.0,1.0,540,54,54,54.0,54.0,0.028341889,1
20.0,6,62.2,37.12463378,0.9,0.1,0.1,1,9,1,0.9,1.0,0.0,0.0,0.0,1.0,1.0,540,54,54,54.0,54.0,0.029622889,1
20.0,6,64.0,36.72056746,1.0,0.0,0.0,0,10,0,0.9,1.0,0.0,0.0,0.0,1.0,1.0,540,54,54,54.0,54.0,0.029997492,1
20.0,6,64.0,23.32551979,1.0,0.0,0.0,0,10,0,0.9,1.0,0.0,0.0,0.0,1.0,1.0,540,54,54,54.0,54.0,0.051896,1
20.0,6,64.0,29.18489315,1.0,0.0,0.0,0,10,0,0.9,1.0,0.0,0.0,0.0,1.0,1.0,540,54,54,54.0,54.0,0.038623309,1
16.0,6,61.4,51.93348439,0.8,0.0,0.0,0,8,0,0.7,0.8,0.0,0.0,0.0,1.0,1.0,604,54,86,60.4,60.4,0.021988511,1
18.0,6,60.0,39.13374579,0.8,0.1,0.1,1,8,1,0.7,0.9,0.0,0.0,0.0,1.0,1.0,556,54,70,55.6,55.6,0.028581405,1
20.0,6,60.7,48.72180172,0.8,0.2,0.2,2,8,2,0.8,1.0,0.0,0.0,0.0,1.0,1.0,540,54,54,54.0,54.0,0.023153496,1
18.0,6,62.4,44.5543244,0.9,0.0,0.0,0,9,0,0.9,0.9,0.0,0.0,0.0,1.0,1.0,556,54,70,55.6,55.6,0.025118017,1
18.8,6,64.0,45.86525297,0.9,0.0,0.0,0,9,0,0.8,0.9,0.1,0.1,0.0,1.0,1.0,828,54,342,82.8,82.8,0.024488497,1
20.0,6,64.0,38.56388001,1.0,0.0,0.0,0,10,0,0.9,1.0,0.0,0.0,0.0,1.0,1.0,540,54,54,54.0,54.0,0.0294945,1
20.0,6,64.0,37.64337596,1.0,0.0,0.0,0,10,0,0.9,1.0,0.0,0.0,0.0,1.0,1.0,540,54,54,54.0,54.0,0.02932899,1
18.8,6,80.9,49.44253282,0.7,0.0,0.1,1,7,0,0.7,0.8,0.2,0.2,0.0,1.0,1.0,1128,54,342,112.8,112.8,0.022841597,1
20.0,6,64.0,40.68347948,1.0,0.0,0.0,0,10,0,0.9,1.0,0.0,0.0,0.0,1.0,1.0,540,54,54,54.0,54.0,0.027516913,1
20.0,6,64.0,38.4772057,1.0,0.0,0.0,0,10,0,0.9,1.0,0.0,0.0,0.0,1.0,1.0,540,54,54,54.0,54.0,0.028173113,1
20.0,6,64.0,28.80915012,1.0,0.0,0.0,0,10,0,0.9,1.0,0.0,0.0,0.0,1.0,1.0,540,54,54,54.0,54.0,0.037687516,1
20.0,6,64.0,34.68743461,1.0,0.0,0.0,0,10,0,0.9,1.0,0.0,0.0,0.0,1.0,1.0,540,54,54,54.0,54.0,0.031526279,1
20.0,6,64.0,40.40011905,1.0,0.0,0.0,0,10,0,0.9,1.0,0.0,0.0,0.0,1.0,1.0,540,54,54,54.0,54.0,0.028229594,1
20.0,6,64.0,37.28810485,1.0,0.0,0.0,0,10,0,0.9,1.0,0.0,0.0,0.0,1.0,1.0,540,54,54,54.0,54.0,0.0295928,1
18.8,6,64.0,42.52223537,0.9,0.0,0.0,0,9,0,0.8,0.9,0.1,0.1,0.0,1.0,1.0,828,54,342,82.8,82.8,0.027050209,1
17.6,6,64.0,46.2768177,0.8,0.0,0.0,0,8,0,0.7,0.8,0.2,0.2,0.0,1.0,1.0,1116,54,342,111.6,111.6,0.021698093,1
20.0,6,64.0,20.19537148,1.0,0.0,0.0,0,10,0,0.9,1.0,0.0,0.0,0.0,1.0,1.0,540,54,54,54.0,54.0,0.054472589,1
20.0,6,64.0,30.7041307,1.0,0.0,0.0,0,10,0,0.9,1.0,0.0,0.0,0.0,1.0,1.0,540,54,54,54.0,54.0,0.034555721,1
20.0,6,64.0,34.55879348,1.0,0.0,0.0,0,10,0,0.9,1.0,0.0,0.0,0.0,1.0,1.0,540,54,54,54.0,54.0,0.031620193,1
10.0,17,50.0,4.022139535,0.2,0.0,0.0,0,2,0,0.0,0.2,0.5,0.5,0.2,0.8,0.8,2008,42,342,200.8,200.8,0.248623896,1
11.2,17,64.0,2.394656182,0.1,0.0,0.0,0,1,0,0.0,0.1,0.9,0.9,0.0,1.0,1.0,3152,74,342,315.2,315.2,0.417763996,1
20.0,6,64.0,39.34700341,1.0,0.0,0.0,0,10,0,0.9,1.0,0.0,0.0,0.0,1.0,1.0,540,54,54,54.0,54.0,0.027958798,1
18.0,6,57.6,26.64982483,0.9,0.0,0.0,0,9,0,0.8,0.9,0.0,0.0,0.1,0.9,0.9,528,42,54,52.8,52.8,0.042197704,1
20.0,6,64.0,38.78088539,1.0,0.0,0.0,0,10,0,0.9,1.0,0.0,0.0,0.0,1.0,1.0,540,54,54,54.0,54.0,0.028429914,1
18.8,6,64.0,33.92209322,0.9,0.0,0.0,0,9,0,0.8,0.9,0.1,0.1,0.0,1.0,1.0,828,54,342,82.8,82.8,0.029845214,1
20.0,6,64.0,36.4694497,1.0,0.0,0.0,0,10,0,0.9,1.0,0.0,0.0,0.0,1.0,1.0,540,54,54,54.0,54.0,0.030250907,1
20.0,6,64.0,39.59456742,1.0,0.0,0.0,0,10,0,0.9,1.0,0.0,0.0,0.0,1.0,1.0,540,54,54,54.0,54.0,0.027484393,1
28.0,6,56.5,10.7798117,0.2,0.0,0.7,7,2,0,0.8,0.8,0.1,0.1,0.0,1.0,1.0,1004,66,342,100.4,100.4,0.093115187,1
17.6,6,64.0,28.73464377,0.8,0.0,0.0,0,8,0,0.8,0.8,0.2,0.2,0.0,1.0,1.0,1116,54,342,111.6,111.6,0.039597106,1
18.8,6,82.2,45.30997925,0.8,0.1,0.1,1,8,1,0.8,0.9,0.1,0.1,0.0,1.0,1.0,828,54,342,82.8,82.8,0.025298691,1
18.0,6,81.0,45.9973373,0.9,0.0,0.0,0,9,0,0.8,0.9,0.0,0.0,0.0,1.0,1.0,572,54,86,57.2,57.2,0.024473,1
20.0,6,64.0,37.44730393,1.0,0.0,0.0,0,10,0,0.9,1.0,0.0,0.0,0.0,1.0,1.0,540,54,54,54.0,54.0,0.029545999,1
20.0,6,64.0,28.74917919,1.0,0.0,0.0,0,10,0,0.9,1.0,0.0,0.0,0.0,1.0,1.0,540,54,54,54.0,54.0,0.039358211,1
20.0,6,64.0,35.90933763,1.0,0.0,0.0,0,10,0,0.9,1.0,0.0,0.0,0.0,1.0,1.0,540,54,54,54.0,54.0,0.030689406,1
16.0,6,51.2,47.587541,0.8,0.0,0.0,0,8,0,0.7,0.8,0.0,0.0,0.2,0.8,0.8,516,42,54,51.6,51.6,0.023985696,1
18.8,6,64.0,38.63449753,0.9,0.0,0.0,0,9,0,0.8,0.9,0.1,0.1,0.0,1.0,1.0,828,54,342,82.8,82.8,0.029019094,1
10.4,17,57.6,3.315544206,0.1,0.0,0.0,0,1,0,0.0,0.1,0.8,0.8,0.1,0.9,0.9,2852,42,342,285.2,285.2,0.301622105,1
20.4,6,78.4,41.69466488,0.7,0.2,0.2,2,7,2,0.8,1.0,0.0,0.0,0.0,1.0,1.0,544,54,58,54.4,54.4,0.026805401,1
18.8,6,62.4,37.87161424,0.8,0.1,0.1,1,8,1,0.7,0.9,0.1,0.1,0.0,1.0,1.0,828,54,342,82.8,82.8,0.026567698,1
18.0,6,62.4,42.03147422,0.9,0.0,0.0,0,9,0,0.8,0.9,0.0,0.0,0.0,1.0,1.0,572,54,86,57.2,57.2,0.026567793,1
20.0,6,64.0,40.41872849,1.0,0.0,0.0,0,10,0,0.9,1.0,0.0,0.0,0.0,1.0,1.0,540,54,54,54.0,54.0,0.027391696,1
16.8,6,57.6,29.01722851,0.8,0.0,0.0,0,8,0,0.7,0.8,0.1,0.1,0.1,0.9,0.9,816,42,342,81.6,81.6,0.039225793,1
20.0,6,81.3,28.23089774,0.9,0.1,0.1,1,9,1,0.9,1.0,0.0,0.0,0.0,1.0,1.0,540,54,54,54.0,54.0,0.038092685,1
20.0,6,62.2,36.8158769,0.9,0.1,0.1,1,9,1,0.9,1.0,0.0,0.0,0.0,1.0,1.0,540,54,54,54.0,54.0,0.030198598,1
20.0,6,62.4,40.63669225,0.9,0.1,0.1,1,9,1,0.9,1.0,0.0,0.0,0.0,1.0,1.0,540,54,54,54.0,54.0,0.027205682,1
17.6,6,64.0,50.24472463,0.8,0.0,0.0,0,8,0,0.8,0.8,0.2,0.2,0.0,1.0,1.0,1116,54,342,111.6,111.6,0.022424889,1
18.0,6,62.6,40.54246017,0.9,0.0,0.0,0,9,0,0.8,0.9,0.0,0.0,0.0,1.0,1.0,572,54,86,57.2,57.2,0.027505279,1
16.8,6,62.7,44.60677838,0.8,0.0,0.0,0,8,0,0.7,0.8,0.1,0.1,0.0,1.0,1.0,844,54,342,84.4,84.4,0.02514112,1
16.4,6,62.2,71.35257252,0.6,0.1,0.1,1,6,1,0.7,0.7,0.3,0.3,0.0,1.0,1.0,1404,54,342,140.4,140.4,0.016657305,1
17.6,6,64.0,25.9846148,0.8,0.0,0.0,0,8,0,0.7,0.8,0.2,0.2,0.0,1.0,1.0,1116,54,342,111.6,111.6,0.03865819,1
18.0,6,81.6,39.66916386,0.9,0.0,0.0,0,9,0,0.8,0.9,0.0,0.0,0.0,1.0,1.0,668,54,182,66.8,66.8,0.028061199,1
8.0,17,64.0,inf,0.0,0.0,0.0,0,0,0,0.0,0.0,1.0,1.0,0.0,1.0,1.0,342,342,342,342.0,342.0,0.000960827,1
18.0,6,59.1,35.16569606,0.7,0.2,0.2,2,7,2,0.9,0.9,0.0,0.0,0.0,1.0,1.0,556,54,70,55.6,55.6,0.032723808,1
18.0,6,81.6,40.30438463,0.9,0.0,0.0,0,9,0,0.8,0.9,0.0,0.0,0.0,1.0,1.0,556,54,70,55.6,55.6,0.027497292,1
20.0,6,64.0,39.62655108,1.0,0.0,0.0,0,10,0,0.9,1.0,0.0,0.0,0.0,1.0,1.0,540,54,54,54.0,54.0,0.028187108,1
20.0,6,64.0,38.34017538,1.0,0.0,0.0,0,10,0,0.9,1.0,0.0,0.0,0.0,1.0,1.0,540,54,54,54.0,54.0,0.029077101,1
20.0,6,64.0,34.49166717,1.0,0.0,0.0,0,10,0,0.9,1.0,0.0,0.0,0.0,1.0,1.0,540,54,54,54.0,54.0,0.032792807,1
20.0,6,62.4,46.34395462,0.9,0.1,0.1,1,9,1,0.9,1.0,0.0,0.0,0.0,1.0,1.0,540,54,54,54.0,54.0,0.024159288,1
20.0,6,61.8,42.50486936,0.9,0.1,0.1,1,9,1,0.9,1.0,0.0,0.0,0.0,1.0,1.0,540,54,54,54.0,54.0,0.0265347,1
22.4,6,62.3,26.02905685,0.8,0.0,0.2,2,8,0,1.0,1.0,0.0,0.0,0.0,1.0,1.0,611,54,113,61.1,61.1,0.039068317,1
17.6,6,64.0,46.42289587,0.8,0.0,0.0,0,8,0,0.8,0.8,0.2,0.2,0.0,1.0,1.0,1116,54,342,111.6,111.6,0.024436688,1
18.0,6,81.6,39.50632913,0.9,0.0,0.0,0,9,0,0.8,0.9,0.0,0.0,0.0,1.0,1.0,556,54,70,55.6,55.6,0.025930119,1
20.0,6,64.0,40.17420972,1.0,0.0,0.0,0,10,0,0.9,1.0,0.0,0.0,0.0,1.0,1.0,540,54,54,54.0,54.0,0.02741878,1
18.0,6,61.8,25.57165642,0.9,0.0,0.0,0,9,0,0.8,0.9,0.0,0.0,0.0,1.0,1.0,572,54,86,57.2,57.2,0.043699694,1
20.8,6,64.0,16.46383675,0.9,0.0,0.0,0,9,0,0.7,0.9,0.1,0.1,0.0,1.0,1.0,848,54,342,84.8,84.8,0.063069797,1
8.0,17,64.0,2.486963363,0.0,0.0,0.0,0,0,0,0.0,0.0,1.0,1.0,0.0,1.0,1.0,3420,342,342,342.0,342.0,0.402396202,1
11.2,17,95.5,3.905763386,0.1,0.2,0.1,1,1,2,0.2,0.3,0.4,0.4,0.0,1.0,1.0,1824,54,342,182.4,182.4,0.256083107,1
20.0,6,64.0,39.88512699,1.0,0.0,0.0,0,10,0,0.9,1.0,0.0,0.0,0.0,1.0,1.0,540,54,54,54.0,54.0,0.02780931,1
18.8,6,64.0,39.53272948,0.9,0.0,0.0,0,9,0,0.8,0.9,0.1,0.1,0.0,1.0,1.0,828,54,342,82.8,82.8,0.027863193,1
17.6,6,64.0,48.57880802,0.8,0.0,0.0,0,8,0,0.7,0.8,0.2,0.2,0.0,1.0,1.0,1116,54,342,111.6,111.6,0.023441005,1
20.0,6,64.0,21.8951105,1.0,0.0,0.0,0,10,0,0.9,1.0,0.0,0.0,0.0,1.0,1.0,540,54,54,54.0,54.0,0.050376105,1
18.8,6,64.0,43.07226559,0.9,0.0,0.0,0,9,0,0.8,0.9,0.1,0.1,0.0,1.0,1.0,828,54,342,82.8,82.8,0.025914502,1
20.0,6,62.3,43.93984219,0.9,0.1,0.1,1,9,1,1.0,1.0,0.0,0.0,0.0,1.0,1.0,540,54,54,54.0,54.0,0.025697589,1
18.8,6,64.0,42.17237337,0.9,0.0,0.0,0,9,0,0.8,0.9,0.1,0.1,0.0,1.0,1.0,828,54,342,82.8,82.8,0.026209092,1
18.0,6,62.8,37.55826302,0.9,0.0,0.0,0,9,0,0.8,0.9,0.0,0.0,0.0,1.0,1.0,572,54,86,57.2,57.2,0.029748607,1
10.4,17,57.6,3.319368831,0.1,0.0,0.0,0,1,0,0.0,0.1,0.8,0.8,0.1,0.9,0.9,2852,42,342,285.2,285.2,0.301330686,1
19.6,6,64.0,28.59847622,0.8,0.0,0.0,0,8,0,0.6,0.8,0.2,0.2,0.0,1.0,1.0,1136,54,342,113.6,113.6,0.043449712,1
20.0,6,64.0,39.6998778,1.0,0.0,0.0,0,10,0,0.9,1.0,0.0,0.0,0.0,1.0,1.0,540,54,54,54.0,54.0,0.027855897,1
16.8,6,62.4,38.49440339,0.8,0.0,0.0,0,8,0,0.7,0.8,0.1,0.1,0.0,1.0,1.0,844,54,342,84.4,84.4,0.028761101,1
17.6,6,62.9,54.48577419,0.7,0.1,0.1,1,7,1,0.8,0.8,0.2,0.2,0.0,1.0,1.0,1116,54,342,111.6,111.6,0.022701812,1
18.8,6,64.0,42.50960806,0.9,0.0,0.0,0,9,0,0.9,0.9,0.1,0.1,0.0,1.0,1.0,828,54,342,82.8,82.8,0.0265692,1
20.0,6,64.0,39.73474198,1.0,0.0,0.0,0,10,0,0.9,1.0,0.0,0.0,0.0,1.0,1.0,540,54,54,54.0,54.0,0.027883291,1
20.0,6,62.1,44.40160105,0.9,0.0,0.0,0,9,0,0.7,0.9,0.0,0.0,0.0,1.0,1.0,576,54,74,57.6,57.6,0.023837495,1
20.0,6,64.0,32.44582312,1.0,0.0,0.0,0,10,0,0.9,1.0,0.0,0.0,0.0,1.0,1.0,540,54,54,54.0,54.0,0.033955097,1
20.0,6,62.2,34.78527414,0.9,0.1,0.1,1,9,1,0.9,1.0,0.0,0.0,0.0,1.0,1.0,540,54,54,54.0,54.0,0.031381488,1
16.0,6,61.5,45.16448739,0.8,0.0,0.0,0,8,0,0.7,0.8,0.0,0.0,0.0,1.0,1.0,588,54,86,58.8,58.8,0.024791002,1
20.0,6,64.0,34.00818278,1.0,0.0,0.0,0,10,0,0.9,1.0,0.0,0.0,0.0,1.0,1.0,540,54,54,54.0,54.0,0.034113097,1
22.0,6,62.9,54.7342047,0.9,0.1,0.1,1,9,1,0.8,1.0,0.0,0.0,0.0,1.0,1.0,560,54,74,56.0,56.0,0.018814301,1
20.0,6,64.0,37.4404179,1.0,0.0,0.0,0,10,0,0.9,1.0,0.0,0.0,0.0,1.0,1.0,540,54,54,54.0,54.0,0.030197001,1
20.0,6,64.0,40.74050259,1.0,0.0,0.0,0,10,0,0.9,1.0,0.0,0.0,0.0,1.0,1.0,540,54,54,54.0,54.0,0.027039194,1
16.4,6,64.0,14.92586008,0.7,0.0,0.0,0,7,0,0.6,0.7,0.3,0.3,0.0,1.0,1.0,1404,54,342,140.4,140.4,0.069449401,1
16.8,6,62.4,39.61337728,0.8,0.0,0.0,0,8,0,0.8,0.8,0.1,0.1,0.0,1.0,1.0,860,54,342,86.0,86.0,0.031163597,1
16.0,6,51.2,36.06998136,0.8,0.0,0.0,0,8,0,0.7,0.8,0.0,0.0,0.2,0.8,0.8,516,42,54,51.6,51.6,0.028605795,1
18.0,6,79.7,48.22325034,0.8,0.1,0.1,1,8,1,0.8,0.9,0.0,0.0,0.0,1.0,1.0,572,54,86,57.2,57.2,0.023399901,1
20.0,6,60.5,45.89325613,0.8,0.2,0.2,2,8,2,1.0,1.0,0.0,0.0,0.0,1.0,1.0,540,54,54,54.0,54.0,0.023679805,1
20.0,6,60.1,35.30038925,0.8,0.2,0.2,2,8,2,1.0,1.0,0.0,0.0,0.0,1.0,1.0,540,54,54,54.0,54.0,0.032957697,1
20.0,6,64.0,32.64367351,1.0,0.0,0.0,0,10,0,0.9,1.0,0.0,0.0,0.0,1.0,1.0,540,54,54,54.0,54.0,0.032986903,1
20.0,6,64.0,32.77388906,1.0,0.0,0.0,0,10,0,0.9,1.0,0.0,0.0,0.0,1.0,1.0,540,54,54,54.0,54.0,0.034209299,1
17.6,6,81.9,44.42530385,0.7,0.1,0.1,1,7,1,0.8,0.8,0.2,0.2,0.0,1.0,1.0,1116,54,342,111.6,111.6,0.02296381,1
18.0,6,62.5,45.7464951,0.9,0.0,0.0,0,9,0,0.8,0.9,0.0,0.0,0.0,1.0,1.0,572,54,86,57.2,57.2,0.024790406,1
16.8,6,79.5,63.35730082,0.7,0.0,0.0,0,7,0,0.5,0.7,0.1,0.1,0.0,1.0,1.0,896,54,342,89.6,89.6,0.019223785,1
18.8,6,64.0,35.21384944,0.9,0.0,0.0,0,9,0,0.9,0.9,0.1,0.1,0.0,1.0,1.0,828,54,342,82.8,82.8,0.030923009,1
18.8,6,64.0,30.58720404,0.9,0.0,0.0,0,9,0,0.8,0.9,0.1,0.1,0.0,1.0,1.0,828,54,342,82.8,82.8,0.036440802,1
20.0,6,64.0,26.2765111,1.0,0.0,0.0,0,10,0,0.9,1.0,0.0,0.0,0.0,1.0,1.0,540,54,54,54.0,54.0,0.042716193,1
18.0,6,70.0,42.82287887,0.8,0.1,0.0,0,8,1,0.8,0.9,0.0,0.0,0.0,1.0,1.0,572,54,86,57.2,57.2,0.023400187,1
20.0,6,62.6,40.18417851,0.9,0.1,0.1,1,9,1,0.9,1.0,0.0,0.0,0.0,1.0,1.0,540,54,54,54.0,54.0,0.027385998,1
20.0,6,64.0,40.88657187,1.0,0.0,0.0,0,10,0,0.9,1.0,0.0,0.0,0.0,1.0,1.0,540,54,54,54.0,54.0,0.027048397,1
16.0,6,59.0,47.2791012,0.7,0.1,0.1,1,7,1,0.7,0.8,0.0,0.0,0.0,1.0,1.0,604,54,86,60.4,60.4,0.025678587,1
20.0,6,61.9,45.66814491,0.9,0.1,0.0,0,9,1,0.9,1.0,0.0,0.0,0.0,1.0,1.0,540,54,54,54.0,54.0,0.024583387,1
16.8,6,62.5,53.94936279,0.8,0.0,0.0,0,8,0,0.7,0.8,0.1,0.1,0.0,1.0,1.0,860,54,342,86.0,86.0,0.021022582,1
22.0,6,64.0,43.57016792,1.0,0.0,0.0,0,10,0,0.8,1.0,0.0,0.0,0.0,1.0,1.0,560,54,74,56.0,56.0,0.025550699,1
20.0,6,64.0,38.12386723,1.0,0.0,0.0,0,10,0,0.9,1.0,0.0,0.0,0.0,1.0,1.0,540,54,54,54.0,54.0,0.029516101,1
17.6,6,64.0,34.64090949,0.8,0.0,0.0,0,8,0,0.7,0.8,0.2,0.2,0.0,1.0,1.0,1116,54,342,111.6,111.6,0.031821609,1
22.0,6,64.0,23.27655021,1.0,0.0,0.0,0,10,0,0.8,1.0,0.0,0.0,0.0,1.0,1.0,560,54,74,56.0,56.0,0.045805693,1
16.4,6,64.0,44.20398545,0.7,0.0,0.0,0,7,0,0.6,0.7,0.3,0.3,0.0,1.0,1.0,1404,54,342,140.4,140.4,0.025800395,1
16.4,6,64.0,32.22292902,0.7,0.0,0.0,0,7,0,0.6,0.7,0.3,0.3,0.0,1.0,1.0,1404,54,342,140.4,140.4,0.033978605,1
16.8,6,81.8,47.30901807,0.8,0.0,0.0,0,8,0,0.7,0.8,0.1,0.1,0.0,1.0,1.0,844,54,342,84.4,84.4,0.023880911,1
14.4,6,62.7,56.79913873,0.6,0.0,0.0,0,6,0,0.6,0.6,0.3,0.3,0.0,1.0,1.0,1436,54,342,143.6,143.6,0.018460894,1
20.0,6,64.0,34.6255527,1.0,0.0,0.0,0,10,0,0.9,1.0,0.0,0.0,0.0,1.0,1.0,540,54,54,54.0,54.0,0.031546307,1
18.0,6,62.6,38.03770847,0.9,0.0,0.0,0,9,0,0.8,0.9,0.0,0.0,0.0,1.0,1.0,572,54,86,57.2,57.2,0.029193902,1
20.0,6,64.0,25.10455883,1.0,0.0,0.0,0,10,0,0.9,1.0,0.0,0.0,0.0,1.0,1.0,540,54,54,54.0,54.0,0.042424798,1
18.8,6,80.9,60.06578976,0.7,0.0,0.1,1,7,0,0.8,0.8,0.2,0.2,0.0,1.0,1.0,1128,54,342,112.8,112.8,0.019099402,1
20.4,6,68.4,48.58212784,0.9,0.1,0.1,1,9,1,1.0,1.0,0.0,0.0,0.0,1.0,1.0,544,54,58,54.4,54.4,0.023155284,1
15.6,6,57.6,42.43490296,0.7,0.0,0.0,0,7,0,0.6,0.7,0.2,0.2,0.1,0.9,0.9,1104,42,342,110.4,110.4,0.024567604,1
18.8,6,64.0,28.14096569,0.9,0.0,0.0,0,9,0,0.9,0.9,0.1,0.1,0.0,1.0,1.0,828,54,342,82.8,82.8,0.041398191,1
20.0,6,62.9,32.67034629,0.9,0.1,0.1,1,9,1,0.9,1.0,0.0,0.0,0.0,1.0,1.0,540,54,54,54.0,54.0,0.032737303,1
20.0,6,64.0,41.76865586,1.0,0.0,0.0,0,10,0,0.9,1.0,0.0,0.0,0.0,1.0,1.0,540,54,54,54.0,54.0,0.026663518,1
16.4,6,64.0,57.18954355,0.7,0.0,0.0,0,7,0,0.7,0.7,0.3,0.3,0.0,1.0,1.0,1404,54,342,140.4,140.4,0.020239115,1
20.0,6,64.0,26.87111321,1.0,0.0,0.0,0,10,0,0.9,1.0,0.0,0.0,0.0,1.0,1.0,540,54,54,54.0,54.0,0.039868784,1
18.8,6,64.0,45.83913749,0.9,0.0,0.0,0,9,0,0.8,0.9,0.1,0.1,0.0,1.0,1.0,828,54,342,82.8,82.8,0.024544406,1
20.0,6,62.0,35.49309314,0.9,0.1,0.1,1,9,1,0.8,1.0,0.0,0.0,0.0,1.0,1.0,540,54,54,54.0,54.0,0.033037996,1
20.0,6,81.5,41.16615237,0.9,0.1,0.1,1,9,1,0.9,1.0,0.0,0.0,0.0,1.0,1.0,540,54,54,54.0,54.0,0.028691387,1
18.8,6,62.7,52.00586232,0.8,0.1,0.1,1,8,1,0.8,0.9,0.1,0.1,0.0,1.0,1.0,828,54,342,82.8,82.8,0.022130513,1
14.8,6,89.3,6.578225175,0.2,0.1,0.1,1,2,1,0.2,0.4,0.2,0.2,0.1,0.9,0.9,1288,42,342,128.8,128.8,0.153703499,1
18.8,6,64.0,26.57970482,0.9,0.0,0.0,0,9,0,0.8,0.9,0.1,0.1,0.0,1.0,1.0,828,54,342,82.8,82.8,0.040583992,1
18.0,6,81.2,46.55165372,0.9,0.0,0.0,0,9,0,0.8,0.9,0.0,0.0,0.0,1.0,1.0,556,54,70,55.6,55.6,0.023425698,1
18.0,6,61.4,26.79047902,0.8,0.1,0.1,1,8,1,0.8,0.9,0.0,0.0,0.0,1.0,1.0,556,54,70,55.6,55.6,0.041881895,1
18.8,6,64.0,41.13615433,0.9,0.0,0.0,0,9,0,0.8,0.9,0.1,0.1,0.0,1.0,1.0,828,54,342,82.8,82.8,0.026895809,1
20.0,6,64.0,38.8865927,1.0,0.0,0.0,0,10,0,0.9,1.0,0.0,0.0,0.0,1.0,1.0,540,54,54,54.0,54.0,0.028463602,1
20.0,6,64.0,35.41741644,1.0,0.0,0.0,0,10,0,0.9,1.0,0.0,0.0,0.0,1.0,1.0,540,54,54,54.0,54.0,0.03103621,1
20.0,6,64.0,36.15302464,1.0,0.0,0.0,0,10,0,0.9,1.0,0.0,0.0,0.0,1.0,1.0,540,54,54,54.0,54.0,0.030676413,1
20.0,6,64.0,23.68377395,1.0,0.0,0.0,0,10,0,0.9,1.0,0.0,0.0,0.0,1.0,1.0,540,54,54,54.0,54.0,0.046815181,1
18.0,6,64.0,32.86209342,0.9,0.0,0.0,0,9,0,0.8,0.9,0.0,0.0,0.0,1.0,1.0,568,54,82,56.8,56.8,0.033103895,1
20.0,6,62.7,27.36569176,0.9,0.1,0.1,1,9,1,0.9,1.0,0.0,0.0,0.0,1.0,1.0,540,54,54,54.0,54.0,0.040214515,1
20.0,6,64.0,35.17091541,1.0,0.0,0.0,0,10,0,0.9,1.0,0.0,0.0,0.0,1.0,1.0,540,54,54,54.0,54.0,0.033035088,1
17.6,6,64.0,30.10299156,0.8,0.0,0.0,0,8,0,0.7,0.8,0.2,0.2,0.0,1.0,1.0,1116,54,342,111.6,111.6,0.037765789,1
18.8,6,64.0,45.61624229,0.9,0.0,0.0,0,9,0,0.8,0.9,0.1,0.1,0.0,1.0,1.0,828,54,342,82.8,82.8,0.02455771,1
18.8,6,64.0,11.00136655,0.9,0.0,0.0,0,9,0,0.8,0.9,0.1,0.1,0.0,1.0,1.0,828,54,342,82.8,82.8,0.091581392,1
8.0,17,64.0,1.989638784,0.0,0.0,0.0,0,0,0,0.0,0.0,1.0,1.0,0.0,1.0,1.0,3420,342,342,342.0,342.0,0.502779603,1
20.0,6,64.0,42.37449713,1.0,0.0,0.0,0,10,0,0.9,1.0,0.0,0.0,0.0,1.0,1.0,540,54,54,54.0,54.0,0.027436113,1
20.0,6,81.6,34.08747835,0.9,0.1,0.1,1,9,1,0.9,1.0,0.0,0.0,0.0,1.0,1.0,540,54,54,54.0,54.0,0.032254386,1
20.0,6,64.0,37.00674702,1.0,0.0,0.0,0,10,0,0.9,1.0,0.0,0.0,0.0,1.0,1.0,540,54,54,54.0,54.0,0.030170512,1
18.0,6,62.7,39.78230394,0.9,0.0,0.0,0,9,0,0.9,0.9,0.0,0.0,0.0,1.0,1.0,572,54,86,57.2,57.2,0.027808714,1
18.8,6,62.9,41.86237121,0.8,0.1,0.1,1,8,1,0.8,0.9,0.1,0.1,0.0,1.0,1.0,828,54,342,82.8,82.8,0.029062295,1
18.8,6,62.3,37.87332409,0.8,0.1,0.1,1,8,1,0.8,0.9,0.1,0.1,0.0,1.0,1.0,828,54,342,82.8,82.8,0.037026,1
20.0,6,62.8,43.76634597,0.9,0.1,0.1,1,9,1,0.9,1.0,0.0,0.0,0.0,1.0,1.0,540,54,54,54.0,54.0,0.023953295,1
8.0,17,64.0,2.290416046,0.0,0.0,0.0,0,0,0,0.0,0.0,1.0,1.0,0.0,1.0,1.0,3420,342,342,342.0,342.0,0.436602402,1
22.0,6,62.4,41.81771232,0.9,0.1,0.1,1,9,1,0.8,1.0,0.0,0.0,0.0,1.0,1.0,560,54,74,56.0,56.0,0.027077508,1
16.8,6,62.2,25.71375322,0.6,0.1,0.1,1,6,1,0.6,0.7,0.3,0.3,0.0,1.0,1.0,1408,54,342,140.8,140.8,0.049708104,1
18.8,6,64.0,38.22702876,0.9,0.0,0.0,0,9,0,0.8,0.9,0.1,0.1,0.0,1.0,1.0,828,54,342,82.8,82.8,0.026589918,1
20.0,6,64.0,36.34487522,1.0,0.0,0.0,0,10,0,0.9,1.0,0.0,0.0,0.0,1.0,1.0,540,54,54,54.0,54.0,0.0303092,1
20.0,6,64.0,23.10338484,1.0,0.0,0.0,0,10,0,0.9,1.0,0.0,0.0,0.0,1.0,1.0,540,54,54,54.0,54.0,0.047376394,1
20.0,6,64.0,35.81826069,1.0,0.0,0.0,0,10,0,0.9,1.0,0.0,0.0,0.0,1.0,1.0,540,54,54,54.0,54.0,0.032691717,1
20.0,6,64.0,37.55614434,1.0,0.0,0.0,0,10,0,0.9,1.0,0.0,0.0,0.0,1.0,1.0,540,54,54,54.0,54.0,0.029628086,1
20.0,6,64.0,36.72310735,1.0,0.0,0.0,0,10,0,0.9,1.0,0.0,0.0,0.0,1.0,1.0,540,54,54,54.0,54.0,0.030092502,1
20.0,6,64.0,22.42570353,1.0,0.0,0.0,0,10,0,0.9,1.0,0.0,0.0,0.0,1.0,1.0,540,54,54,54.0,54.0,0.048065591,1
18.8,6,64.0,34.00503958,0.9,0.0,0.0,0,9,0,0.8,0.9,0.1,0.1,0.0,1.0,1.0,828,54,342,82.8,82.8,0.034259009,1
20.4,6,61.3,52.87259938,0.9,0.1,0.1,1,9,1,0.9,1.0,0.0,0.0,0.0,1.0,1.0,544,54,58,54.4,54.4,0.02158699,1
16.0,6,56.3,38.39095526,0.8,0.0,0.0,0,8,0,0.7,0.8,0.0,0.0,0.1,0.9,0.9,544,42,70,54.4,54.4,0.027675295,1
18.0,6,61.8,37.55231113,0.9,0.0,0.0,0,9,0,0.8,0.9,0.0,0.0,0.0,1.0,1.0,572,54,86,57.2,57.2,0.027252316,1
18.0,6,57.6,36.41660213,0.9,0.0,0.0,0,9,0,0.8,0.9,0.0,0.0,0.1,0.9,0.9,528,42,54,52.8,52.8,0.030165911,1
18.8,6,64.0,34.43110297,0.9,0.0,0.0,0,9,0,0.8,0.9,0.1,0.1,0.0,1.0,1.0,828,54,342,82.8,82.8,0.033279896,1
20.0,6,132.4,29.42873521,0.2,0.0,0.7,7,2,0,0.8,0.8,0.2,0.2,0.0,1.0,1.0,1186,54,342,118.6,118.6,0.061567783,1
18.8,6,64.0,35.58188798,0.9,0.0,0.0,0,9,0,0.9,0.9,0.1,0.1,0.0,1.0,1.0,828,54,342,82.8,82.8,0.029727101,1
20.0,6,62.2,39.10051105,0.9,0.1,0.1,1,9,1,0.8,1.0,0.0,0.0,0.0,1.0,1.0,540,54,54,54.0,54.0,0.026634407,1
22.4,6,100.5,6.909474651,0.5,0.3,0.4,4,5,3,0.8,0.9,0.1,0.1,0.0,1.0,1.0,864,54,342,86.4,86.4,0.147545719,1
20.0,6,64.0,37.87907031,1.0,0.0,0.0,0,10,0,0.9,1.0,0.0,0.0,0.0,1.0,1.0,540,54,54,54.0,54.0,0.028898811,1
8.4,1,129.7,5.906978729,0.0,0.1,0.2,2,0,1,0.2,0.2,0.4,0.4,0.0,1.0,1.0,1839,54,342,183.9,183.9,0.173652601,1
16.0,6,59.3,57.91533706,0.7,0.1,0.1,1,7,1,0.7,0.8,0.0,0.0,0.0,1.0,1.0,604,54,86,60.4,60.4,0.019993901,1
20.0,6,64.0,25.35560564,1.0,0.0,0.0,0,10,0,0.9,1.0,0.0,0.0,0.0,1.0,1.0,540,54,54,54.0,54.0,0.042424297,1
11.2,17,64.0,1.991561028,0.1,0.0,0.0,0,1,0,0.0,0.1,0.9,0.9,0.0,1.0,1.0,3152,74,342,315.2,315.2,0.502185893,1
20.0,6,64.0,31.07577821,1.0,0.0,0.0,0,10,0,0.9,1.0,0.0,0.0,0.0,1.0,1.0,540,54,54,54.0,54.0,0.037142706,1
20.0,6,64.0,28.02360387,1.0,0.0,0.0,0,10,0,0.9,1.0,0.0,0.0,0.0,1.0,1.0,540,54,54,54.0,54.0,0.040487099,1
18.8,6,64.0,42.73452616,0.9,0.0,0.0,0,9,0,0.8,0.9,0.1,0.1,0.0,1.0,1.0,828,54,342,82.8,82.8,0.025748801,1
20.0,6,64.0,37.49152167,1.0,0.0,0.0,0,10,0,0.9,1.0,0.0,0.0,0.0,1.0,1.0,540,54,54,54.0,54.0,0.029432011,1
18.0,6,62.2,39.47219877,0.9,0.0,0.0,0,9,0,0.8,0.9,0.0,0.0,0.0,1.0,1.0,572,54,86,57.2,57.2,0.028072882,1
16.4,6,64.0,59.94089233,0.7,0.0,0.0,0,7,0,0.6,0.7,0.3,0.3,0.0,1.0,1.0,1404,54,342,140.4,140.4,0.019437003,1
8.0,17,64.0,2.484626967,0.0,0.0,0.0,0,0,0,0.0,0.0,1.0,1.0,0.0,1.0,1.0,3420,342,342,342.0,342.0,0.461416411,1
20.0,6,64.0,24.16374388,1.0,0.0,0.0,0,10,0,0.9,1.0,0.0,0.0,0.0,1.0,1.0,540,54,54,54.0,54.0,0.044485211,1
10.4,17,57.6,2.397980308,0.1,0.0,0.0,0,1,0,0.0,0.1,0.8,0.8,0.1,0.9,0.9,2852,42,342,285.2,285.2,0.517506504,1
18.8,6,64.0,38.40881452,0.9,0.0,0.0,0,9,0,0.9,0.9,0.1,0.1,0.0,1.0,1.0,828,54,342,82.8,82.8,0.028710699,1
22.0,6,64.0,33.75982679,1.0,0.0,0.0,0,10,0,0.8,1.0,0.0,0.0,0.0,1.0,1.0,560,54,74,56.0,56.0,0.0323035,1
20.0,6,64.0,40.53952124,1.0,0.0,0.0,0,10,0,0.9,1.0,0.0,0.0,0.0,1.0,1.0,540,54,54,54.0,54.0,0.02780869,1
15.6,6,61.9,39.22997349,0.7,0.0,0.0,0,7,0,0.6,0.7,0.2,0.2,0.0,1.0,1.0,1148,54,342,114.8,114.8,0.028139901,1
20.0,6,68.6,40.86000472,0.9,0.1,0.1,1,9,1,0.9,1.0,0.0,0.0,0.0,1.0,1.0,540,54,54,54.0,54.0,0.027228212,1
17.6,6,64.0,51.6510641,0.8,0.0,0.0,0,8,0,0.7,0.8,0.2,0.2,0.0,1.0,1.0,1116,54,342,111.6,111.6,0.022022605,1
17.6,6,64.0,40.39280455,0.8,0.0,0.0,0,8,0,0.8,0.8,0.2,0.2,0.0,1.0,1.0,1116,54,342,111.6,111.6,0.028362584,1
20.0,6,62.2,40.19422928,0.9,0.0,0.0,0,9,0,0.7,0.9,0.0,0.0,0.0,1.0,1.0,592,54,86,59.2,59.2,0.025335193,1
19.2,6,63.4,56.08490484,0.8,0.1,0.1,1,8,1,0.6,0.9,0.1,0.1,0.0,1.0,1.0,832,54,342,83.2,83.2,0.020754099,1
20.0,6,64.0,39.78309635,1.0,0.0,0.0,0,10,0,0.9,1.0,0.0,0.0,0.0,1.0,1.0,540,54,54,54.0,54.0,0.027965999,1
18.0,6,62.3,39.3472987,0.9,0.0,0.0,0,9,0,0.8,0.9,0.0,0.0,0.0,1.0,1.0,572,54,86,57.2,57.2,0.0285007,1
18.8,6,64.0,41.76150275,0.9,0.0,0.0,0,9,0,0.8,0.9,0.1,0.1,0.0,1.0,1.0,828,54,342,82.8,82.8,0.027135301,1
18.0,6,62.7,47.2954148,0.9,0.0,0.0,0,9,0,0.8,0.9,0.0,0.0,0.0,1.0,1.0,572,54,86,57.2,57.2,0.023796701,1
17.6,6,64.0,48.01732803,0.8,0.0,0.0,0,8,0,0.7,0.8,0.2,0.2,0.0,1.0,1.0,1116,54,342,111.6,111.6,0.023564816,1
18.0,6,62.7,37.45108229,0.9,0.0,0.0,0,9,0,0.8,0.9,0.0,0.0,0.0,1.0,1.0,572,54,86,57.2,57.2,0.027844095,1
20.0,6,64.0,28.13532149,1.0,0.0,0.0,0,10,0,0.9,1.0,0.0,0.0,0.0,1.0,1.0,540,54,54,54.0,54.0,0.0381464,1
20.0,6,61.7,25.2589639,0.9,0.1,0.1,1,9,1,0.9,1.0,0.0,0.0,0.0,1.0,1.0,540,54,54,54.0,54.0,0.03977499,1
20.0,6,64.0,36.76308461,1.0,0.0,0.0,0,10,0,0.9,1.0,0.0,0.0,0.0,1.0,1.0,540,54,54,54.0,54.0,0.029799509,1
20.0,6,61.7,41.06639565,0.9,0.1,0.1,1,9,1,0.8,1.0,0.0,0.0,0.0,1.0,1.0,540,54,54,54.0,54.0,0.027245712,1
20.0,6,64.0,39.30077059,1.0,0.0,0.0,0,10,0,0.9,1.0,0.0,0.0,0.0,1.0,1.0,540,54,54,54.0,54.0,0.028148794,1
20.0,6,64.0,15.2937024,1.0,0.0,0.0,0,10,0,0.9,1.0,0.0,0.0,0.0,1.0,1.0,540,54,54,54.0,54.0,0.071592402,1
15.6,6,81.4,53.94207756,0.7,0.0,0.0,0,7,0,0.6,0.7,0.2,0.2,0.0,1.0,1.0,1132,54,342,113.2,113.2,0.021419001,1
20.0,6,64.0,39.02487679,1.0,0.0,0.0,0,10,0,0.9,1.0,0.0,0.0,0.0,1.0,1.0,540,54,54,54.0,54.0,0.028779602,1
20.0,6,62.8,39.60208174,0.9,0.1,0.1,1,9,1,0.9,1.0,0.0,0.0,0.0,1.0,1.0,540,54,54,54.0,54.0,0.027972388,1
22.0,6,64.0,45.80934906,1.0,0.0,0.0,0,10,0,0.8,1.0,0.0,0.0,0.0,1.0,1.0,560,54,74,56.0,56.0,0.024530792,1
18.8,6,64.0,30.89385335,0.9,0.0,0.0,0,9,0,0.8,0.9,0.1,0.1,0.0,1.0,1.0,828,54,342,82.8,82.8,0.035303307,1
20.0,6,62.5,45.55312517,0.9,0.1,0.1,1,9,1,0.9,1.0,0.0,0.0,0.0,1.0,1.0,540,54,54,54.0,54.0,0.024598789,1
20.0,6,64.0,39.37067801,1.0,0.0,0.0,0,10,0,0.9,1.0,0.0,0.0,0.0,1.0,1.0,540,54,54,54.0,54.0,0.028168297,1
20.0,6,64.0,30.33604462,1.0,0.0,0.0,0,10,0,0.9,1.0,0.0,0.0,0.0,1.0,1.0,540,54,54,54.0,54.0,0.036215901,1
20.0,6,68.7,38.37430627,0.9,0.1,0.1,1,9,1,0.9,1.0,0.0,0.0,0.0,1.0,1.0,540,54,54,54.0,54.0,0.026894212,1
17.6,6,64.0,27.47275521,0.8,0.0,0.0,0,8,0,0.7,0.8,0.2,0.2,0.0,1.0,1.0,1116,54,342,111.6,111.6,0.036969209,1
18.8,6,64.0,36.94686344,0.9,0.0,0.0,0,9,0,0.8,0.9,0.1,0.1,0.0,1.0,1.0,828,54,342,82.8,82.8,0.031785989,1
14.8,6,51.2,61.10110962,0.7,0.0,0.0,0,7,0,0.6,0.7,0.1,0.1,0.2,0.8,0.8,804,42,342,80.4,80.4,0.019072199,1
20.0,6,64.0,39.3567505,1.0,0.0,0.0,0,10,0,0.9,1.0,0.0,0.0,0.0,1.0,1.0,540,54,54,54.0,54.0,0.030384302,1
6.8,17,52.8,4.854293783,0.0,0.1,0.1,1,0,1,0.1,0.1,0.6,0.6,0.1,0.9,0.9,2352,42,342,235.2,235.2,0.206003189,1
20.0,6,64.0,35.20693276,1.0,0.0,0.0,0,10,0,0.9,1.0,0.0,0.0,0.0,1.0,1.0,540,54,54,54.0,54.0,0.031224012,1
20.0,6,64.0,38.20905965,1.0,0.0,0.0,0,10,0,0.9,1.0,0.0,0.0,0.0,1.0,1.0,540,54,54,54.0,54.0,0.026784897,1
20.0,6,64.0,38.4151466,1.0,0.0,0.0,0,10,0,0.9,1.0,0.0,0.0,0.0,1.0,1.0,540,54,54,54.0,54.0,0.028676081,1
17.6,6,64.0,55.52927719,0.8,0.0,0.0,0,8,0,0.7,0.8,0.2,0.2,0.0,1.0,1.0,1116,54,342,111.6,111.6,0.020608902,1
15.6,6,57.6,30.34506509,0.7,0.0,0.0,0,7,0,0.7,0.7,0.2,0.2,0.1,0.9,0.9,1104,42,342,110.4,110.4,0.037820506,1
17.6,6,62.2,32.26097344,0.7,0.1,0.1,1,7,1,0.7,0.8,0.2,0.2,0.0,1.0,1.0,1116,54,342,111.6,111.6,0.035660005,1
20.0,6,64.0,35.94149348,1.0,0.0,0.0,0,10,0,0.9,1.0,0.0,0.0,0.0,1.0,1.0,540,54,54,54.0,54.0,0.031961799,1
20.0,6,64.0,39.7058534,1.0,0.0,0.0,0,10,0,0.9,1.0,0.0,0.0,0.0,1.0,1.0,540,54,54,54.0,54.0,0.027972221,1
20.0,6,64.0,29.83827744,1.0,0.0,0.0,0,10,0,0.9,1.0,0.0,0.0,0.0,1.0,1.0,540,54,54,54.0,54.0,0.038441181,1
20.0,6,64.0,28.37290415,1.0,0.0,0.0,0,10,0,0.9,1.0,0.0,0.0,0.0,1.0,1.0,540,54,54,54.0,54.0,0.038059497,1
20.0,6,64.0,41.1375261,1.0,0.0,0.0,0,10,0,0.9,1.0,0.0,0.0,0.0,1.0,1.0,540,54,54,54.0,54.0,0.026992702,1
20.0,6,64.0,42.63882027,1.0,0.0,0.0,0,10,0,0.9,1.0,0.0,0.0,0.0,1.0,1.0,540,54,54,54.0,54.0,0.026033497,1
20.0,6,64.0,34.08049858,1.0,0.0,0.0,0,10,0,0.9,1.0,0.0,0.0,0.0,1.0,1.0,540,54,54,54.0,54.0,0.034146786,1
20.0,6,64.0,35.35716664,1.0,0.0,0.0,0,10,0,0.9,1.0,0.0,0.0,0.0,1.0,1.0,540,54,54,54.0,54.0,0.030920601,1
20.0,6,62.5,38.3538485,0.9,0.1,0.1,1,9,1,0.8,1.0,0.0,0.0,0.0,1.0,1.0,540,54,54,54.0,54.0,0.028575706,1
20.0,6,64.0,29.62893055,1.0,0.0,0.0,0,10,0,0.9,1.0,0.0,0.0,0.0,1.0,1.0,540,54,54,54.0,54.0,0.036746097,1
22.0,6,64.0,40.37923306,1.0,0.0,0.0,0,10,0,0.8,1.0,0.0,0.0,0.0,1.0,1.0,560,54,74,56.0,56.0,0.029414296,1
18.0,6,73.1,64.51495011,0.6,0.3,0.3,3,6,3,0.8,0.9,0.0,0.0,0.1,0.9,0.9,528,42,54,52.8,52.8,0.015503693,1
20.0,6,64.0,35.53874493,1.0,0.0,0.0,0,10,0,0.9,1.0,0.0,0.0,0.0,1.0,1.0,540,54,54,54.0,54.0,0.030897403,1
20.0,6,64.0,40.96008,1.0,0.0,0.0,0,10,0,0.9,1.0,0.0,0.0,0.0,1.0,1.0,540,54,54,54.0,54.0,0.026914811,1
20.0,6,64.0,36.01321247,1.0,0.0,0.0,0,10,0,0.9,1.0,0.0,0.0,0.0,1.0,1.0,540,54,54,54.0,54.0,0.030408692,1
20.0,6,61.8,40.30144139,0.9,0.1,0.1,1,9,1,0.9,1.0,0.0,0.0,0.0,1.0,1.0,540,54,54,54.0,54.0,0.026620412,1
20.0,6,64.0,38.6638078,1.0,0.0,0.0,0,10,0,0.9,1.0,0.0,0.0,0.0,1.0,1.0,540,54,54,54.0,54.0,0.028793597,1
20.4,6,69.0,43.58039918,0.9,0.1,0.1,1,9,1,0.9,1.0,0.0,0.0,0.0,1.0,1.0,544,54,58,54.4,54.4,0.027348781,1
18.0,6,57.6,35.64742038,0.9,0.0,0.0,0,9,0,0.9,0.9,0.0,0.0,0.1,0.9,0.9,528,42,54,52.8,52.8,0.031364918,1
20.0,6,64.0,21.87149939,1.0,0.0,0.0,0,10,0,0.9,1.0,0.0,0.0,0.0,1.0,1.0,540,54,54,54.0,54.0,0.050189519,1
20.0,6,64.0,43.70473413,1.0,0.0,0.0,0,10,0,0.9,1.0,0.0,0.0,0.0,1.0,1.0,540,54,54,54.0,54.0,0.026063514,1
18.8,6,64.0,39.97346732,0.9,0.0,0.0,0,9,0,0.8,0.9,0.1,0.1,0.0,1.0,1.0,828,54,342,82.8,82.8,0.026620913,1
28.8,6,68.2,13.1343923,0.5,0.1,0.3,3,5,1,0.4,0.8,0.2,0.2,0.0,1.0,1.0,1228,54,342,122.8,122.8,0.076191401,1
7.2,17,57.6,2.574358364,0.0,0.0,0.0,0,0,0,0.0,0.0,0.9,0.9,0.1,0.9,0.9,3120,42,342,312.0,312.0,0.402469516,1
18.8,6,64.0,34.50738803,0.8,0.1,0.0,0,8,1,0.8,0.9,0.1,0.1,0.0,1.0,1.0,828,54,342,82.8,82.8,0.029063416,1
18.8,6,81.0,34.43229012,0.8,0.1,0.1,1,8,1,0.8,0.9,0.1,0.1,0.0,1.0,1.0,828,54,342,82.8,82.8,0.030653501,1
16.0,6,56.0,28.61777435,0.8,0.0,0.0,0,8,0,0.7,0.8,0.0,0.0,0.1,0.9,0.9,544,42,70,54.4,54.4,0.037024117,1
18.0,6,79.3,27.54609894,0.7,0.0,0.2,2,7,0,0.8,0.9,0.0,0.0,0.0,1.0,1.0,572,54,86,57.2,57.2,0.041209388,1
20.0,6,64.0,35.75362305,1.0,0.0,0.0,0,10,0,0.9,1.0,0.0,0.0,0.0,1.0,1.0,540,54,54,54.0,54.0,0.03082571,1
20.0,6,64.0,36.51831704,1.0,0.0,0.0,0,10,0,0.9,1.0,0.0,0.0,0.0,1.0,1.0,540,54,54,54.0,54.0,0.030072808,1
20.0,6,64.0,41.52248642,1.0,0.0,0.0,0,6,0,1.0,1.0,0.0,0.0,0.0,1.0,1.0,324,54,54,54.0,54.0,0.028574347,1
6.4,17,51.2,2.553894129,0.0,0.0,0.0,0,0,0,0.0,0.0,0.8,0.8,0.2,0.8,0.8,2820,42,342,282.0,282.0,0.401914096,1
20.0,6,64.0,39.01797916,1.0,0.0,0.0,0,10,0,0.9,1.0,0.0,0.0,0.0,1.0,1.0,540,54,54,54.0,54.0,0.028540015,1
20.0,6,64.0,37.46791027,1.0,0.0,0.0,0,10,0,0.9,1.0,0.0,0.0,0.0,1.0,1.0,540,54,54,54.0,54.0,0.031220818,1
18.0,6,60.7,42.03025277,0.8,0.1,0.1,1,8,1,0.8,0.9,0.0,0.0,0.0,1.0,1.0,572,54,86,57.2,57.2,0.026708603,1
16.4,6,64.0,52.48384243,0.7,0.0,0.0,0,7,0,0.6,0.7,0.3,0.3,0.0,1.0,1.0,1404,54,342,140.4,140.4,0.021516895,1
18.8,6,64.0,44.05499227,0.9,0.0,0.0,0,9,0,0.8,0.9,0.1,0.1,0.0,1.0,1.0,828,54,342,82.8,82.8,0.025442815,1
20.0,6,64.0,34.13097239,1.0,0.0,0.0,0,10,0,0.9,1.0,0.0,0.0,0.0,1.0,1.0,540,54,54,54.0,54.0,0.031981611,1
20.0,6,64.0,40.3346165,1.0,0.0,0.0,0,10,0,0.9,1.0,0.0,0.0,0.0,1.0,1.0,540,54,54,54.0,54.0,0.027550602,1
18.8,6,64.0,24.10584654,0.9,0.0,0.0,0,9,0,0.8,0.9,0.1,0.1,0.0,1.0,1.0,828,54,342,82.8,82.8,0.046032405,1
18.8,6,64.0,42.76262854,0.9,0.0,0.0,0,9,0,0.8,0.9,0.1,0.1,0.0,1.0,1.0,828,54,342,82.8,82.8,0.023615789,1
20.0,6,62.2,43.57148051,0.9,0.1,0.1,1,9,1,0.9,1.0,0.0,0.0,0.0,1.0,1.0,540,54,54,54.0,54.0,0.025669098,1
22.0,6,63.0,43.00923904,0.9,0.1,0.1,1,9,1,0.8,1.0,0.0,0.0,0.0,1.0,1.0,560,54,74,56.0,56.0,0.025195718,1
18.0,6,61.3,8.940713129,0.6,0.0,0.2,2,6,0,0.6,0.7,0.2,0.2,0.0,1.0,1.0,1156,54,342,115.6,115.6,0.120435596,1
18.8,6,64.0,22.82849229,0.9,0.0,0.0,0,9,0,0.8,0.9,0.1,0.1,0.0,1.0,1.0,828,54,342,82.8,82.8,0.048508096,1
20.0,6,68.2,36.75783304,0.9,0.1,0.1,1,9,1,0.9,1.0,0.0,0.0,0.0,1.0,1.0,540,54,54,54.0,54.0,0.030523181,1
18.8,6,64.0,24.78260073,0.9,0.0,0.0,0,9,0,0.8,0.9,0.1,0.1,0.0,1.0,1.0,828,54,342,82.8,82.8,0.046588182,1
20.0,6,64.0,39.43731154,1.0,0.0,0.0,0,10,0,0.9,1.0,0.0,0.0,0.0,1.0,1.0,540,54,54,54.0,54.0,0.028146219,1
18.0,6,57.6,44.38290123,0.9,0.0,0.0,0,9,0,0.8,0.9,0.0,0.0,0.1,0.9,0.9,528,42,54,52.8,52.8,0.025170994,1
20.0,6,81.7,23.7684484,0.9,0.1,0.1,1,9,1,0.9,1.0,0.0,0.0,0.0,1.0,1.0,540,54,54,54.0,54.0,0.044901299,1
18.8,6,61.8,47.7147063,0.8,0.1,0.1,1,8,1,0.8,0.9,0.1,0.1,0.0,1.0,1.0,828,54,342,82.8,82.8,0.021396399,1
18.8,6,64.0,44.7308929,0.9,0.0,0.0,0,9,0,0.8,0.9,0.1,0.1,0.0,1.0,1.0,828,54,342,82.8,82.8,0.025099492,1
18.0,6,62.0,41.54878359,0.9,0.0,0.0,0,9,0,0.8,0.9,0.0,0.0,0.0,1.0,1.0,572,54,86,57.2,57.2,0.028854895,1
17.6,6,64.0,30.03074456,0.8,0.0,0.0,0,8,0,0.8,0.8,0.2,0.2,0.0,1.0,1.0,1116,54,342,111.6,111.6,0.038039899,1
20.0,6,62.2,35.74557879,0.9,0.1,0.1,1,9,1,0.9,1.0,0.0,0.0,0.0,1.0,1.0,540,54,54,54.0,54.0,0.030682683,1
20.0,6,64.0,34.03964674,1.0,0.0,0.0,0,10,0,0.9,1.0,0.0,0.0,0.0,1.0,1.0,540,54,54,54.0,54.0,0.032194304,1
16.4,6,64.0,60.37228316,0.7,0.0,0.0,0,7,0,0.6,0.7,0.3,0.3,0.0,1.0,1.0,1404,54,342,140.4,140.4,0.019155097,1
20.0,6,64.0,34.37925919,1.0,0.0,0.0,0,10,0,0.9,1.0,0.0,0.0,0.0,1.0,1.0,540,54,54,54.0,54.0,0.0318326,1
10.4,17,57.6,3.321778963,0.1,0.0,0.0,0,1,0,0.0,0.1,0.8,0.8,0.1,0.9,0.9,2852,42,342,285.2,285.2,0.377645302,1
20.0,6,64.0,37.37799118,1.0,0.0,0.0,0,10,0,0.9,1.0,0.0,0.0,0.0,1.0,1.0,540,54,54,54.0,54.0,0.029492593,1
20.0,6,64.0,35.21287385,1.0,0.0,0.0,0,10,0,0.9,1.0,0.0,0.0,0.0,1.0,1.0,540,54,54,54.0,54.0,0.031327796,1
34.4,6,71.2,24.95844429,0.3,0.0,0.8,8,3,0,0.9,1.0,0.0,0.0,0.0,1.0,1.0,753,66,120,75.3,75.3,0.042385602,1
18.0,6,69.2,63.07992402,0.7,0.1,0.1,1,7,1,0.7,0.8,0.2,0.2,0.0,1.0,1.0,1120,54,342,112.0,112.0,0.020730591,1
18.0,6,62.8,40.03940646,0.9,0.0,0.0,0,9,0,0.9,0.9,0.0,0.0,0.0,1.0,1.0,572,54,86,57.2,57.2,0.026472497,1
18.0,6,66.9,24.80527438,0.8,0.1,0.1,1,8,1,0.8,0.9,0.0,0.0,0.0,1.0,1.0,572,54,86,57.2,57.2,0.044041204,1
20.0,6,62.2,38.57193042,0.9,0.1,0.1,1,9,1,0.9,1.0,0.0,0.0,0.0,1.0,1.0,540,54,54,54.0,54.0,0.028759384,1
16.0,6,56.8,52.65931616,0.8,0.0,0.0,0,8,0,0.7,0.8,0.0,0.0,0.1,0.9,0.9,560,42,86,56.0,56.0,0.021627092,1
16.8,6,57.6,40.87589306,0.8,0.0,0.0,0,8,0,0.7,0.8,0.1,0.1,0.1,0.9,0.9,816,42,342,81.6,81.6,0.027728796,1
20.0,6,61.0,51.11769502,0.8,0.2,0.2,2,8,2,0.9,1.0,0.0,0.0,0.0,1.0,1.0,540,54,54,54.0,54.0,0.022277498,1
20.0,6,62.2,37.06269805,0.9,0.1,0.1,1,9,1,0.9,1.0,0.0,0.0,0.0,1.0,1.0,540,54,54,54.0,54.0,0.029866409,1
18.0,6,62.9,44.59349922,0.9,0.0,0.0,0,9,0,0.8,0.9,0.0,0.0,0.0,1.0,1.0,572,54,86,57.2,57.2,0.025211382,1
18.8,6,61.7,51.52967164,0.8,0.1,0.1,1,8,1,0.8,0.9,0.1,0.1,0.0,1.0,1.0,828,54,342,82.8,82.8,0.022807693,1
20.0,6,64.0,31.84762842,1.0,0.0,0.0,0,10,0,0.9,1.0,0.0,0.0,0.0,1.0,1.0,540,54,54,54.0,54.0,0.034277606,1
20.0,6,62.7,39.60724248,0.9,0.1,0.1,1,9,1,0.9,1.0,0.0,0.0,0.0,1.0,1.0,540,54,54,54.0,54.0,0.02736342,1
18.0,6,81.8,40.03745722,0.9,0.0,0.0,0,9,0,0.8,0.9,0.0,0.0,0.0,1.0,1.0,556,54,70,55.6,55.6,0.027878594,1
22.0,6,64.0,30.10007514,1.0,0.0,0.0,0,10,0,0.8,1.0,0.0,0.0,0.0,1.0,1.0,560,54,74,56.0,56.0,0.035898709,1
18.0,6,63.1,41.73951811,0.9,0.0,0.0,0,9,0,0.8,0.9,0.0,0.0,0.0,1.0,1.0,572,54,86,57.2,57.2,0.027450013,1
20.0,6,64.0,37.86802406,1.0,0.0,0.0,0,10,0,0.9,1.0,0.0,0.0,0.0,1.0,1.0,540,54,54,54.0,54.0,0.028955317,1
20.0,6,62.4,44.5563596,0.9,0.0,0.0,0,9,0,0.7,0.9,0.0,0.0,0.0,1.0,1.0,592,54,86,59.2,59.2,0.026289988,1
20.0,6,64.0,30.86189237,1.0,0.0,0.0,0,10,0,0.9,1.0,0.0,0.0,0.0,1.0,1.0,540,54,54,54.0,54.0,0.041538906,1
20.0,6,64.0,39.56446399,1.0,0.0,0.0,0,10,0,0.9,1.0,0.0,0.0,0.0,1.0,1.0,540,54,54,54.0,54.0,0.030550909,1
16.0,6,51.2,49.59553129,0.8,0.0,0.0,0,8,0,0.7,0.8,0.0,0.0,0.2,0.8,0.8,516,42,54,51.6,51.6,0.022806597,1
18.0,6,60.1,24.93479317,0.8,0.1,0.1,1,8,1,0.9,0.9,0.0,0.0,0.0,1.0,1.0,556,54,70,55.6,55.6,0.044943309,1
20.0,6,64.0,38.59990245,1.0,0.0,0.0,0,10,0,0.9,1.0,0.0,0.0,0.0,1.0,1.0,540,54,54,54.0,54.0,0.028580689,1
18.8,6,64.0,10.7354175,0.9,0.0,0.0,0,9,0,0.8,0.9,0.1,0.1,0.0,1.0,1.0,828,54,342,82.8,82.8,0.098519611,1
22.0,6,64.0,15.40157787,1.0,0.0,0.0,0,10,0,0.8,1.0,0.0,0.0,0.0,1.0,1.0,560,54,74,56.0,56.0,0.072162604,1
17.6,6,64.0,47.61266037,0.8,0.0,0.0,0,8,0,0.7,0.8,0.2,0.2,0.0,1.0,1.0,1116,54,342,111.6,111.6,0.021330404,1
20.0,6,64.0,30.2096661,1.0,0.0,0.0,0,10,0,0.9,1.0,0.0,0.0,0.0,1.0,1.0,540,54,54,54.0,54.0,0.038556194,1
20.0,6,62.7,13.15265063,0.9,0.0,0.0,0,9,0,0.8,0.9,0.0,0.0,0.0,1.0,1.0,592,54,86,59.2,59.2,0.0919945,1
20.4,6,63.4,48.66318214,0.9,0.1,0.1,1,9,1,0.9,1.0,0.0,0.0,0.0,1.0,1.0,544,54,58,54.4,54.4,0.023541713,1
20.0,6,81.1,28.84570523,0.8,0.0,0.2,2,8,0,0.9,1.0,0.0,0.0,0.0,1.0,1.0,540,54,54,54.0,54.0,0.039281201,1
20.0,6,62.3,33.94007268,0.9,0.1,0.1,1,9,1,0.9,1.0,0.0,0.0,0.0,1.0,1.0,540,54,54,54.0,54.0,0.032160687,1
20.0,6,61.5,40.28410046,0.8,0.2,0.2,2,8,2,0.8,1.0,0.0,0.0,0.0,1.0,1.0,540,54,54,54.0,54.0,0.027469182,1
18.8,6,64.0,40.89980858,0.9,0.0,0.0,0,9,0,0.8,0.9,0.1,0.1,0.0,1.0,1.0,828,54,342,82.8,82.8,0.027185583,1
18.8,6,64.0,27.36688807,0.9,0.0,0.0,0,9,0,0.8,0.9,0.1,0.1,0.0,1.0,1.0,828,54,342,82.8,82.8,0.041096115,1
18.0,6,62.2,39.06816967,0.9,0.0,0.0,0,9,0,0.8,0.9,0.0,0.0,0.0,1.0,1.0,572,54,86,57.2,57.2,0.029785299,1
20.0,6,64.0,40.57831027,1.0,0.0,0.0,0,10,0,0.9,1.0,0.0,0.0,0.0,1.0,1.0,540,54,54,54.0,54.0,0.027438903,1
20.0,6,60.4,45.67063125,0.8,0.2,0.2,2,8,2,0.9,1.0,0.0,0.0,0.0,1.0,1.0,540,54,54,54.0,54.0,0.024452615,1
20.0,6,62.3,42.32122244,0.9,0.1,0.1,1,9,1,0.9,1.0,0.0,0.0,0.0,1.0,1.0,540,54,54,54.0,54.0,0.027041006,1
18.8,6,64.0,33.97270393,0.9,0.0,0.0,0,9,0,0.8,0.9,0.1,0.1,0.0,1.0,1.0,828,54,342,82.8,82.8,0.029687595,1
16.8,6,57.6,46.34928072,0.8,0.0,0.0,0,8,0,0.8,0.8,0.1,0.1,0.1,0.9,0.9,816,42,342,81.6,81.6,0.024432707,1
20.0,6,64.0,40.3671858,1.0,0.0,0.0,0,10,0,0.9,1.0,0.0,0.0,0.0,1.0,1.0,540,54,54,54.0,54.0,0.0254807,1
20.0,6,62.3,25.64515764,0.9,0.1,0.1,1,9,1,0.9,1.0,0.0,0.0,0.0,1.0,1.0,540,54,54,54.0,54.0,0.041494918,1
22.0,6,64.0,33.13957751,1.0,0.0,0.0,0,10,0,0.8,1.0,0.0,0.0,0.0,1.0,1.0,560,54,74,56.0,56.0,0.039893484,1
18.8,6,62.3,47.94503981,0.8,0.1,0.1,1,8,1,0.8,0.9,0.1,0.1,0.0,1.0,1.0,828,54,342,82.8,82.8,0.024975514,1
20.0,6,64.0,40.11860626,1.0,0.0,0.0,0,10,0,0.9,1.0,0.0,0.0,0.0,1.0,1.0,540,54,54,54.0,54.0,0.028001785,1
16.8,6,81.6,23.32977535,0.8,0.0,0.0,0,8,0,0.8,0.8,0.1,0.1,0.0,1.0,1.0,884,54,342,88.4,88.4,0.04295938,1
20.0,6,64.0,37.25614273,1.0,0.0,0.0,0,10,0,0.9,1.0,0.0,0.0,0.0,1.0,1.0,540,54,54,54.0,54.0,0.030081797,1
20.0,6,64.0,39.71581671,1.0,0.0,0.0,0,10,0,0.9,1.0,0.0,0.0,0.0,1.0,1.0,540,54,54,54.0,54.0,0.028010893,1
19.6,6,64.0,16.33698649,0.8,0.0,0.0,0,8,0,0.6,0.8,0.2,0.2,0.0,1.0,1.0,1136,54,342,113.6,113.6,0.068906283,1
16.0,6,49.8,56.27203963,0.7,0.1,0.1,1,7,1,0.7,0.8,0.0,0.0,0.2,0.8,0.8,516,42,54,51.6,51.6,0.021133018,1
22.0,6,62.9,48.72819792,0.9,0.1,0.1,1,9,1,0.9,1.0,0.0,0.0,0.0,1.0,1.0,560,54,74,56.0,56.0,0.0230654,1
20.0,6,62.2,36.05891087,0.9,0.1,0.1,1,9,1,0.9,1.0,0.0,0.0,0.0,1.0,1.0,540,54,54,54.0,54.0,0.030289793,1
21.2,6,80.9,46.14713642,0.9,0.0,0.1,1,9,0,0.9,1.0,0.0,0.0,0.0,1.0,1.0,552,54,66,55.2,55.2,0.024599409,1
16.4,6,64.0,41.76013063,0.7,0.0,0.0,0,7,0,0.7,0.7,0.3,0.3,0.0,1.0,1.0,1404,54,342,140.4,140.4,0.02665379,1
20.0,6,64.0,41.46265369,0.9,0.0,0.1,1,9,0,0.9,1.0,0.0,0.0,0.0,1.0,1.0,540,54,54,54.0,54.0,0.024175406,1
18.8,6,64.0,38.69416207,0.9,0.0,0.0,0,9,0,0.8,0.9,0.1,0.1,0.0,1.0,1.0,828,54,342,82.8,82.8,0.028398585,1
14.4,17,64.0,3.317053218,0.2,0.0,0.0,0,2,0,0.0,0.2,0.8,0.8,0.0,1.0,1.0,2884,74,342,288.4,288.4,0.3015872,1
20.0,6,60.6,52.16160219,0.8,0.2,0.2,2,8,2,0.9,1.0,0.0,0.0,0.0,1.0,1.0,540,54,54,54.0,54.0,0.021865392,1
18.0,6,81.6,38.21504747,0.9,0.0,0.0,0,9,0,0.8,0.9,0.0,0.0,0.0,1.0,1.0,556,54,70,55.6,55.6,0.028878498,1
18.0,6,62.7,38.30652497,0.9,0.0,0.0,0,9,0,0.8,0.9,0.0,0.0,0.0,1.0,1.0,572,54,86,57.2,57.2,0.029138899,1
20.0,6,62.4,40.74315411,0.9,0.1,0.1,1,9,1,0.9,1.0,0.0,0.0,0.0,1.0,1.0,540,54,54,54.0,54.0,0.0250422,1
20.0,6,64.0,41.63456947,1.0,0.0,0.0,0,10,0,0.9,1.0,0.0,0.0,0.0,1.0,1.0,540,54,54,54.0,54.0,0.026978803,1
20.0,6,64.0,36.95220173,1.0,0.0,0.0,0,10,0,0.9,1.0,0.0,0.0,0.0,1.0,1.0,540,54,54,54.0,54.0,0.029789305,1
17.6,6,62.8,44.57264794,0.7,0.1,0.1,1,7,1,0.7,0.8,0.2,0.2,0.0,1.0,1.0,1116,54,342,111.6,111.6,0.025775003,1
18.0,6,60.9,41.91851767,0.8,0.1,0.1,1,8,1,0.8,0.9,0.0,0.0,0.0,1.0,1.0,572,54,86,57.2,57.2,0.02649889,1
18.0,6,62.5,25.06648052,0.9,0.0,0.0,0,9,0,0.8,0.9,0.0,0.0,0.0,1.0,1.0,572,54,86,57.2,57.2,0.044210792,1
20.0,6,64.0,35.87150141,1.0,0.0,0.0,0,10,0,0.9,1.0,0.0,0.0,0.0,1.0,1.0,540,54,54,54.0,54.0,0.030695891,1
16.0,6,61.2,48.1280752,0.8,0.0,0.0,0,8,0,0.7,0.8,0.0,0.0,0.0,1.0,1.0,604,54,86,60.4,60.4,0.023452592,1
20.0,6,60.5,46.20218877,0.8,0.2,0.2,2,8,2,0.8,1.0,0.0,0.0,0.0,1.0,1.0,540,54,54,54.0,54.0,0.024482608,1
20.0,6,60.3,28.89998532,0.8,0.2,0.2,2,8,2,0.8,1.0,0.0,0.0,0.0,1.0,1.0,540,54,54,54.0,54.0,0.040987587,1
17.6,6,64.0,26.36658463,0.8,0.0,0.0,0,8,0,0.7,0.8,0.2,0.2,0.0,1.0,1.0,1116,54,342,111.6,111.6,0.0423774,1
16.4,6,64.0,60.64314084,0.7,0.0,0.0,0,7,0,0.6,0.7,0.3,0.3,0.0,1.0,1.0,1404,54,342,140.4,140.4,0.020436406,1
20.0,6,64.0,30.74700872,1.0,0.0,0.0,0,10,0,0.9,1.0,0.0,0.0,0.0,1.0,1.0,540,54,54,54.0,54.0,0.033201194,1
14.4,17,64.0,2.345769691,0.2,0.0,0.0,0,2,0,0.0,0.2,0.8,0.8,0.0,1.0,1.0,2884,74,342,288.4,288.4,0.426309514,1
16.4,6,64.0,43.64524833,0.7,0.0,0.0,0,7,0,0.7,0.7,0.3,0.3,0.0,1.0,1.0,1404,54,342,140.4,140.4,0.026081896,1
18.0,6,57.6,42.9575689,0.9,0.0,0.0,0,9,0,0.8,0.9,0.0,0.0,0.1,0.9,0.9,528,42,54,52.8,52.8,0.026285791,1
20.0,6,64.0,41.23098096,1.0,0.0,0.0,0,10,0,0.9,1.0,0.0,0.0,0.0,1.0,1.0,540,54,54,54.0,54.0,0.026961994,1
20.0,6,64.0,39.38372783,1.0,0.0,0.0,0,10,0,0.9,1.0,0.0,0.0,0.0,1.0,1.0,540,54,54,54.0,54.0,0.028179884,1
20.0,6,64.0,35.18847204,1.0,0.0,0.0,0,10,0,0.9,1.0,0.0,0.0,0.0,1.0,1.0,540,54,54,54.0,54.0,0.031338191,1
17.6,6,64.0,28.84187697,0.8,0.0,0.0,0,8,0,0.7,0.8,0.2,0.2,0.0,1.0,1.0,1116,54,342,111.6,111.6,0.039545012,1
17.6,6,64.0,38.89174894,0.8,0.0,0.0,0,8,0,0.7,0.8,0.2,0.2,0.0,1.0,1.0,1116,54,342,111.6,111.6,0.025818491,1
20.0,6,64.0,39.37581558,1.0,0.0,0.0,0,10,0,0.9,1.0,0.0,0.0,0.0,1.0,1.0,540,54,54,54.0,54.0,0.028088284,1
20.0,6,64.0,37.93168812,1.0,0.0,0.0,0,10,0,0.9,1.0,0.0,0.0,0.0,1.0,1.0,540,54,54,54.0,54.0,0.029876781,1
20.0,6,64.0,17.19655044,0.9,0.1,0.0,0,9,1,0.9,1.0,0.0,0.0,0.0,1.0,1.0,540,54,54,54.0,54.0,0.058362913,1
19.6,6,64.0,22.42217892,0.8,0.0,0.0,0,8,0,0.7,0.8,0.2,0.2,0.0,1.0,1.0,1136,54,342,113.6,113.6,0.05267911,1
18.4,6,81.3,30.99803634,0.7,0.1,0.1,1,7,1,0.7,0.8,0.2,0.2,0.0,1.0,1.0,1124,54,342,112.4,112.4,0.034836411,1
18.8,6,64.0,30.50174423,0.9,0.0,0.0,0,9,0,0.8,0.9,0.1,0.1,0.0,1.0,1.0,828,54,342,82.8,82.8,0.035508609,1
20.0,6,64.0,38.58679883,1.0,0.0,0.0,0,10,0,0.9,1.0,0.0,0.0,0.0,1.0,1.0,540,54,54,54.0,54.0,0.029750299,1
20.0,6,64.0,42.37809351,1.0,0.0,0.0,0,10,0,0.9,1.0,0.0,0.0,0.0,1.0,1.0,540,54,54,54.0,54.0,0.026296902,1
15.6,6,60.5,60.97745858,0.6,0.1,0.1,1,6,1,0.7,0.7,0.2,0.2,0.0,1.0,1.0,1148,54,342,114.8,114.8,0.019200706,1
20.0,6,64.0,34.43373177,1.0,0.0,0.0,0,10,0,0.9,1.0,0.0,0.0,0.0,1.0,1.0,540,54,54,54.0,54.0,0.031910992,1
18.8,6,61.4,42.87006223,0.8,0.1,0.1,1,8,1,0.9,0.9,0.1,0.1,0.0,1.0,1.0,828,54,342,82.8,82.8,0.025933194,1
18.8,6,64.0,40.53963878,0.9,0.0,0.0,0,9,0,0.8,0.9,0.1,0.1,0.0,1.0,1.0,828,54,342,82.8,82.8,0.0273278,1
20.0,6,64.0,37.85770182,1.0,0.0,0.0,0,10,0,0.9,1.0,0.0,0.0,0.0,1.0,1.0,540,54,54,54.0,54.0,0.029187298,1
16.4,6,64.0,51.57802055,0.7,0.0,0.0,0,7,0,0.6,0.7,0.3,0.3,0.0,1.0,1.0,1404,54,342,140.4,140.4,0.021955705,1
18.0,6,81.8,42.22650654,0.9,0.0,0.0,0,9,0,0.8,0.9,0.0,0.0,0.0,1.0,1.0,556,54,70,55.6,55.6,0.028885698,1
20.0,6,64.0,35.83059185,1.0,0.0,0.0,0,10,0,0.9,1.0,0.0,0.0,0.0,1.0,1.0,540,54,54,54.0,54.0,0.030713797,1
20.0,6,64.0,34.75008513,1.0,0.0,0.0,0,10,0,0.9,1.0,0.0,0.0,0.0,1.0,1.0,540,54,54,54.0,54.0,0.030847812,1
18.0,6,68.5,60.90361402,0.7,0.1,0.1,1,7,1,0.8,0.8,0.2,0.2,0.0,1.0,1.0,1120,54,342,112.0,112.0,0.019811106,1
17.6,6,64.0,46.4737676,0.8,0.0,0.0,0,8,0,0.7,0.8,0.2,0.2,0.0,1.0,1.0,1116,54,342,111.6,111.6,0.024801111,1
15.2,6,62.4,39.62527823,0.5,0.1,0.1,1,5,1,0.4,0.6,0.4,0.4,0.0,1.0,1.0,1692,54,342,169.2,169.2,0.0295439,1
20.0,6,62.2,39.00781867,0.9,0.1,0.1,1,9,1,0.9,1.0,0.0,0.0,0.0,1.0,1.0,540,54,54,54.0,54.0,0.028438187,1
12.0,17,51.2,5.1875913,0.3,0.0,0.0,0,3,0,0.1,0.3,0.5,0.5,0.2,0.8,0.8,1976,42,342,197.6,197.6,0.192767692,1
18.8,6,64.0,39.05150999,0.9,0.0,0.0,0,9,0,0.8,0.9,0.1,0.1,0.0,1.0,1.0,828,54,342,82.8,82.8,0.027825403,1
18.8,6,64.0,39.53708949,0.9,0.0,0.0,0,9,0,0.8,0.9,0.1,0.1,0.0,1.0,1.0,828,54,342,82.8,82.8,0.0280689,1
8.0,17,64.0,2.536544702,0.0,0.0,0.0,0,0,0,0.0,0.0,1.0,1.0,0.0,1.0,1.0,3420,342,342,342.0,342.0,0.394259691,1
17.6,6,81.1,52.29309941,0.7,0.0,0.1,1,7,0,0.7,0.8,0.2,0.2,0.0,1.0,1.0,1116,54,342,111.6,111.6,0.02199719,1
22.0,6,64.0,42.1432203,1.0,0.0,0.0,0,10,0,0.8,1.0,0.0,0.0,0.0,1.0,1.0,560,54,74,56.0,56.0,0.027880788,1
7.6,17,49.4,3.055621021,0.0,0.1,0.1,1,0,1,0.0,0.1,0.7,0.7,0.2,0.8,0.8,2532,42,342,253.2,253.2,0.401807809,1
20.0,6,62.4,41.5718862,0.9,0.1,0.1,1,9,1,0.8,1.0,0.0,0.0,0.0,1.0,1.0,540,54,54,54.0,54.0,0.026797104,1
18.0,6,62.7,41.8386943,0.9,0.0,0.0,0,9,0,0.8,0.9,0.0,0.0,0.0,1.0,1.0,572,54,86,57.2,57.2,0.026760316,1
20.0,6,64.0,38.53238452,1.0,0.0,0.0,0,10,0,0.9,1.0,0.0,0.0,0.0,1.0,1.0,540,54,54,54.0,54.0,0.028864717,1
18.8,6,64.0,29.40727669,0.9,0.0,0.0,0,9,0,0.8,0.9,0.1,0.1,0.0,1.0,1.0,828,54,342,82.8,82.8,0.034123492,1
18.8,6,64.0,22.24160459,0.9,0.0,0.0,0,9,0,0.8,0.9,0.1,0.1,0.0,1.0,1.0,828,54,342,82.8,82.8,0.044961691,1
20.0,6,64.0,36.53635382,1.0,0.0,0.0,0,10,0,0.9,1.0,0.0,0.0,0.0,1.0,1.0,540,54,54,54.0,54.0,0.031549501,1
17.6,6,64.0,31.37039968,0.8,0.0,0.0,0,8,0,0.8,0.8,0.2,0.2,0.0,1.0,1.0,1116,54,342,111.6,111.6,0.036344886,1
18.8,6,64.0,40.89159443,0.9,0.0,0.0,0,9,0,0.8,0.9,0.1,0.1,0.0,1.0,1.0,828,54,342,82.8,82.8,0.027622914,1
14.8,6,68.3,46.78975698,0.5,0.0,0.2,2,5,0,0.6,0.7,0.1,0.1,0.2,0.8,0.8,804,42,342,80.4,80.4,0.025030613,1
16.0,6,60.7,45.22024133,0.8,0.0,0.0,0,8,0,0.7,0.8,0.0,0.0,0.0,1.0,1.0,572,54,70,57.2,57.2,0.02489779,1
20.0,6,64.0,39.31266865,1.0,0.0,0.0,0,10,0,0.9,1.0,0.0,0.0,0.0,1.0,1.0,540,54,54,54.0,54.0,0.027943993,1
18.0,6,55.9,37.96825707,0.8,0.1,0.1,1,8,1,0.8,0.9,0.0,0.0,0.1,0.9,0.9,528,42,54,52.8,52.8,0.027675581,1
18.0,6,81.0,35.17277352,0.9,0.0,0.0,0,9,0,0.8,0.9,0.0,0.0,0.0,1.0,1.0,556,54,70,55.6,55.6,0.03133359,1
16.8,6,57.6,23.0041557,0.8,0.0,0.0,0,8,0,0.7,0.8,0.1,0.1,0.1,0.9,0.9,816,42,342,81.6,81.6,0.044270802,1
20.0,6,64.0,23.80646531,1.0,0.0,0.0,0,10,0,0.9,1.0,0.0,0.0,0.0,1.0,1.0,540,54,54,54.0,54.0,0.046721101,1
20.0,6,64.0,36.63272373,1.0,0.0,0.0,0,10,0,0.9,1.0,0.0,0.0,0.0,1.0,1.0,540,54,54,54.0,54.0,0.030590105,1
20.0,6,64.0,37.82533609,1.0,0.0,0.0,0,10,0,0.9,1.0,0.0,0.0,0.0,1.0,1.0,540,54,54,54.0,54.0,0.029258204,1
20.0,6,64.0,36.56052621,1.0,0.0,0.0,0,10,0,0.9,1.0,0.0,0.0,0.0,1.0,1.0,540,54,54,54.0,54.0,0.030199194,1
20.4,6,81.3,47.95518105,0.9,0.1,0.1,1,9,1,0.9,1.0,0.0,0.0,0.0,1.0,1.0,544,54,58,54.4,54.4,0.022012615,1
18.0,6,62.6,38.32388554,0.9,0.0,0.0,0,9,0,0.8,0.9,0.0,0.0,0.0,1.0,1.0,572,54,86,57.2,57.2,0.028853989,1
20.0,6,64.0,30.76839111,1.0,0.0,0.0,0,10,0,0.9,1.0,0.0,0.0,0.0,1.0,1.0,540,54,54,54.0,54.0,0.034243488,1
20.0,6,64.0,34.67071818,1.0,0.0,0.0,0,10,0,0.9,1.0,0.0,0.0,0.0,1.0,1.0,540,54,54,54.0,54.0,0.031555486,1
20.0,6,64.0,31.1950157,1.0,0.0,0.0,0,10,0,0.9,1.0,0.0,0.0,0.0,1.0,1.0,540,54,54,54.0,54.0,0.035994101,1
18.0,6,57.6,42.89693924,0.9,0.0,0.0,0,9,0,0.8,0.9,0.0,0.0,0.1,0.9,0.9,528,42,54,52.8,52.8,0.025994587,1
15.6,6,62.6,54.2976575,0.7,0.0,0.0,0,7,0,0.6,0.7,0.2,0.2,0.0,1.0,1.0,1148,54,342,114.8,114.8,0.021839786,1
18.8,6,64.0,24.1187102,0.9,0.0,0.0,0,9,0,0.8,0.9,0.1,0.1,0.0,1.0,1.0,828,54,342,82.8,82.8,0.046085501,1
22.0,6,64.0,35.78137916,1.0,0.0,0.0,0,10,0,0.8,1.0,0.0,0.0,0.0,1.0,1.0,560,54,74,56.0,56.0,0.030960798,1
20.0,6,81.4,34.22488378,0.9,0.1,0.1,1,9,1,0.9,1.0,0.0,0.0,0.0,1.0,1.0,540,54,54,54.0,54.0,0.031872296,1
16.8,6,61.2,54.37001336,0.7,0.1,0.1,1,7,1,0.6,0.8,0.1,0.1,0.0,1.0,1.0,860,54,342,86.0,86.0,0.018617487,1
20.0,6,64.0,41.08985035,1.0,0.0,0.0,0,10,0,0.9,1.0,0.0,0.0,0.0,1.0,1.0,540,54,54,54.0,54.0,0.026922917,1
20.0,6,64.0,40.94452585,1.0,0.0,0.0,0,10,0,0.9,1.0,0.0,0.0,0.0,1.0,1.0,540,54,54,54.0,54.0,0.027111983,1
18.8,6,64.0,41.24695636,0.9,0.0,0.0,0,9,0,0.9,0.9,0.1,0.1,0.0,1.0,1.0,828,54,342,82.8,82.8,0.025195217,1
18.8,6,64.0,40.31852595,0.9,0.0,0.0,0,9,0,0.8,0.9,0.1,0.1,0.0,1.0,1.0,828,54,342,82.8,82.8,0.027574897,1
20.0,6,64.0,39.35889255,1.0,0.0,0.0,0,10,0,0.9,1.0,0.0,0.0,0.0,1.0,1.0,540,54,54,54.0,54.0,0.026061702,1
18.8,6,64.0,24.94293394,0.9,0.0,0.0,0,9,0,0.8,0.9,0.1,0.1,0.0,1.0,1.0,828,54,342,82.8,82.8,0.043007302,1
16.0,6,80.6,46.25410787,0.8,0.0,0.0,0,8,0,0.7,0.8,0.0,0.0,0.0,1.0,1.0,588,54,86,58.8,58.8,0.024815798,1
16.8,6,62.4,51.24579092,0.8,0.0,0.0,0,8,0,0.8,0.8,0.1,0.1,0.0,1.0,1.0,844,54,342,84.4,84.4,0.023326993,1
17.6,6,62.1,54.55778101,0.7,0.1,0.1,1,7,1,0.8,0.8,0.2,0.2,0.0,1.0,1.0,1116,54,342,111.6,111.6,0.021161294,1
17.6,6,62.3,54.38594626,0.7,0.1,0.1,1,7,1,0.7,0.8,0.2,0.2,0.0,1.0,1.0,1116,54,342,111.6,111.6,0.021535206,1
18.0,6,62.6,24.07584777,0.9,0.0,0.0,0,9,0,0.8,0.9,0.0,0.0,0.0,1.0,1.0,572,54,86,57.2,57.2,0.046075916,1
20.0,6,64.0,38.16428013,1.0,0.0,0.0,0,10,0,0.9,1.0,0.0,0.0,0.0,1.0,1.0,540,54,54,54.0,54.0,0.027347493,1
20.0,6,64.0,36.99101573,1.0,0.0,0.0,0,10,0,0.9,1.0,0.0,0.0,0.0,1.0,1.0,540,54,54,54.0,54.0,0.029700708,1
20.0,6,64.0,38.28952966,1.0,0.0,0.0,0,10,0,0.9,1.0,0.0,0.0,0.0,1.0,1.0,540,54,54,54.0,54.0,0.028928089,1
18.4,6,67.7,58.12529708,0.8,0.1,0.1,1,8,1,0.8,0.9,0.0,0.0,0.0,1.0,1.0,560,54,70,56.0,56.0,0.019876909,1
18.4,6,64.0,51.40991965,0.7,0.0,0.0,0,7,0,0.6,0.7,0.3,0.3,0.0,1.0,1.0,1424,54,342,142.4,142.4,0.0222054,1
